{
  "s0_rotational_constant_a": 0.0110607,
  "s0_rotational_constant_b": 0.0117323,
  "s0_rotational_constant_c": 0.0973203,
  "s1_rotational_constant_a": 0.011216,
  "s1_rotational_constant_b": 0.0116957,
  "s1_rotational_constant_c": 0.0973304,
  "s0_rays_asymmetry_parameter": 0.9844283998534658,
  "s1_rays_asymmetry_parameter": 0.9888590061592486,
  "s0_volume": 1193.77712,
  "s1_volume": 1194.34205,
  "delta_volume": 0.5649300000000039,
  "s0_homo_lumo_gap": 0.6493397544534267,
  "s1_homo_lumo_gap": 0.4307344000366342,
  "delta_gap": -0.21860535441679252,
  "s0_dihedral_avg": 90.61132378261736,
  "s1_dihedral_avg": 90.59699214703042,
  "delta_dihedral": -0.014331635586941616,
  "delta_dipole": {
    "element": [
      "C",
      "C",
      "C",
      "C",
      "C",
      "C",
      "B",
      "C",
      "C",
      "C",
      "C",
      "C",
      "C",
      "C",
      "C",
      "C",
      "C",
      "C",
      "C",
      "C",
      "C",
      "C",
      "C",
      "C",
      "C",
      "C",
      "C",
      "C",
      "C",
      "C",
      "C",
      "C",
      "C",
      "C",
      "C",
      "C",
      "C",
      "C",
      "C",
      "C",
      "C",
      "C",
      "C",
      "C",
      "C",
      "C",
      "C",
      "C",
      "C",
      "C",
      "C",
      "C",
      "C",
      "C",
      "C",
      "C",
      "C",
      "C",
      "C",
      "C",
      "H",
      "H",
      "H",
      "H",
      "H",
      "H",
      "H",
      "H",
      "H",
      "H",
      "H",
      "H",
      "H",
      "H",
      "H",
      "H",
      "H",
      "H",
      "H",
      "H",
      "H",
      "H",
      "H",
      "H",
      "H",
      "H",
      "H",
      "H",
      "H",
      "H",
      "H",
      "H",
      "H",
      "H",
      "H",
      "H",
      "H",
      "H",
      "H",
      "H",
      "H",
      "H",
      "H",
      "H",
      "H",
      "H",
      "H",
      "H",
      "H",
      "H",
      "H",
      "H",
      "H"
    ],
    "charge_variation": [
      -0.0010949999999999988,
      0.004057999999999992,
      -0.0008100000000000052,
      0.00534599999999999,
      -0.0003010000000000096,
      -8.400000000000074e-05,
      0.007509999999999906,
      -0.00690799999999997,
      -0.004107,
      0.0014109999999999956,
      -0.005468000000000001,
      0.0013,
      -0.002341000000000003,
      0.0006219999999999976,
      -0.0004100000000000076,
      -5.6999999999987616e-05,
      -0.0013159999999999977,
      0.00356999999999999,
      -0.002706,
      0.0004890000000000033,
      0.001682999999999997,
      -0.0011009999999999978,
      -0.002351000000000006,
      -0.0001349999999999997,
      -0.0017849999999999984,
      -0.00022199999999999998,
      -0.0011990000000000056,
      -0.0005980000000000013,
      -0.0006999999999999992,
      0.0007929999999999986,
      -0.0011629999999999974,
      0.0012579999999999952,
      -0.0010850000000000026,
      -0.0001439999999999983,
      -0.001225999999999998,
      -0.0008909999999999994,
      -0.001580000000000012,
      0.0012719999999999954,
      -0.0022919999999999885,
      -8.700000000000027e-05,
      -0.002010000000000005,
      0.00022199999999999998,
      -0.0022000000000000075,
      -0.0004070000000000046,
      -0.00027900000000000147,
      0.00028000000000000247,
      -0.0017469999999999986,
      -0.0017209999999999986,
      0.0004740000000000022,
      0.003485000000000002,
      -0.00031699999999999784,
      -0.0009179999999999744,
      0.004587999999999995,
      -0.0009200000000000041,
      -0.0009020000000000139,
      0.005752999999999994,
      -0.0008190000000000003,
      0.0028610000000000024,
      -6.799999999999862e-05,
      -0.0010280000000000011,
      0.000393000000000001,
      0.0005789999999999997,
      0.00037900000000000086,
      0.000564000000000002,
      -0.0003510000000000006,
      0.0010749999999999996,
      0.0009380000000000013,
      -0.0010490000000000013,
      -9.999999999996123e-06,
      -0.0010989999999999958,
      -0.00033099999999999796,
      -0.0004279999999999978,
      4.49999999999999e-05,
      -8.99999999999998e-05,
      -0.0002999999999999982,
      -0.0004630000000000016,
      -0.0021049999999999958,
      -0.0017119999999999982,
      -0.00028399999999999953,
      0.0013799999999999993,
      2.999999999999531e-06,
      -2.5000000000000716e-05,
      0.00012599999999999764,
      0.0009629999999999986,
      0.0007980000000000001,
      0.0002500000000000002,
      0.00030799999999999925,
      0.00024300000000000016,
      0.0013859999999999983,
      0.001977000000000003,
      0.00011099999999999999,
      0.00025299999999999975,
      0.000168999999999999,
      0.0015280000000000016,
      0.0005430000000000018,
      -0.0015629999999999984,
      -0.0019380000000000022,
      0.0003799999999999984,
      8.600000000000274e-05,
      0.00012299999999999985,
      0.0004679999999999962,
      0.00047499999999999973,
      0.0003840000000000024,
      0.0004850000000000028,
      0.0003799999999999984,
      0.0005540000000000024,
      0.0012100000000000027,
      0.0011669999999999996,
      -0.0003720000000000008,
      0.00017700000000000354,
      9.000000000000154e-05,
      0.00013400000000000217,
      0.0005210000000000006
    ]
  },
  "excitation_energy": "0.5791",
  "exciting_path_mean_volume": 1193.11149,
  "s0_bonds_avg": 1.2790613063472729,
  "s1_bonds_avg": 1.2893196430272726,
  "delta_bonds": 0.010258336679999758,
  "s0_angles_avg": 117.25235565136778,
  "s1_angles_avg": 117.24855807603005,
  "delta_angles": -0.0037975753377281762
}