{
  "s0_rotational_constant_a": 0.0371628,
  "s0_rotational_constant_b": 0.0433275,
  "s0_rotational_constant_c": 0.1216747,
  "s1_rotational_constant_a": 0.0376672,
  "s1_rotational_constant_b": 0.0415466,
  "s1_rotational_constant_c": 0.1152906,
  "s0_rays_asymmetry_parameter": 0.8541104862155509,
  "s1_rays_asymmetry_parameter": 0.9000456048047366,
  "s0_volume": 830.38276,
  "s1_volume": 828.86745,
  "delta_volume": -1.5153099999999995,
  "s0_homo_lumo_gap": 1.2960291203487744,
  "s1_homo_lumo_gap": 0.5405404878027777,
  "delta_gap": -0.7554886325459966,
  "s0_dihedral_avg": 90.78621479733908,
  "s1_dihedral_avg": 91.08867661303503,
  "delta_dihedral": 0.3024618156959491,
  "delta_dipole": {
    "element": [
      "C",
      "C",
      "C",
      "C",
      "C",
      "C",
      "C",
      "C",
      "C",
      "N",
      "C",
      "C",
      "C",
      "C",
      "C",
      "C",
      "C",
      "C",
      "C",
      "C",
      "C",
      "C",
      "C",
      "C",
      "C",
      "C",
      "C",
      "C",
      "P",
      "O",
      "C",
      "C",
      "C",
      "C",
      "C",
      "C",
      "C",
      "C",
      "C",
      "C",
      "C",
      "C",
      "C",
      "C",
      "H",
      "H",
      "H",
      "H",
      "H",
      "H",
      "H",
      "H",
      "H",
      "H",
      "H",
      "H",
      "H",
      "H",
      "H",
      "H",
      "H",
      "H",
      "H",
      "H",
      "H",
      "H",
      "H",
      "H",
      "H",
      "H",
      "H",
      "H",
      "H",
      "H",
      "H",
      "H"
    ],
    "charge_variation": [
      -0.004486999999999991,
      0.006235000000000004,
      -0.003942000000000001,
      -0.010688000000000003,
      0.005463999999999997,
      -0.010537999999999992,
      0.0017569999999999999,
      -0.008116000000000012,
      -0.010259999999999991,
      0.05908399999999997,
      -0.005090000000000039,
      0.0010800000000000115,
      0.014325999999999998,
      0.008022000000000001,
      -0.022752,
      0.034449999999999995,
      -0.004399999999999994,
      0.005651000000000003,
      -0.000615000000000001,
      0.0017940000000000005,
      0.0019329999999999972,
      0.0030050000000000007,
      0.00042700000000000377,
      0.0023900000000000032,
      0.0028829999999999997,
      0.0012519999999999962,
      0.008411,
      0.009742,
      -0.03613100000000001,
      -0.006218000000000001,
      -0.008566000000000004,
      0.0007920000000000002,
      -0.0007950000000000006,
      -0.0027739999999999987,
      -0.003327,
      -0.0015179999999999985,
      -0.008606000000000003,
      0.0005799999999999972,
      -0.008828999999999976,
      -0.007037999999999989,
      0.007893,
      -0.014267999999999989,
      0.005155,
      -0.016354999999999995,
      0.00029799999999999965,
      -0.0003799999999999984,
      0.0007290000000000005,
      0.0004870000000000013,
      0.0006850000000000016,
      5.7000000000001494e-05,
      0.0002669999999999964,
      0.00037500000000000033,
      0.0008750000000000008,
      -0.0016180000000000014,
      0.0007249999999999965,
      0.004702999999999999,
      0.0025140000000000023,
      -8.299999999999974e-05,
      0.0024109999999999965,
      0.0008050000000000002,
      0.001463000000000006,
      2.9999999999960614e-06,
      0.0006840000000000006,
      0.0017670000000000047,
      -0.0002500000000000002,
      0.0001500000000000043,
      -0.0012630000000000002,
      -0.000726000000000001,
      -0.0012120000000000013,
      -0.0025179999999999994,
      0.001129999999999999,
      -0.001355000000000002,
      0.001577000000000002,
      0.0009459999999999989,
      -8.89999999999988e-05,
      -0.00016499999999999848
    ]
  },
  "excitation_energy": "0.6216",
  "exciting_path_mean_volume": 829.0411933333334,
  "s0_bonds_avg": 1.3073952797400001,
  "s1_bonds_avg": 1.2981152365791566,
  "delta_bonds": -0.00928004316084352,
  "s0_angles_avg": 118.19006312555364,
  "s1_angles_avg": 118.15130517200785,
  "delta_angles": -0.03875795354578315
}