{
  "s0_rotational_constant_a": 0.0673356,
  "s0_rotational_constant_b": 0.081793,
  "s0_rotational_constant_c": 0.1151826,
  "s1_rotational_constant_a": 0.0667102,
  "s1_rotational_constant_b": 0.0809111,
  "s1_rotational_constant_c": 0.1192166,
  "s0_rays_asymmetry_parameter": 0.3956820699312388,
  "s1_rays_asymmetry_parameter": 0.45907927414562794,
  "s0_volume": 790.5005,
  "s1_volume": 786.86401,
  "delta_volume": -3.6364899999999807,
  "s0_homo_lumo_gap": 2.4444364960611336,
  "s1_homo_lumo_gap": 1.7934368473362188,
  "delta_gap": -0.6509996487249148,
  "s0_dihedral_avg": 7.670434704876857,
  "s1_dihedral_avg": 2.1048863852032156,
  "delta_dihedral": -5.565548319673641,
  "delta_dipole": null,
  "excitation_energy": "2.2398",
  "exciting_path_mean_volume": 788.5298266666667,
  "s0_bonds_avg": 1.2721348765413922,
  "s1_bonds_avg": 1.2885518896298733,
  "s0_angles_avg": 118.93484768722274,
  "s1_angles_avg": 118.93659789423756
}