{
  "s0_rotational_constant_a": 0.0673356,
  "s0_rotational_constant_b": 0.081793,
  "s0_rotational_constant_c": 0.1151826,
  "s1_rotational_constant_a": 0.0667102,
  "s1_rotational_constant_b": 0.0809111,
  "s1_rotational_constant_c": 0.1192166,
  "s0_rays_asymmetry_parameter": 0.3956820699312388,
  "s1_rays_asymmetry_parameter": 0.45907927414562794,
  "s0_volume": 790.5005,
  "s1_volume": 786.86401,
  "delta_volume": -3.6364899999999807,
  "s0_homo_lumo_gap": 2.4444364960611336,
  "s1_homo_lumo_gap": 1.7934368473362188,
  "delta_gap": -0.6509996487249148,
  "s0_dihedral_avg": 90.45089213493618,
  "s1_dihedral_avg": 90.36565994073084,
  "delta_dihedral": -0.08523219420534645,
  "delta_dipole": {
    "element": [
      "C",
      "O",
      "C",
      "C",
      "C",
      "C",
      "C",
      "C",
      "C",
      "C",
      "C",
      "C",
      "C",
      "C",
      "C",
      "C",
      "C",
      "C",
      "C",
      "C",
      "C",
      "C",
      "C",
      "C",
      "C",
      "C",
      "C",
      "C",
      "C",
      "C",
      "O",
      "C",
      "C",
      "C",
      "C",
      "C",
      "C",
      "C",
      "C",
      "C",
      "C",
      "C",
      "H",
      "H",
      "H",
      "H",
      "H",
      "H",
      "H",
      "H",
      "H",
      "H",
      "H",
      "H",
      "H",
      "H",
      "H",
      "H",
      "H",
      "H",
      "H",
      "H",
      "H",
      "H",
      "H",
      "H",
      "H",
      "H",
      "H",
      "H",
      "H",
      "H",
      "H",
      "H"
    ],
    "charge_variation": [
      -0.00043000000000004146,
      -0.0022780000000000022,
      -0.0035399999999999876,
      -0.0044530000000000125,
      -0.0017249999999999974,
      0.004856,
      -0.002257000000000002,
      0.0010550000000000004,
      -0.003466000000000004,
      0.0025459999999999997,
      -0.0028670000000000084,
      0.004346999999999997,
      -0.0057269999999999995,
      0.004275000000000001,
      -0.0010600000000000054,
      -0.00013199999999999323,
      0.0010139999999999975,
      -0.005803999999999997,
      0.0025439999999999977,
      -0.002137,
      -0.0025350000000000025,
      0.0005010000000000014,
      -0.004028999999999998,
      -0.0005539999999999989,
      -0.005026000000000003,
      0.009984,
      -0.023719,
      0.009936999999999998,
      -0.022711999999999982,
      0.01921600000000001,
      0.028420999999999974,
      -0.007041999999999993,
      -0.021865999999999997,
      0.008667999999999999,
      0.0028409999999999963,
      -0.004719999999999995,
      0.0036230000000000012,
      -0.004519000000000002,
      -0.0035080000000000007,
      0.0012699999999999934,
      -0.001800999999999997,
      0.001717000000000024,
      7.999999999999978e-06,
      0.0014929999999999995,
      -0.0007220000000000004,
      0.0006149999999999975,
      0.0027850000000000028,
      -0.0005430000000000018,
      0.0020859999999999976,
      -0.00022300000000000098,
      0.002374000000000001,
      0.00011300000000000199,
      -0.000168999999999999,
      0.0023099999999999996,
      -0.0009220000000000027,
      0.002203,
      0.00042299999999999977,
      -0.0009209999999999982,
      0.0012139999999999998,
      0.0009490000000000019,
      0.00027800000000000047,
      0.0006270000000000026,
      0.002444,
      0.004955999999999999,
      0.006344000000000001,
      -0.00038900000000000046,
      0.0010460000000000018,
      0.0008870000000000024,
      -0.001079,
      0.001924000000000002,
      6.500000000000256e-05,
      0.0002260000000000005,
      0.0005140000000000006,
      0.0001810000000000006
    ]
  },
  "excitation_energy": "2.2398",
  "exciting_path_mean_volume": 788.5298266666667,
  "s0_bonds_avg": 1.2721348765413922,
  "s1_bonds_avg": 1.2885518896298733,
  "s0_angles_avg": 118.93484768722274,
  "s1_angles_avg": 118.93659789423756,
  "delta_bonds": 0.01641701308848109,
  "delta_angles": 0.0017502070148225357
}