{
  "s0_rotational_constant_a": 0.0369767,
  "s0_rotational_constant_b": 0.0413004,
  "s0_rotational_constant_c": 0.3114357,
  "s1_rotational_constant_a": 0.0370306,
  "s1_rotational_constant_b": 0.0413281,
  "s1_rotational_constant_c": 0.3091156,
  "s0_rays_asymmetry_parameter": 0.9684929260836772,
  "s1_rays_asymmetry_parameter": 0.9684106069794365,
  "s0_volume": 612.6745,
  "s1_volume": 614.99542,
  "delta_volume": 2.320920000000001,
  "s0_homo_lumo_gap": 1.3669991244384025,
  "s1_homo_lumo_gap": 1.1479828781609624,
  "delta_gap": -0.2190162462774401,
  "s0_dihedral_avg": 89.90833940507092,
  "s1_dihedral_avg": 90.03870776624159,
  "delta_dihedral": 0.1303683611706674,
  "delta_dipole": {
    "element": [
      "F",
      "B",
      "F",
      "N",
      "C",
      "C",
      "C",
      "C",
      "C",
      "C",
      "C",
      "C",
      "C",
      "C",
      "C",
      "C",
      "C",
      "C",
      "C",
      "C",
      "C",
      "C",
      "C",
      "C",
      "C",
      "C",
      "C",
      "C",
      "C",
      "C",
      "C",
      "C",
      "C",
      "C",
      "C",
      "N",
      "H",
      "H",
      "H",
      "H",
      "H",
      "H",
      "H",
      "H",
      "H",
      "H",
      "H",
      "H",
      "H",
      "H",
      "H",
      "H",
      "H",
      "H",
      "H"
    ],
    "charge_variation": [
      -0.0014100000000000223,
      0.0005759999999999099,
      -0.0014769999999999506,
      -0.020231,
      0.005213000000000023,
      0.0013249999999999929,
      -0.010238999999999998,
      0.02448700000000001,
      -0.0032889999999999933,
      7.199999999999915e-05,
      0.0007659999999999959,
      0.001681999999999996,
      0.001797000000000007,
      -0.006255,
      0.004368000000000004,
      -0.004602999999999996,
      0.0014960000000000043,
      -0.0010840000000000016,
      -0.0022119999999999987,
      0.0023839999999999972,
      -0.005664000000000002,
      0.004540000000000002,
      -0.005483000000000002,
      0.001574999999999993,
      -0.001006,
      -0.0010830000000000006,
      0.0031959999999999975,
      2.499999999999898e-05,
      0.0008489999999999991,
      0.001902000000000001,
      0.0004149999999999987,
      0.024601000000000012,
      -0.009553000000000006,
      0.0018330000000000013,
      0.005701999999999985,
      -0.02018399999999998,
      0.0005469999999999989,
      0.0004279999999999978,
      0.0018559999999999965,
      -0.0009170000000000011,
      -0.0005959999999999993,
      -0.0007520000000000027,
      0.0004580000000000001,
      0.0002730000000000024,
      0.0006939999999999932,
      0.0010609999999999994,
      0.0003029999999999977,
      0.0008920000000000039,
      0.0005439999999999959,
      -0.0009599999999999956,
      -0.0010760000000000006,
      -0.0005690000000000001,
      0.0017160000000000022,
      0.00046700000000000214,
      0.0006000000000000033
    ]
  },
  "excitation_energy": "1.3655",
  "exciting_path_mean_volume": 613.7652466666667,
  "s0_bonds_avg": 1.3146804253585485,
  "s1_bonds_avg": 1.3149888843388706,
  "s0_angles_avg": 119.39540633950953,
  "s1_angles_avg": 119.3980692290717,
  "delta_bonds": 0.00030845898032216823,
  "delta_angles": 0.002662889562159876
}