{
  "s0_rotational_constant_a": 0.0369767,
  "s0_rotational_constant_b": 0.0413004,
  "s0_rotational_constant_c": 0.3114357,
  "s1_rotational_constant_a": 0.0370306,
  "s1_rotational_constant_b": 0.0413281,
  "s1_rotational_constant_c": 0.3091156,
  "s0_rays_asymmetry_parameter": 0.9684929260836772,
  "s1_rays_asymmetry_parameter": 0.9684106069794365,
  "s0_volume": 612.6745,
  "s1_volume": 614.99542,
  "delta_volume": 2.320920000000001,
  "s0_homo_lumo_gap": 1.3669991244384025,
  "s1_homo_lumo_gap": 1.1479828781609624,
  "delta_gap": -0.2190162462774401,
  "s0_dihedral_avg": -2.2307088614498713,
  "s1_dihedral_avg": 6.2238563635005555,
  "delta_dihedral": 8.454565224950427,
  "delta_dipole": null,
  "excitation_energy": "1.3655",
  "exciting_path_mean_volume": 613.7652466666667,
  "s0_bonds_avg": 1.3146804253585485,
  "s1_bonds_avg": 1.3149888843388706,
  "s0_angles_avg": 119.39540633950953,
  "s1_angles_avg": 119.3980692290717
}