{
  "charge": {
    "element": [
      "F",
      "B",
      "F",
      "N",
      "C",
      "C",
      "C",
      "C",
      "C",
      "C",
      "C",
      "C",
      "C",
      "C",
      "C",
      "C",
      "C",
      "C",
      "C",
      "C",
      "C",
      "C",
      "C",
      "C",
      "C",
      "C",
      "C",
      "C",
      "C",
      "C",
      "C",
      "C",
      "C",
      "C",
      "C",
      "N",
      "H",
      "H",
      "H",
      "H",
      "H",
      "H",
      "H",
      "H",
      "H",
      "H",
      "H",
      "H",
      "H",
      "H",
      "H",
      "H",
      "H",
      "H",
      "H"
    ],
    "charge_variation": [
      -0.0014100000000000223,
      0.0005759999999999099,
      -0.0014769999999999506,
      -0.020231,
      0.005213000000000023,
      0.0013249999999999929,
      -0.010238999999999998,
      0.02448700000000001,
      -0.0032889999999999933,
      7.199999999999915e-05,
      0.0007659999999999959,
      0.001681999999999996,
      0.001797000000000007,
      -0.006255,
      0.004368000000000004,
      -0.004602999999999996,
      0.0014960000000000043,
      -0.0010840000000000016,
      -0.0022119999999999987,
      0.0023839999999999972,
      -0.005664000000000002,
      0.004540000000000002,
      -0.005483000000000002,
      0.001574999999999993,
      -0.001006,
      -0.0010830000000000006,
      0.0031959999999999975,
      2.499999999999898e-05,
      0.0008489999999999991,
      0.001902000000000001,
      0.0004149999999999987,
      0.024601000000000012,
      -0.009553000000000006,
      0.0018330000000000013,
      0.005701999999999985,
      -0.02018399999999998,
      0.0005469999999999989,
      0.0004279999999999978,
      0.0018559999999999965,
      -0.0009170000000000011,
      -0.0005959999999999993,
      -0.0007520000000000027,
      0.0004580000000000001,
      0.0002730000000000024,
      0.0006939999999999932,
      0.0010609999999999994,
      0.0003029999999999977,
      0.0008920000000000039,
      0.0005439999999999959,
      -0.0009599999999999956,
      -0.0010760000000000006,
      -0.0005690000000000001,
      0.0017160000000000022,
      0.00046700000000000214,
      0.0006000000000000033
    ]
  },
  "ground_state": {
    "HOMO-LUMO": 1.3669991244384025,
    "charge": {
      "element": [
        "F",
        "B",
        "F",
        "N",
        "C",
        "C",
        "C",
        "C",
        "C",
        "C",
        "C",
        "C",
        "C",
        "C",
        "C",
        "C",
        "C",
        "C",
        "C",
        "C",
        "C",
        "C",
        "C",
        "C",
        "C",
        "C",
        "C",
        "C",
        "C",
        "C",
        "C",
        "C",
        "C",
        "C",
        "C",
        "N",
        "H",
        "H",
        "H",
        "H",
        "H",
        "H",
        "H",
        "H",
        "H",
        "H",
        "H",
        "H",
        "H",
        "H",
        "H",
        "H",
        "H",
        "H",
        "H"
      ],
      "charge": [
        -0.519616,
        0.733817,
        -0.519606,
        -0.251729,
        0.271236,
        -0.148638,
        -0.125581,
        0.20056,
        0.064658,
        0.02471,
        -0.047954,
        -0.056365,
        0.087613,
        0.014074,
        -0.064389,
        -0.064808,
        0.061172,
        -0.060242,
        -0.058956,
        0.063843,
        -0.069868,
        -0.027539,
        -0.071299,
        0.064846,
        -0.051987,
        -0.073877,
        0.032986,
        0.013275,
        0.012266,
        -0.055273,
        -0.048198,
        0.200461,
        -0.125668,
        -0.148197,
        0.271589,
        -0.25166,
        0.044906,
        0.047965,
        0.04585,
        0.035761,
        0.036059,
        0.03293,
        0.034438,
        0.033568,
        0.034223,
        0.033263,
        0.031257,
        0.033081,
        0.032855,
        0.037124,
        0.036586,
        0.035457,
        0.046202,
        0.047972,
        0.044846
      ]
    },
    "structure": {
      "bonds": 1.3146804253585485,
      "angles": 119.39540633950953,
      "DA": 89.90833940507092
    },
    "rotational_constant": {
      "A": 0.0369767,
      "B": 0.0413004,
      "C": 0.3114357
    },
    "rays_asymmetry_parameter": 0.9684929260836772,
    "volume": 612.6745
  },
  "excited_state": {
    "HOMO-LUMO": 1.1479828781609624,
    "charge": {
      "element": [
        "F",
        "B",
        "F",
        "N",
        "C",
        "C",
        "C",
        "C",
        "C",
        "C",
        "C",
        "C",
        "C",
        "C",
        "C",
        "C",
        "C",
        "C",
        "C",
        "C",
        "C",
        "C",
        "C",
        "C",
        "C",
        "C",
        "C",
        "C",
        "C",
        "C",
        "C",
        "C",
        "C",
        "C",
        "C",
        "N",
        "H",
        "H",
        "H",
        "H",
        "H",
        "H",
        "H",
        "H",
        "H",
        "H",
        "H",
        "H",
        "H",
        "H",
        "H",
        "H",
        "H",
        "H",
        "H"
      ],
      "charge": [
        -0.521026,
        0.734393,
        -0.521083,
        -0.27196,
        0.276449,
        -0.147313,
        -0.13582,
        0.225047,
        0.061369,
        0.024782,
        -0.047188,
        -0.054683,
        0.08941,
        0.007819,
        -0.060021,
        -0.069411,
        0.062668,
        -0.061326,
        -0.061168,
        0.066227,
        -0.075532,
        -0.022999,
        -0.076782,
        0.066421,
        -0.052993,
        -0.07496,
        0.036182,
        0.0133,
        0.013115,
        -0.053371,
        -0.047783,
        0.225062,
        -0.135221,
        -0.146364,
        0.277291,
        -0.271844,
        0.045453,
        0.048393,
        0.047706,
        0.034844,
        0.035463,
        0.032178,
        0.034896,
        0.033841,
        0.034917,
        0.034324,
        0.03156,
        0.033973,
        0.033399,
        0.036164,
        0.03551,
        0.034888,
        0.047918,
        0.048439,
        0.045446
      ]
    },
    "structure": {
      "bonds": 1.3149888843388706,
      "angles": 119.3980692290717,
      "DA": 90.03870776624159
    },
    "rotational_constant": {
      "A": 0.0370306,
      "B": 0.0413281,
      "C": 0.3091156
    },
    "rays_asymmetry_parameter": 0.9684106069794365,
    "excited_energy": "1.3655",
    "volume": 614.99542
  },
  "exciting_path_mean_volume": 613.7652466666667
}