{
  "s0_rotational_constant_a": 0.0404354,
  "s0_rotational_constant_b": 0.0460197,
  "s0_rotational_constant_c": 0.2981882,
  "s1_rotational_constant_a": 0.0400078,
  "s1_rotational_constant_b": 0.0454636,
  "s1_rotational_constant_c": 0.2980204,
  "s0_rays_asymmetry_parameter": 0.9566693358908226,
  "s1_rays_asymmetry_parameter": 0.9577090421165477,
  "s0_volume": 500.657,
  "s1_volume": 501.82547,
  "delta_volume": 1.1684700000000134,
  "s0_homo_lumo_gap": 1.5109691016775448,
  "s1_homo_lumo_gap": 1.3850021744386707,
  "delta_gap": -0.12596692723887415,
  "s0_dihedral_avg": 90.20869503639159,
  "s1_dihedral_avg": 90.18743569328274,
  "delta_dihedral": -0.021259343108852136,
  "delta_dipole": {
    "element": [
      "C",
      "N",
      "C",
      "C",
      "C",
      "C",
      "C",
      "C",
      "C",
      "C",
      "C",
      "C",
      "N",
      "C",
      "C",
      "C",
      "C",
      "F",
      "F",
      "F",
      "C",
      "C",
      "C",
      "F",
      "F",
      "F",
      "C",
      "C",
      "C",
      "H",
      "H",
      "H",
      "H",
      "H",
      "H",
      "H",
      "H",
      "H",
      "H",
      "H",
      "H",
      "H",
      "H",
      "H",
      "H"
    ],
    "charge_variation": [
      0.0007719999999999949,
      -0.02315999999999996,
      0.0010650000000000104,
      -0.004738999999999993,
      -0.0025580000000000047,
      -0.006232000000000001,
      -0.004319,
      -0.014915000000000001,
      0.012101,
      -0.021367,
      0.031489,
      0.0002869999999999262,
      0.01182099999999997,
      -0.009889999999999996,
      0.00028100000000000347,
      0.009200999999999987,
      0.0002489999999999437,
      0.0006740000000000634,
      -0.0007109999999999062,
      -0.0005709999999999882,
      -0.0051199999999999996,
      0.004916000000000004,
      0.0012520000000000309,
      0.0005310000000000592,
      -0.0009209999999999496,
      -0.002124999999999988,
      0.0038610000000000033,
      -0.007017,
      -0.0007069999999999854,
      -0.0007790000000000001,
      -0.0008590000000000004,
      -0.0005429999999999992,
      -0.001077,
      -0.0005130000000000004,
      -0.0011390000000000003,
      0.00037099999999999633,
      -8.000000000000021e-05,
      0.008073,
      0.005953999999999994,
      0.009701000000000001,
      0.0025400000000000006,
      0.004129000000000001,
      -0.0005059999999999995,
      0.0001239999999999991,
      0.0004600000000000021
    ]
  },
  "excitation_energy": "2.0253",
  "exciting_path_mean_volume": 501.0758233333334,
  "s0_bonds_avg": 1.2930662273406914,
  "s1_bonds_avg": 1.295445619081584,
  "delta_bonds": 0.0023793917408925225,
  "s0_angles_avg": 117.44116722135175,
  "s1_angles_avg": 117.41877524644478,
  "delta_angles": -0.02239197490696654
}