{
  "charge": {
    "element": [
      "C",
      "N",
      "C",
      "C",
      "C",
      "C",
      "C",
      "C",
      "C",
      "C",
      "C",
      "C",
      "N",
      "C",
      "C",
      "C",
      "C",
      "F",
      "F",
      "F",
      "C",
      "C",
      "C",
      "F",
      "F",
      "F",
      "C",
      "C",
      "C",
      "H",
      "H",
      "H",
      "H",
      "H",
      "H",
      "H",
      "H",
      "H",
      "H",
      "H",
      "H",
      "H",
      "H",
      "H",
      "H"
    ],
    "charge_variation": [
      0.0007719999999999949,
      -0.02315999999999996,
      0.0010650000000000104,
      -0.004738999999999993,
      -0.0025580000000000047,
      -0.006232000000000001,
      -0.004319,
      -0.014915000000000001,
      0.012101,
      -0.021367,
      0.031489,
      0.0002869999999999262,
      0.01182099999999997,
      -0.009889999999999996,
      0.00028100000000000347,
      0.009200999999999987,
      0.0002489999999999437,
      0.0006740000000000634,
      -0.0007109999999999062,
      -0.0005709999999999882,
      -0.0051199999999999996,
      0.004916000000000004,
      0.0012520000000000309,
      0.0005310000000000592,
      -0.0009209999999999496,
      -0.002124999999999988,
      0.0038610000000000033,
      -0.007017,
      -0.0007069999999999854,
      -0.0007790000000000001,
      -0.0008590000000000004,
      -0.0005429999999999992,
      -0.001077,
      -0.0005130000000000004,
      -0.0011390000000000003,
      0.00037099999999999633,
      -8.000000000000021e-05,
      0.008073,
      0.005953999999999994,
      0.009701000000000001,
      0.0025400000000000006,
      0.004129000000000001,
      -0.0005059999999999995,
      0.0001239999999999991,
      0.0004600000000000021
    ]
  },
  "ground_state": {
    "HOMO-LUMO": 1.5109691016775448,
    "charge": {
      "element": [
        "C",
        "N",
        "C",
        "C",
        "C",
        "C",
        "C",
        "C",
        "C",
        "C",
        "C",
        "C",
        "N",
        "C",
        "C",
        "C",
        "C",
        "F",
        "F",
        "F",
        "C",
        "C",
        "C",
        "F",
        "F",
        "F",
        "C",
        "C",
        "C",
        "H",
        "H",
        "H",
        "H",
        "H",
        "H",
        "H",
        "H",
        "H",
        "H",
        "H",
        "H",
        "H",
        "H",
        "H",
        "H"
      ],
      "charge": [
        0.245581,
        -0.574258,
        0.245241,
        0.4558,
        -0.185018,
        -0.014008,
        0.004658,
        0.011617,
        -0.101939,
        0.001388,
        -0.026973,
        0.605886,
        -0.73963,
        0.083883,
        -0.094054,
        -0.150752,
        1.659041,
        -0.505425,
        -0.512144,
        -0.513055,
        -0.080512,
        -0.148889,
        1.658946,
        -0.512938,
        -0.511669,
        -0.499929,
        -0.080515,
        -0.004058,
        -0.177854,
        0.001456,
        0.006583,
        0.008136,
        0.00303,
        0.007615,
        0.007509,
        0.043643,
        0.030507,
        0.030186,
        0.057929,
        0.035993,
        0.042907,
        0.043754,
        0.056856,
        0.040625,
        0.044848
      ]
    },
    "structure": {
      "bonds": 1.2930662273406914,
      "angles": 117.44116722135175,
      "DA": 90.20869503639159
    },
    "rotational_constant": {
      "A": 0.0404354,
      "B": 0.0460197,
      "C": 0.2981882
    },
    "rays_asymmetry_parameter": 0.9566693358908226,
    "volume": 500.657
  },
  "excited_state": {
    "HOMO-LUMO": 1.3850021744386707,
    "charge": {
      "element": [
        "C",
        "N",
        "C",
        "C",
        "C",
        "C",
        "C",
        "C",
        "C",
        "C",
        "C",
        "C",
        "N",
        "C",
        "C",
        "C",
        "C",
        "F",
        "F",
        "F",
        "C",
        "C",
        "C",
        "F",
        "F",
        "F",
        "C",
        "C",
        "C",
        "H",
        "H",
        "H",
        "H",
        "H",
        "H",
        "H",
        "H",
        "H",
        "H",
        "H",
        "H",
        "H",
        "H",
        "H",
        "H"
      ],
      "charge": [
        0.246353,
        -0.597418,
        0.246306,
        0.451061,
        -0.187576,
        -0.02024,
        0.000339,
        -0.003298,
        -0.089838,
        -0.019979,
        0.004516,
        0.606173,
        -0.727809,
        0.073993,
        -0.093773,
        -0.141551,
        1.65929,
        -0.504751,
        -0.512855,
        -0.513626,
        -0.085632,
        -0.143973,
        1.660198,
        -0.512407,
        -0.51259,
        -0.502054,
        -0.076654,
        -0.011075,
        -0.178561,
        0.000677,
        0.005724,
        0.007593,
        0.001953,
        0.007102,
        0.00637,
        0.044014,
        0.030427,
        0.038259,
        0.063883,
        0.045694,
        0.045447,
        0.047883,
        0.05635,
        0.040749,
        0.045308
      ]
    },
    "structure": {
      "bonds": 1.295445619081584,
      "angles": 117.41877524644478,
      "DA": 90.18743569328274
    },
    "rotational_constant": {
      "A": 0.0400078,
      "B": 0.0454636,
      "C": 0.2980204
    },
    "rays_asymmetry_parameter": 0.9577090421165477,
    "excited_energy": "2.0253",
    "volume": 501.82547
  },
  "exciting_path_mean_volume": 501.0758233333334
}