{
  "s0_rotational_constant_a": 0.0067991,
  "s0_rotational_constant_b": 0.0070348,
  "s0_rotational_constant_c": 0.0595748,
  "s1_rotational_constant_a": 0.0068885,
  "s1_rotational_constant_b": 0.0070366,
  "s1_rotational_constant_c": 0.0579965,
  "s0_rays_asymmetry_parameter": 0.9910678588820234,
  "s1_rays_asymmetry_parameter": 0.9942044298348595,
  "s0_volume": 1402.90837,
  "s1_volume": 1402.22431,
  "delta_volume": -0.684060000000045,
  "s0_homo_lumo_gap": 0.7100292986124312,
  "s1_homo_lumo_gap": 0.6097471943712187,
  "delta_gap": -0.10028210424121253,
  "s0_dihedral_avg": 92.5444795685531,
  "s1_dihedral_avg": 91.24718674073328,
  "delta_dihedral": -1.2972928278198168,
  "delta_dipole": {
    "element": [
      "C",
      "C",
      "C",
      "C",
      "C",
      "C",
      "C",
      "C",
      "C",
      "C",
      "C",
      "C",
      "C",
      "C",
      "S",
      "C",
      "C",
      "C",
      "C",
      "C",
      "N",
      "C",
      "C",
      "C",
      "C",
      "C",
      "C",
      "C",
      "C",
      "C",
      "C",
      "C",
      "C",
      "C",
      "C",
      "C",
      "C",
      "C",
      "C",
      "C",
      "C",
      "C",
      "C",
      "C",
      "N",
      "S",
      "N",
      "C",
      "N",
      "S",
      "N",
      "S",
      "C",
      "C",
      "C",
      "C",
      "C",
      "N",
      "C",
      "C",
      "C",
      "C",
      "C",
      "C",
      "C",
      "C",
      "C",
      "C",
      "C",
      "C",
      "C",
      "C",
      "H",
      "H",
      "H",
      "H",
      "H",
      "H",
      "H",
      "H",
      "H",
      "H",
      "H",
      "H",
      "H",
      "H",
      "H",
      "H",
      "H",
      "H",
      "H",
      "H",
      "H",
      "H",
      "H",
      "H",
      "H",
      "H",
      "H",
      "H",
      "H",
      "H",
      "H",
      "H",
      "H",
      "H",
      "H",
      "H",
      "H",
      "H",
      "H",
      "H",
      "H",
      "H",
      "H",
      "H",
      "H",
      "H",
      "H",
      "H",
      "H",
      "H",
      "H",
      "H",
      "H",
      "H",
      "H",
      "H"
    ],
    "charge_variation": [
      -0.0014419999999999988,
      -0.001292999999999999,
      0.0029929999999999957,
      -0.0006979999999999972,
      0.0003270000000000009,
      0.0023210000000000036,
      0.001243000000000001,
      -0.00291799999999999,
      0.009451000000000001,
      -0.007981000000000002,
      0.008852000000000027,
      0.005247000000000002,
      -0.0027510000000000034,
      0.0030860000000000054,
      0.0028890000000000027,
      -0.0034140000000000004,
      0.005035000000000001,
      -0.0022749999999999992,
      0.007938,
      -0.0019759999999999778,
      -0.0026639999999999997,
      0.002010999999999985,
      -0.002479000000000009,
      0.0009129999999999997,
      -0.002894999999999995,
      0.0016129999999999999,
      -0.005175000000000013,
      0.0017790000000000306,
      -0.004716999999999999,
      0.0013440000000000006,
      -0.0025109999999999993,
      0.0007499999999999998,
      -0.002123999999999987,
      0.007456999999999991,
      -0.001903000000000002,
      0.0019859999999999878,
      -0.0007670000000000038,
      0.0008639999999999967,
      -0.0009769999999999987,
      3.500000000000031e-05,
      -0.0002370000000000011,
      0.00017299999999999954,
      0.0005359999999999948,
      0.004676999999999987,
      -0.0074820000000001,
      0.016855000000000064,
      -0.013719000000000037,
      0.008897999999999961,
      -0.008152999999999966,
      0.019392999999999994,
      -0.014443999999999901,
      -0.0014020000000000005,
      -0.014628999999999996,
      0.012610999999999997,
      -0.002572000000000005,
      0.011081999999999995,
      -0.013170000000000015,
      0.037158000000000024,
      -0.002937000000000023,
      -0.007428999999999991,
      0.002053,
      -0.008094000000000004,
      0.00454,
      -0.014260999999999996,
      0.0019710000000000005,
      -0.021696999999999994,
      0.005582999999999999,
      -0.014630000000000004,
      0.0053159999999999995,
      -0.018415000000000015,
      0.012591000000000005,
      -0.0011509999999999992,
      -4.900000000000043e-05,
      0.0011530000000000012,
      0.0008690000000000017,
      0.0009079999999999991,
      0.0005059999999999995,
      5.999999999999062e-06,
      -0.003293000000000001,
      0.00042299999999999977,
      -4.39999999999989e-05,
      0.0005520000000000004,
      0.00033299999999999996,
      -0.003151000000000001,
      -6.899999999999962e-05,
      0.0012060000000000057,
      0.0006510000000000057,
      -0.0001810000000000006,
      0.0005280000000000007,
      -0.00035199999999999815,
      0.0001270000000000021,
      -0.0004349999999999979,
      -0.0005910000000000012,
      -0.0006540000000000018,
      -0.00037600000000000133,
      5.000000000000143e-05,
      -0.0002920000000000006,
      0.0006300000000000056,
      -0.00035099999999999715,
      0.000789999999999999,
      0.0002730000000000024,
      -0.0006399999999999982,
      0.001349999999999997,
      0.0015279999999999998,
      -0.00044700000000000295,
      0.00015400000000000136,
      -0.0006049999999999996,
      9.699999999999986e-05,
      0.00020699999999999885,
      -0.0006069999999999999,
      4.300000000000137e-05,
      -6.500000000000256e-05,
      1.6000000000002124e-05,
      2.1000000000000185e-05,
      0.0009820000000000037,
      0.00044299999999999895,
      0.001901999999999994,
      0.0003829999999999979,
      -0.0002659999999999954,
      -7.600000000000315e-05,
      -0.0004259999999999958,
      0.0005590000000000039,
      -0.0003720000000000008,
      -0.0002939999999999991,
      -0.0004390000000000019,
      0.0020610000000000003,
      -0.0012549999999999992,
      0.00039000000000000146
    ]
  },
  "excitation_energy": "0.7439",
  "exciting_path_mean_volume": 1401.971553333333,
  "s0_bonds_avg": 1.3066627475785713,
  "s1_bonds_avg": 1.3030957933073188,
  "delta_bonds": -0.0035669542712524205,
  "s0_angles_avg": 114.2094773651639,
  "s1_angles_avg": 116.2093806221218,
  "delta_angles": 1.999903256957893
}