{
  "s0_rotational_constant_a": 0.0760179,
  "s0_rotational_constant_b": 0.0948355,
  "s0_rotational_constant_c": 0.1199411,
  "s1_rotational_constant_a": 0.0752119,
  "s1_rotational_constant_b": 0.0933977,
  "s1_rotational_constant_c": 0.123622,
  "s0_rays_asymmetry_parameter": 0.14315896838117415,
  "s1_rays_asymmetry_parameter": 0.24867744540911904,
  "s0_volume": 721.66295,
  "s1_volume": 716.26384,
  "delta_volume": -5.399110000000064,
  "s0_homo_lumo_gap": 2.497389844459745,
  "s1_homo_lumo_gap": 1.4080774259505007,
  "delta_gap": -1.0893124185092442,
  "s0_dihedral_avg": 8.147343256511297,
  "s1_dihedral_avg": 9.090648312044793,
  "delta_dihedral": 0.9433050555334965,
  "delta_dipole": null,
  "excitation_energy": "2.0987",
  "exciting_path_mean_volume": 718.7185583333334,
  "s0_bonds_avg": 1.2866810560008453,
  "s1_bonds_avg": 1.2897083211007043,
  "s0_angles_avg": 119.99217878793866,
  "s1_angles_avg": 119.98288078863168
}