{"charge": {"element": ["C", "C", "C", "C", "C", "C", "C", "C", "C", "C", "C", "N", "C", "C", "C", "C", "C", "C", "C", "C", "N", "C", "C", "C", "C", "C", "C", "C", "H", "H", "H", "H", "H", "H", "H", "H", "H", "H", "H", "H", "H", "H", "H", "H", "H", "H", "H", "H", "H", "H", "H", "H", "H", "H", "H", "H"], "charge_variation": [0.0026309999999999945, -0.005136999999999999, 0.005202999999999999, -0.011321999999999999, 0.00522800000000001, 0.001489, 0.001675999999999997, 0.0005830000000000002, -0.0008370000000000044, 0.0020349999999999986, -0.005978999999999998, 0.06654400000000005, 0.022473999999999994, -0.047250000000000014, 0.018892999999999993, -0.0002420000000000061, -0.030206, 0.004907999999999996, 0.00868999999999999, -0.004172999999999982, -0.04266000000000003, -0.012979999999999992, -0.008367, 0.017039, -0.0027769999999999982, 0.0024020000000000014, 0.0027609999999999996, -0.006385000000000002, 0.002339000000000001, -0.0010130000000000017, 0.00010699999999999946, 0.004312999999999997, -0.005535000000000002, -0.0006780000000000015, 0.0022460000000000015, 0.004135, -0.001571999999999997, -0.0021849999999999994, 0.0003080000000000027, 0.000562, 0.00041099999999999817, 0.0008809999999999998, -0.00539999999999996, 0.0008890000000000009, 0.00034500000000000156, -0.0005509999999999994, -0.0002679999999999974, -0.0013859999999999983, -0.001011999999999999, -2.5999999999998247e-05, 0.0019879999999999967, 0.008202000000000001, 0.0004609999999999996, 0.0028939999999999973, 0.00010900000000000146, 0.005197]}, "ground_state": {"HOMO-LUMO": 2.009435351405331, "charge": {"element": ["C", "C", "C", "C", "C", "C", "C", "C", "C", "C", "C", "N", "C", "C", "C", "C", "C", "C", "C", "C", "N", "C", "C", "C", "C", "C", "C", "C", "H", "H", "H", "H", "H", "H", "H", "H", "H", "H", "H", "H", "H", "H", "H", "H", "H", "H", "H", "H", "H", "H", "H", "H", "H", "H", "H", "H"], "charge": [-0.070948, -0.017774, -0.038036, -0.09118, 0.335968, -0.002782, -0.066579, -0.006028, -0.034551, -0.017011, -0.073205, -0.737313, 0.348271, -0.202895, 0.05748, -0.08116, -0.013298, -0.076858, -0.082353, 0.313967, -0.829533, 0.49502, 0.025433, -0.008196, -0.026536, -0.029013, -0.01958, -0.087731, 0.020503, 0.016213, 0.020157, 0.029564, 0.017642, 0.019692, 0.01892, 0.016559, 0.022291, 0.043493, 0.030211, 0.029309, 0.029704, 0.031965, 0.320665, 0.036969, 0.020765, 0.02225, 0.018361, 0.018968, 0.017927, 0.020616, 0.047662, 0.048917, 0.029373, 0.028992, 0.029015, 0.029716]}, "structure": {"bonds": 1.2716803167908475, "angles": 115.5782591017444, "DA": 5.88311154181012}, "rotational_constant": {"A": 0.1185534, "B": 0.1418059, "C": 0.2189961}, "rays_asymmetry_parameter": 0.5369997023178388, "volume": 575.28425}, "excited_state": {"HOMO-LUMO": 1.3295453789420781, "charge": {"element": ["C", "C", "C", "C", "C", "C", "C", "C", "C", "C", "C", "N", "C", "C", "C", "C", "C", "C", "C", "C", "N", "C", "C", "C", "C", "C", "C", "C", "H", "H", "H", "H", "H", "H", "H", "H", "H", "H", "H", "H", "H", "H", "H", "H", "H", "H", "H", "H", "H", "H", "H", "H", "H", "H", "H", "H"], "charge": [-0.068317, -0.022911, -0.032833, -0.102502, 0.341196, -0.001293, -0.064903, -0.005445, -0.035388, -0.014976, -0.079184, -0.670769, 0.370745, -0.250145, 0.076373, -0.081402, -0.043504, -0.07195, -0.073663, 0.309794, -0.872193, 0.48204, 0.017066, 0.008843, -0.029313, -0.026611, -0.016819, -0.094116, 0.022842, 0.0152, 0.020264, 0.033877, 0.012107, 0.019014, 0.021166, 0.020694, 0.020719, 0.041308, 0.030519, 0.029871, 0.030115, 0.032846, 0.315265, 0.037858, 0.02111, 0.021699, 0.018093, 0.017582, 0.016915, 0.02059, 0.04965, 0.057119, 0.029834, 0.031886, 0.029124, 0.034913]}, "structure": {"bonds": 1.275362671182712, "angles": 115.65482962650145, "DA": 15.089993270079127}, "rotational_constant": {"A": 0.1165217, "B": 0.1365277, "C": 0.227689}, "rays_asymmetry_parameter": 0.6400740145708316, "excited_energy": "1.8135", "volume": 575.4083}, "exciting_path_mean_volume": 575.1007816666666}