{"charge": {"element": ["O", "C", "C", "C", "C", "C", "C", "C", "N", "C", "C", "C", "C", "C", "C", "C", "C", "C", "C", "C", "C", "C", "C", "C", "O", "C", "C", "C", "C", "C", "C", "H", "H", "H", "H", "H", "H", "H", "H", "H", "H", "H", "H", "H", "H", "H", "H", "H", "H", "H"], "charge_variation": [-0.01846199999999998, -0.004168999999999978, 0.026584999999999998, 0.017618999999999996, 0.038259, -0.019926, 0.048487, -0.028508000000000033, 0.024957000000000007, 0.012696999999999958, -0.025771000000000016, 0.002791, -0.030822000000000002, 0.004201, -0.03555900000000001, 0.002850000000000019, -0.010759999999999992, 0.006356, -0.02592, -0.004488000000000001, -0.02161200000000002, 0.03618199999999999, -0.053754, 0.0014480000000000048, 0.00349900000000003, 0.012694999999999998, 0.009930000000000001, 0.008188, 0.00493, 0.016205999999999998, 0.019821, 0.005589000000000004, -0.004749999999999997, -0.004236000000000004, 0.002798000000000002, -0.002859999999999998, -0.0019819999999999977, -0.003497, -0.002472999999999996, 0.016516000000000003, -0.002173999999999999, -0.004049999999999998, -0.0028339999999999997, 0.0010360000000000022, -0.006330000000000002, -0.029616000000000003, 0.003011, 0.007831000000000005, 0.006751, 0.0033189999999999956]}, "ground_state": {"HOMO-LUMO": 1.6549037041207364, "charge": {"element": ["O", "C", "C", "C", "C", "C", "C", "C", "N", "C", "C", "C", "C", "C", "C", "C", "C", "C", "C", "C", "C", "C", "C", "C", "O", "C", "C", "C", "C", "C", "C", "H", "H", "H", "H", "H", "H", "H", "H", "H", "H", "H", "H", "H", "H", "H", "H", "H", "H", "H"], "charge": [-0.729051, 0.702654, -0.24425, 0.097432, -0.001131, -0.014971, -0.154862, 0.41116, -0.509769, 0.383983, -0.137291, -0.004949, -0.072236, -0.005706, -0.138143, 0.383334, -0.137192, -0.005624, -0.0733, -0.005795, -0.140334, -0.144675, 0.013856, 0.697052, -0.723062, -0.050606, -0.012547, -0.022988, -0.024144, -0.012622, -0.05124, 0.039298, 0.031394, 0.041846, 0.039781, 0.030586, 0.033108, 0.030718, 0.038172, 0.040839, 0.031024, 0.033149, 0.030539, 0.039396, 0.044983, 0.056161, 0.049122, 0.034107, 0.034098, 0.048696]}, "structure": {"bonds": 1.283217966575926, "angles": 119.99812708117655, "DA": 15.06196660547137}, "rotational_constant": {"A": 0.0528062, "B": 0.0582393, "C": 0.3051355}, "rays_asymmetry_parameter": 0.9569364318769165, "volume": 563.39563}, "excited_state": {"HOMO-LUMO": 0.33945926307185426, "charge": {"element": ["O", "C", "C", "C", "C", "C", "C", "C", "N", "C", "C", "C", "C", "C", "C", "C", "C", "C", "C", "C", "C", "C", "C", "C", "O", "C", "C", "C", "C", "C", "C", "H", "H", "H", "H", "H", "H", "H", "H", "H", "H", "H", "H", "H", "H", "H", "H", "H", "H", "H"], "charge": [-0.747513, 0.698485, -0.217665, 0.115051, 0.037128, -0.034897, -0.106375, 0.382652, -0.484812, 0.39668, -0.163062, -0.002158, -0.103058, -0.001505, -0.173702, 0.386184, -0.147952, 0.000732, -0.09922, -0.010283, -0.161946, -0.108493, -0.039898, 0.6985, -0.719563, -0.037911, -0.002617, -0.0148, -0.019214, 0.003584, -0.031419, 0.044887, 0.026644, 0.03761, 0.042579, 0.027726, 0.031126, 0.027221, 0.035699, 0.057355, 0.02885, 0.029099, 0.027705, 0.040432, 0.038653, 0.026545, 0.052133, 0.041938, 0.040849, 0.052015]}, "structure": {"bonds": 1.2788823410183334, "angles": 119.9967045652714, "DA": 10.293742384962943}, "rotational_constant": {"A": 0.0625976, "B": 0.0730432, "C": 0.2892841}, "rays_asymmetry_parameter": 0.9078410050885254, "excited_energy": "0.3904", "volume": 564.37714}, "exciting_path_mean_volume": 564.7956116666667}