{
  "s0_rotational_constant_a": 0.0710265,
  "s0_rotational_constant_b": 0.0830041,
  "s0_rotational_constant_c": 0.1325522,
  "s1_rotational_constant_a": 0.0699664,
  "s1_rotational_constant_b": 0.0814245,
  "s1_rotational_constant_c": 0.1343159,
  "s0_rays_asymmetry_parameter": 0.6106472579751229,
  "s1_rays_asymmetry_parameter": 0.6438791288199597,
  "s0_volume": 744.24233,
  "s1_volume": 742.28666,
  "delta_volume": -1.9556700000000546,
  "s0_homo_lumo_gap": 2.471345831226286,
  "s1_homo_lumo_gap": 1.8525236411248835,
  "delta_gap": -0.6188221901014024,
  "s0_dihedral_avg": 89.97969296506213,
  "s1_dihedral_avg": 89.94236351914893,
  "delta_dihedral": -0.0373294459132012,
  "delta_dipole": {
    "element": [
      "C",
      "C",
      "C",
      "C",
      "C",
      "C",
      "C",
      "C",
      "C",
      "C",
      "C",
      "C",
      "C",
      "C",
      "C",
      "C",
      "C",
      "C",
      "C",
      "C",
      "C",
      "C",
      "C",
      "C",
      "C",
      "C",
      "C",
      "C",
      "C",
      "C",
      "C",
      "C",
      "C",
      "C",
      "C",
      "C",
      "C",
      "C",
      "C",
      "C",
      "H",
      "H",
      "H",
      "H",
      "H",
      "H",
      "H",
      "H",
      "H",
      "H",
      "H",
      "H",
      "H",
      "H",
      "H",
      "H",
      "H",
      "H",
      "H",
      "H",
      "H",
      "H",
      "H",
      "H",
      "H",
      "H",
      "H",
      "H"
    ],
    "charge_variation": [
      -0.0008809999999999998,
      0.00010399999999999993,
      -0.0026219999999999993,
      0.0011859999999999926,
      -0.004455999999999998,
      0.0022059999999999996,
      0.005230000000000012,
      -0.0028829999999999967,
      0.00037600000000000133,
      0.0018499999999999975,
      -0.0018209999999999997,
      -0.0035310000000000064,
      0.003263000000000002,
      -0.0017389999999999975,
      8.400000000000074e-05,
      -0.0001460000000000003,
      0.0002560000000000062,
      -0.0010439999999999963,
      -0.0011560000000000042,
      -0.009721999999999995,
      0.005395999999999998,
      -0.007663000000000003,
      0.008221000000000003,
      -0.0068090000000000026,
      0.002801999999999999,
      -0.0006400000000000017,
      0.00013200000000000017,
      0.0025560000000000027,
      -0.007804999999999996,
      0.0078109999999999985,
      -0.010627999999999999,
      0.004718,
      0.0008659999999999918,
      -0.004237999999999992,
      0.001239999999999998,
      -0.0020939999999999986,
      -0.00022199999999999998,
      -0.0029730000000000034,
      -0.0028760000000000036,
      -0.0008669999999999997,
      0.00029799999999999965,
      0.00043099999999999736,
      0.0013239999999999988,
      0.0008619999999999982,
      0.0001349999999999997,
      -0.0010110000000000015,
      0.0007379999999999991,
      0.0007790000000000019,
      0.0015639999999999994,
      0.0015999999999999973,
      -0.0005740000000000016,
      0.00136,
      0.005632999999999999,
      0.001799000000000002,
      -0.0011490000000000007,
      0.002492000000000001,
      -3.100000000000325e-05,
      0.0002909999999999996,
      0.0031090000000000007,
      -0.0012920000000000015,
      0.002460000000000004,
      0.0024239999999999956,
      -8.99999999999998e-05,
      0.00034,
      0.00028399999999999953,
      0.002364999999999999,
      0.0019959999999999978,
      0.0003830000000000014
    ]
  },
  "excitation_energy": "2.2445",
  "exciting_path_mean_volume": 742.983515,
  "s0_bonds_avg": 1.2900763891860811,
  "s1_bonds_avg": 1.2914162081417566,
  "delta_bonds": 0.0013398189556754758,
  "s0_angles_avg": 119.99742537252055,
  "s1_angles_avg": 119.99248361153755,
  "delta_angles": -0.004941760983001586
}