{
  "s0_rotational_constant_a": 0.0335842,
  "s0_rotational_constant_b": 0.0430457,
  "s0_rotational_constant_c": 0.1029812,
  "s1_rotational_constant_a": 0.0334876,
  "s1_rotational_constant_b": 0.0432678,
  "s1_rotational_constant_c": 0.1023091,
  "s0_rays_asymmetry_parameter": 0.7273225067366026,
  "s1_rays_asymmetry_parameter": 0.7157806790029277,
  "s0_volume": 971.34512,
  "s1_volume": 968.88673,
  "delta_volume": -2.4583900000000085,
  "s0_homo_lumo_gap": 2.203172224269457,
  "s1_homo_lumo_gap": 1.6879791383337435,
  "delta_gap": -0.5151930859357137,
  "s0_dihedral_avg": 94.15650863516541,
  "s1_dihedral_avg": 94.18362703925965,
  "delta_dihedral": 0.027118404094238713,
  "delta_dipole": {
    "element": [
      "C",
      "C",
      "Si",
      "C",
      "C",
      "C",
      "C",
      "C",
      "C",
      "C",
      "C",
      "C",
      "C",
      "C",
      "C",
      "C",
      "C",
      "C",
      "C",
      "C",
      "C",
      "C",
      "C",
      "Si",
      "C",
      "C",
      "C",
      "C",
      "C",
      "C",
      "Si",
      "C",
      "C",
      "C",
      "C",
      "C",
      "C",
      "C",
      "C",
      "C",
      "C",
      "C",
      "H",
      "H",
      "H",
      "H",
      "H",
      "H",
      "H",
      "H",
      "H",
      "H",
      "H",
      "H",
      "H",
      "H",
      "H",
      "H",
      "H",
      "H",
      "H",
      "H",
      "H",
      "H",
      "H",
      "H",
      "H",
      "H",
      "H",
      "H",
      "H",
      "H",
      "H",
      "H",
      "H",
      "H",
      "H",
      "H",
      "H",
      "H",
      "H",
      "H",
      "H",
      "H",
      "H",
      "H",
      "H",
      "H",
      "H",
      "H"
    ],
    "charge_variation": [
      -0.0003000000000000086,
      -0.0003249999999999989,
      0.00014099999999999877,
      -0.004397000000000012,
      0.009865,
      -0.00732,
      0.008144,
      -0.002823999999999993,
      -0.0007140000000000063,
      0.0004819999999999998,
      -0.0034320000000000045,
      0.0007679999999999979,
      -0.0034329999999999986,
      0.008570999999999999,
      -0.002917000000000003,
      -0.0007479999999999987,
      -3.500000000000031e-05,
      -0.003597000000000003,
      0.001291999999999998,
      -0.0033490000000000048,
      -0.014603999999999999,
      0.008641,
      -0.0031039999999999957,
      -0.0019299999999999994,
      -0.0015070000000000014,
      0.0003029999999999977,
      -0.0005740000000000016,
      -5.1999999999996493e-05,
      3.099999999999978e-05,
      0.00026199999999999835,
      -0.005603000000000011,
      0.005431999999999999,
      0.00038000000000000533,
      0.0004330000000000028,
      0.00016499999999999848,
      -1.0999999999997123e-05,
      -0.000678999999999999,
      0.0002539999999999973,
      -0.0014160000000000006,
      -0.0011009999999999909,
      -0.00033800000000000496,
      -0.00015500000000000236,
      -0.0001480000000000023,
      0.00018800000000000067,
      9.500000000000133e-05,
      9.900000000000013e-05,
      1.1999999999998123e-05,
      0.0013489999999999995,
      8.000000000000021e-05,
      0.0016089999999999993,
      0.000675000000000002,
      0.0033050000000000024,
      0.0011469999999999987,
      3.900000000000084e-05,
      0.0014540000000000004,
      0.00011099999999999999,
      0.0036390000000000033,
      7.399999999999768e-05,
      0.0002559999999999993,
      -0.00015899999999999942,
      0.0004910000000000053,
      -0.0003170000000000013,
      0.0001339999999999987,
      0.00016700000000000048,
      -7.000000000000062e-05,
      0.00015099999999999836,
      0.00019600000000000173,
      -7.799999999999821e-05,
      -8.99999999999998e-05,
      -0.0002119999999999969,
      -1.4000000000000123e-05,
      -0.00010299999999999893,
      0.0006880000000000011,
      0.0008909999999999994,
      0.0013209999999999993,
      0.00033299999999999996,
      3.599999999999784e-05,
      -1.8999999999998185e-05,
      0.0001799999999999996,
      -0.00011999999999999511,
      0.00014999999999999736,
      0.000338999999999999,
      0.00016100000000000142,
      0.00022799999999999904,
      0.0003949999999999995,
      0.00015100000000000183,
      0.00013900000000000023,
      0.00018800000000000067,
      -3.699999999999884e-05,
      0.0001979999999999968
    ]
  },
  "excitation_energy": "2.6331",
  "exciting_path_mean_volume": 969.9926216666668,
  "s0_bonds_avg": 1.297767729285914,
  "s1_bonds_avg": 1.3105127581782796,
  "delta_bonds": 0.012745028892365617,
  "s0_angles_avg": 115.04259071218104,
  "s1_angles_avg": 114.99197023613652,
  "delta_angles": -0.05062047604451436
}