{
  "s0_rotational_constant_a": 0.0463491,
  "s0_rotational_constant_b": 0.0665218,
  "s0_rotational_constant_c": 0.0950442,
  "s1_rotational_constant_a": 0.0466723,
  "s1_rotational_constant_b": 0.0681749,
  "s1_rotational_constant_c": 0.0842099,
  "s0_rays_asymmetry_parameter": 0.17146899790738673,
  "s1_rays_asymmetry_parameter": -0.1456566216273813,
  "s0_volume": 742.21538,
  "s1_volume": 742.66077,
  "delta_volume": 0.44538999999997486,
  "s0_homo_lumo_gap": 2.0304071631272267,
  "s1_homo_lumo_gap": 1.3374638909585204,
  "delta_gap": -0.6929432721687063,
  "s0_dihedral_avg": -8.101779752856757,
  "s1_dihedral_avg": -14.229161710646185,
  "delta_dihedral": -6.127381957789428,
  "delta_dipole": null,
  "excitation_energy": "1.8075",
  "exciting_path_mean_volume": 741.9848483333332,
  "s0_bonds_avg": 1.2802901282306667,
  "s1_bonds_avg": 1.2818034333368,
  "s0_angles_avg": 117.3601677873747,
  "s1_angles_avg": 117.46982378870108
}