{
  "s0_rotational_constant_a": 0.0146831,
  "s0_rotational_constant_b": 0.0162436,
  "s0_rotational_constant_c": 0.0639029,
  "s1_rotational_constant_a": 0.0147239,
  "s1_rotational_constant_b": 0.0168648,
  "s1_rotational_constant_c": 0.0659343,
  "s0_rays_asymmetry_parameter": 0.9365905590839457,
  "s1_rays_asymmetry_parameter": 0.9163880774217736,
  "s0_volume": 1116.80082,
  "s1_volume": 1120.42668,
  "delta_volume": 3.6258600000001024,
  "s0_homo_lumo_gap": 0.7627486291301442,
  "s1_homo_lumo_gap": 0.4496544735934447,
  "delta_gap": -0.3130941555366995,
  "s0_dihedral_avg": 0.002441298431425279,
  "s1_dihedral_avg": 0.4832380018418414,
  "delta_dihedral": 0.48079670341041614,
  "delta_dipole": null,
  "excitation_energy": "0.5181",
  "exciting_path_mean_volume": 1118.4344716666667,
  "s0_bonds_avg": 1.3107150643672472,
  "s1_bonds_avg": 1.3084536337400001,
  "s0_angles_avg": 119.637270003752,
  "s1_angles_avg": 119.6089375626692
}