{
  "s0_rotational_constant_a": 0.0305125,
  "s0_rotational_constant_b": 0.0316195,
  "s0_rotational_constant_c": 0.6267358,
  "s1_rotational_constant_a": 0.0321927,
  "s1_rotational_constant_b": 0.0335419,
  "s1_rotational_constant_c": 0.5015472,
  "s0_rays_asymmetry_parameter": 0.9962866261684172,
  "s1_rays_asymmetry_parameter": 0.994250827466233,
  "s0_volume": 641.98058,
  "s1_volume": 642.46152,
  "delta_volume": 0.48093999999991865,
  "s0_homo_lumo_gap": 1.8630571669034577,
  "s1_homo_lumo_gap": 0.8992137073516417,
  "delta_gap": -0.9638434595518159,
  "s0_dihedral_avg": 91.97033265863318,
  "s1_dihedral_avg": 92.4227919727071,
  "delta_dihedral": 0.4524593140739199,
  "delta_dipole": {
    "element": [
      "C",
      "N",
      "C",
      "C",
      "C",
      "C",
      "C",
      "C",
      "C",
      "C",
      "C",
      "N",
      "C",
      "C",
      "N",
      "C",
      "C",
      "C",
      "C",
      "N",
      "C",
      "C",
      "N",
      "C",
      "C",
      "C",
      "C",
      "C",
      "C",
      "C",
      "C",
      "C",
      "C",
      "H",
      "H",
      "H",
      "H",
      "H",
      "H",
      "H",
      "H",
      "H",
      "H",
      "H",
      "H",
      "H",
      "H",
      "H",
      "H",
      "H",
      "H",
      "H",
      "H",
      "H",
      "H",
      "H",
      "H",
      "H",
      "H",
      "H",
      "H",
      "H"
    ],
    "charge_variation": [
      0.011994000000000005,
      -0.053445999999999994,
      0.017471999999999988,
      -0.012678999999999982,
      0.005333000000000004,
      -0.000673,
      0.006897,
      -0.013737,
      0.006455000000000002,
      -0.011435,
      0.03948200000000002,
      -0.05456899999999998,
      0.054007,
      -0.01793099999999992,
      0.035355000000000025,
      -0.03451799999999999,
      0.018035000000000002,
      -0.05525500000000001,
      0.02677400000000002,
      0.09191900000000008,
      -0.004297000000000051,
      -0.005886000000000002,
      -0.007494999999999995,
      0.00545000000000001,
      0.0005620000000000069,
      -0.010764000000000024,
      -0.005093999999999987,
      -0.028797000000000017,
      0.011568,
      -0.00927,
      0.004805,
      -0.012334999999999985,
      0.018595000000000028,
      -0.001902000000000001,
      -0.0007729999999999994,
      -0.001347000000000001,
      -1.8000000000004124e-05,
      -0.0004649999999999932,
      0.0025019999999999973,
      0.005125999999999999,
      -0.017507,
      -0.0032370000000000038,
      0.011203000000000001,
      -0.008041999999999997,
      -0.0008580000000000011,
      0.0037950000000000015,
      -0.008326,
      0.0017500000000000016,
      0.0017749999999999988,
      0.00046900000000000067,
      0.0003270000000000009,
      0.0014669999999999996,
      0.0035330000000000014,
      -0.0016240000000000004,
      0.007271,
      0.006900999999999999,
      -0.003692000000000001,
      -0.014962999999999997,
      -0.002686999999999995,
      0.002143999999999993,
      0.00013299999999999423,
      0.0005219999999999947
    ]
  },
  "excitation_energy": "1.0342",
  "exciting_path_mean_volume": 641.4666533333333,
  "s0_bonds_avg": 1.263046583606923,
  "s1_bonds_avg": 1.2465987855047693,
  "delta_bonds": -0.016447798102153577,
  "s0_angles_avg": 116.38642284054494,
  "s1_angles_avg": 116.39912932049714,
  "delta_angles": 0.012706479952200311
}