{
  "s0_rotational_constant_a": 0.0287835,
  "s0_rotational_constant_b": 0.0432621,
  "s0_rotational_constant_c": 0.0512294,
  "s1_rotational_constant_a": 0.0287872,
  "s1_rotational_constant_b": 0.0435754,
  "s1_rotational_constant_c": 0.0509078,
  "s0_rays_asymmetry_parameter": -0.2900886130651919,
  "s1_rays_asymmetry_parameter": -0.33705234035243153,
  "s0_volume": 1253.33663,
  "s1_volume": 1249.53084,
  "delta_volume": -3.8057900000001155,
  "s0_homo_lumo_gap": 0.2662688102518427,
  "s1_homo_lumo_gap": 0.08612130130871698,
  "delta_gap": -0.1801475089431257,
  "s0_dihedral_avg": 90.20041014296417,
  "s1_dihedral_avg": 90.17254446588584,
  "delta_dihedral": -0.027865677078338535,
  "delta_dipole": {
    "element": [
      "C",
      "C",
      "C",
      "C",
      "C",
      "C",
      "B",
      "C",
      "C",
      "C",
      "C",
      "C",
      "C",
      "C",
      "C",
      "C",
      "C",
      "C",
      "C",
      "C",
      "C",
      "C",
      "C",
      "B",
      "C",
      "C",
      "C",
      "C",
      "C",
      "C",
      "C",
      "C",
      "C",
      "C",
      "C",
      "C",
      "C",
      "C",
      "C",
      "C",
      "C",
      "C",
      "Si",
      "C",
      "C",
      "C",
      "C",
      "C",
      "C",
      "C",
      "C",
      "C",
      "C",
      "C",
      "C",
      "C",
      "C",
      "C",
      "C",
      "C",
      "C",
      "C",
      "H",
      "H",
      "H",
      "H",
      "H",
      "H",
      "H",
      "H",
      "H",
      "H",
      "H",
      "H",
      "H",
      "H",
      "H",
      "H",
      "H",
      "H",
      "H",
      "H",
      "H",
      "H",
      "H",
      "H",
      "H",
      "H",
      "H",
      "H",
      "H",
      "H",
      "H",
      "H",
      "H",
      "H",
      "H",
      "H",
      "H",
      "H",
      "H",
      "H",
      "H",
      "H",
      "H",
      "H",
      "H",
      "H",
      "H",
      "H",
      "H",
      "H",
      "H",
      "H",
      "H",
      "H",
      "H",
      "H",
      "H",
      "H",
      "H",
      "H",
      "H",
      "H"
    ],
    "charge_variation": [
      0.000796000000000005,
      0.004298999999999997,
      -0.0004709999999999992,
      0.0016270000000000034,
      0.0009429999999999994,
      0.003849000000000019,
      -0.010037000000000074,
      0.015676999999999996,
      -0.014878000000000002,
      -0.0010510000000000103,
      -0.00042400000000000077,
      -0.0009119999999999996,
      -0.001129999999999999,
      7.499999999999868e-05,
      0.0008389999999999925,
      0.028523000000000007,
      -0.0027469999999999994,
      0.0060770000000000025,
      0.0030019999999999977,
      0.006307999999999998,
      0.0016570000000000022,
      0.006265,
      0.003151000000000015,
      -0.004369000000000067,
      0.016581000000000012,
      0.009480000000000002,
      -4.300000000000137e-05,
      -0.002151000000000014,
      0.00957899999999999,
      0.0005219999999999947,
      -0.0020959999999999868,
      0.0057819999999999955,
      0.002245000000000011,
      -0.023196999999999995,
      -0.020616999999999996,
      0.003979999999999997,
      -0.013427000000000008,
      -0.005574999999999997,
      -0.003604999999999997,
      -0.03412899999999999,
      0.0003510000000000041,
      0.0002360000000000001,
      -0.005268999999999996,
      -0.0052759999999999994,
      0.002916999999999989,
      -0.0012069999999999997,
      0.00012699999999999864,
      0.0005360000000000018,
      0.00027599999999999847,
      -0.000673,
      0.0017230000000000023,
      4.999999999999449e-05,
      -0.00038399999999999546,
      -0.0010070000000000079,
      0.003461999999999993,
      -0.0004610000000000031,
      -9.099999999997999e-05,
      0.0017539999999999917,
      0.0004650000000000071,
      0.00204,
      0.0007309999999999955,
      0.0002349999999999991,
      0.0002700000000000029,
      0.0002580000000000013,
      0.0005399999999999988,
      0.0006209999999999966,
      0.000171000000000001,
      0.0005470000000000023,
      -0.0004269999999999968,
      0.00040899999999999964,
      0.0008599999999999997,
      0.0007680000000000013,
      0.0005170000000000001,
      -7.000000000000062e-05,
      -0.0019529999999999964,
      0.0008069999999999987,
      0.0014599999999999995,
      0.001066000000000001,
      -0.00030300000000000465,
      0.0010530000000000019,
      -0.0015640000000000003,
      0.0052209999999999965,
      0.0004970000000000044,
      0.00011199999999999752,
      0.00022300000000000098,
      0.00034199999999999856,
      0.00018999999999999573,
      -0.000671999999999999,
      0.0020980000000000026,
      -0.002254000000000001,
      -0.005699999999999999,
      0.00014300000000000077,
      0.0007019999999999943,
      0.0005179999999999976,
      -0.0011929999999999996,
      -0.003377999999999999,
      -0.00044600000000000195,
      0.0026539999999999966,
      1.9999999999999185e-05,
      -0.0025769999999999994,
      -0.0018239999999999992,
      -0.0008389999999999995,
      0.0012500000000000011,
      -0.0007010000000000002,
      0.0001549999999999989,
      0.0005290000000000017,
      0.0003709999999999998,
      0.00025199999999999875,
      0.00022900000000000004,
      0.000622000000000001,
      0.00042600000000000277,
      -0.00033100000000000143,
      0.0006239999999999996,
      0.0005590000000000005,
      0.0004620000000000006,
      0.000845000000000002,
      0.0010270000000000001,
      0.0008129999999999995,
      -9.999999999999593e-05,
      0.0018139999999999996,
      -0.00034099999999999756,
      0.00035500000000000115,
      0.0007419999999999996,
      0.0005980000000000013
    ]
  },
  "excitation_energy": "0.1202",
  "exciting_path_mean_volume": 1251.3051083333332,
  "s0_bonds_avg": 1.2976647925338356,
  "s1_bonds_avg": 1.2974229551689895,
  "delta_bonds": -0.00024183736484606477,
  "s0_angles_avg": 116.09497615441511,
  "s1_angles_avg": 116.09243638138264,
  "delta_angles": -0.0025397730324669965
}