{"charge": {"element": ["C", "C", "C", "C", "N", "C", "C", "C", "O", "N", "C", "C", "C", "C", "C", "O", "H", "H", "H", "H", "H", "H", "H", "H", "H", "H", "H", "H", "H", "H", "H", "H", "H", "H", "H", "H"], "charge_variation": [0.0003929999999999906, -0.0017290000000000014, 0.005354999999999992, 0.004773000000000027, -0.041518000000000055, 0.024056000000000022, 0.06505300000000003, -0.006357000000000057, -0.007996000000000003, -0.05713200000000007, -0.0015979999999999883, -0.036548, 0.008028, -0.0009880000000000028, -0.009919999999999929, 0.03327899999999995, -0.0008309999999999984, 0.0010879999999999987, 0.0007559999999999997, -0.0006449999999999997, 0.0016149999999999984, 0.003178999999999998, 5.199999999999996e-05, 0.001607, -0.006574, 0.0038499999999999646, -0.004336999999999994, 0.006020999999999999, 0.010172, 0.006936000000000001, 0.0045590000000000006, -0.0036419999999999994, 0.0010880000000000022, -0.00014300000000000077, 0.00020699999999999885, -0.0021110000000000018]}, "ground_state": {"HOMO-LUMO": 2.9483096472929304, "charge": {"element": ["C", "C", "C", "C", "N", "C", "C", "C", "O", "N", "C", "C", "C", "C", "C", "O", "H", "H", "H", "H", "H", "H", "H", "H", "H", "H", "H", "H", "H", "H", "H", "H", "H", "H", "H", "H"], "charge": [-0.0797, -0.020787, -0.064339, 0.257714, -0.61671, 0.359403, -0.454071, 0.982122, -0.773113, -0.602799, 0.266677, -0.064387, -0.018695, -0.079582, 0.93409, -0.80967, 0.019346, 0.026497, 0.021547, 0.021052, 0.024139, 0.025447, 0.027491, 0.006008, 0.009876, 0.332921, 0.075654, 0.018925, 0.020226, 0.024844, 0.025203, 0.017398, 0.021695, 0.02593, 0.0199, 0.019751]}, "structure": {"bonds": 1.233864665653889, "angles": 112.33414003806406, "DA": -15.422368633513607}, "rotational_constant": {"A": 0.1803767, "B": 0.1955667, "C": 1.4771686}, "rays_asymmetry_parameter": 0.9765729566941312, "volume": 360.58617}, "excited_state": {"HOMO-LUMO": 1.842762918580906, "charge": {"element": ["C", "C", "C", "C", "N", "C", "C", "C", "O", "N", "C", "C", "C", "C", "C", "O", "H", "H", "H", "H", "H", "H", "H", "H", "H", "H", "H", "H", "H", "H", "H", "H", "H", "H", "H", "H"], "charge": [-0.079307, -0.022516, -0.058984, 0.262487, -0.658228, 0.383459, -0.389018, 0.975765, -0.781109, -0.659931, 0.265079, -0.100935, -0.010667, -0.08057, 0.92417, -0.776391, 0.018515, 0.027585, 0.022303, 0.020407, 0.025754, 0.028626, 0.027543, 0.007615, 0.003302, 0.336771, 0.071317, 0.024946, 0.030398, 0.03178, 0.029762, 0.013756, 0.022783, 0.025787, 0.020107, 0.01764]}, "structure": {"bonds": 1.2450460286702776, "angles": 112.12345651185147, "DA": -31.415676977479627}, "rotational_constant": {"A": 0.1857272, "B": 0.2013232, "C": 1.3721068}, "rays_asymmetry_parameter": 0.9737082465005299, "excited_energy": "2.2492", "volume": 359.8527}, "exciting_path_mean_volume": 359.85414833333334}