{"charge": {"element": ["C", "C", "C", "C", "C", "C", "O", "C", "C", "C", "C", "O", "H", "H", "H", "H", "H", "H", "H", "H"], "charge_variation": [-0.012502, -0.026048, 0.019142999999999966, -0.017853000000000008, 0.02663400000000002, -0.02788500000000002, -0.0005560000000000009, 0.0029050000000000464, 0.0068040000000000045, 0.009868000000000016, -0.004286000000000012, -0.0017560000000000353, 0.008624, 0.010600000000000005, 0.003248999999999995, -0.002340999999999996, 0.003694999999999997, 0.00040799999999999864, -0.0011720000000000064, 0.002471000000000001]}, "ground_state": {"HOMO-LUMO": 2.2415620412893746, "structure": {"bonds": 1.2668457061752383, "angles": 119.38189800687358, "DA": -16.36368765070438}, "rotational_constant": {"A": 0.3438249, "B": 0.3747123, "C": 4.1711368}, "rays_asymmetry_parameter": 0.9838594811151922, "volume": 233.41575}, "excited_state": {"HOMO-LUMO": 1.9057055651280934, "structure": {"bonds": 1.2734873815033332, "angles": 119.36707272392455, "DA": -8.181811270932014}, "rotational_constant": {"A": 0.3454049, "B": 0.3772696, "C": 4.089502}, "rays_asymmetry_parameter": 0.9829786999915148, "excited_energy": "3.3003", "volume": 233.74535}, "exciting_path_mean_volume": 233.24741333333336}