{"charge": {"element": ["O", "C", "C", "O", "C", "C", "C", "C", "C", "C", "C", "C", "N", "C", "C", "C", "C", "C", "C", "C", "C", "C", "C", "C", "C", "C", "C", "C", "C", "C", "C", "C", "C", "C", "C", "C", "N", "C", "C", "C", "C", "C", "C", "C", "C", "C", "C", "C", "C", "C", "C", "C", "C", "C", "H", "H", "H", "H", "H", "H", "H", "H", "H", "H", "H", "H", "H", "H", "H", "H", "H", "H", "H", "H", "H", "H", "H", "H", "H", "H", "H", "H", "H", "H", "H", "H", "H", "H"], "charge_variation": [-0.013631999999999977, 0.016696000000000044, 0.012919999999999932, -0.022791999999999923, -0.0024379999999999957, 0.006223999999999997, 0.0018769999999999898, 0.0017710000000000087, 0.006428, -0.0025290000000000035, 0.01241500000000001, -0.0019200000000000328, -0.006894000000000067, 0.0028559999999999697, -0.0065679999999999905, 0.0019239999999999995, -0.0028640000000000054, 0.0010570000000000006, -0.0016740000000000088, 0.0044640000000000235, -0.009798000000000001, 0.002876, -0.005030999999999994, 0.0021840000000000006, -0.0048940000000000095, 0.012891999999999987, -0.0031859999999999944, 0.0032249999999999918, 0.0011709999999999984, -0.000675000000000002, 0.006389000000000006, -0.005056000000000005, 0.017573, -0.006555999999999999, 0.02385799999999999, -0.014887000000000039, 0.029991999999999963, 0.0028020000000000267, -0.026149000000000006, 0.00796, -0.016637, 0.0049629999999999995, -0.016624, 0.003933999999999993, -0.02696700000000002, 0.007077, -0.01792300000000001, 0.005328, -0.017351000000000005, 0.02396699999999999, -0.006837000000000003, 0.006312999999999999, 0.004980999999999999, -0.0009709999999999996, 0.0031179999999999958, 0.001015999999999996, 0.00048100000000000226, -3.399999999999931e-05, -0.001340000000000001, -0.0005359999999999983, 0.00016900000000000248, -0.00031999999999999737, 0.0009090000000000001, -0.0012869999999999965, -0.0009879999999999993, 0.00037600000000000133, -0.0005729999999999971, 0.0007449999999999957, 0.0003809999999999994, 1.1999999999998123e-05, -0.0007369999999999946, -0.001577999999999996, 0.0009109999999999951, 0.0005869999999999972, -0.0021089999999999998, -0.0009039999999999986, -0.00011099999999999999, -0.0005910000000000012, 0.002922000000000001, -0.002465999999999996, -0.0014270000000000012, -0.00026199999999999835, -0.0006420000000000002, 0.003256999999999996, 0.0006880000000000011, 0.0009240000000000012, 0.0003949999999999995, 0.0037550000000000014]}, "ground_state": {"HOMO-LUMO": 1.392613197844164, "structure": {"bonds": 1.2883794144902083, "angles": 119.99897676593505, "DA": -2.227480858157664}, "rotational_constant": {"A": 0.0174019, "B": 0.0252501, "C": 0.0464116}, "rays_asymmetry_parameter": 0.45892580757470786, "volume": 971.09798}, "excited_state": {"HOMO-LUMO": 0.9064737039357875, "structure": {"bonds": 1.2923979625791668, "angles": 119.99940281147504, "DA": 4.1086851235314255}, "rotational_constant": {"A": 0.0174736, "B": 0.0245192, "C": 0.0464645}, "rays_asymmetry_parameter": 0.5139440307130857, "excited_energy": "1.0729", "volume": 972.6623}, "exciting_path_mean_volume": 971.59791}