{
  "s0_rotational_constant_a": 0.0284729,
  "s0_rotational_constant_b": 0.0344066,
  "s0_rotational_constant_c": 0.1268945,
  "s1_rotational_constant_a": 0.0281749,
  "s1_rotational_constant_b": 0.0341684,
  "s1_rotational_constant_c": 0.1285566,
  "s0_rays_asymmetry_parameter": 0.8794228096271549,
  "s1_rays_asymmetry_parameter": 0.8805858039861847,
  "s0_volume": 780.85546,
  "s1_volume": 785.14923,
  "delta_volume": 4.293769999999995,
  "s0_homo_lumo_gap": 2.079447514866166,
  "s1_homo_lumo_gap": 1.2145119847898234,
  "delta_gap": -0.8649355300763428,
  "s0_dihedral_avg": 90.95968433731538,
  "s1_dihedral_avg": 91.06154004100411,
  "delta_dihedral": 0.10185570368872732,
  "delta_dipole": {
    "element": [
      "C",
      "C",
      "O",
      "C",
      "O",
      "C",
      "C",
      "C",
      "C",
      "N",
      "C",
      "C",
      "C",
      "C",
      "C",
      "C",
      "C",
      "C",
      "C",
      "C",
      "C",
      "C",
      "C",
      "C",
      "C",
      "C",
      "C",
      "C",
      "N",
      "C",
      "C",
      "C",
      "C",
      "C",
      "O",
      "O",
      "C",
      "C",
      "C",
      "C",
      "C",
      "C",
      "H",
      "H",
      "H",
      "H",
      "H",
      "H",
      "H",
      "H",
      "H",
      "H",
      "H",
      "H",
      "H",
      "H",
      "H",
      "H",
      "H",
      "H",
      "H",
      "H",
      "H",
      "H",
      "H",
      "H",
      "H",
      "H",
      "H",
      "H",
      "H",
      "H"
    ],
    "charge_variation": [
      0.000792000000000001,
      -0.001589000000000007,
      0.0019959999999999978,
      0.0001260000000000705,
      0.0007039999999999269,
      -0.00014599999999999336,
      -0.0015300000000000001,
      0.004953999999999986,
      0.00024099999999999122,
      -0.00342899999999996,
      -0.014857999999999982,
      0.003907000000000001,
      -0.00829400000000001,
      0.0015849999999999996,
      -0.007801000000000002,
      -0.00043199999999999836,
      -0.007331999999999991,
      -0.010718000000000005,
      -0.0023759999999999892,
      0.025425999999999976,
      -0.04651499999999997,
      0.00034000000000000696,
      -0.0035309999999999994,
      -0.020775000000000002,
      0.004985999999999999,
      -0.002577000000000003,
      -0.0001789999999999986,
      0.004485000000000003,
      0.013472999999999957,
      -0.014616999999999991,
      0.028254,
      0.004271,
      0.018689000000000004,
      0.0021540000000002113,
      -0.0022610000000000685,
      -0.016436999999999924,
      0.0063590000000000035,
      -0.003739000000000006,
      -0.014330000000000002,
      0.04203399999999999,
      0.005350999999999995,
      -0.0023459999999999974,
      -0.00018399999999999667,
      0.00029900000000000065,
      8.000000000001062e-06,
      0.0007200000000000002,
      0.0003569999999999997,
      0.00022799999999999904,
      0.00013099999999999917,
      0.00027399999999999994,
      -0.0008799999999999988,
      -0.0008209999999999988,
      -0.0010659999999999975,
      -0.0002960000000000046,
      -0.0026089999999999933,
      0.004225,
      0.0014790000000000011,
      -0.0006600000000000009,
      -0.0008050000000000002,
      0.00021300000000000138,
      0.0018169999999999992,
      0.001461999999999998,
      0.003578999999999999,
      -0.0010499999999999989,
      -0.0021969999999999993,
      0.0004559999999999981,
      0.000781999999999998,
      -0.0006420000000000002,
      0.012412,
      -0.0008640000000000037,
      -0.0003820000000000004,
      -0.0002950000000000036
    ]
  },
  "excitation_energy": "1.4015",
  "exciting_path_mean_volume": 783.079505,
  "s0_bonds_avg": 1.2725138561800002,
  "s1_bonds_avg": 1.2789293369757142,
  "delta_bonds": 0.006415480795713968,
  "s0_angles_avg": 117.93773997931524,
  "s1_angles_avg": 117.93423061282004,
  "delta_angles": -0.0035093664951943992
}