{
  "charge": {
    "element": [
      "C",
      "C",
      "C",
      "N",
      "C",
      "C",
      "C",
      "C",
      "C",
      "C",
      "S",
      "C",
      "C",
      "C",
      "C",
      "C",
      "C",
      "C",
      "C",
      "C",
      "C",
      "N",
      "C",
      "N",
      "C",
      "C",
      "C",
      "C",
      "C",
      "C",
      "C",
      "C",
      "H",
      "H",
      "H",
      "H",
      "H",
      "H",
      "H",
      "H",
      "H",
      "H",
      "H",
      "H",
      "H",
      "H",
      "H",
      "H",
      "H",
      "H",
      "H",
      "H",
      "H",
      "H",
      "H",
      "H",
      "H",
      "H",
      "H"
    ],
    "charge_variation": [
      -0.00033700000000000396,
      -9.40000000000038e-05,
      0.0043119999999999825,
      -0.018317000000000028,
      0.024781000000000053,
      -0.01633499999999999,
      0.004538,
      -0.01874200000000001,
      0.002935,
      -0.023844999999999998,
      0.0012890000000000124,
      0.028951000000000005,
      -0.022052999999999996,
      0.016908000000000003,
      -0.0049949999999999994,
      0.021856,
      -0.003393000000000007,
      0.017093999999999998,
      -0.0019469999999999904,
      0.005438999999999999,
      0.0005180000000000184,
      0.0016580000000000483,
      0.0008409999999999807,
      0.0031039999999999957,
      0.0011670000000000014,
      -0.0012610000000000121,
      0.0002859999999999946,
      0.001126000000000002,
      0.0025060000000000013,
      -0.023580000000000004,
      0.025928000000000007,
      -0.03204699999999999,
      0.0013939999999999994,
      -0.001058,
      -0.0014270000000000012,
      -0.0025109999999999993,
      -0.00048000000000000126,
      0.0018199999999999987,
      -0.0013989999999999999,
      -0.0006519999999999998,
      -0.0016320000000000015,
      0.00013900000000000023,
      -0.002266999999999998,
      0.000896000000000001,
      0.005453999999999994,
      -0.0013670000000000002,
      0.00017400000000000054,
      0.0006700000000000005,
      0.0007619999999999988,
      0.0007349999999999995,
      0.0010369999999999997,
      -0.0006560000000000003,
      0.00018000000000000307,
      0.0004830000000000008,
      0.0005830000000000002,
      0.001016999999999997,
      0.001228,
      -0.0006659999999999999,
      -0.0007460000000000036
    ]
  },
  "ground_state": {
    "HOMO-LUMO": 1.1883999431026155,
    "charge": {
      "element": [
        "C",
        "C",
        "C",
        "N",
        "C",
        "C",
        "C",
        "C",
        "C",
        "C",
        "S",
        "C",
        "C",
        "C",
        "C",
        "C",
        "C",
        "C",
        "C",
        "C",
        "C",
        "N",
        "C",
        "N",
        "C",
        "C",
        "C",
        "C",
        "C",
        "C",
        "C",
        "C",
        "H",
        "H",
        "H",
        "H",
        "H",
        "H",
        "H",
        "H",
        "H",
        "H",
        "H",
        "H",
        "H",
        "H",
        "H",
        "H",
        "H",
        "H",
        "H",
        "H",
        "H",
        "H",
        "H",
        "H",
        "H",
        "H",
        "H"
      ],
      "charge": [
        -0.068564,
        -0.057642,
        0.261316,
        -0.565951,
        0.364289,
        -0.152811,
        -0.01471,
        -0.064702,
        -0.036623,
        0.041753,
        -0.18659,
        0.036978,
        -0.0584,
        0.030434,
        0.020836,
        -0.110527,
        0.140765,
        -0.175154,
        0.117834,
        -0.059345,
        0.606279,
        -0.737361,
        0.597973,
        -0.730894,
        -0.05924,
        0.108105,
        -0.095493,
        -0.091956,
        -0.053558,
        -0.033011,
        -0.15916,
        0.396493,
        0.022093,
        0.024876,
        0.025009,
        0.02939,
        0.01873,
        0.016589,
        -0.001233,
        0.042321,
        0.033116,
        0.036851,
        0.041166,
        0.045621,
        0.043985,
        0.041383,
        0.058096,
        0.023278,
        0.031933,
        0.026773,
        0.023127,
        0.016551,
        0.020071,
        0.020135,
        0.02649,
        0.020799,
        0.018874,
        0.036483,
        0.046129
      ]
    },
    "structure": {
      "bonds": 1.291488389822258,
      "angles": 116.58711797495761,
      "DA": 93.64310550304252
    },
    "rotational_constant": {
      "A": 0.0404351,
      "B": 0.0432925,
      "C": 0.2725971
    },
    "rays_asymmetry_parameter": 0.9753844298377857,
    "volume": 641.51621
  },
  "excited_state": {
    "HOMO-LUMO": 0.735678746814143,
    "charge": {
      "element": [
        "C",
        "C",
        "C",
        "N",
        "C",
        "C",
        "C",
        "C",
        "C",
        "C",
        "S",
        "C",
        "C",
        "C",
        "C",
        "C",
        "C",
        "C",
        "C",
        "C",
        "C",
        "N",
        "C",
        "N",
        "C",
        "C",
        "C",
        "C",
        "C",
        "C",
        "C",
        "C",
        "H",
        "H",
        "H",
        "H",
        "H",
        "H",
        "H",
        "H",
        "H",
        "H",
        "H",
        "H",
        "H",
        "H",
        "H",
        "H",
        "H",
        "H",
        "H",
        "H",
        "H",
        "H",
        "H",
        "H",
        "H",
        "H",
        "H"
      ],
      "charge": [
        -0.068901,
        -0.057736,
        0.265628,
        -0.584268,
        0.38907,
        -0.169146,
        -0.010172,
        -0.083444,
        -0.033688,
        0.017908,
        -0.185301,
        0.065929,
        -0.080453,
        0.047342,
        0.015841,
        -0.088671,
        0.137372,
        -0.15806,
        0.115887,
        -0.053906,
        0.606797,
        -0.735703,
        0.598814,
        -0.72779,
        -0.058073,
        0.106844,
        -0.095207,
        -0.09083,
        -0.051052,
        -0.056591,
        -0.133232,
        0.364446,
        0.023487,
        0.023818,
        0.023582,
        0.026879,
        0.01825,
        0.018409,
        -0.002632,
        0.041669,
        0.031484,
        0.03699,
        0.038899,
        0.046517,
        0.049439,
        0.040016,
        0.05827,
        0.023948,
        0.032695,
        0.027508,
        0.024164,
        0.015895,
        0.020251,
        0.020618,
        0.027073,
        0.021816,
        0.020102,
        0.035817,
        0.045383
      ]
    },
    "structure": {
      "bonds": 1.2912380549608067,
      "angles": 116.17333103841297,
      "DA": 94.16779445035851
    },
    "rotational_constant": {
      "A": 0.0392819,
      "B": 0.0435221,
      "C": 0.2815306
    },
    "rays_asymmetry_parameter": 0.9649930009944326,
    "excited_energy": "1.0038",
    "volume": 642.92989
  },
  "exciting_path_mean_volume": 641.5739866666667
}