{
  "s0_rotational_constant_a": 0.255908,
  "s0_rotational_constant_b": 0.2846325,
  "s0_rotational_constant_c": 2.5358047,
  "s1_rotational_constant_a": 0.2599745,
  "s1_rotational_constant_b": 0.290487,
  "s1_rotational_constant_c": 2.4750325,
  "s0_rays_asymmetry_parameter": 0.9748019285259722,
  "s1_rays_asymmetry_parameter": 0.9724499313336266,
  "s0_volume": 263.60133,
  "s1_volume": 263.6122,
  "delta_volume": 0.010869999999954416,
  "s0_homo_lumo_gap": 2.143206502858348,
  "s1_homo_lumo_gap": 1.7867510109017175,
  "delta_gap": -0.3564554919566305,
  "s0_dihedral_avg": -8.181785227395869,
  "s1_dihedral_avg": 8.181811270932014,
  "delta_dihedral": 16.363596498327883,
  "delta_dipole": null,
  "excitation_energy": "2.9491",
  "exciting_path_mean_volume": 263.35228,
  "s0_bonds_avg": 1.3451802814633336,
  "s1_bonds_avg": 1.3484112850319048,
  "s0_angles_avg": 118.31995654346079,
  "s1_angles_avg": 118.27766509620768
}