{
  "s0_rotational_constant_a": 0.0111792,
  "s0_rotational_constant_b": 0.0112137,
  "s0_rotational_constant_c": 0.1110679,
  "s1_rotational_constant_a": 0.0126951,
  "s1_rotational_constant_b": 0.0132725,
  "s1_rotational_constant_c": 0.1061604,
  "s0_rays_asymmetry_parameter": 0.999309231174297,
  "s1_rays_asymmetry_parameter": 0.9876446124925508,
  "s0_volume": 1129.24317,
  "s1_volume": 1113.11963,
  "delta_volume": -16.123540000000048,
  "s0_homo_lumo_gap": 2.525335933260039,
  "s1_homo_lumo_gap": 1.0430993293081334,
  "delta_gap": -1.4822366039519057,
  "s0_dihedral_avg": 91.13936131351048,
  "s1_dihedral_avg": 90.87828638480202,
  "delta_dihedral": -0.26107492870845306,
  "delta_dipole": {
    "element": [
      "C",
      "C",
      "C",
      "C",
      "C",
      "C",
      "C",
      "C",
      "C",
      "C",
      "C",
      "C",
      "C",
      "C",
      "C",
      "C",
      "O",
      "C",
      "C",
      "C",
      "C",
      "O",
      "C",
      "C",
      "C",
      "C",
      "C",
      "C",
      "C",
      "C",
      "C",
      "C",
      "C",
      "C",
      "C",
      "C",
      "C",
      "C",
      "C",
      "C",
      "C",
      "C",
      "C",
      "C",
      "C",
      "C",
      "C",
      "C",
      "C",
      "C",
      "C",
      "C",
      "C",
      "C",
      "C",
      "C",
      "C",
      "C",
      "H",
      "H",
      "H",
      "H",
      "H",
      "H",
      "H",
      "H",
      "H",
      "H",
      "H",
      "H",
      "H",
      "H",
      "H",
      "H",
      "H",
      "H",
      "H",
      "H",
      "H",
      "H",
      "H",
      "H",
      "H",
      "H",
      "H",
      "H",
      "H",
      "H",
      "H",
      "H",
      "H",
      "H",
      "H",
      "H",
      "H",
      "H",
      "H",
      "H",
      "H",
      "H",
      "H",
      "H",
      "H",
      "H"
    ],
    "charge_variation": [
      -0.0015200000000000005,
      0.0020230000000000005,
      -0.0003690000000000082,
      -0.004796000000000009,
      0.0002940000000000026,
      -0.0038330000000000005,
      -0.005727999999999997,
      -0.0004600000000000021,
      0.0032559999999999985,
      -0.002052000000000005,
      0.001743999999999999,
      -0.004055000000000003,
      0.017177,
      -0.004624999999999997,
      0.023319000000000006,
      -0.014341000000000048,
      -0.02198,
      0.009033000000000013,
      -0.006889000000000006,
      -0.0025170000000000053,
      -0.008442000000000005,
      0.04104399999999997,
      0.03436899999999998,
      -0.025323000000000012,
      0.014443000000000001,
      -0.022198,
      0.013784,
      -0.028160000000000004,
      0.00495799999999999,
      -0.004972000000000004,
      -0.0025389999999999996,
      -0.005804999999999998,
      -0.0011610000000000023,
      -0.007199999999999998,
      0.006602999999999998,
      -0.005993999999999999,
      -0.003137000000000001,
      -0.0074810000000000015,
      -0.0021030000000000007,
      -0.0053369999999999945,
      0.00038499999999999646,
      0.003130999999999995,
      -0.001618999999999999,
      0.0006289999999999976,
      -0.004064999999999999,
      -0.0013939999999999925,
      0.012325,
      -0.02558000000000002,
      0.011538999999999994,
      -0.005419,
      0.0004029999999999867,
      -0.006269999999999998,
      -0.009127999999999997,
      -0.002159000000000001,
      0.004111,
      -0.0018219999999999903,
      -0.0007199999999999984,
      -0.0002489999999999992,
      0.0023809999999999977,
      -0.0006969999999999997,
      0.0019529999999999999,
      0.003670000000000003,
      -0.0008090000000000007,
      0.003295999999999997,
      -0.0002160000000000009,
      0.0030619999999999988,
      0.0030880000000000005,
      0.0017450000000000035,
      -0.0012200000000000006,
      -0.001921,
      -0.0009649999999999971,
      0.0007240000000000024,
      0.001566999999999999,
      0.001068999999999997,
      0.003802999999999999,
      0.016241,
      -0.001133000000000002,
      0.0037659999999999985,
      0.0023890000000000022,
      -0.0008549999999999981,
      -0.001228,
      -0.0008819999999999974,
      0.0006710000000000015,
      0.002239000000000005,
      -0.0006990000000000017,
      -0.0008739999999999998,
      -0.0004600000000000021,
      0.0007710000000000009,
      0.0010350000000000012,
      -3.200000000000078e-05,
      -0.000902,
      -0.0003049999999999997,
      0.0007460000000000001,
      0.0029390000000000006,
      0.00010700000000000293,
      -9.30000000000028e-05,
      0.0042120000000000005,
      0.0018950000000000009,
      -0.0004720000000000002,
      0.002354000000000002,
      -0.0010170000000000005,
      0.0032419999999999984,
      0.003003000000000002,
      -0.00031899999999999984
    ]
  },
  "excitation_energy": "1.1996",
  "exciting_path_mean_volume": 1120.8094783333333,
  "s0_bonds_avg": 1.2796624480309011,
  "s1_bonds_avg": 1.2701795961909006,
  "s0_angles_avg": 118.57148442525079,
  "s1_angles_avg": 118.56537077668953,
  "delta_bonds": -0.009482851840000528,
  "delta_angles": -0.006113648561253626
}