{
  "s0_rotational_constant_a": 0.0111792,
  "s0_rotational_constant_b": 0.0112137,
  "s0_rotational_constant_c": 0.1110679,
  "s1_rotational_constant_a": 0.0126951,
  "s1_rotational_constant_b": 0.0132725,
  "s1_rotational_constant_c": 0.1061604,
  "s0_rays_asymmetry_parameter": 0.999309231174297,
  "s1_rays_asymmetry_parameter": 0.9876446124925508,
  "s0_volume": 1129.24317,
  "s1_volume": 1113.11963,
  "delta_volume": -16.123540000000048,
  "s0_homo_lumo_gap": 2.525335933260039,
  "s1_homo_lumo_gap": 1.0430993293081334,
  "delta_gap": -1.4822366039519057,
  "s0_dihedral_avg": -4.071587189023641,
  "s1_dihedral_avg": 7.925597382766953,
  "delta_dihedral": 11.997184571790594,
  "delta_dipole": null,
  "excitation_energy": "1.1996",
  "exciting_path_mean_volume": 1120.8094783333333,
  "s0_bonds_avg": 1.2796624480309011,
  "s1_bonds_avg": 1.2701795961909006,
  "s0_angles_avg": 118.57148442525079,
  "s1_angles_avg": 118.56537077668953
}