{
  "s0_rotational_constant_a": 0.0179916,
  "s0_rotational_constant_b": 0.0200695,
  "s0_rotational_constant_c": 0.0400258,
  "s1_rotational_constant_a": 0.0176071,
  "s1_rotational_constant_b": 0.0207565,
  "s1_rotational_constant_c": 0.0369089,
  "s0_rays_asymmetry_parameter": 0.8113931978469833,
  "s1_rays_asymmetry_parameter": 0.6736677408324612,
  "s0_volume": 1274.47701,
  "s1_volume": 1268.86074,
  "delta_volume": -5.616269999999986,
  "s0_homo_lumo_gap": 2.305446201636455,
  "s1_homo_lumo_gap": 1.6361278508858752,
  "delta_gap": -0.6693183507505798,
  "s0_dihedral_avg": 90.21481433480281,
  "s1_dihedral_avg": 90.30336944436317,
  "delta_dihedral": 0.08855510956036028,
  "delta_dipole": {
    "element": [
      "C",
      "S",
      "C",
      "C",
      "C",
      "C",
      "C",
      "C",
      "C",
      "C",
      "C",
      "C",
      "C",
      "C",
      "C",
      "C",
      "C",
      "C",
      "S",
      "C",
      "C",
      "C",
      "C",
      "C",
      "C",
      "C",
      "C",
      "C",
      "C",
      "C",
      "C",
      "C",
      "C",
      "C",
      "C",
      "C",
      "C",
      "C",
      "C",
      "C",
      "C",
      "C",
      "C",
      "C",
      "C",
      "C",
      "C",
      "C",
      "C",
      "C",
      "C",
      "C",
      "C",
      "C",
      "C",
      "C",
      "C",
      "C",
      "C",
      "C",
      "C",
      "C",
      "C",
      "C",
      "C",
      "C",
      "H",
      "H",
      "H",
      "H",
      "H",
      "H",
      "H",
      "H",
      "H",
      "H",
      "H",
      "H",
      "H",
      "H",
      "H",
      "H",
      "H",
      "H",
      "H",
      "H",
      "H",
      "H",
      "H",
      "H",
      "H",
      "H",
      "H",
      "H",
      "H",
      "H",
      "H",
      "H",
      "H",
      "H",
      "H",
      "H",
      "H",
      "H",
      "H",
      "H",
      "H",
      "H",
      "H",
      "H",
      "H",
      "H",
      "H",
      "H"
    ],
    "charge_variation": [
      -0.02877,
      -0.06942500000000001,
      0.007768000000000011,
      0.020017,
      -0.012024999999999994,
      0.015800999999999996,
      -0.0012630000000000002,
      0.0009210000000000051,
      0.0002009999999999998,
      0.008117,
      -7.199999999999915e-05,
      0.0004610000000000031,
      0.0026259999999999895,
      0.0011390000000000011,
      0.00028100000000000347,
      -0.0010799999999999976,
      0.0023,
      0.0023849999999999982,
      -0.004396999999999984,
      -0.001703999999999999,
      0.0005920000000000022,
      -0.0016430000000000056,
      -0.004833999999999991,
      0.000454000000000003,
      -0.0028269999999999997,
      0.0020700000000000007,
      -0.0008640000000000037,
      -0.00015600000000000336,
      -0.0004310000000000008,
      0.00018800000000000067,
      0.0004640000000000026,
      -0.002620000000000011,
      -0.003238999999999999,
      -0.0019459999999999894,
      -0.0012520000000000031,
      0.00016199999999999548,
      -0.0018129999999999952,
      0.00022900000000000004,
      0.0007199999999999984,
      0.0006589999999999999,
      -0.0012090000000000017,
      0.0007680000000000048,
      -0.0025430000000000036,
      0.002831,
      0.0027329999999999993,
      -0.000788000000000004,
      -0.003465999999999997,
      -7.900000000000268e-05,
      0.0013740000000000002,
      -0.001684999999999992,
      -0.0006680000000000019,
      -0.001240999999999999,
      0.00018699999999999967,
      0.000564000000000002,
      -0.0006550000000000028,
      -0.003254,
      0.0034150000000000014,
      -0.00374300000000001,
      -0.0005559999999999992,
      -0.0001810000000000006,
      0.002581,
      -0.0029590000000000033,
      0.0008350000000000024,
      -0.0018509999999999985,
      -0.012216999999999992,
      0.018758,
      0.008537999999999997,
      0.008349000000000002,
      0.008419999999999997,
      0.0016120000000000023,
      0.0027560000000000015,
      0.0027679999999999996,
      9.399999999999686e-05,
      0.0004860000000000003,
      0.0003370000000000005,
      0.0009120000000000031,
      -0.00044500000000000095,
      0.0006470000000000017,
      0.0011730000000000004,
      0.0009119999999999996,
      -0.0003080000000000027,
      0.0010410000000000003,
      0.004532000000000001,
      0.0011619999999999998,
      0.0008320000000000029,
      0.0004949999999999989,
      0.00039900000000000005,
      0.0012709999999999978,
      0.003602999999999995,
      0.001118000000000001,
      0.00013100000000000264,
      0.00018699999999999967,
      0.0005450000000000003,
      0.001231000000000003,
      0.0016240000000000004,
      0.0021100000000000008,
      0.0002329999999999971,
      0.0009710000000000031,
      0.0008829999999999949,
      0.0005389999999999978,
      0.00026400000000000035,
      -0.0003490000000000021,
      0.0003599999999999992,
      0.0013869999999999993,
      0.0013309999999999989,
      0.0010940000000000012,
      0.0011529999999999978,
      0.00012900000000000064,
      0.0009209999999999982,
      0.00028000000000000247,
      0.0009269999999999973,
      0.0046710000000000015,
      0.0026240000000000013,
      0.001903000000000002
    ]
  },
  "excitation_energy": "1.9111",
  "exciting_path_mean_volume": 1271.0462633333334,
  "s0_bonds_avg": 1.2963172819139026,
  "s1_bonds_avg": 1.299875803637561,
  "s0_angles_avg": 119.17545057032928,
  "s1_angles_avg": 119.2260112309606,
  "delta_bonds": 0.0035585217236584477,
  "delta_angles": 0.050560660631319365
}