{
  "charge": {
    "element": [
      "C",
      "C",
      "C",
      "N",
      "C",
      "C",
      "C",
      "C",
      "C",
      "C",
      "S",
      "C",
      "C",
      "C",
      "C",
      "C",
      "C",
      "O",
      "C",
      "C",
      "C",
      "C",
      "C",
      "C",
      "O",
      "C",
      "C",
      "C",
      "H",
      "H",
      "H",
      "H",
      "H",
      "H",
      "H",
      "H",
      "H",
      "H",
      "H",
      "H",
      "H",
      "H",
      "H",
      "H",
      "H",
      "H",
      "H",
      "H",
      "H"
    ],
    "charge_variation": [
      -0.00033800000000000496,
      0.002797000000000001,
      -0.005969000000000002,
      0.025573999999999986,
      0.016105999999999954,
      -0.015711000000000003,
      0.007619999999999999,
      -0.017474000000000003,
      0.006873999999999998,
      -0.029526999999999998,
      0.004216000000000025,
      0.029790000000000004,
      -0.017027,
      0.020648,
      -0.005797,
      0.014087000000000016,
      -0.005580999999999947,
      -0.01616099999999998,
      0.006657999999999997,
      -0.0013899999999999989,
      0.0018400000000000083,
      -0.0023160000000000004,
      -0.0008780000000000177,
      -0.0032999999999999696,
      -0.00460499999999997,
      -0.020932,
      0.026962000000000014,
      -0.03388000000000002,
      0.00042400000000000077,
      0.0006759999999999995,
      -0.0007269999999999985,
      -0.001465000000000001,
      0.0004910000000000019,
      0.0032689999999999993,
      -9.000000000000327e-06,
      -0.0008260000000000003,
      -0.0002960000000000046,
      0.001477000000000006,
      -0.0011469999999999952,
      0.0021140000000000048,
      0.007716000000000001,
      0.0006460000000000007,
      -3.899999999999737e-05,
      -0.00022399999999999504,
      0.0003970000000000015,
      2.9000000000001247e-05,
      0.0009539999999999549,
      0.005517000000000001,
      -0.0012640000000000012
    ]
  },
  "ground_state": {
    "HOMO-LUMO": 1.8834929144098065,
    "structure": {
      "bonds": 1.2872974425744232,
      "angles": 117.3961807710301,
      "DA": 91.14518930888916
    },
    "rotational_constant": {
      "A": 0.0584811,
      "B": 0.0669717,
      "C": 0.3415827
    },
    "rays_asymmetry_parameter": 0.9400172941445758,
    "volume": 541.2198
  },
  "excited_state": {
    "HOMO-LUMO": 1.3574914677423733,
    "structure": {
      "bonds": 1.293824535575,
      "angles": 117.38667366901088,
      "DA": 91.19060758236351
    },
    "rotational_constant": {
      "A": 0.057381,
      "B": 0.0658631,
      "C": 0.3478072
    },
    "rays_asymmetry_parameter": 0.9415886032320776,
    "excited_energy": "1.7519",
    "volume": 541.22841
  },
  "exciting_path_mean_volume": 541.0809716666666
}