{
  "s0_rotational_constant_a": 0.0273584,
  "s0_rotational_constant_b": 0.0467741,
  "s0_rotational_constant_c": 0.0589321,
  "s1_rotational_constant_a": 0.0273125,
  "s1_rotational_constant_b": 0.0464316,
  "s1_rotational_constant_c": 0.058896,
  "s0_rays_asymmetry_parameter": -0.22986536262775642,
  "s1_rays_asymmetry_parameter": -0.21070179049187096,
  "s0_volume": 788.72734,
  "s1_volume": 786.07219,
  "delta_volume": -2.6551500000000487,
  "s0_homo_lumo_gap": 1.9500492324201684,
  "s1_homo_lumo_gap": 1.3085898940490823,
  "delta_gap": -0.641459338371086,
  "s0_dihedral_avg": 90.02878856558505,
  "s1_dihedral_avg": 89.67762831738509,
  "delta_dihedral": -0.3511602481999603,
  "delta_dipole": {
    "element": [
      "C",
      "C",
      "C",
      "C",
      "C",
      "C",
      "C",
      "C",
      "C",
      "C",
      "C",
      "C",
      "C",
      "C",
      "C",
      "C",
      "C",
      "C",
      "C",
      "C",
      "C",
      "C",
      "C",
      "N",
      "C",
      "C",
      "C",
      "C",
      "C",
      "C",
      "C",
      "C",
      "C",
      "C",
      "C",
      "C",
      "C",
      "C",
      "C",
      "N",
      "C",
      "C",
      "H",
      "H",
      "H",
      "H",
      "H",
      "H",
      "H",
      "H",
      "H",
      "H",
      "H",
      "H",
      "H",
      "H",
      "H",
      "H",
      "H",
      "H",
      "H",
      "H",
      "H",
      "H",
      "H",
      "H",
      "H",
      "H"
    ],
    "charge_variation": [
      0.002590999999999996,
      0.002923999999999996,
      -0.003378999999999993,
      0.0006619999999999959,
      -0.001348000000000002,
      -0.0033210000000000045,
      0.0029800000000000017,
      0.003055999999999998,
      -4.500000000000337e-05,
      -0.0007019999999999943,
      -0.00012900000000000064,
      0.000897999999999996,
      0.0005409999999999998,
      -0.0023400000000000087,
      -0.003276000000000001,
      -0.0013130000000000086,
      0.0006009999999999974,
      -0.003277000000000002,
      0.0027850000000000028,
      0.0026609999999999967,
      -0.0022380000000000178,
      -5.8000000000002494e-05,
      -0.0005860000000000309,
      -0.004210999999999965,
      0.00032999999999999696,
      -0.0007670000000000177,
      -0.0006130000000000024,
      -0.00032000000000000084,
      9.699999999999986e-05,
      -0.0007249999999999895,
      -8.000000000001062e-06,
      0.000788999999999998,
      0.0005409999999999998,
      -0.0023210000000000036,
      -0.0003610000000000002,
      -0.0004679999999999962,
      -0.002240999999999993,
      -0.0007149999999999934,
      0.0004370000000000207,
      -0.0042479999999999185,
      -0.0006870000000000487,
      -0.00011400000000000299,
      0.0001999999999999988,
      0.0019949999999999968,
      0.0017119999999999982,
      0.00011299999999999852,
      0.0006069999999999999,
      0.0005310000000000002,
      0.001016999999999997,
      0.0019889999999999977,
      0.0002740000000000034,
      -0.00023999999999999716,
      0.00021300000000000138,
      0.00019500000000000073,
      1.3000000000006062e-05,
      0.0003980000000000025,
      0.002263000000000001,
      0.0016469999999999992,
      0.00010399999999999993,
      0.0006219999999999976,
      0.0005380000000000003,
      0.0009110000000000021,
      0.002237999999999997,
      0.00041300000000000364,
      1.8000000000004124e-05,
      0.000168999999999999,
      0.00023000000000000104,
      -0.0002520000000000022
    ]
  },
  "excitation_energy": "1.9984",
  "exciting_path_mean_volume": 786.9073199999999,
  "s0_bonds_avg": 1.2523732675300001,
  "s1_bonds_avg": 1.2914452325499999,
  "s0_angles_avg": 124.92246553720267,
  "s1_angles_avg": 122.04348831720073,
  "delta_bonds": 0.039071965019999766,
  "delta_angles": -2.878977220001943
}