{"charge": {"element": ["C", "C", "C", "C", "C", "C", "C", "C", "C", "C", "C", "C", "C", "C", "C", "C", "C", "C", "C", "C", "C", "C", "C", "N", "C", "C", "C", "C", "C", "C", "C", "C", "C", "C", "C", "C", "C", "C", "C", "N", "C", "C", "H", "H", "H", "H", "H", "H", "H", "H", "H", "H", "H", "H", "H", "H", "H", "H", "H", "H", "H", "H", "H", "H", "H", "H", "H", "H"], "charge_variation": [0.002590999999999996, 0.002923999999999996, -0.003378999999999993, 0.0006619999999999959, -0.001348000000000002, -0.0033210000000000045, 0.0029800000000000017, 0.003055999999999998, -4.500000000000337e-05, -0.0007019999999999943, -0.00012900000000000064, 0.000897999999999996, 0.0005409999999999998, -0.0023400000000000087, -0.003276000000000001, -0.0013130000000000086, 0.0006009999999999974, -0.003277000000000002, 0.0027850000000000028, 0.0026609999999999967, -0.0022380000000000178, -5.8000000000002494e-05, -0.0005860000000000309, -0.004210999999999965, 0.00032999999999999696, -0.0007670000000000177, -0.0006130000000000024, -0.00032000000000000084, 9.699999999999986e-05, -0.0007249999999999895, -8.000000000001062e-06, 0.000788999999999998, 0.0005409999999999998, -0.0023210000000000036, -0.0003610000000000002, -0.0004679999999999962, -0.002240999999999993, -0.0007149999999999934, 0.0004370000000000207, -0.0042479999999999185, -0.0006870000000000487, -0.00011400000000000299, 0.0001999999999999988, 0.0019949999999999968, 0.0017119999999999982, 0.00011299999999999852, 0.0006069999999999999, 0.0005310000000000002, 0.001016999999999997, 0.0019889999999999977, 0.0002740000000000034, -0.00023999999999999716, 0.00021300000000000138, 0.00019500000000000073, 1.3000000000006062e-05, 0.0003980000000000025, 0.002263000000000001, 0.0016469999999999992, 0.00010399999999999993, 0.0006219999999999976, 0.0005380000000000003, 0.0009110000000000021, 0.002237999999999997, 0.00041300000000000364, 1.8000000000004124e-05, 0.000168999999999999, 0.00023000000000000104, -0.0002520000000000022]}, "ground_state": {"HOMO-LUMO": 1.9500492324201684, "charge": {"element": ["C", "C", "C", "C", "C", "C", "C", "C", "C", "C", "C", "C", "C", "C", "C", "C", "C", "C", "C", "C", "C", "C", "C", "N", "C", "C", "C", "C", "C", "C", "C", "C", "C", "C", "C", "C", "C", "C", "C", "N", "C", "C", "H", "H", "H", "H", "H", "H", "H", "H", "H", "H", "H", "H", "H", "H", "H", "H", "H", "H", "H", "H", "H", "H", "H", "H", "H", "H"], "charge": [-0.104354, -0.056662, 0.134265, -0.050155, -0.065997, 0.076444, -0.017867, -0.017868, 0.07753, -0.06836, -0.020614, -0.0375, -0.019876, -0.064547, 0.07647, -0.066022, -0.050105, 0.134185, -0.056547, -0.104404, 0.227193, -0.155503, 0.412812, -0.796656, 0.412246, -0.154798, -0.05028, -0.065951, 0.077358, -0.068277, -0.02071, -0.037422, -0.019898, -0.06455, -0.065911, -0.050396, 0.227204, -0.154835, 0.412151, -0.79666, 0.412936, -0.155475, 0.032782, 0.033312, 0.030654, 0.028478, 0.02845, 0.029443, 0.03193, 0.033317, 0.032726, 0.033724, 0.019975, 0.020142, 0.033481, 0.032248, 0.034034, 0.030698, 0.028478, 0.028448, 0.029435, 0.032031, 0.03406, 0.032233, 0.033468, 0.020163, 0.019957, 0.033736]}, "structure": {"bonds": 1.2523732675300001, "angles": 124.92246553720267, "DA": -4.819217798166554}, "rotational_constant": {"A": 0.0273584, "B": 0.0467741, "C": 0.0589321}, "rays_asymmetry_parameter": -0.22986536262775642, "volume": 788.72734}, "excited_state": {"HOMO-LUMO": 1.3085898940490823, "charge": {"element": ["C", "C", "C", "C", "C", "C", "C", "C", "C", "C", "C", "C", "C", "C", "C", "C", "C", "C", "C", "C", "C", "C", "C", "N", "C", "C", "C", "C", "C", "C", "C", "C", "C", "C", "C", "C", "C", "C", "C", "N", "C", "C", "H", "H", "H", "H", "H", "H", "H", "H", "H", "H", "H", "H", "H", "H", "H", "H", "H", "H", "H", "H", "H", "H", "H", "H", "H", "H"], "charge": [-0.101763, -0.053738, 0.130886, -0.049493, -0.067345, 0.073123, -0.014887, -0.014812, 0.077485, -0.069062, -0.020743, -0.036602, -0.019335, -0.066887, 0.073194, -0.067335, -0.049504, 0.130908, -0.053762, -0.101743, 0.224955, -0.155561, 0.412226, -0.800867, 0.412576, -0.155565, -0.050893, -0.066271, 0.077455, -0.069002, -0.020718, -0.036633, -0.019357, -0.066871, -0.066272, -0.050864, 0.224963, -0.15555, 0.412588, -0.800908, 0.412249, -0.155589, 0.032982, 0.035307, 0.032366, 0.028591, 0.029057, 0.029974, 0.032947, 0.035306, 0.033, 0.033484, 0.020188, 0.020337, 0.033494, 0.032646, 0.036297, 0.032345, 0.028582, 0.02907, 0.029973, 0.032942, 0.036298, 0.032646, 0.033486, 0.020332, 0.020187, 0.033484]}, "structure": {"bonds": 1.2914452325499999, "angles": 122.04348831720073, "DA": 11.787246722941491}, "rotational_constant": {"A": 0.0273125, "B": 0.0464316, "C": 0.058896}, "rays_asymmetry_parameter": -0.21070179049187096, "excited_energy": "1.9984", "volume": 786.07219}, "exciting_path_mean_volume": 786.9073199999999}