{
  "s0_rotational_constant_a": 0.0247892,
  "s0_rotational_constant_b": 0.02748,
  "s0_rotational_constant_c": 0.1472809,
  "s1_rotational_constant_a": 0.0250962,
  "s1_rotational_constant_b": 0.0271537,
  "s1_rotational_constant_c": 0.1474397,
  "s0_rays_asymmetry_parameter": 0.9560655946484538,
  "s1_rays_asymmetry_parameter": 0.9663651930834086,
  "s0_volume": 804.36574,
  "s1_volume": 807.0395,
  "delta_volume": 2.6737600000000157,
  "s0_homo_lumo_gap": 1.8746464942842214,
  "s1_homo_lumo_gap": 0.7832687319191431,
  "delta_gap": -1.0913777623650782,
  "s0_dihedral_avg": 91.92030069504251,
  "s1_dihedral_avg": 91.22480566755421,
  "delta_dihedral": -0.695495027488306,
  "delta_dipole": {
    "element": [
      "C",
      "O",
      "C",
      "O",
      "C",
      "C",
      "C",
      "O",
      "O",
      "C",
      "C",
      "C",
      "O",
      "O",
      "C",
      "N",
      "C",
      "C",
      "C",
      "C",
      "C",
      "C",
      "C",
      "N",
      "C",
      "C",
      "C",
      "C",
      "C",
      "C",
      "C",
      "C",
      "C",
      "C",
      "C",
      "C",
      "C",
      "C",
      "C",
      "C",
      "C",
      "C",
      "O",
      "O",
      "C",
      "H",
      "H",
      "H",
      "H",
      "H",
      "H",
      "H",
      "H",
      "H",
      "H",
      "H",
      "H",
      "H",
      "H",
      "H",
      "H",
      "H",
      "H",
      "H",
      "H",
      "H",
      "H",
      "H",
      "H",
      "H",
      "H",
      "H",
      "H",
      "H",
      "H"
    ],
    "charge_variation": [
      -0.002638000000000029,
      0.007762999999999964,
      0.001991000000000076,
      -0.0049680000000000835,
      0.014488999999999995,
      -0.07983799999999996,
      -0.007473999999999981,
      -0.002869999999999928,
      -0.009921999999999986,
      -0.004013999999999962,
      0.004532000000000008,
      -0.001690999999999887,
      0.030278000000000027,
      -0.016844000000000026,
      -0.005066999999999988,
      0.029891,
      -0.031174999999999953,
      0.027653999999999984,
      -0.008532999999999985,
      0.00010099999999999996,
      0.0021460000000000003,
      0.009957000000000021,
      0.0041220000000000145,
      0.01245699999999994,
      -0.004612000000000005,
      -0.00023000000000000798,
      0.002979,
      0.0021990000000000065,
      0.003661,
      -0.0049829999999999874,
      -0.004288000000000014,
      -0.005585000000000007,
      0.003523,
      0.002347000000000002,
      0.003252,
      -5.1999999999996493e-05,
      0.013871000000000022,
      -5.4999999999999494e-05,
      -0.007967000000000002,
      -0.0009359999999999924,
      -0.005888000000000004,
      0.012041999999999886,
      0.012772999999999923,
      -0.005132999999999943,
      -0.003976000000000035,
      0.0018440000000000002,
      -0.00010300000000000066,
      -0.0035180000000000003,
      0.0010509999999999999,
      0.0005459999999999996,
      -0.0034490000000000024,
      -0.0007609999999999978,
      0.0045260000000000005,
      -0.005537,
      0.004694,
      0.012340999999999998,
      -0.004209000000000004,
      0.002903000000000003,
      0.0011409999999999962,
      0.0011839999999999976,
      0.0010100000000000005,
      0.0015240000000000045,
      0.0009189999999999997,
      -0.0005710000000000021,
      -0.0010539999999999994,
      0.0008209999999999953,
      0.001580999999999999,
      0.0010350000000000012,
      0.0012679999999999983,
      0.0010620000000000004,
      0.002024000000000005,
      -0.006749000000000005,
      -0.0014660000000000003,
      0.003071000000000001,
      -0.0004180000000000002
    ]
  },
  "excitation_energy": "0.9804",
  "exciting_path_mean_volume": 805.0496533333334,
  "s0_bonds_avg": 1.2677996442072148,
  "s1_bonds_avg": 1.273986728103671,
  "s0_angles_avg": 117.41041441611986,
  "s1_angles_avg": 117.35640653287732,
  "delta_bonds": 0.006187083896456169,
  "delta_angles": -0.054007883242547905
}