{
  "s0_rotational_constant_a": 0.0073567,
  "s0_rotational_constant_b": 0.0075586,
  "s0_rotational_constant_c": 0.0676843,
  "s1_rotational_constant_a": 0.0073285,
  "s1_rotational_constant_b": 0.0075309,
  "s1_rotational_constant_c": 0.0685027,
  "s0_rays_asymmetry_parameter": 0.9933065462574343,
  "s1_rays_asymmetry_parameter": 0.9933828313243165,
  "s0_volume": 1379.78044,
  "s1_volume": 1375.85599,
  "delta_volume": -3.924449999999979,
  "s0_homo_lumo_gap": 2.098786643698075,
  "s1_homo_lumo_gap": 1.311357291547612,
  "delta_gap": -0.787429352150463,
  "s0_dihedral_avg": 1.8659561747535658,
  "s1_dihedral_avg": -0.25861957866901025,
  "delta_dihedral": -2.124575753422576,
  "delta_dipole": null,
  "excitation_energy": "1.9751",
  "exciting_path_mean_volume": 1376.5860166666669,
  "s0_bonds_avg": 1.3046643076468345,
  "s1_bonds_avg": 1.3090165029446763,
  "s0_angles_avg": 119.46336039325999,
  "s1_angles_avg": 119.46310574535102
}