{
  "s0_rotational_constant_a": 0.1483222,
  "s0_rotational_constant_b": 0.1561758,
  "s0_rotational_constant_c": 1.1979731,
  "s1_rotational_constant_a": 0.1478431,
  "s1_rotational_constant_b": 0.1572486,
  "s1_rotational_constant_c": 1.2117435,
  "s0_rays_asymmetry_parameter": 0.9850357866601172,
  "s1_rays_asymmetry_parameter": 0.9823188336051007,
  "s0_volume": 393.64548,
  "s1_volume": 393.3422,
  "delta_volume": -0.3032800000000293,
  "s0_homo_lumo_gap": 2.940965295426135,
  "s1_homo_lumo_gap": 1.8564257532319557,
  "delta_gap": -1.0845395421941793,
  "s0_dihedral_avg": -6.509902394599867,
  "s1_dihedral_avg": -3.425513877005136,
  "delta_dihedral": 3.0843885175947308,
  "delta_dipole": null,
  "excitation_energy": "2.2713",
  "exciting_path_mean_volume": 393.3084183333333,
  "s0_bonds_avg": 1.2517538670007318,
  "s1_bonds_avg": 1.2588556804758537,
  "s0_angles_avg": 111.9067669455347,
  "s1_angles_avg": 111.73537910866303
}