{
  "s0_rotational_constant_a": 0.0225859,
  "s0_rotational_constant_b": 0.0258015,
  "s0_rotational_constant_c": 0.1416433,
  "s1_rotational_constant_a": 0.0234839,
  "s1_rotational_constant_b": 0.0256497,
  "s1_rotational_constant_c": 0.1315023,
  "s0_rays_asymmetry_parameter": 0.9459823580894593,
  "s1_rays_asymmetry_parameter": 0.9598994245424853,
  "s0_volume": 728.95898,
  "s1_volume": 733.04394,
  "delta_volume": 4.084960000000024,
  "s0_homo_lumo_gap": 0.695166442037241,
  "s1_homo_lumo_gap": 0.24248062054471786,
  "delta_gap": -0.4526858214925231,
  "s0_dihedral_avg": 90.68247189032247,
  "s1_dihedral_avg": 90.85434925442522,
  "delta_dihedral": 0.17187736410274113,
  "delta_dipole": {
    "element": [
      "C",
      "O",
      "C",
      "C",
      "C",
      "C",
      "N",
      "C",
      "C",
      "C",
      "C",
      "O",
      "C",
      "C",
      "C",
      "C",
      "C",
      "C",
      "C",
      "C",
      "C",
      "C",
      "C",
      "C",
      "C",
      "C",
      "C",
      "C",
      "C",
      "C",
      "N",
      "C",
      "N",
      "S",
      "S",
      "C",
      "C",
      "C",
      "C",
      "H",
      "H",
      "H",
      "H",
      "H",
      "H",
      "H",
      "H",
      "H",
      "H",
      "H",
      "H",
      "H",
      "H",
      "H",
      "H",
      "H",
      "H",
      "H",
      "H",
      "H",
      "H",
      "H"
    ],
    "charge_variation": [
      0.0003449999999999842,
      -0.00671300000000008,
      -0.018820000000000003,
      0.00823500000000002,
      -0.015764,
      0.027871000000000035,
      -0.077399,
      0.03040100000000001,
      -0.015211000000000002,
      0.009218000000000004,
      -0.020619000000000054,
      -0.008469999999999978,
      0.0005389999999999562,
      0.006727999999999984,
      -0.03006500000000001,
      0.0009890000000000176,
      0.041996000000000006,
      -0.013166999999999998,
      0.030432,
      -0.014697999999999989,
      0.011245999999999992,
      -0.009635999999999992,
      0.008640000000000002,
      -0.0060140000000000055,
      0.006473999999999994,
      -0.002831,
      0.004534,
      -0.0008539999999999999,
      0.018955,
      -0.003013999999999961,
      0.016027000000000013,
      -0.005543999999999993,
      0.01780599999999999,
      0.008164000000000001,
      0.012967,
      -0.015546000000000004,
      0.038287,
      -0.029789999999999997,
      0.00933199999999998,
      -0.0019479999999999999,
      -0.0006619999999999994,
      -0.0015049999999999994,
      -0.0028369999999999992,
      0.002600999999999999,
      0.003482000000000006,
      -0.0027439999999999964,
      -0.00010000000000000113,
      -0.0016059999999999998,
      -0.002507,
      -0.0037709999999999966,
      -0.0037879999999999997,
      0.0006380000000000066,
      -0.0005549999999999999,
      0.00013200000000000017,
      0.0025210000000000024,
      0.0014059999999999975,
      0.002029000000000003,
      0.001469999999999999,
      -0.001469999999999999,
      -0.000344000000000004,
      -0.003009999999999999,
      -0.002459000000000003
    ]
  },
  "excitation_energy": "0.4177",
  "exciting_path_mean_volume": 730.2810783333334,
  "s0_bonds_avg": 1.2791334595583335,
  "s1_bonds_avg": 1.2948656512333334,
  "delta_bonds": 0.01573219167499995,
  "s0_angles_avg": 120.45889240164503,
  "s1_angles_avg": 119.318051580426,
  "delta_angles": -1.1408408212190295
}