{
  "charge": {
    "element": [
      "C",
      "O",
      "C",
      "C",
      "C",
      "C",
      "N",
      "C",
      "C",
      "C",
      "C",
      "O",
      "C",
      "C",
      "C",
      "C",
      "C",
      "C",
      "C",
      "C",
      "C",
      "C",
      "C",
      "C",
      "C",
      "C",
      "C",
      "C",
      "C",
      "C",
      "N",
      "C",
      "N",
      "S",
      "S",
      "C",
      "C",
      "C",
      "C",
      "H",
      "H",
      "H",
      "H",
      "H",
      "H",
      "H",
      "H",
      "H",
      "H",
      "H",
      "H",
      "H",
      "H",
      "H",
      "H",
      "H",
      "H",
      "H",
      "H",
      "H",
      "H",
      "H"
    ],
    "charge_variation": [
      0.0003449999999999842,
      -0.00671300000000008,
      -0.018820000000000003,
      0.00823500000000002,
      -0.015764,
      0.027871000000000035,
      -0.077399,
      0.03040100000000001,
      -0.015211000000000002,
      0.009218000000000004,
      -0.020619000000000054,
      -0.008469999999999978,
      0.0005389999999999562,
      0.006727999999999984,
      -0.03006500000000001,
      0.0009890000000000176,
      0.041996000000000006,
      -0.013166999999999998,
      0.030432,
      -0.014697999999999989,
      0.011245999999999992,
      -0.009635999999999992,
      0.008640000000000002,
      -0.0060140000000000055,
      0.006473999999999994,
      -0.002831,
      0.004534,
      -0.0008539999999999999,
      0.018955,
      -0.003013999999999961,
      0.016027000000000013,
      -0.005543999999999993,
      0.01780599999999999,
      0.008164000000000001,
      0.012967,
      -0.015546000000000004,
      0.038287,
      -0.029789999999999997,
      0.00933199999999998,
      -0.0019479999999999999,
      -0.0006619999999999994,
      -0.0015049999999999994,
      -0.0028369999999999992,
      0.002600999999999999,
      0.003482000000000006,
      -0.0027439999999999964,
      -0.00010000000000000113,
      -0.0016059999999999998,
      -0.002507,
      -0.0037709999999999966,
      -0.0037879999999999997,
      0.0006380000000000066,
      -0.0005549999999999999,
      0.00013200000000000017,
      0.0025210000000000024,
      0.0014059999999999975,
      0.002029000000000003,
      0.001469999999999999,
      -0.001469999999999999,
      -0.000344000000000004,
      -0.003009999999999999,
      -0.002459000000000003
    ]
  },
  "ground_state": {
    "HOMO-LUMO": 0.695166442037241,
    "charge": {
      "element": [
        "C",
        "O",
        "C",
        "C",
        "C",
        "C",
        "N",
        "C",
        "C",
        "C",
        "C",
        "O",
        "C",
        "C",
        "C",
        "C",
        "C",
        "C",
        "C",
        "C",
        "C",
        "C",
        "C",
        "C",
        "C",
        "C",
        "C",
        "C",
        "C",
        "C",
        "N",
        "C",
        "N",
        "S",
        "S",
        "C",
        "C",
        "C",
        "C",
        "H",
        "H",
        "H",
        "H",
        "H",
        "H",
        "H",
        "H",
        "H",
        "H",
        "H",
        "H",
        "H",
        "H",
        "H",
        "H",
        "H",
        "H",
        "H",
        "H",
        "H",
        "H",
        "H"
      ],
      "charge": [
        0.326368,
        -0.504852,
        0.483922,
        -0.201525,
        -0.106073,
        0.314924,
        -0.508167,
        0.31283,
        -0.105389,
        -0.201708,
        0.485901,
        -0.50382,
        0.326421,
        -0.139394,
        -0.099664,
        0.405973,
        -0.150208,
        -0.032666,
        -0.002001,
        0.119098,
        -0.113855,
        -0.064805,
        0.046861,
        0.127417,
        -0.110812,
        -0.042891,
        0.017641,
        0.000699,
        -0.023914,
        0.608139,
        -0.726286,
        0.594264,
        -0.72251,
        -0.017354,
        -0.064662,
        -0.029355,
        -0.144126,
        -0.1002,
        -0.140308,
        0.003293,
        -0.011948,
        -0.011709,
        0.0426,
        0.038801,
        0.038615,
        0.042737,
        -0.012754,
        -0.010959,
        0.003589,
        0.048066,
        0.039683,
        0.04087,
        0.033709,
        0.04964,
        0.045161,
        0.051065,
        0.046088,
        0.042492,
        0.036851,
        0.042477,
        0.04015,
        0.047569
      ]
    },
    "structure": {
      "bonds": 1.2791334595583335,
      "angles": 120.45889240164503,
      "DA": 90.68247189032247
    },
    "rotational_constant": {
      "A": 0.0225859,
      "B": 0.0258015,
      "C": 0.1416433
    },
    "rays_asymmetry_parameter": 0.9459823580894593,
    "volume": 728.95898
  },
  "excited_state": {
    "HOMO-LUMO": 0.24248062054471786,
    "charge": {
      "element": [
        "C",
        "O",
        "C",
        "C",
        "C",
        "C",
        "N",
        "C",
        "C",
        "C",
        "C",
        "O",
        "C",
        "C",
        "C",
        "C",
        "C",
        "C",
        "C",
        "C",
        "C",
        "C",
        "C",
        "C",
        "C",
        "C",
        "C",
        "C",
        "C",
        "C",
        "N",
        "C",
        "N",
        "S",
        "S",
        "C",
        "C",
        "C",
        "C",
        "H",
        "H",
        "H",
        "H",
        "H",
        "H",
        "H",
        "H",
        "H",
        "H",
        "H",
        "H",
        "H",
        "H",
        "H",
        "H",
        "H",
        "H",
        "H",
        "H",
        "H",
        "H",
        "H"
      ],
      "charge": [
        0.326713,
        -0.511565,
        0.465102,
        -0.19329,
        -0.121837,
        0.342795,
        -0.585566,
        0.343231,
        -0.1206,
        -0.19249,
        0.465282,
        -0.51229,
        0.32696,
        -0.132666,
        -0.129729,
        0.406962,
        -0.108212,
        -0.045833,
        0.028431,
        0.1044,
        -0.102609,
        -0.074441,
        0.055501,
        0.121403,
        -0.104338,
        -0.045722,
        0.022175,
        -0.000155,
        -0.004959,
        0.605125,
        -0.710259,
        0.58872,
        -0.704704,
        -0.00919,
        -0.051695,
        -0.044901,
        -0.105839,
        -0.12999,
        -0.130976,
        0.001345,
        -0.01261,
        -0.013214,
        0.039763,
        0.041402,
        0.042097,
        0.039993,
        -0.012854,
        -0.012565,
        0.001082,
        0.044295,
        0.035895,
        0.041508,
        0.033154,
        0.049772,
        0.047682,
        0.052471,
        0.048117,
        0.043962,
        0.035381,
        0.042133,
        0.03714,
        0.04511
      ]
    },
    "structure": {
      "bonds": 1.2948656512333334,
      "angles": 119.318051580426,
      "DA": 90.85434925442522
    },
    "rotational_constant": {
      "A": 0.0234839,
      "B": 0.0256497,
      "C": 0.1315023
    },
    "rays_asymmetry_parameter": 0.9598994245424853,
    "excited_energy": "0.4177",
    "volume": 733.04394
  },
  "exciting_path_mean_volume": 730.2810783333334
}