{
  "s0_rotational_constant_a": 0.0999517,
  "s0_rotational_constant_b": 0.116423,
  "s0_rotational_constant_c": 0.1828364,
  "s1_rotational_constant_a": 0.0995344,
  "s1_rotational_constant_b": 0.1168874,
  "s1_rotational_constant_c": 0.181628,
  "s0_rays_asymmetry_parameter": 0.6025490832445556,
  "s1_rays_asymmetry_parameter": 0.57723866415896,
  "s0_volume": 569.7613,
  "s1_volume": 570.34533,
  "delta_volume": 0.5840299999999843,
  "s0_homo_lumo_gap": 2.0522116431230164,
  "s1_homo_lumo_gap": 1.670411470437473,
  "delta_gap": -0.38180017268554334,
  "s0_dihedral_avg": 91.03038448223926,
  "s1_dihedral_avg": 90.92766133468366,
  "delta_dihedral": -0.10272314755559364,
  "delta_dipole": {
    "element": [
      "C",
      "C",
      "C",
      "C",
      "C",
      "N",
      "C",
      "C",
      "C",
      "C",
      "C",
      "C",
      "N",
      "C",
      "C",
      "C",
      "C",
      "C",
      "C",
      "C",
      "C",
      "C",
      "C",
      "C",
      "C",
      "C",
      "C",
      "C",
      "N",
      "C",
      "H",
      "H",
      "H",
      "H",
      "H",
      "H",
      "H",
      "H",
      "H",
      "H",
      "H",
      "H",
      "H",
      "H",
      "H",
      "H",
      "H",
      "H",
      "H",
      "H",
      "H",
      "H",
      "H"
    ],
    "charge_variation": [
      0.00021799999999999597,
      -0.00031799999999999884,
      0.0006799999999999862,
      -8.20000000000265e-05,
      -0.00018799999999999373,
      -0.00033399999999994545,
      -0.00040300000000001446,
      -4.0000000000040004e-05,
      -0.00022199999999999998,
      0.00021300000000000485,
      0.00018300000000001648,
      2.000000000002e-06,
      0.00024199999999996447,
      0.0011350000000000526,
      -0.005221,
      0.005907999999999997,
      -0.005248999999999997,
      -0.0001409999999999953,
      0.0010270000000000001,
      -0.008627999999999997,
      0.006776999999999991,
      -0.008855999999999975,
      0.0069099999999999995,
      -0.009451999999999995,
      0.0018849999999999978,
      -0.00027299999999999547,
      -0.008022999999999988,
      0.007447000000000002,
      -0.0006839999999999069,
      0.00046000000000001595,
      0.0,
      0.00015799999999999842,
      -0.00011200000000000099,
      0.000511,
      -4.80000000000029e-05,
      -9.30000000000002e-05,
      0.00032199999999999937,
      -0.00024500000000000216,
      0.00011899999999999758,
      -8.100000000000121e-05,
      -4.300000000000137e-05,
      0.0001719999999999994,
      -0.0003349999999999985,
      0.0016040000000000013,
      0.0015919999999999997,
      0.0014909999999999993,
      0.001981,
      0.0007050000000000042,
      0.0026650000000000007,
      0.0012180000000000003,
      0.0015720000000000005,
      0.0019609999999999975,
      -8.89999999999988e-05
    ]
  },
  "excitation_energy": "2.5435",
  "exciting_path_mean_volume": 569.9929983333333,
  "s0_bonds_avg": 1.276767443360702,
  "s1_bonds_avg": 1.2903979288238596,
  "s0_angles_avg": 117.64278846835438,
  "s1_angles_avg": 117.62002696605096,
  "delta_bonds": 0.013630485463157704,
  "delta_angles": -0.022761502303424663
}