{
  "s0_rotational_constant_a": 0.0999517,
  "s0_rotational_constant_b": 0.116423,
  "s0_rotational_constant_c": 0.1828364,
  "s1_rotational_constant_a": 0.0995344,
  "s1_rotational_constant_b": 0.1168874,
  "s1_rotational_constant_c": 0.181628,
  "s0_rays_asymmetry_parameter": 0.6025490832445556,
  "s1_rays_asymmetry_parameter": 0.57723866415896,
  "s0_volume": 569.7613,
  "s1_volume": 570.34533,
  "delta_volume": 0.5840299999999843,
  "s0_homo_lumo_gap": 2.0522116431230164,
  "s1_homo_lumo_gap": 1.670411470437473,
  "delta_gap": -0.38180017268554334,
  "s0_dihedral_avg": -8.836805832860595,
  "s1_dihedral_avg": -13.962821857666665,
  "delta_dihedral": -5.12601602480607,
  "delta_dipole": null,
  "excitation_energy": "2.5435",
  "exciting_path_mean_volume": 569.9929983333333,
  "s0_bonds_avg": 1.276767443360702,
  "s1_bonds_avg": 1.2903979288238596,
  "s0_angles_avg": 117.64278846835438,
  "s1_angles_avg": 117.62002696605096
}