{
  "s0_rotational_constant_a": 0.0216078,
  "s0_rotational_constant_b": 0.0232763,
  "s0_rotational_constant_c": 0.2074693,
  "s1_rotational_constant_a": 0.0223989,
  "s1_rotational_constant_b": 0.0236924,
  "s1_rotational_constant_c": 0.180902,
  "s0_rays_asymmetry_parameter": 0.9820457706410419,
  "s1_rays_asymmetry_parameter": 0.9836785526592224,
  "s0_volume": 789.29822,
  "s1_volume": 786.10075,
  "delta_volume": -3.1974700000000666,
  "s0_homo_lumo_gap": 2.0221947681905874,
  "s1_homo_lumo_gap": 1.3111559273245135,
  "delta_gap": -0.7110388408660739,
  "s0_dihedral_avg": 90.07657544938279,
  "s1_dihedral_avg": 91.2405881514423,
  "delta_dihedral": 1.1640127020595088,
  "delta_dipole": {
    "element": [
      "C",
      "C",
      "C",
      "C",
      "C",
      "C",
      "C",
      "C",
      "C",
      "C",
      "C",
      "C",
      "C",
      "C",
      "C",
      "C",
      "C",
      "C",
      "C",
      "C",
      "C",
      "C",
      "C",
      "N",
      "C",
      "C",
      "C",
      "C",
      "C",
      "C",
      "C",
      "C",
      "C",
      "C",
      "C",
      "C",
      "C",
      "C",
      "C",
      "N",
      "C",
      "C",
      "H",
      "H",
      "H",
      "H",
      "H",
      "H",
      "H",
      "H",
      "H",
      "H",
      "H",
      "H",
      "H",
      "H",
      "H",
      "H",
      "H",
      "H",
      "H",
      "H",
      "H",
      "H",
      "H",
      "H",
      "H",
      "H"
    ],
    "charge_variation": [
      0.0024419999999999997,
      0.0021720000000000003,
      -0.0021719999999999795,
      0.0010670000000000054,
      -0.002353999999999995,
      -0.002676999999999999,
      0.001797,
      0.0021610000000000015,
      -0.0005819999999999992,
      -0.0014369999999999938,
      0.0006509999999999988,
      3.800000000000331e-05,
      -0.0005240000000000002,
      -0.0013779999999999903,
      -0.0026209999999999983,
      7.699999999999374e-05,
      -0.001689999999999997,
      -0.002143000000000006,
      0.002921,
      0.002038999999999999,
      -0.0017650000000000166,
      -1.7999999999990246e-05,
      -0.0003369999999999762,
      -0.003952999999999984,
      6.500000000003725e-05,
      -0.0010149999999999881,
      0.002158,
      -0.0024080000000000074,
      -0.0008100000000000052,
      -0.001461999999999991,
      0.0007769999999999999,
      0.0001799999999999996,
      -0.000673,
      -0.0011479999999999962,
      -4.099999999999937e-05,
      -0.0006410000000000027,
      -0.0021579999999999933,
      -0.00022900000000000698,
      -0.00023699999999998722,
      -0.004013000000000044,
      3.100000000000325e-05,
      -0.0006509999999999849,
      0.00026700000000000335,
      0.002138000000000001,
      0.0016000000000000007,
      0.00027399999999999994,
      0.0008649999999999977,
      8.89999999999988e-05,
      0.002366,
      0.0022140000000000007,
      0.00036299999999999527,
      -9.699999999999986e-05,
      0.0002149999999999999,
      0.0001999999999999988,
      -0.00013700000000000517,
      0.0002099999999999949,
      0.0019660000000000025,
      0.0016100000000000003,
      0.0002559999999999993,
      0.0008459999999999995,
      0.00011200000000000099,
      0.002381000000000001,
      0.0022819999999999993,
      0.00040499999999999564,
      -0.00013799999999999923,
      0.00019600000000000173,
      0.0001810000000000006,
      -9.999999999999593e-05
    ]
  },
  "excitation_energy": "2.0166",
  "exciting_path_mean_volume": 787.2093316666666,
  "s0_bonds_avg": 1.2933804255899997,
  "s1_bonds_avg": 1.28732345115,
  "s0_angles_avg": 122.32636863773705,
  "s1_angles_avg": 121.99118330163995,
  "delta_bonds": -0.006056974439999641,
  "delta_angles": -0.3351853360970978
}