{
  "s0_rotational_constant_a": 0.0216078,
  "s0_rotational_constant_b": 0.0232763,
  "s0_rotational_constant_c": 0.2074693,
  "s1_rotational_constant_a": 0.0223989,
  "s1_rotational_constant_b": 0.0236924,
  "s1_rotational_constant_c": 0.180902,
  "s0_rays_asymmetry_parameter": 0.9820457706410419,
  "s1_rays_asymmetry_parameter": 0.9836785526592224,
  "s0_volume": 789.29822,
  "s1_volume": 786.10075,
  "delta_volume": -3.1974700000000666,
  "s0_homo_lumo_gap": 2.0221947681905874,
  "s1_homo_lumo_gap": 1.3111559273245135,
  "delta_gap": -0.7110388408660739,
  "s0_dihedral_avg": -2.400994331721229,
  "s1_dihedral_avg": -0.7167080737549705,
  "delta_dihedral": 1.6842862579662585,
  "delta_dipole": null,
  "excitation_energy": "2.0166",
  "exciting_path_mean_volume": 787.2093316666666,
  "s0_bonds_avg": 1.2933804255899997,
  "s1_bonds_avg": 1.28732345115,
  "s0_angles_avg": 122.32636863773705,
  "s1_angles_avg": 121.99118330163995
}