{
  "s0_rotational_constant_a": 0.025691,
  "s0_rotational_constant_b": 0.0299157,
  "s0_rotational_constant_c": 0.1307334,
  "s1_rotational_constant_a": 0.0262201,
  "s1_rotational_constant_b": 0.0305206,
  "s1_rotational_constant_c": 0.1326889,
  "s0_rays_asymmetry_parameter": 0.9195620054378041,
  "s1_rays_asymmetry_parameter": 0.9192157702538208,
  "s0_volume": 810.24443,
  "s1_volume": 812.51607,
  "delta_volume": 2.2716400000000476,
  "s0_homo_lumo_gap": 0.9956508433869327,
  "s1_homo_lumo_gap": 0.5440398714636512,
  "delta_gap": -0.4516109719232815,
  "s0_dihedral_avg": 90.46481784266562,
  "s1_dihedral_avg": 90.51100233350883,
  "delta_dihedral": 0.04618449084320275,
  "delta_dipole": {
    "element": [
      "C",
      "O",
      "C",
      "C",
      "C",
      "C",
      "C",
      "C",
      "C",
      "C",
      "C",
      "C",
      "C",
      "C",
      "C",
      "C",
      "C",
      "C",
      "C",
      "C",
      "C",
      "C",
      "C",
      "C",
      "C",
      "C",
      "N",
      "C",
      "N",
      "C",
      "C",
      "C",
      "C",
      "C",
      "C",
      "C",
      "C",
      "O",
      "C",
      "C",
      "C",
      "C",
      "C",
      "H",
      "H",
      "H",
      "H",
      "H",
      "H",
      "H",
      "H",
      "H",
      "H",
      "H",
      "H",
      "H",
      "H",
      "H",
      "H",
      "H",
      "H",
      "H",
      "H",
      "H",
      "H",
      "H",
      "H",
      "H",
      "H",
      "H",
      "H",
      "H",
      "H"
    ],
    "charge_variation": [
      -0.0025450000000000195,
      0.010660000000000003,
      0.008410000000000029,
      -0.006305000000000005,
      0.00014999999999999736,
      -0.006253,
      0.0021179999999999984,
      -0.013916000000000005,
      0.005420000000000008,
      -0.005596999999999991,
      0.000281,
      -0.007189000000000001,
      0.0011350000000000006,
      -0.007885000000000003,
      -6.30000000000075e-05,
      0.0019769999999999927,
      -0.003464999999999996,
      -0.00036600000000000174,
      0.0020980000000000026,
      0.009702999999999996,
      -0.0016000000000000042,
      0.00891,
      -0.006889000000000006,
      0.005470000000000003,
      -0.001006,
      0.007775000000000087,
      -0.010102999999999973,
      0.006303999999999976,
      -0.007346999999999992,
      -0.001576000000000001,
      0.010998,
      -0.004676,
      0.003797999999999996,
      -0.004828000000000001,
      0.005018999999999999,
      -0.007654000000000022,
      0.006060999999999983,
      0.00915699999999997,
      -0.003717999999999999,
      -0.008964,
      0.0025549999999999948,
      0.0041569999999999975,
      -0.008966000000000002,
      0.001304,
      0.002746,
      0.0011859999999999996,
      -0.0008159999999999973,
      0.0017530000000000046,
      0.0012929999999999955,
      -0.0008789999999999978,
      -0.0003140000000000018,
      -0.0010860000000000002,
      0.0002249999999999995,
      -0.0004420000000000049,
      -0.003050999999999998,
      -0.001795000000000005,
      0.001905999999999998,
      -0.000456000000000005,
      0.0014810000000000031,
      -0.000512000000000002,
      0.0037490000000000023,
      -0.0013139999999999957,
      -0.0027480000000000004,
      7.300000000000362e-05,
      0.0003470000000000001,
      -0.0006350000000000036,
      0.002803999999999999,
      0.0025389999999999996,
      0.001242,
      -0.00026400000000000035,
      0.0006610000000000019,
      0.000338999999999999,
      -0.0005859999999999962
    ]
  },
  "excitation_energy": "0.6922",
  "exciting_path_mean_volume": 811.2360516666668,
  "s0_bonds_avg": 1.273222747187143,
  "s1_bonds_avg": 1.2835194320185717,
  "delta_bonds": 0.01029668483142876,
  "s0_angles_avg": 120.82910564850278,
  "s1_angles_avg": 119.35653480560586,
  "delta_angles": -1.4725708428969142
}