{
  "s0_rotational_constant_a": 0.0459932,
  "s0_rotational_constant_b": 0.0502063,
  "s0_rotational_constant_c": 0.1633222,
  "s1_rotational_constant_a": 0.0467984,
  "s1_rotational_constant_b": 0.0516374,
  "s1_rotational_constant_c": 0.1609025,
  "s0_rays_asymmetry_parameter": 0.928183143127445,
  "s1_rays_asymmetry_parameter": 0.9151827147315476,
  "s0_volume": 730.01015,
  "s1_volume": 730.37862,
  "delta_volume": 0.3684700000000021,
  "s0_homo_lumo_gap": 2.180537797137924,
  "s1_homo_lumo_gap": 1.3854266719900679,
  "delta_gap": -0.795111125147856,
  "s0_dihedral_avg": 90.0451685474743,
  "s1_dihedral_avg": 90.23547966222587,
  "delta_dihedral": 0.19031111475156592,
  "delta_dipole": {
    "element": [
      "C",
      "C",
      "C",
      "C",
      "C",
      "C",
      "C",
      "C",
      "C",
      "C",
      "C",
      "C",
      "C",
      "C",
      "C",
      "C",
      "N",
      "C",
      "C",
      "C",
      "C",
      "C",
      "C",
      "C",
      "C",
      "C",
      "C",
      "C",
      "C",
      "C",
      "C",
      "C",
      "C",
      "C",
      "C",
      "C",
      "C",
      "C",
      "C",
      "H",
      "H",
      "H",
      "H",
      "H",
      "H",
      "H",
      "H",
      "H",
      "H",
      "H",
      "H",
      "H",
      "H",
      "H",
      "H",
      "H",
      "H",
      "H",
      "H",
      "H",
      "H",
      "H",
      "H",
      "H",
      "H",
      "H"
    ],
    "charge_variation": [
      -0.0005790000000000031,
      0.0005350000000000008,
      -0.00022400000000000198,
      -0.002242000000000008,
      0.004378,
      -0.007563999999999998,
      -0.002005999999999994,
      -0.0012859999999999955,
      0.002968000000000002,
      -0.0018650000000000055,
      0.0018290000000000008,
      -0.0027499999999999886,
      0.014228999999999999,
      -0.005195000000000005,
      0.016898999999999997,
      -0.016062999999999994,
      0.028339000000000003,
      0.0023219999999999907,
      -0.015784999999999993,
      0.009136000000000002,
      -0.017194999999999988,
      0.004920000000000001,
      -0.008134000000000002,
      -0.008622999999999999,
      0.005646999999999999,
      -0.017780000000000004,
      0.009666999999999999,
      -0.018106999999999984,
      0.0028790000000000204,
      0.01582800000000001,
      -0.006207999999999998,
      -0.002687999999999996,
      -0.003042000000000003,
      0.002799000000000003,
      0.0005070000000000005,
      0.0005879999999999982,
      -0.001705000000000012,
      0.0001880000000000076,
      0.0023079999999999976,
      0.0019919999999999972,
      -0.00035400000000000015,
      0.0024789999999999986,
      0.001793000000000003,
      -0.0007640000000000008,
      0.0023570000000000015,
      -0.0006509999999999988,
      0.0021240000000000044,
      0.002488999999999998,
      -0.0017289999999999944,
      -0.003157,
      -0.0007149999999999969,
      0.0005479999999999999,
      0.0006000000000000033,
      0.0005020000000000024,
      0.0006339999999999957,
      -0.00047399999999999873,
      -0.0032309999999999978,
      -0.0019809999999999967,
      0.004008999999999999,
      0.001747999999999996,
      0.0001810000000000006,
      0.0019930000000000017,
      -0.0004149999999999987,
      0.0025110000000000063,
      0.0010290000000000021,
      -0.00044299999999999895
    ]
  },
  "excitation_energy": "1.7169",
  "exciting_path_mean_volume": 729.6136433333335,
  "s0_bonds_avg": 1.2877066614805557,
  "s1_bonds_avg": 1.28687908745,
  "delta_bonds": -0.0008275740305556667,
  "s0_angles_avg": 119.99727380804399,
  "s1_angles_avg": 119.998953504828,
  "delta_angles": 0.0016796967840093657
}