{
  "s0_rotational_constant_a": 0.121727,
  "s0_rotational_constant_b": 0.1666601,
  "s0_rotational_constant_c": 0.3416374,
  "s1_rotational_constant_a": 0.1210558,
  "s1_rotational_constant_b": 0.1644403,
  "s1_rotational_constant_c": 0.3420209,
  "s0_rays_asymmetry_parameter": 0.5913508410698175,
  "s1_rays_asymmetry_parameter": 0.6073180787373208,
  "s0_volume": 472.33667,
  "s1_volume": 473.89709,
  "delta_volume": 1.560419999999965,
  "s0_homo_lumo_gap": 1.5489888439090658,
  "s1_homo_lumo_gap": 1.5153446918227131,
  "delta_gap": -0.03364415208635263,
  "s0_dihedral_avg": 91.56709035206994,
  "s1_dihedral_avg": 91.7726741838884,
  "delta_dihedral": 0.2055838318184584,
  "delta_dipole": {
    "element": [
      "C",
      "C",
      "C",
      "N",
      "C",
      "C",
      "C",
      "C",
      "C",
      "C",
      "C",
      "N",
      "C",
      "C",
      "C",
      "C",
      "C",
      "C",
      "C",
      "N",
      "B",
      "F",
      "F",
      "C",
      "C",
      "H",
      "H",
      "H",
      "H",
      "H",
      "H",
      "H",
      "H",
      "H",
      "H",
      "H",
      "H",
      "H",
      "H",
      "H",
      "H",
      "H",
      "H",
      "H",
      "H"
    ],
    "charge_variation": [
      0.0002479999999999982,
      -0.00031499999999999584,
      0.0008689999999999531,
      -0.015952999999999995,
      0.024084999999999995,
      -0.0007980000000000001,
      0.006774000000000002,
      -0.02593100000000001,
      0.012262,
      -0.026680999999999983,
      0.0062710000000000266,
      0.05907200000000001,
      -0.013701999999999992,
      0.023519000000000012,
      -0.009585999999999997,
      0.0002500000000000002,
      0.0013880000000000003,
      -0.00025899999999999535,
      0.00027499999999999747,
      -0.015507000000000049,
      0.0012659999999999894,
      -0.0010360000000000369,
      -0.0021889999999999965,
      -0.012900000000000009,
      -0.0005729999999999902,
      -0.0005270000000000014,
      -0.00026400000000000035,
      0.000454000000000003,
      -0.000876,
      0.0013020000000000045,
      -0.0006149999999999975,
      0.00032999999999999696,
      0.0018330000000000013,
      -0.008515999999999968,
      -0.008579000000000003,
      -0.002117000000000001,
      0.00281,
      0.0008089999999999972,
      -0.000791,
      0.0010469999999999993,
      -0.0004570000000000008,
      0.000787999999999997,
      -0.00034400000000000056,
      0.0019580000000000014,
      0.000904000000000002
    ]
  },
  "excitation_energy": "2.0253",
  "exciting_path_mean_volume": 473.05592333333334,
  "s0_bonds_avg": 1.2769760911210417,
  "s1_bonds_avg": 1.281263527273125,
  "s0_angles_avg": 116.22674646883738,
  "s1_angles_avg": 116.22128290700522,
  "delta_bonds": 0.004287436152083268,
  "delta_angles": -0.005463561832158348
}