{
  "charge": {
    "element": [
      "C",
      "C",
      "C",
      "N",
      "C",
      "C",
      "C",
      "C",
      "C",
      "C",
      "C",
      "N",
      "C",
      "C",
      "C",
      "C",
      "C",
      "C",
      "C",
      "N",
      "B",
      "F",
      "F",
      "C",
      "C",
      "H",
      "H",
      "H",
      "H",
      "H",
      "H",
      "H",
      "H",
      "H",
      "H",
      "H",
      "H",
      "H",
      "H",
      "H",
      "H",
      "H",
      "H",
      "H",
      "H"
    ],
    "charge_variation": [
      0.0002479999999999982,
      -0.00031499999999999584,
      0.0008689999999999531,
      -0.015952999999999995,
      0.024084999999999995,
      -0.0007980000000000001,
      0.006774000000000002,
      -0.02593100000000001,
      0.012262,
      -0.026680999999999983,
      0.0062710000000000266,
      0.05907200000000001,
      -0.013701999999999992,
      0.023519000000000012,
      -0.009585999999999997,
      0.0002500000000000002,
      0.0013880000000000003,
      -0.00025899999999999535,
      0.00027499999999999747,
      -0.015507000000000049,
      0.0012659999999999894,
      -0.0010360000000000369,
      -0.0021889999999999965,
      -0.012900000000000009,
      -0.0005729999999999902,
      -0.0005270000000000014,
      -0.00026400000000000035,
      0.000454000000000003,
      -0.000876,
      0.0013020000000000045,
      -0.0006149999999999975,
      0.00032999999999999696,
      0.0018330000000000013,
      -0.008515999999999968,
      -0.008579000000000003,
      -0.002117000000000001,
      0.00281,
      0.0008089999999999972,
      -0.000791,
      0.0010469999999999993,
      -0.0004570000000000008,
      0.000787999999999997,
      -0.00034400000000000056,
      0.0019580000000000014,
      0.000904000000000002
    ]
  },
  "ground_state": {
    "HOMO-LUMO": 1.5489888439090658,
    "charge": {
      "element": [
        "C",
        "C",
        "C",
        "N",
        "C",
        "C",
        "C",
        "C",
        "C",
        "C",
        "C",
        "N",
        "C",
        "C",
        "C",
        "C",
        "C",
        "C",
        "C",
        "N",
        "B",
        "F",
        "F",
        "C",
        "C",
        "H",
        "H",
        "H",
        "H",
        "H",
        "H",
        "H",
        "H",
        "H",
        "H",
        "H",
        "H",
        "H",
        "H",
        "H",
        "H",
        "H",
        "H",
        "H",
        "H"
      ],
      "charge": [
        -0.068785,
        -0.045345,
        0.391649,
        -0.307433,
        0.204822,
        0.055674,
        0.072336,
        -0.124917,
        0.010194,
        -0.159732,
        0.442474,
        -0.791924,
        -0.198365,
        0.205254,
        -0.115012,
        -0.19131,
        0.393627,
        -0.045836,
        -0.068563,
        -0.309449,
        0.751321,
        -0.5246,
        -0.52612,
        -0.118552,
        -0.191443,
        0.011409,
        0.0251,
        0.037008,
        0.012654,
        0.051799,
        0.037777,
        0.032377,
        0.035315,
        0.324955,
        0.32436,
        0.038725,
        0.047913,
        0.048355,
        0.012945,
        0.052075,
        0.011485,
        0.036589,
        0.025228,
        0.046029,
        0.047937
      ]
    },
    "structure": {
      "bonds": 1.2769760911210417,
      "angles": 116.22674646883738,
      "DA": 91.56709035206994
    },
    "rotational_constant": {
      "A": 0.121727,
      "B": 0.1666601,
      "C": 0.3416374
    },
    "rays_asymmetry_parameter": 0.5913508410698175,
    "volume": 472.33667
  },
  "excited_state": {
    "HOMO-LUMO": 1.5153446918227131,
    "charge": {
      "element": [
        "C",
        "C",
        "C",
        "N",
        "C",
        "C",
        "C",
        "C",
        "C",
        "C",
        "C",
        "N",
        "C",
        "C",
        "C",
        "C",
        "C",
        "C",
        "C",
        "N",
        "B",
        "F",
        "F",
        "C",
        "C",
        "H",
        "H",
        "H",
        "H",
        "H",
        "H",
        "H",
        "H",
        "H",
        "H",
        "H",
        "H",
        "H",
        "H",
        "H",
        "H",
        "H",
        "H",
        "H",
        "H"
      ],
      "charge": [
        -0.068537,
        -0.04566,
        0.392518,
        -0.323386,
        0.228907,
        0.054876,
        0.07911,
        -0.150848,
        0.022456,
        -0.186413,
        0.448745,
        -0.732852,
        -0.212067,
        0.228773,
        -0.124598,
        -0.19106,
        0.395015,
        -0.046095,
        -0.068288,
        -0.324956,
        0.752587,
        -0.525636,
        -0.528309,
        -0.131452,
        -0.192016,
        0.010882,
        0.024836,
        0.037462,
        0.011778,
        0.053101,
        0.037162,
        0.032707,
        0.037148,
        0.316439,
        0.315781,
        0.036608,
        0.050723,
        0.049164,
        0.012154,
        0.053122,
        0.011028,
        0.037377,
        0.024884,
        0.047987,
        0.048841
      ]
    },
    "structure": {
      "bonds": 1.281263527273125,
      "angles": 116.22128290700522,
      "DA": 91.7726741838884
    },
    "rotational_constant": {
      "A": 0.1210558,
      "B": 0.1644403,
      "C": 0.3420209
    },
    "rays_asymmetry_parameter": 0.6073180787373208,
    "excited_energy": "2.0253",
    "volume": 473.89709
  },
  "exciting_path_mean_volume": 473.05592333333334
}