{
  "s0_rotational_constant_a": 0.0353313,
  "s0_rotational_constant_b": 0.0364673,
  "s0_rotational_constant_c": 0.6386448,
  "s1_rotational_constant_a": 0.0345742,
  "s1_rotational_constant_b": 0.035822,
  "s1_rotational_constant_c": 0.6267073,
  "s0_rays_asymmetry_parameter": 0.9962341303484837,
  "s1_rays_asymmetry_parameter": 0.995785407030953,
  "s0_volume": 619.60218,
  "s1_volume": 620.01757,
  "delta_volume": 0.41539000000000215,
  "s0_homo_lumo_gap": 0.7155042285701914,
  "s1_homo_lumo_gap": 0.4320704788682743,
  "delta_gap": -0.28343374970191704,
  "s0_dihedral_avg": 91.04884630406178,
  "s1_dihedral_avg": 90.52204954530326,
  "delta_dihedral": -0.5267967587585218,
  "delta_dipole": {
    "element": [
      "C",
      "O",
      "C",
      "C",
      "C",
      "C",
      "C",
      "N",
      "C",
      "C",
      "C",
      "C",
      "C",
      "C",
      "C",
      "N",
      "C",
      "C",
      "C",
      "C",
      "C",
      "C",
      "C",
      "C",
      "C",
      "C",
      "N",
      "C",
      "C",
      "C",
      "C",
      "C",
      "H",
      "H",
      "H",
      "H",
      "H",
      "H",
      "H",
      "H",
      "H",
      "H",
      "H",
      "H",
      "H",
      "H",
      "H",
      "H",
      "H",
      "H",
      "H",
      "H",
      "H",
      "H",
      "H",
      "H",
      "H",
      "H"
    ],
    "charge_variation": [
      -0.007924000000000042,
      0.08463999999999994,
      0.009710999999999914,
      -0.031389,
      0.0037860000000000003,
      -0.007186000000000001,
      0.010290000000000021,
      -0.02191299999999996,
      -0.011302000000000006,
      0.016230999999999995,
      -0.009076,
      0.015288,
      -0.008450999999999986,
      0.016324999999999992,
      0.002638000000000029,
      -0.011847999999999997,
      0.004072999999999993,
      0.0035720000000000196,
      0.014993000000000006,
      -0.008239000000000003,
      0.010627999999999999,
      0.004318000000000002,
      -0.009723999999999997,
      -8.799999999999086e-05,
      0.018223000000000017,
      -0.0020180000000000198,
      -0.031738000000000044,
      0.002951000000000009,
      0.0009429999999999994,
      -0.01962799999999998,
      -0.020849,
      -0.03150599999999999,
      -0.004543999999999999,
      0.0037990000000000003,
      0.02722,
      -7.200000000000262e-05,
      0.0006029999999999994,
      -9.299999999999586e-05,
      -0.00031899999999999984,
      0.0027419999999999944,
      0.0006149999999999975,
      0.0005420000000000008,
      0.0005000000000000004,
      0.002604999999999996,
      -0.0004040000000000016,
      -0.0007440000000000016,
      -0.0035299999999999984,
      -0.002593999999999999,
      -0.0005280000000000007,
      -0.0026139999999999983,
      -0.0005700000000000011,
      -0.0008710000000000002,
      -0.001215,
      -0.004378,
      0.0009689999999999994,
      -0.0016089999999999993,
      0.0007189999999999974,
      -0.0019599999999999965
    ]
  },
  "excitation_energy": "0.8567",
  "exciting_path_mean_volume": 619.7997466666666,
  "s0_bonds_avg": 1.2587629591863931,
  "s1_bonds_avg": 1.269475236672951,
  "delta_bonds": 0.010712277486557786,
  "s0_angles_avg": 118.20320699704597,
  "s1_angles_avg": 118.07971473722222,
  "delta_angles": -0.1234922598237489
}