{
  "s0_rotational_constant_a": 0.0397059,
  "s0_rotational_constant_b": 0.0425806,
  "s0_rotational_constant_c": 0.1269815,
  "s1_rotational_constant_a": 0.0394403,
  "s1_rotational_constant_b": 0.0439167,
  "s1_rotational_constant_c": 0.1249687,
  "s0_rays_asymmetry_parameter": 0.9341236267639523,
  "s1_rays_asymmetry_parameter": 0.8953236585742279,
  "s0_volume": 760.71129,
  "s1_volume": 763.49359,
  "delta_volume": 2.7823000000000775,
  "s0_homo_lumo_gap": 1.5358865637169123,
  "s1_homo_lumo_gap": 0.6640529484303692,
  "delta_gap": -0.8718336152865431,
  "s0_dihedral_avg": 1.7122904018831513,
  "s1_dihedral_avg": 9.986376842698233,
  "delta_dihedral": 8.274086440815081,
  "delta_dipole": null,
  "excitation_energy": "0.7651",
  "exciting_path_mean_volume": 762.2592783333333,
  "s0_bonds_avg": 1.317080291496081,
  "s1_bonds_avg": 1.3194279065951349,
  "s0_angles_avg": 121.19088217529308,
  "s1_angles_avg": 120.75349755894234
}