{
  "s0_rotational_constant_a": 0.0712737,
  "s0_rotational_constant_b": 0.0780455,
  "s0_rotational_constant_c": 0.1901602,
  "s1_rotational_constant_a": 0.0736448,
  "s1_rotational_constant_b": 0.0769033,
  "s1_rotational_constant_c": 0.1774619,
  "s0_rays_asymmetry_parameter": 0.8860795801037122,
  "s1_rays_asymmetry_parameter": 0.9372261409729227,
  "s0_volume": 647.01822,
  "s1_volume": 655.46978,
  "delta_volume": 8.451559999999972,
  "s0_homo_lumo_gap": 1.399783396869362,
  "s1_homo_lumo_gap": 0.03338292282395461,
  "delta_gap": -1.3664004740454074,
  "s0_dihedral_avg": 2.5705245927548694,
  "s1_dihedral_avg": -1.212011327439944,
  "delta_dihedral": -3.7825359201948134,
  "delta_dipole": null,
  "excitation_energy": "0.2426",
  "exciting_path_mean_volume": 649.1416083333334,
  "s0_bonds_avg": 1.3008770402776921,
  "s1_bonds_avg": 1.238215400647077,
  "s0_angles_avg": 116.54635029667502,
  "s1_angles_avg": 116.45774790219815
}