{
  "s0_rotational_constant_a": 0.0712737,
  "s0_rotational_constant_b": 0.0780455,
  "s0_rotational_constant_c": 0.1901602,
  "s1_rotational_constant_a": 0.0736448,
  "s1_rotational_constant_b": 0.0769033,
  "s1_rotational_constant_c": 0.1774619,
  "s0_rays_asymmetry_parameter": 0.8860795801037122,
  "s1_rays_asymmetry_parameter": 0.9372261409729227,
  "s0_volume": 647.01822,
  "s1_volume": 655.46978,
  "delta_volume": 8.451559999999972,
  "s0_homo_lumo_gap": 1.399783396869362,
  "s1_homo_lumo_gap": 0.03338292282395461,
  "delta_gap": -1.3664004740454074,
  "s0_dihedral_avg": 91.38540670601789,
  "s1_dihedral_avg": 91.7128116418555,
  "delta_dihedral": 0.3274049358376061,
  "delta_dipole": {
    "element": [
      "C",
      "C",
      "C",
      "N",
      "C",
      "C",
      "C",
      "C",
      "C",
      "C",
      "C",
      "C",
      "C",
      "C",
      "N",
      "S",
      "O",
      "O",
      "C",
      "C",
      "C",
      "C",
      "C",
      "C",
      "C",
      "C",
      "C",
      "C",
      "C",
      "C",
      "N",
      "B",
      "F",
      "F",
      "C",
      "C",
      "H",
      "H",
      "H",
      "H",
      "H",
      "H",
      "H",
      "H",
      "H",
      "H",
      "H",
      "H",
      "H",
      "H",
      "H",
      "H",
      "H",
      "H",
      "H",
      "H",
      "H",
      "H",
      "H",
      "H"
    ],
    "charge_variation": [
      0.021231,
      -0.0013759999999999953,
      0.269251,
      0.013236999999999999,
      0.32509299999999997,
      0.044503,
      0.014434000000000002,
      -0.035623000000000016,
      -0.007062000000000001,
      -0.013898,
      -0.015638,
      -0.012006000000000003,
      -0.004570000000000005,
      0.004736000000000018,
      -0.19421699999999997,
      0.10782900000000006,
      -0.537784,
      -0.49273100000000003,
      -0.572202,
      -0.012035999999999998,
      -0.015261000000000002,
      -0.029304,
      -0.025729000000000002,
      0.009417000000000002,
      0.338207,
      0.087686,
      0.146488,
      0.24873300000000004,
      -0.0001250000000000001,
      0.02436,
      0.009558000000000011,
      -0.028364999999999974,
      0.0017559999999999798,
      0.014341000000000048,
      0.117126,
      0.176177,
      0.0037869999999999987,
      0.003920000000000002,
      0.0040979999999999975,
      0.002914,
      0.008353,
      -0.005308,
      -0.0026670000000000027,
      -0.002717000000000004,
      -0.004379999999999995,
      -0.006863000000000001,
      -0.004574000000000002,
      -0.005707999999999998,
      -0.0016750000000000029,
      -0.005283000000000003,
      -0.002257999999999996,
      0.012268999999999995,
      0.005172999999999997,
      0.0025289999999999965,
      0.008792,
      0.0015169999999999993,
      0.002930000000000002,
      0.0029599999999999974,
      0.0044480000000000006,
      0.0015070000000000014
    ]
  },
  "excitation_energy": "0.2426",
  "exciting_path_mean_volume": 649.1416083333334,
  "s0_bonds_avg": 1.3008770402776921,
  "s1_bonds_avg": 1.238215400647077,
  "s0_angles_avg": 116.54635029667502,
  "s1_angles_avg": 116.45774790219815,
  "delta_bonds": -0.06266163963061522,
  "delta_angles": -0.08860239447686524
}