{
  "charge": {
    "element": [
      "C",
      "C",
      "C",
      "N",
      "C",
      "C",
      "C",
      "C",
      "C",
      "C",
      "C",
      "C",
      "C",
      "C",
      "N",
      "S",
      "O",
      "O",
      "C",
      "C",
      "C",
      "C",
      "C",
      "C",
      "C",
      "C",
      "C",
      "C",
      "C",
      "C",
      "N",
      "B",
      "F",
      "F",
      "C",
      "C",
      "H",
      "H",
      "H",
      "H",
      "H",
      "H",
      "H",
      "H",
      "H",
      "H",
      "H",
      "H",
      "H",
      "H",
      "H",
      "H",
      "H",
      "H",
      "H",
      "H",
      "H",
      "H",
      "H",
      "H"
    ],
    "charge_variation": [
      0.021231,
      -0.0013759999999999953,
      0.269251,
      0.013236999999999999,
      0.32509299999999997,
      0.044503,
      0.014434000000000002,
      -0.035623000000000016,
      -0.007062000000000001,
      -0.013898,
      -0.015638,
      -0.012006000000000003,
      -0.004570000000000005,
      0.004736000000000018,
      -0.19421699999999997,
      0.10782900000000006,
      -0.537784,
      -0.49273100000000003,
      -0.572202,
      -0.012035999999999998,
      -0.015261000000000002,
      -0.029304,
      -0.025729000000000002,
      0.009417000000000002,
      0.338207,
      0.087686,
      0.146488,
      0.24873300000000004,
      -0.0001250000000000001,
      0.02436,
      0.009558000000000011,
      -0.028364999999999974,
      0.0017559999999999798,
      0.014341000000000048,
      0.117126,
      0.176177,
      0.0037869999999999987,
      0.003920000000000002,
      0.0040979999999999975,
      0.002914,
      0.008353,
      -0.005308,
      -0.0026670000000000027,
      -0.002717000000000004,
      -0.004379999999999995,
      -0.006863000000000001,
      -0.004574000000000002,
      -0.005707999999999998,
      -0.0016750000000000029,
      -0.005283000000000003,
      -0.002257999999999996,
      0.012268999999999995,
      0.005172999999999997,
      0.0025289999999999965,
      0.008792,
      0.0015169999999999993,
      0.002930000000000002,
      0.0029599999999999974,
      0.0044480000000000006,
      0.0015070000000000014
    ]
  },
  "ground_state": {
    "HOMO-LUMO": 1.399783396869362,
    "structure": {
      "bonds": 1.3008770402776921,
      "angles": 116.54635029667502,
      "DA": 91.38540670601789
    },
    "rotational_constant": {
      "A": 0.0712737,
      "B": 0.0780455,
      "C": 0.1901602
    },
    "rays_asymmetry_parameter": 0.8860795801037122,
    "volume": 647.01822
  },
  "excited_state": {
    "HOMO-LUMO": 0.03338292282395461,
    "structure": {
      "bonds": 1.238215400647077,
      "angles": 116.45774790219815,
      "DA": 91.7128116418555
    },
    "rotational_constant": {
      "A": 0.0736448,
      "B": 0.0769033,
      "C": 0.1774619
    },
    "rays_asymmetry_parameter": 0.9372261409729227,
    "excited_energy": "0.2426",
    "volume": 655.46978
  },
  "exciting_path_mean_volume": 649.1416083333334
}