{
  "s0_rotational_constant_a": 0.0271095,
  "s0_rotational_constant_b": 0.0324928,
  "s0_rotational_constant_c": 0.1379746,
  "s1_rotational_constant_a": 0.0270889,
  "s1_rotational_constant_b": 0.032088,
  "s1_rotational_constant_c": 0.1406291,
  "s0_rays_asymmetry_parameter": 0.9028855789603762,
  "s1_rays_asymmetry_parameter": 0.9119413212236723,
  "s0_volume": 740.85272,
  "s1_volume": 744.50494,
  "delta_volume": 3.6522200000000566,
  "s0_homo_lumo_gap": 1.6681202721151895,
  "s1_homo_lumo_gap": 0.7732603858035167,
  "delta_gap": -0.8948598863116728,
  "s0_dihedral_avg": 8.580908646578896,
  "s1_dihedral_avg": 4.1988371262876045,
  "delta_dihedral": -4.382071520291292,
  "delta_dipole": null,
  "excitation_energy": "0.8893",
  "exciting_path_mean_volume": 742.7917516666666,
  "s0_bonds_avg": 1.3058674281461113,
  "s1_bonds_avg": 1.3061208451316668,
  "s0_angles_avg": 119.97027801714779,
  "s1_angles_avg": 119.97162301129401
}