{
  "s0_rotational_constant_a": 0.0271095,
  "s0_rotational_constant_b": 0.0324928,
  "s0_rotational_constant_c": 0.1379746,
  "s1_rotational_constant_a": 0.0270889,
  "s1_rotational_constant_b": 0.032088,
  "s1_rotational_constant_c": 0.1406291,
  "s0_rays_asymmetry_parameter": 0.9028855789603762,
  "s1_rays_asymmetry_parameter": 0.9119413212236723,
  "s0_volume": 740.85272,
  "s1_volume": 744.50494,
  "delta_volume": 3.6522200000000566,
  "s0_homo_lumo_gap": 1.6681202721151895,
  "s1_homo_lumo_gap": 0.7732603858035167,
  "delta_gap": -0.8948598863116728,
  "s0_dihedral_avg": 89.99527803986989,
  "s1_dihedral_avg": 90.00892626821802,
  "delta_dihedral": 0.013648228348131397,
  "delta_dipole": {
    "element": [
      "O",
      "C",
      "C",
      "C",
      "C",
      "C",
      "N",
      "C",
      "C",
      "C",
      "C",
      "C",
      "C",
      "O",
      "C",
      "C",
      "C",
      "C",
      "C",
      "C",
      "C",
      "C",
      "C",
      "C",
      "C",
      "C",
      "C",
      "C",
      "C",
      "C",
      "C",
      "Cl",
      "C",
      "C",
      "C",
      "N",
      "C",
      "C",
      "C",
      "C",
      "C",
      "C",
      "H",
      "H",
      "H",
      "H",
      "H",
      "H",
      "H",
      "H",
      "H",
      "H",
      "H",
      "H",
      "H",
      "H",
      "H",
      "H",
      "H",
      "H",
      "H",
      "H",
      "H",
      "H",
      "H"
    ],
    "charge_variation": [
      -0.0013299999999999423,
      0.005876000000000103,
      0.012886000000000002,
      -0.017784,
      0.013850000000000001,
      -0.015539999999999998,
      0.038393999999999984,
      -0.0069210000000000105,
      -0.009506999999999988,
      0.0008480000000000015,
      -0.013746000000000008,
      -0.0043360000000000065,
      -0.008467000000000002,
      0.020498000000000016,
      -0.008115000000000039,
      -0.0022179999999999978,
      -0.013616999999999997,
      -0.0007739999999999969,
      -0.009574,
      -0.006480000000000041,
      0.011184,
      -0.00045899999999999413,
      0.015014,
      0.007281999999999999,
      -0.011770000000000003,
      0.012938999999999978,
      0.013876,
      -0.028329000000000007,
      0.0019229999999999942,
      -0.007602999999999999,
      0.018392999999999993,
      -0.007569999999999993,
      -0.009541000000000008,
      -0.0010419999999999874,
      0.0027239999999999487,
      7.699999999999374e-05,
      -0.0012120000000000464,
      -0.001585000000000003,
      0.0028399999999999996,
      0.0002620000000000053,
      0.002429,
      -0.0036700000000000066,
      -0.008363000000000002,
      -0.0014250000000000027,
      -0.0030080000000000037,
      -0.0011979999999999977,
      -0.0006899999999999962,
      -0.0015990000000000032,
      -0.0014069999999999985,
      -0.0006360000000000046,
      -0.0021079999999999988,
      -0.005937999999999999,
      -0.0012790000000000024,
      -0.0015940000000000017,
      0.0034439999999999957,
      0.0058990000000000015,
      0.011699999999999995,
      0.0059019999999999975,
      0.006987,
      0.004331999999999996,
      0.0003500000000000031,
      0.00026299999999999935,
      0.0010939999999999978,
      7.299999999999668e-05,
      -0.000905000000000003
    ]
  },
  "excitation_energy": "0.8893",
  "exciting_path_mean_volume": 742.7917516666666,
  "s0_bonds_avg": 1.3058674281461113,
  "s1_bonds_avg": 1.3061208451316668,
  "s0_angles_avg": 119.97027801714779,
  "s1_angles_avg": 119.97162301129401,
  "delta_bonds": 0.00025341698555547687,
  "delta_angles": 0.0013449941462226889
}