{
  "s0_rotational_constant_a": 0.1837025,
  "s0_rotational_constant_b": 0.2119112,
  "s0_rotational_constant_c": 0.6101138,
  "s1_rotational_constant_a": 0.1853876,
  "s1_rotational_constant_b": 0.215124,
  "s1_rotational_constant_c": 0.5940697,
  "s0_rays_asymmetry_parameter": 0.8676925306622971,
  "s1_rays_asymmetry_parameter": 0.8544766213151983,
  "s0_volume": 437.71342,
  "s1_volume": 439.25585,
  "delta_volume": 1.5424300000000244,
  "s0_homo_lumo_gap": 4.048974654163891,
  "s1_homo_lumo_gap": 3.1910297279948465,
  "delta_gap": -0.8579449261690448,
  "s0_dihedral_avg": -2.4749807207230794,
  "s1_dihedral_avg": -9.97506391039958,
  "delta_dihedral": -7.5000831896765,
  "delta_dipole": null,
  "excitation_energy": "3.6964",
  "exciting_path_mean_volume": 146.16154500000002,
  "s0_bonds_avg": 1.2607389463249998,
  "s1_bonds_avg": 1.2683279458425,
  "s0_angles_avg": 114.33618879862973,
  "s1_angles_avg": 114.32456803924644
}