{
  "charge": {
    "element": [
      "C",
      "C",
      "C",
      "C",
      "C",
      "C",
      "C",
      "C",
      "C",
      "C",
      "C",
      "C",
      "C",
      "C",
      "C",
      "C",
      "C",
      "C",
      "C",
      "H",
      "H",
      "H",
      "H",
      "H",
      "H",
      "H",
      "H",
      "H",
      "H",
      "H",
      "H",
      "H",
      "H",
      "H",
      "H",
      "H",
      "H",
      "H",
      "H",
      "H",
      "H",
      "H",
      "H"
    ],
    "charge_variation": [
      0.004629999999999995,
      0.007823000000000004,
      -0.031448000000000004,
      0.008509999999999997,
      0.005509,
      0.0031009999999999996,
      0.008507,
      -0.003927,
      0.003492999999999996,
      -0.006265,
      0.003821000000000005,
      -0.012999,
      0.005810999999999997,
      0.007497999999999991,
      -0.009719999999999996,
      0.0030739999999999934,
      -0.03287499999999999,
      0.009204999999999998,
      0.004353999999999997,
      -0.0011140000000000004,
      -0.0013360000000000004,
      -0.00048699999999999785,
      0.013871000000000001,
      -0.0029519999999999998,
      -0.0009819999999999968,
      0.0002149999999999999,
      -0.00011399999999999952,
      7.999999999997592e-06,
      -0.0005380000000000038,
      0.00021599999999999744,
      -0.00011900000000000105,
      0.0002630000000000028,
      4.900000000000043e-05,
      -0.00023000000000000104,
      0.00017700000000000007,
      -0.0003830000000000014,
      -0.0004559999999999981,
      0.002855,
      -0.0004310000000000008,
      0.015952,
      -0.0009149999999999991,
      -0.0007070000000000028,
      -0.0009440000000000004
    ]
  },
  "ground_state": {
    "HOMO-LUMO": 4.048974654163891,
    "structure": {
      "bonds": 1.2607389463249998,
      "angles": 114.33618879862973,
      "DA": 90.04826132590594
    },
    "rotational_constant": {
      "A": 0.1837025,
      "B": 0.2119112,
      "C": 0.6101138
    },
    "rays_asymmetry_parameter": 0.8676925306622971,
    "volume": 437.71342
  },
  "excited_state": {
    "HOMO-LUMO": 3.1910297279948465,
    "structure": {
      "bonds": 1.2683279458425,
      "angles": 114.32456803924644,
      "DA": 90.00178609308632
    },
    "rotational_constant": {
      "A": 0.1853876,
      "B": 0.215124,
      "C": 0.5940697
    },
    "rays_asymmetry_parameter": 0.8544766213151983,
    "excited_energy": "3.6964",
    "volume": 439.25585
  },
  "exciting_path_mean_volume": 146.16154500000002
}