{
  "s0_rotational_constant_a": 0.0234752,
  "s0_rotational_constant_b": 0.0276894,
  "s0_rotational_constant_c": 0.1261099,
  "s1_rotational_constant_a": 0.0235796,
  "s1_rotational_constant_b": 0.0277358,
  "s1_rotational_constant_c": 0.1277181,
  "s0_rays_asymmetry_parameter": 0.917879625506773,
  "s1_rays_asymmetry_parameter": 0.9201793765034065,
  "s0_volume": 975.02006,
  "s1_volume": 971.85265,
  "delta_volume": -3.1674099999999044,
  "s0_homo_lumo_gap": 1.8006560268481149,
  "s1_homo_lumo_gap": 1.4069808072760588,
  "delta_gap": -0.3936752195720561,
  "s0_dihedral_avg": 91.58503294114067,
  "s1_dihedral_avg": 90.76912618641299,
  "delta_dihedral": -0.8159067547276777,
  "delta_dipole": {
    "element": [
      "C",
      "C",
      "C",
      "C",
      "C",
      "C",
      "C",
      "C",
      "C",
      "C",
      "C",
      "C",
      "C",
      "C",
      "C",
      "C",
      "C",
      "C",
      "C",
      "C",
      "C",
      "C",
      "C",
      "C",
      "C",
      "C",
      "C",
      "C",
      "C",
      "C",
      "C",
      "C",
      "C",
      "C",
      "C",
      "C",
      "C",
      "C",
      "C",
      "C",
      "C",
      "C",
      "C",
      "C",
      "Si",
      "C",
      "C",
      "C",
      "C",
      "H",
      "H",
      "H",
      "H",
      "H",
      "H",
      "H",
      "H",
      "H",
      "H",
      "H",
      "H",
      "H",
      "H",
      "H",
      "H",
      "H",
      "H",
      "H",
      "H",
      "H",
      "H",
      "H",
      "H",
      "H",
      "H",
      "H",
      "H",
      "H",
      "H",
      "H",
      "H",
      "H",
      "H",
      "H",
      "H",
      "H",
      "H",
      "H",
      "H",
      "H",
      "H"
    ],
    "charge_variation": [
      0.00016099999999999448,
      0.000682000000000002,
      -0.0012090000000000017,
      -0.00046199999999999714,
      0.0008359999999999895,
      -0.0033030000000000004,
      0.0019400000000000042,
      -0.0023919999999999983,
      0.001697000000000004,
      0.00011899999999999931,
      0.00022300000000000098,
      0.0011900000000000105,
      -0.0028670000000000084,
      -0.0016689999999999969,
      0.0037479999999999996,
      -0.0039060000000000067,
      0.002603999999999995,
      -0.002631999999999999,
      -0.0007349999999999995,
      -0.0018290000000000008,
      0.0025389999999999996,
      0.003659000000000001,
      -0.0036400000000000043,
      0.001690999999999998,
      -0.001922,
      -0.000899000000000004,
      -0.0017130000000000027,
      0.0025379999999999986,
      -0.0018560000000000035,
      -0.0028379999999999933,
      0.0008659999999999918,
      0.00014899999999999636,
      2.499999999999898e-05,
      6.0000000000060005e-06,
      -0.0011929999999999996,
      0.0006309999999999927,
      -0.0008820000000000078,
      -0.00011200000000000099,
      -0.0005459999999999979,
      0.0008100000000000052,
      -0.003254,
      0.0019680000000000045,
      -0.0024180000000000035,
      0.0016789999999999965,
      -0.005102999999999996,
      0.0029579999999999954,
      0.0031799999999999953,
      -0.0021749999999999964,
      -0.00025899999999999535,
      -7.900000000000094e-05,
      -9.999999999999593e-06,
      4.19999999999969e-05,
      0.00040999999999999717,
      0.00019699999999999926,
      0.0003689999999999978,
      1.9999999999999185e-05,
      0.0008140000000000022,
      -0.0001449999999999993,
      0.00031799999999999884,
      5.999999999999062e-06,
      0.00010399999999999993,
      0.0010110000000000015,
      0.00043600000000000236,
      0.0009379999999999979,
      -1.9000000000001654e-05,
      0.00040100000000000205,
      0.001006,
      0.0004349999999999979,
      0.0008659999999999987,
      -2.9000000000001247e-05,
      0.0003720000000000008,
      0.0004139999999999977,
      3.999999999999837e-05,
      0.001119000000000002,
      0.0003349999999999985,
      0.00030599999999999725,
      0.000166999999999997,
      0.00010999999999999899,
      4.200000000000037e-05,
      9.000000000002062e-06,
      6.1000000000005494e-05,
      0.0008050000000000002,
      -0.00015199999999999936,
      0.00034999999999999615,
      -5.9000000000000025e-05,
      0.00046399999999999914,
      -1.4000000000000123e-05,
      -6.199999999999956e-05,
      -1.6999999999999654e-05,
      0.0004310000000000008,
      0.0020980000000000026
    ]
  },
  "excitation_energy": "2.1853",
  "exciting_path_mean_volume": 973.3216849999999,
  "s0_bonds_avg": 1.2951546673988887,
  "s1_bonds_avg": 1.3112958487522224,
  "delta_bonds": 0.016141181353333645,
  "s0_angles_avg": 116.72096655035101,
  "s1_angles_avg": 116.70757119224417,
  "delta_angles": -0.01339535810683401
}