{
  "s0_rotational_constant_a": 0.0278753,
  "s0_rotational_constant_b": 0.0308632,
  "s0_rotational_constant_c": 0.1480702,
  "s1_rotational_constant_a": 0.0275852,
  "s1_rotational_constant_b": 0.0295604,
  "s1_rotational_constant_c": 0.1490468,
  "s0_rays_asymmetry_parameter": 0.950282416308845,
  "s1_rays_asymmetry_parameter": 0.967476140607402,
  "s0_volume": 749.13255,
  "s1_volume": 748.87991,
  "delta_volume": -0.25264000000004216,
  "s0_homo_lumo_gap": 1.607966792171732,
  "s1_homo_lumo_gap": 0.7901913073726923,
  "delta_gap": -0.8177754847990397,
  "s0_dihedral_avg": -1.4816750860104326,
  "s1_dihedral_avg": -9.643007361995236,
  "delta_dihedral": -8.161332275984805,
  "delta_dipole": null,
  "excitation_energy": "0.9087",
  "exciting_path_mean_volume": 748.7208116666667,
  "s0_bonds_avg": 1.3094757538148611,
  "s1_bonds_avg": 1.29329469710375,
  "s0_angles_avg": 119.96650038015956,
  "s1_angles_avg": 119.9784499490902
}