{"charge": {"element": ["O", "C", "C", "C", "C", "C", "N", "C", "C", "C", "C", "C", "C", "O", "C", "C", "C", "C", "C", "C", "C", "Br", "C", "C", "C", "C", "C", "C", "C", "C", "C", "C", "C", "C", "C", "N", "C", "C", "C", "C", "C", "C", "H", "H", "H", "H", "H", "H", "H", "H", "H", "H", "H", "H", "H", "H", "H", "H", "H", "H", "H", "H", "H", "H", "H"], "charge_variation": [-0.03417999999999999, -0.005834000000000006, 0.0036140000000000026, 0.027431999999999998, -0.004210000000000005, -0.011436999999999975, 0.07970100000000002, -0.021148, -0.007341000000000014, 0.0027809999999999988, -0.007573999999999997, -4.900000000002125e-05, -0.008135999999999977, 0.022606999999999988, -0.006103999999999998, -0.0007199999999999984, -0.007570999999999994, 0.0007100000000000023, -0.01044500000000001, -0.01915, 0.00412499999999999, -0.007001999999999994, -0.0037610000000000005, 0.015177999999999997, -0.007345999999999998, 0.005533999999999983, -0.005574999999999997, 0.006503000000000002, -0.006631, -0.0007780000000000009, 5.3999999999998494e-05, -0.002127000000000004, 0.0006690000000000029, -0.0021849999999999925, 0.0047980000000000245, -0.007858000000000032, 0.0041779999999999595, -0.0025359999999999966, 0.0003910000000000007, -0.003138999999999996, 0.00014099999999999877, -0.003142999999999993, 0.009799000000000002, 0.002162000000000004, -0.000337999999999998, 0.00011200000000000099, 0.0014339999999999978, -0.00011099999999999999, 1.000000000001e-06, 0.001233999999999999, -0.0010280000000000011, -0.002721000000000001, 0.010748, -0.0010030000000000004, -4.000000000004e-06, -0.001228, -0.0005629999999999941, -0.00012099999999999611, -0.00028499999999999706, 0.0004279999999999978, 0.0005430000000000018, -0.0006600000000000009, -0.00010299999999999893, -0.000669999999999997, -6.500000000000256e-05]}, "ground_state": {"HOMO-LUMO": 1.607966792171732, "charge": {"element": ["O", "C", "C", "C", "C", "C", "N", "C", "C", "C", "C", "C", "C", "O", "C", "C", "C", "C", "C", "C", "C", "Br", "C", "C", "C", "C", "C", "C", "C", "C", "C", "C", "C", "C", "C", "N", "C", "C", "C", "C", "C", "C", "H", "H", "H", "H", "H", "H", "H", "H", "H", "H", "H", "H", "H", "H", "H", "H", "H", "H", "H", "H", "H", "H", "H"], "charge": [-0.734893, 0.708326, -0.024795, -0.02113, -0.098036, 0.352927, -0.553165, 0.288849, -0.184575, -0.060885, -0.062414, -0.164759, 0.395538, -0.453202, 0.392809, -0.163748, -0.062222, -0.057962, -0.180309, 0.286365, 0.104413, -0.099774, -0.099155, -0.083061, -0.057732, -0.151556, 0.330258, -0.052447, -0.008591, -0.045909, -0.032291, -0.076114, -0.019772, -0.150875, 0.316221, -0.417925, 0.363227, -0.123961, -0.008208, -0.059705, -0.008093, -0.122343, 0.052128, 0.044541, 0.037868, 0.032963, 0.03391, 0.048926, 0.048746, 0.034127, 0.034483, 0.041191, 0.041274, 0.027319, 0.044741, 0.052966, 0.036992, 0.03342, 0.029986, 0.042351, 0.041463, 0.032498, 0.034193, 0.032506, 0.042084]}, "structure": {"bonds": 1.3094757538148611, "angles": 119.96650038015956, "DA": -1.4816750860104326}, "rotational_constant": {"A": 0.0278753, "B": 0.0308632, "C": 0.1480702}, "rays_asymmetry_parameter": 0.950282416308845, "volume": 749.13255}, "excited_state": {"HOMO-LUMO": 0.7901913073726923, "charge": {"element": ["O", "C", "C", "C", "C", "C", "N", "C", "C", "C", "C", "C", "C", "O", "C", "C", "C", "C", "C", "C", "C", "Br", "C", "C", "C", "C", "C", "C", "C", "C", "C", "C", "C", "C", "C", "N", "C", "C", "C", "C", "C", "C", "H", "H", "H", "H", "H", "H", "H", "H", "H", "H", "H", "H", "H", "H", "H", "H", "H", "H", "H", "H", "H", "H", "H"], "charge": [-0.769073, 0.702492, -0.021181, 0.006302, -0.102246, 0.34149, -0.473464, 0.267701, -0.191916, -0.058104, -0.069988, -0.164808, 0.387402, -0.430595, 0.386705, -0.164468, -0.069793, -0.057252, -0.190754, 0.267215, 0.108538, -0.106776, -0.102916, -0.067883, -0.065078, -0.146022, 0.324683, -0.045944, -0.015222, -0.046687, -0.032237, -0.078241, -0.019103, -0.15306, 0.321019, -0.425783, 0.367405, -0.126497, -0.007817, -0.062844, -0.007952, -0.125486, 0.061927, 0.046703, 0.03753, 0.033075, 0.035344, 0.048815, 0.048747, 0.035361, 0.033455, 0.03847, 0.052022, 0.026316, 0.044737, 0.051738, 0.036429, 0.033299, 0.029701, 0.042779, 0.042006, 0.031838, 0.03409, 0.031836, 0.042019]}, "structure": {"bonds": 1.29329469710375, "angles": 119.9784499490902, "DA": -9.643007361995236}, "rotational_constant": {"A": 0.0275852, "B": 0.0295604, "C": 0.1490468}, "rays_asymmetry_parameter": 0.967476140607402, "excited_energy": "0.9087", "volume": 748.87991}, "exciting_path_mean_volume": 748.7208116666667}