{
  "s0_rotational_constant_a": 0.1662451,
  "s0_rotational_constant_b": 0.1902957,
  "s0_rotational_constant_c": 1.0365457,
  "s1_rotational_constant_a": 0.163317,
  "s1_rotational_constant_b": 0.1870678,
  "s1_rotational_constant_c": 1.043309,
  "s0_rays_asymmetry_parameter": 0.944730360981022,
  "s1_rays_asymmetry_parameter": 0.9460204183674396,
  "s0_volume": 365.45492,
  "s1_volume": 365.45056,
  "delta_volume": -0.0043600000000196815,
  "s0_homo_lumo_gap": 2.4288253264946986,
  "s1_homo_lumo_gap": 0.6407518424520906,
  "delta_gap": -1.788073484042608,
  "s0_dihedral_avg": 9.076860415819967,
  "s1_dihedral_avg": -1.8892022787289582,
  "delta_dihedral": -10.966062694548924,
  "delta_dipole": null,
  "excitation_energy": "0.7810",
  "exciting_path_mean_volume": 365.1018783333334,
  "s0_bonds_avg": 1.2687287454124325,
  "s1_bonds_avg": 1.2796433785894592,
  "s0_angles_avg": 115.04432590199872,
  "s1_angles_avg": 114.81794680467105
}