{
  "s0_rotational_constant_a": 0.0613579,
  "s0_rotational_constant_b": 0.0748605,
  "s0_rotational_constant_c": 0.1532142,
  "s1_rotational_constant_a": 0.0620046,
  "s1_rotational_constant_b": 0.0762232,
  "s1_rotational_constant_c": 0.1457451,
  "s0_rays_asymmetry_parameter": 0.7060060115637141,
  "s1_rays_asymmetry_parameter": 0.6604128229470803,
  "s0_volume": 678.98588,
  "s1_volume": 678.5341,
  "delta_volume": -0.4517799999999852,
  "s0_homo_lumo_gap": 2.6373053258554164,
  "s1_homo_lumo_gap": 0.823862670840545,
  "delta_gap": -1.8134426550148715,
  "s0_dihedral_avg": 89.07678665840439,
  "s1_dihedral_avg": 89.80663842201719,
  "delta_dihedral": 0.7298517636127997,
  "delta_dipole": {
    "element": [
      "C",
      "O",
      "C",
      "C",
      "C",
      "C",
      "C",
      "C",
      "C",
      "C",
      "C",
      "C",
      "C",
      "C",
      "S",
      "O",
      "O",
      "C",
      "C",
      "C",
      "C",
      "C",
      "O",
      "C",
      "C",
      "C",
      "C",
      "C",
      "C",
      "C",
      "C",
      "C",
      "C",
      "S",
      "O",
      "O",
      "C",
      "C",
      "H",
      "H",
      "H",
      "H",
      "H",
      "H",
      "H",
      "H",
      "H",
      "H",
      "H",
      "H",
      "H",
      "H",
      "H",
      "H",
      "H",
      "H",
      "H",
      "H",
      "H",
      "H",
      "H",
      "H"
    ],
    "charge_variation": [
      -0.008628999999999998,
      0.021075999999999984,
      0.015199999999999991,
      -0.027454000000000006,
      0.002044999999999998,
      0.0019570000000000004,
      0.004792999999999992,
      0.0023180000000000006,
      0.041749999999999995,
      -0.012692000000000002,
      0.01829,
      -0.005141,
      0.027582000000000002,
      -0.028553,
      -0.039953999999999934,
      -0.01102000000000003,
      -0.0022240000000000038,
      0.0010830000000000006,
      -0.0019589999999999885,
      -0.0014370000000000008,
      -0.00044199999999999795,
      0.0023340000000000583,
      0.002742000000000022,
      9.999999999998899e-05,
      8.199999999999874e-05,
      0.001203,
      0.0016780000000000059,
      0.004069999999999997,
      0.003047000000000001,
      0.0001820000000000003,
      -0.0025559999999999992,
      0.0026970000000000015,
      -0.003804000000000002,
      0.021344999999999947,
      -0.02042900000000003,
      -0.003967000000000054,
      0.027705999999999998,
      -0.012104000000000004,
      0.006041,
      -0.00134,
      0.005011999999999999,
      -0.0042210000000000025,
      -0.0036850000000000008,
      -0.0011970000000000036,
      0.003800999999999999,
      0.009238000000000003,
      0.001902000000000001,
      0.005427999999999995,
      -0.004746999999999994,
      0.000903000000000001,
      0.00018399999999999927,
      0.0009919999999999998,
      0.0003839999999999989,
      0.00043899999999999495,
      -0.0006870000000000001,
      -0.018574999999999994,
      -0.0002909999999999996,
      -0.0017300000000000024,
      -0.0008239999999999983,
      -0.0013130000000000017,
      -0.011139000000000003,
      -0.005486000000000005
    ]
  },
  "excitation_energy": "0.9550",
  "exciting_path_mean_volume": 678.6548166666666,
  "s0_bonds_avg": 1.3299866240714708,
  "s1_bonds_avg": 1.3312800727357352,
  "delta_bonds": 0.001293448664264396,
  "s0_angles_avg": 115.6650330263452,
  "s1_angles_avg": 115.64071989105511,
  "delta_angles": -0.024313135290086052
}