{"charge": {"element": ["N", "C", "C", "C", "C", "C", "C", "C", "C", "C", "C", "C", "C", "C", "C", "C", "C", "C", "C", "C", "C", "C", "C", "C", "N", "C", "C", "C", "C", "C", "C", "C", "C", "C", "C", "C", "C", "C", "C", "C", "C", "C", "C", "C", "C", "C", "C", "C", "C", "C", "C", "H", "H", "H", "H", "H", "H", "H", "H", "H", "H", "H", "H", "H", "H", "H", "H", "H", "H", "H", "H", "H", "H", "H", "H", "H", "H", "H", "H", "H", "H", "H", "H", "H", "H"], "charge_variation": [-0.02668499999999996, 0.014394000000000018, -0.022219999999999997, 0.010044, -0.004141999999999993, -0.0009170000000000011, 0.0011219999999999997, 0.0007660000000000028, 0.0006430000000000012, -0.001468999999999998, -0.0005259999999999987, 4.29999999999979e-05, 0.0010490000000000013, 0.0010529999999999984, -6.199999999999262e-05, 0.0022860000000000033, 0.000900999999999999, 0.0006139999999999965, 0.0018329999999999944, -0.0005780000000000091, 0.003356999999999999, -0.001356000000000003, 0.005764000000000019, -0.011247000000000007, 0.04037899999999994, -0.003245999999999971, -0.012494000000000005, 0.0034030000000000006, -0.007731999999999989, 0.0030739999999999995, -0.009933999999999998, -0.003304000000000029, -0.01225699999999999, 0.003366, -0.007425000000000001, 0.0028910000000000003, -0.009343999999999991, 0.00586600000000001, -0.001337999999999999, 0.002118999999999996, 0.0003150000000000028, 7.999999999994123e-06, 0.0036539999999999975, -0.0010509999999999964, -0.0007000000000000062, 0.00040899999999999964, 2.5999999999998247e-05, 0.0016690000000000003, 0.0019249999999999962, -0.000907000000000005, 0.005804999999999998, 0.0016610000000000028, 0.0019349999999999992, 0.0024249999999999966, -0.000168999999999999, 0.00011999999999999858, 0.00037900000000000086, 8.79999999999978e-05, 0.00041200000000000264, 0.0006229999999999986, -0.00014699999999999436, 0.001243000000000001, 0.0007030000000000022, -2.6999999999999247e-05, 0.0003709999999999998, -0.00010999999999999899, 0.00047499999999999973, 0.0016019999999999993, -3.600000000000131e-05, 0.00041199999999999917, -0.00011599999999999805, 0.0005299999999999992, 0.0015980000000000022, 0.0005909999999999943, 0.0013049999999999937, -0.00032999999999999696, 0.0008030000000000016, 0.00039000000000000146, -0.00019200000000000467, 7.599999999999968e-05, 0.0006029999999999994, -5.7000000000001494e-05, 0.0004190000000000027, 0.0008840000000000028, 0.001691000000000005]}, "ground_state": {"HOMO-LUMO": 1.7765930021878424, "structure": {"bonds": 1.262757014058913, "angles": 121.7900342967208, "DA": 5.084427473990922}, "rotational_constant": {"A": 0.0157917, "B": 0.0170536, "C": 0.1211336}, "rays_asymmetry_parameter": 0.9760418219151165, "volume": 946.97593}, "excited_state": {"HOMO-LUMO": 1.3991384871278165, "structure": {"bonds": 1.2942142284201086, "angles": 120.40025935191127, "DA": 7.914963207299853}, "rotational_constant": {"A": 0.0158952, "B": 0.01716, "C": 0.1200582}, "rays_asymmetry_parameter": 0.9757149851674778, "excited_energy": "1.6229", "volume": 946.03396}, "exciting_path_mean_volume": 946.3804399999999}