{
  "charge": {
    "element": [
      "F",
      "B",
      "F",
      "N",
      "C",
      "C",
      "C",
      "C",
      "C",
      "C",
      "C",
      "C",
      "C",
      "C",
      "C",
      "C",
      "C",
      "C",
      "C",
      "N",
      "H",
      "H",
      "H",
      "H",
      "H",
      "H",
      "H",
      "H",
      "H",
      "H",
      "H"
    ],
    "charge_variation": [
      -0.004090000000000038,
      0.00582399999999994,
      -0.004338999999999982,
      -0.06675199999999998,
      0.010021000000000002,
      -0.04569500000000001,
      -0.057218000000000005,
      0.04450899999999999,
      0.009707999999999994,
      -0.0009580000000000005,
      0.012560000000000002,
      -0.00022000000000000144,
      0.009757,
      -0.0006290000000000011,
      0.0009910000000000058,
      0.024725999999999998,
      0.0005659999999999971,
      0.011355000000000004,
      0.02515600000000001,
      -0.00714999999999999,
      -0.000893999999999999,
      0.0078089999999999965,
      0.007331999999999998,
      0.0063479999999999995,
      0.0011550000000000032,
      0.0020620000000000013,
      0.0005940000000000042,
      0.002023999999999998,
      0.003129,
      0.001025000000000005,
      0.0012900000000000064
    ]
  },
  "ground_state": {
    "HOMO-LUMO": 1.6006387671338356,
    "charge": {
      "element": [
        "F",
        "B",
        "F",
        "N",
        "C",
        "C",
        "C",
        "C",
        "C",
        "C",
        "C",
        "C",
        "C",
        "C",
        "C",
        "C",
        "C",
        "C",
        "C",
        "N",
        "H",
        "H",
        "H",
        "H",
        "H",
        "H",
        "H",
        "H",
        "H",
        "H",
        "H"
      ],
      "charge": [
        -0.518571,
        0.733373,
        -0.51858,
        -0.252855,
        0.275216,
        -0.14658,
        -0.124849,
        0.202649,
        0.061544,
        0.039923,
        -0.054486,
        -0.015808,
        -0.019192,
        -0.015797,
        -0.054676,
        0.20184,
        -0.124083,
        -0.145911,
        0.275322,
        -0.250775,
        0.044773,
        0.048592,
        0.046639,
        0.035896,
        0.033885,
        0.03275,
        0.033884,
        0.035831,
        0.046589,
        0.048517,
        0.044943
      ]
    },
    "structure": {
      "bonds": 1.2978230903711765,
      "angles": 118.88980799010693,
      "DA": 89.87948564736205
    },
    "rotational_constant": {
      "A": 0.2054008,
      "B": 0.2843915,
      "C": 0.5832848
    },
    "rays_asymmetry_parameter": 0.5819314922039567,
    "volume": 347.30849
  },
  "excited_state": {
    "HOMO-LUMO": 1.3840497760861776,
    "charge": {
      "element": [
        "F",
        "B",
        "F",
        "N",
        "C",
        "C",
        "C",
        "C",
        "C",
        "C",
        "C",
        "C",
        "C",
        "C",
        "C",
        "C",
        "C",
        "C",
        "C",
        "N",
        "H",
        "H",
        "H",
        "H",
        "H",
        "H",
        "H",
        "H",
        "H",
        "H",
        "H"
      ],
      "charge": [
        -0.522661,
        0.739197,
        -0.522919,
        -0.319607,
        0.285237,
        -0.192275,
        -0.182067,
        0.247158,
        0.071252,
        0.038965,
        -0.041926,
        -0.016028,
        -0.009435,
        -0.016426,
        -0.053685,
        0.226566,
        -0.123517,
        -0.134556,
        0.300478,
        -0.257925,
        0.043879,
        0.056401,
        0.053971,
        0.042244,
        0.03504,
        0.034812,
        0.034478,
        0.037855,
        0.049718,
        0.049542,
        0.046233
      ]
    },
    "structure": {
      "bonds": 1.3030684795635294,
      "angles": 118.88431965754306,
      "DA": 89.77673087551254
    },
    "rotational_constant": {
      "A": 0.2019374,
      "B": 0.2823363,
      "C": 0.5810103
    },
    "rays_asymmetry_parameter": 0.5758129900607508,
    "excited_energy": "1.7994",
    "volume": 347.16609
  },
  "exciting_path_mean_volume": 346.8541216666667
}