{
  "s0_rotational_constant_a": 0.0070619,
  "s0_rotational_constant_b": 0.0076203,
  "s0_rotational_constant_c": 0.0543998,
  "s1_rotational_constant_a": 0.0070546,
  "s1_rotational_constant_b": 0.0077496,
  "s1_rotational_constant_c": 0.0540559,
  "s0_rays_asymmetry_parameter": 0.9764079099410833,
  "s1_rays_asymmetry_parameter": 0.9704263499094705,
  "s0_volume": 1375.2874,
  "s1_volume": 1372.12479,
  "delta_volume": -3.1626099999998587,
  "s0_homo_lumo_gap": 1.17556161331101,
  "s1_homo_lumo_gap": 0.8992436398712904,
  "delta_gap": -0.27631797343971964,
  "s0_dihedral_avg": 91.87696829214009,
  "s1_dihedral_avg": 91.6963219436293,
  "delta_dihedral": -0.1806463485107912,
  "delta_dipole": {
    "element": [
      "C",
      "C",
      "C",
      "C",
      "C",
      "C",
      "C",
      "C",
      "C",
      "C",
      "C",
      "C",
      "C",
      "N",
      "C",
      "C",
      "C",
      "C",
      "C",
      "C",
      "C",
      "C",
      "C",
      "C",
      "C",
      "C",
      "C",
      "C",
      "S",
      "C",
      "C",
      "C",
      "C",
      "C",
      "C",
      "S",
      "C",
      "C",
      "C",
      "C",
      "C",
      "N",
      "C",
      "C",
      "C",
      "C",
      "C",
      "C",
      "C",
      "C",
      "C",
      "C",
      "C",
      "C",
      "C",
      "C",
      "C",
      "C",
      "C",
      "C",
      "C",
      "C",
      "C",
      "C",
      "C",
      "N",
      "S",
      "N",
      "C",
      "H",
      "H",
      "H",
      "H",
      "H",
      "H",
      "H",
      "H",
      "H",
      "H",
      "H",
      "H",
      "H",
      "H",
      "H",
      "H",
      "H",
      "H",
      "H",
      "H",
      "H",
      "H",
      "H",
      "H",
      "H",
      "H",
      "H",
      "H",
      "H",
      "H",
      "H",
      "H",
      "H",
      "H",
      "H",
      "H",
      "H",
      "H",
      "H",
      "H",
      "H",
      "H",
      "H",
      "H",
      "H",
      "H",
      "H",
      "H",
      "H",
      "H",
      "H",
      "H",
      "H",
      "H",
      "H",
      "H",
      "H",
      "H"
    ],
    "charge_variation": [
      5.200000000001037e-05,
      -0.00027399999999999994,
      -0.00036700000000000274,
      0.00011000000000000593,
      -8.400000000000074e-05,
      0.0003280000000000019,
      -0.003020000000000002,
      0.001578999999999997,
      -0.0044470000000000065,
      0.004969999999999999,
      -0.0013759999999999953,
      0.005942000000000003,
      -0.002956000000000014,
      -0.0007489999999999997,
      0.0018730000000000135,
      -0.002460999999999991,
      0.000725,
      -0.0027370000000000033,
      0.0011159999999999998,
      -0.0041100000000000025,
      0.0013759999999999883,
      -0.0034170000000000034,
      0.0008929999999999997,
      -0.0021979999999999916,
      0.00045200000000000014,
      -0.001809000000000005,
      0.005791999999999992,
      -0.002674999999999997,
      0.002717999999999998,
      0.007013999999999999,
      -0.005413000000000001,
      -6.30000000000075e-05,
      0.004602999999999996,
      -0.005900999999999998,
      0.008007,
      0.004535999999999998,
      -0.007097000000000006,
      -0.002013000000000001,
      -0.0009629999999999986,
      -0.0049939999999999984,
      -0.008159000000000027,
      0.03540700000000002,
      -0.005448000000000008,
      -0.002112999999999976,
      0.0005799999999999998,
      -0.0015340000000000076,
      0.0008149999999999998,
      -0.0038839999999999986,
      -0.005835000000000035,
      -0.003145999999999982,
      0.0005510000000000003,
      -0.0010669999999999985,
      0.000438,
      -0.0015109999999999846,
      -0.004469000000000001,
      -0.0009280000000000052,
      -0.00037699999999998846,
      -0.004866000000000002,
      0.0038699999999999984,
      -0.006644000000000004,
      0.0023929999999999993,
      0.0005030000000000034,
      -0.0026879999999999994,
      0.001231999999999997,
      0.009470000000000034,
      -0.04172100000000001,
      0.06180599999999992,
      -0.02856599999999998,
      0.0072810000000000374,
      -0.0002970000000000021,
      0.0003170000000000013,
      3.300000000000178e-05,
      0.00022900000000000004,
      0.0,
      -2.2000000000001185e-05,
      0.0004299999999999998,
      -0.00035500000000000115,
      -3.9999999999970615e-06,
      0.0006289999999999976,
      -0.0003109999999999988,
      -0.0003559999999999987,
      0.00018500000000000114,
      -4.699999999999843e-05,
      0.00048200000000000326,
      -0.00015899999999999942,
      0.0004299999999999998,
      -0.00036600000000000174,
      8.299999999999974e-05,
      -0.0004559999999999981,
      -0.00040699999999999764,
      -0.0002649999999999944,
      -0.00035099999999999715,
      1.9999999999999185e-05,
      -0.00030100000000000265,
      0.0004590000000000011,
      -0.00019399999999999973,
      -8.400000000000074e-05,
      0.0013999999999999985,
      0.0004390000000000019,
      0.0009170000000000011,
      0.0001260000000000011,
      0.0009609999999999966,
      0.0007489999999999997,
      -0.00018900000000000167,
      0.0006680000000000019,
      0.00032000000000000084,
      0.000337999999999998,
      0.0007290000000000005,
      -0.0002160000000000009,
      0.0008179999999999993,
      0.0010850000000000026,
      -9.699999999999986e-05,
      0.0006909999999999972,
      -0.0008319999999999994,
      -0.0013810000000000003,
      -0.0022769999999999978,
      0.0022070000000000006,
      0.0014359999999999998,
      -0.002260999999999999,
      -0.001178000000000002,
      0.001021000000000001,
      -0.0004320000000000001,
      0.0017180000000000008,
      0.0006090000000000019,
      -0.0001889999999999982,
      -0.00046199999999999714,
      -0.0003949999999999995
    ]
  },
  "excitation_energy": "1.0400",
  "exciting_path_mean_volume": 1372.6151516666666,
  "s0_bonds_avg": 1.2850462284363973,
  "s1_bonds_avg": 1.2927063378819117,
  "s0_angles_avg": 116.34014260932867,
  "s1_angles_avg": 116.31827431030678,
  "delta_bonds": 0.007660109445514429,
  "delta_angles": -0.02186829902188947
}