{"charge": {"element": ["C", "O", "C", "C", "C", "C", "O", "C", "C", "N", "C", "C", "C", "C", "C", "C", "S", "C", "H", "H", "H", "H", "H", "H", "H", "H", "H", "H", "H"], "charge_variation": [-0.0020210000000000505, 0.014990000000000003, -0.0021619999999999973, -0.025188000000000002, -0.016147999999999996, -0.008863999999999983, -0.011354000000000086, 0.028552999999999995, -0.038740999999999914, 0.00389000000000006, 0.008664999999999978, -0.0031819999999999904, 0.006195999999999997, -0.0017589999999999967, -0.002924999999999997, -0.005334000000000005, 0.04330400000000001, 0.0006309999999999927, 0.0027600000000000003, 0.0028249999999999994, 0.0004860000000000003, 0.0009950000000000028, 0.00035099999999999715, 0.005135000000000001, 0.002489000000000005, 0.00032400000000000484, 0.0013869999999999993, 0.0010730000000000045, -0.006379000000000003]}, "ground_state": {"HOMO-LUMO": 1.8830357632006094, "structure": {"bonds": 1.3033144715587095, "angles": 117.52315020352454, "DA": -13.438656671922399}, "rotational_constant": {"A": 0.1711551, "B": 0.2120632, "C": 0.8820736}, "rays_asymmetry_parameter": 0.8849147968438014, "volume": 338.37517}, "excited_state": {"HOMO-LUMO": 1.5376253709947485, "structure": {"bonds": 1.3114117331700001, "angles": 117.49474786710876, "DA": 2.679321682209376}, "rotational_constant": {"A": 0.1690952, "B": 0.2080138, "C": 0.8984232}, "rays_asymmetry_parameter": 0.8932754535682161, "excited_energy": "2.2449", "volume": 338.95276}, "exciting_path_mean_volume": 338.653665}