{"charge": {"element": ["C", "C", "C", "C", "N", "C", "C", "C", "C", "C", "C", "C", "C", "C", "C", "C", "C", "C", "C", "C", "C", "C", "C", "C", "C", "C", "C", "C", "C", "C", "C", "C", "C", "C", "N", "S", "N", "C", "C", "C", "C", "C", "H", "H", "H", "H", "H", "H", "H", "H", "H", "H", "H", "H", "H", "H", "H", "H", "H", "H", "H", "H", "H", "H", "H", "H", "H"], "charge_variation": [-0.01428900000000001, 0.003933000000000001, -0.014757999999999993, 0.0006239999999999579, 0.03831500000000004, -0.00021499999999996522, -0.014818999999999999, 0.003458, -0.01404000000000001, 0.005051, -0.018231999999999998, -0.017898999999999998, 0.016712000000000005, -0.013061999999999997, 0.021159000000000004, -0.008802999999999998, 0.006631999999999999, 0.0005570000000000019, 0.007018, -0.0007950000000000006, 0.0018330000000000013, -0.0004590000000000011, 0.0007399999999999976, -0.0018259999999999943, 0.0006909999999999972, 0.00015400000000000136, 0.0005540000000000128, 0.0001890000000000086, 0.0011009999999999978, 0.0006950000000000012, 0.00012099999999999611, -0.00036899999999999433, 0.00032299999999998996, 0.008143000000000011, -0.018786999999999998, 0.05629200000000001, -0.039729000000000014, 0.010232999999999992, -0.0039010000000000017, 0.018440999999999985, -0.01996300000000001, 0.005096, -0.0003990000000000035, -0.0003459999999999991, 0.0023120000000000016, 0.0022210000000000008, -0.0002909999999999996, -0.000503, -0.0005339999999999998, 0.0005329999999999988, -0.0009110000000000021, -0.004629999999999995, -0.004081000000000001, 0.0003449999999999981, 0.0006390000000000007, 0.00018900000000000167, 0.0010459999999999983, 0.00010800000000000393, 6.800000000000209e-05, 0.0003119999999999998, 0.00023899999999999963, -6.000000000002531e-06, -2.7000000000006186e-05, -0.0004580000000000001, -0.0001820000000000016, -0.0010630000000000014, -0.0006999999999999992]}, "ground_state": {"HOMO-LUMO": 1.0751053562281974, "structure": {"bonds": 1.299520482386351, "angles": 119.66700061206859, "DA": -5.723777523737096}, "rotational_constant": {"A": 0.026985, "B": 0.0303981, "C": 0.191315}, "rays_asymmetry_parameter": 0.9584604150185604, "volume": 759.88293}, "excited_state": {"HOMO-LUMO": 0.7940362755786143, "structure": {"bonds": 1.3072956657452701, "angles": 119.64653646948582, "DA": -8.12711676461491}, "rotational_constant": {"A": 0.0275376, "B": 0.0306091, "C": 0.1893842}, "rays_asymmetry_parameter": 0.9620443061516275, "excited_energy": "0.9273", "volume": 762.17803}, "exciting_path_mean_volume": 760.9680833333332}