{
  "s0_rotational_constant_a": 0.0188007,
  "s0_rotational_constant_b": 0.0213979,
  "s0_rotational_constant_c": 0.1274984,
  "s1_rotational_constant_a": 0.0199084,
  "s1_rotational_constant_b": 0.0216008,
  "s1_rotational_constant_c": 0.116958,
  "s0_rays_asymmetry_parameter": 0.9522124203180012,
  "s1_rays_asymmetry_parameter": 0.9651229886573462,
  "s0_volume": 763.22961,
  "s1_volume": 764.26714,
  "delta_volume": 1.0375300000000607,
  "s0_homo_lumo_gap": 1.0678698498874013,
  "s1_homo_lumo_gap": 0.486153099599127,
  "delta_gap": -0.5817167502882743,
  "s0_dihedral_avg": 1.8851036722835892,
  "s1_dihedral_avg": -3.003966951458681,
  "delta_dihedral": -4.8890706237422705,
  "delta_dipole": null,
  "excitation_energy": "0.6152",
  "exciting_path_mean_volume": 763.1421649999999,
  "s0_bonds_avg": 1.316611350775286,
  "s1_bonds_avg": 1.3137939368305713,
  "s0_angles_avg": 118.08938523867087,
  "s1_angles_avg": 118.08893904144989
}