{
  "s0_rotational_constant_a": 0.1119346,
  "s0_rotational_constant_b": 0.1251244,
  "s0_rotational_constant_c": 1.025051,
  "s1_rotational_constant_a": 0.1115915,
  "s1_rotational_constant_b": 0.1248045,
  "s1_rotational_constant_c": 1.0114405,
  "s0_rays_asymmetry_parameter": 0.9711103644617488,
  "s1_rays_asymmetry_parameter": 0.9706328506227155,
  "s0_volume": 398.78733,
  "s1_volume": 400.27959,
  "delta_volume": 1.4922599999999875,
  "s0_homo_lumo_gap": 2.3111905242710633,
  "s1_homo_lumo_gap": 1.7195307351827611,
  "delta_gap": -0.5916597890883022,
  "s0_dihedral_avg": 11.728776139840358,
  "s1_dihedral_avg": 3.539590018869446,
  "delta_dihedral": -8.189186120970913,
  "delta_dipole": null,
  "excitation_energy": "2.1531",
  "exciting_path_mean_volume": 399.1267316666667,
  "s0_bonds_avg": 1.2692209937056411,
  "s1_bonds_avg": 1.2733267287935897,
  "s0_angles_avg": 116.89506639205841,
  "s1_angles_avg": 117.14883460822908
}