{
  "s0_rotational_constant_a": 0.0238584,
  "s0_rotational_constant_b": 0.0283507,
  "s0_rotational_constant_c": 0.0797582,
  "s1_rotational_constant_a": 0.0238379,
  "s1_rotational_constant_b": 0.028377,
  "s1_rotational_constant_c": 0.081274,
  "s0_rays_asymmetry_parameter": 0.8392731279897245,
  "s1_rays_asymmetry_parameter": 0.84194261100597,
  "s0_volume": 1045.45565,
  "s1_volume": 1039.0695,
  "delta_volume": -6.386150000000043,
  "s0_homo_lumo_gap": 2.1084221938871535,
  "s1_homo_lumo_gap": 1.2714681274070547,
  "delta_gap": -0.8369540664800987,
  "s0_dihedral_avg": 90.33776445159538,
  "s1_dihedral_avg": 90.4445668816769,
  "delta_dihedral": 0.10680243008152956,
  "delta_dipole": {
    "element": [
      "C",
      "C",
      "N",
      "C",
      "C",
      "C",
      "C",
      "C",
      "C",
      "C",
      "C",
      "C",
      "C",
      "C",
      "C",
      "C",
      "C",
      "C",
      "C",
      "C",
      "C",
      "C",
      "C",
      "C",
      "C",
      "C",
      "C",
      "C",
      "C",
      "C",
      "C",
      "C",
      "C",
      "C",
      "C",
      "C",
      "C",
      "C",
      "C",
      "C",
      "C",
      "C",
      "C",
      "C",
      "C",
      "C",
      "C",
      "C",
      "C",
      "C",
      "C",
      "C",
      "C",
      "C",
      "C",
      "H",
      "H",
      "H",
      "H",
      "H",
      "H",
      "H",
      "H",
      "H",
      "H",
      "H",
      "H",
      "H",
      "H",
      "H",
      "H",
      "H",
      "H",
      "H",
      "H",
      "H",
      "H",
      "H",
      "H",
      "H",
      "H",
      "H",
      "H",
      "H",
      "H",
      "H",
      "H",
      "H",
      "H",
      "H",
      "H",
      "H",
      "H",
      "H",
      "H",
      "H"
    ],
    "charge_variation": [
      0.0011140000000000039,
      -0.0030489999999999684,
      0.020996000000000015,
      -0.02030000000000004,
      0.012226999999999988,
      -0.004590000000000004,
      0.01287,
      -0.006725999999999999,
      0.004192000000000001,
      -0.0047790000000000055,
      -0.001808000000000004,
      -0.0002339999999999981,
      -0.0010280000000000011,
      -0.0008380000000000019,
      -0.0004669999999999952,
      -0.000667999999999988,
      -0.0013869999999999993,
      -0.00017299999999999954,
      -0.0019419999999999993,
      0.0013940000000000029,
      -0.0015919999999999962,
      -0.0011390000000000011,
      -0.0025000000000000022,
      0.0029429999999999977,
      -0.0038609999999999964,
      0.001797,
      -0.004821000000000006,
      -0.0022729999999999972,
      0.010671999999999997,
      -0.012405,
      0.0045499999999999985,
      -0.012166000000000001,
      0.009272,
      -0.017463000000000006,
      0.0037869999999999987,
      -0.003931000000000004,
      -0.0006080000000000009,
      -0.004119999999999999,
      0.00010700000000000293,
      -0.00592899999999999,
      0.004195999999999991,
      -0.004844000000000001,
      -0.00048000000000000126,
      -0.005708000000000005,
      5.8000000000002494e-05,
      -0.006318999999999991,
      0.0005970000000000003,
      -0.0015200000000000005,
      -0.002728999999999999,
      0.0011600000000000013,
      -0.001294,
      0.0009279999999999983,
      0.011918999999999999,
      -0.012372999999999995,
      0.014761000000000024,
      9.299999999999933e-05,
      0.0009510000000000005,
      0.00016400000000000095,
      8.600000000000014e-05,
      0.0014000000000000002,
      0.00027899999999999453,
      0.003206999999999998,
      0.0014279999999999987,
      -0.00011999999999999858,
      0.0020030000000000013,
      0.00021800000000000291,
      0.0034929999999999996,
      0.0018899999999999993,
      -0.00021700000000000191,
      0.0017719999999999993,
      -0.00042299999999999977,
      0.001402000000000004,
      0.002467000000000004,
      -0.0005509999999999994,
      0.0026219999999999993,
      -0.0006819999999999986,
      0.0019969999999999988,
      0.002238999999999998,
      0.0023909999999999973,
      0.0017529999999999976,
      -0.0005719999999999996,
      -0.0004430000000000024,
      -0.00043199999999999836,
      0.0004009999999999986,
      0.0018829999999999993,
      -0.00043400000000000036,
      -0.0001339999999999987,
      -0.000562,
      0.0004889999999999999,
      0.0010299999999999997,
      0.0012499999999999976,
      -0.0006689999999999995,
      0.0006180000000000005,
      0.0008350000000000024,
      0.0028439999999999993,
      0.0005500000000000019
    ]
  },
  "excitation_energy": "1.5185",
  "exciting_path_mean_volume": 1041.6665583333333,
  "s0_bonds_avg": 1.277346319971827,
  "s1_bonds_avg": 1.2848249648067307,
  "delta_bonds": 0.0074786448349037915,
  "s0_angles_avg": 119.25678913320343,
  "s1_angles_avg": 119.25357587866816,
  "delta_angles": -0.0032132545352681063
}