{
  "s0_rotational_constant_a": 0.0176719,
  "s0_rotational_constant_b": 0.0199605,
  "s0_rotational_constant_c": 0.1278694,
  "s1_rotational_constant_a": 0.0183341,
  "s1_rotational_constant_b": 0.0204503,
  "s1_rotational_constant_c": 0.1289222,
  "s0_rays_asymmetry_parameter": 0.9584636675060687,
  "s1_rays_asymmetry_parameter": 0.9617282510505198,
  "s0_volume": 869.8355,
  "s1_volume": 871.35968,
  "delta_volume": 1.5241800000000012,
  "s0_homo_lumo_gap": 1.1039058824075862,
  "s1_homo_lumo_gap": 0.7214227040463976,
  "delta_gap": -0.3824831783611886,
  "s0_dihedral_avg": 0.7093066725352452,
  "s1_dihedral_avg": -6.784779244763957,
  "delta_dihedral": -7.494085917299202,
  "delta_dipole": null,
  "excitation_energy": "0.9096",
  "exciting_path_mean_volume": 870.2671399999999,
  "s0_bonds_avg": 1.282832836315119,
  "s1_bonds_avg": 1.2850091397248808,
  "s0_angles_avg": 117.90814598261979,
  "s1_angles_avg": 117.89585645310105
}