{
  "s0_rotational_constant_a": 0.0101612,
  "s0_rotational_constant_b": 0.0105353,
  "s0_rotational_constant_c": 0.0604609,
  "s1_rotational_constant_a": 0.009898,
  "s1_rotational_constant_b": 0.0104088,
  "s1_rotational_constant_c": 0.0668242,
  "s0_rays_asymmetry_parameter": 0.9851251597922056,
  "s1_rays_asymmetry_parameter": 0.9820539575801652,
  "s0_volume": 1295.0077,
  "s1_volume": 1297.53731,
  "delta_volume": 2.5296099999998205,
  "s0_homo_lumo_gap": 1.2582297903074022,
  "s1_homo_lumo_gap": 0.2671776703939357,
  "delta_gap": -0.9910521199134665,
  "s0_dihedral_avg": 91.9269242847259,
  "s1_dihedral_avg": 91.80281438562513,
  "delta_dihedral": -0.12410989910077319,
  "delta_dipole": {
    "element": [
      "C",
      "C",
      "C",
      "C",
      "C",
      "C",
      "C",
      "C",
      "C",
      "C",
      "C",
      "C",
      "C",
      "C",
      "C",
      "C",
      "C",
      "O",
      "C",
      "C",
      "C",
      "C",
      "N",
      "C",
      "C",
      "C",
      "C",
      "C",
      "C",
      "O",
      "C",
      "C",
      "C",
      "C",
      "C",
      "C",
      "C",
      "C",
      "C",
      "C",
      "C",
      "C",
      "C",
      "C",
      "C",
      "C",
      "O",
      "C",
      "C",
      "C",
      "C",
      "N",
      "C",
      "C",
      "C",
      "C",
      "C",
      "C",
      "O",
      "C",
      "C",
      "C",
      "C",
      "C",
      "C",
      "C",
      "C",
      "C",
      "C",
      "H",
      "H",
      "H",
      "H",
      "H",
      "H",
      "H",
      "H",
      "H",
      "H",
      "H",
      "H",
      "H",
      "H",
      "H",
      "H",
      "H",
      "H",
      "H",
      "H",
      "H",
      "H",
      "H",
      "H",
      "H",
      "H",
      "H",
      "H",
      "H",
      "H",
      "H",
      "H",
      "H",
      "H",
      "H",
      "H",
      "H",
      "H",
      "H",
      "H",
      "H",
      "H",
      "H",
      "H",
      "H",
      "H",
      "H",
      "H",
      "H",
      "H",
      "H",
      "H",
      "H",
      "H",
      "H",
      "H"
    ],
    "charge_variation": [
      -0.0010639999999999955,
      0.0009410000000000009,
      0.00015799999999999842,
      0.0035099999999999992,
      -0.001004999999999999,
      0.002236000000000002,
      -0.0027309999999999973,
      0.0015319999999999986,
      -0.0006350000000000036,
      0.005665,
      -0.0017779999999999983,
      0.002211000000000001,
      0.00010200000000000486,
      0.004128,
      0.0010420000000000013,
      -0.00040799999999999864,
      0.003051000000000026,
      -0.007803000000000004,
      0.016051999999999997,
      -0.0024470000000000047,
      0.011896999999999991,
      -0.017984,
      0.04507800000000006,
      -0.009672999999999987,
      -0.011004000000000014,
      -0.003988000000000005,
      -0.008593000000000003,
      -0.0024990000000000012,
      -0.005141000000000007,
      0.022136999999999962,
      -0.008506000000000014,
      -0.004292999999999991,
      -0.014750999999999993,
      0.0011579999999999993,
      -0.00960999999999998,
      -0.008458000000000021,
      0.013441000000000008,
      -0.022925,
      0.016188,
      -0.0036590000000000095,
      0.010410999999999997,
      0.007720000000000005,
      -0.00046700000000000214,
      0.008775999999999992,
      0.0015800000000000015,
      -0.0006350000000000522,
      -0.013375000000000026,
      0.009196000000000003,
      -0.003817000000000001,
      0.006440000000000001,
      -0.0043219999999999925,
      -0.0031919999999999726,
      0.006207000000000018,
      -0.006384000000000001,
      0.00018299999999999567,
      -0.003936000000000002,
      -0.0008920000000000039,
      -0.0007690000000000197,
      -0.0009669999999999956,
      -0.0019750000000000045,
      -0.0006940000000000002,
      -0.004173000000000003,
      0.0017829999999999999,
      -0.004193000000000002,
      0.005327000000000026,
      0.00719199999999999,
      -0.009326,
      0.011914000000000001,
      -0.0032740000000000026,
      -5.4999999999999494e-05,
      -0.0013220000000000003,
      0.0013859999999999983,
      -0.0015090000000000034,
      0.0013869999999999993,
      0.000612999999999999,
      -0.0015429999999999992,
      0.0012029999999999992,
      0.0001999999999999988,
      -0.001301,
      0.00045500000000000054,
      -0.002307,
      0.0021839999999999984,
      0.0003969999999999998,
      0.002148999999999998,
      0.0023710000000000016,
      -0.0038340000000000006,
      -0.002440000000000001,
      -0.00029699999999999865,
      0.00018199999999999814,
      0.0010819999999999996,
      0.000617000000000003,
      -0.001080000000000001,
      -0.00041300000000000017,
      0.00043500000000000136,
      5.000000000000143e-05,
      0.004637999999999996,
      0.000508999999999999,
      -0.0009650000000000006,
      -0.003806000000000004,
      -0.0017199999999999993,
      -0.0007670000000000038,
      -0.0012770000000000004,
      -0.001472000000000001,
      4.200000000000037e-05,
      -0.0009679999999999966,
      -0.0036519999999999955,
      -0.001792000000000002,
      -0.00723,
      0.0018349999999999964,
      0.0022049999999999986,
      0.0016609999999999958,
      0.003283000000000001,
      -0.0016100000000000003,
      -0.00046600000000000114,
      -0.002488999999999998,
      -0.0009370000000000003,
      -9.40000000000038e-05,
      -0.00020299999999999485,
      -0.0003229999999999969,
      -1.0000000000003062e-05,
      -0.00026299999999999935,
      -0.0006120000000000014,
      -0.0007509999999999947,
      -0.0035540000000000016,
      0.006267000000000002
    ]
  },
  "excitation_energy": "0.3073",
  "exciting_path_mean_volume": 1295.863165,
  "s0_bonds_avg": 1.2363301012968888,
  "s1_bonds_avg": 1.2788970599785927,
  "delta_bonds": 0.042566958681703904,
  "s0_angles_avg": 116.44604375274533,
  "s1_angles_avg": 116.4870757853534,
  "delta_angles": 0.0410320326080722
}