{
  "s0_rotational_constant_a": 0.0125564,
  "s0_rotational_constant_b": 0.0141345,
  "s0_rotational_constant_c": 0.0783717,
  "s1_rotational_constant_a": 0.0130594,
  "s1_rotational_constant_b": 0.0140466,
  "s1_rotational_constant_c": 0.0688411,
  "s0_rays_asymmetry_parameter": 0.952044585377564,
  "s1_rays_asymmetry_parameter": 0.9646048793780039,
  "s0_volume": 1048.44957,
  "s1_volume": 1055.27422,
  "delta_volume": 6.82465000000002,
  "s0_homo_lumo_gap": 1.7399773672417114,
  "s1_homo_lumo_gap": 0.5332151839030304,
  "delta_gap": -1.206762183338681,
  "s0_dihedral_avg": -0.445526584065223,
  "s1_dihedral_avg": 4.537487360187547,
  "delta_dihedral": 4.98301394425277,
  "delta_dipole": null,
  "excitation_energy": "0.6132",
  "exciting_path_mean_volume": 1051.9537016666668,
  "s0_bonds_avg": 1.2920248844737738,
  "s1_bonds_avg": 1.2922560749159435,
  "s0_angles_avg": 119.97137734696867,
  "s1_angles_avg": 119.97866864416727
}