{
  "s0_rotational_constant_a": 0.2279746,
  "s0_rotational_constant_b": 0.3765515,
  "s0_rotational_constant_c": 0.3765558,
  "s1_rotational_constant_a": 0.2273504,
  "s1_rotational_constant_b": 0.3692532,
  "s1_rotational_constant_c": 0.3868082,
  "s0_rays_asymmetry_parameter": -0.9999421191913913,
  "s1_rays_asymmetry_parameter": -0.7798163526650936,
  "s0_volume": 386.58009,
  "s1_volume": 388.19688,
  "delta_volume": 1.6167900000000373,
  "s0_homo_lumo_gap": 4.078945269747771,
  "s1_homo_lumo_gap": 3.3174483641666175,
  "delta_gap": -0.7614969055811533,
  "s0_dihedral_avg": 0.36780707348536756,
  "s1_dihedral_avg": -0.2878285314828304,
  "delta_dihedral": -0.655635604968198,
  "delta_dipole": null,
  "excitation_energy": "3.8347",
  "exciting_path_mean_volume": 386.8463033333334,
  "s0_bonds_avg": 1.2811838557427024,
  "s1_bonds_avg": 1.2866143559291894,
  "s0_angles_avg": 118.94763300168866,
  "s1_angles_avg": 118.94523612824571
}