{
  "s0_rotational_constant_a": 0.043201,
  "s0_rotational_constant_b": 0.0505689,
  "s0_rotational_constant_c": 0.0907094,
  "s1_rotational_constant_a": 0.0450784,
  "s1_rotational_constant_b": 0.047475,
  "s1_rotational_constant_c": 0.0948249,
  "s0_rays_asymmetry_parameter": 0.6898274831398238,
  "s1_rays_asymmetry_parameter": 0.9036474927884371,
  "s0_volume": 911.31167,
  "s1_volume": 908.80215,
  "delta_volume": -2.509520000000066,
  "s0_homo_lumo_gap": 2.4038534416923323,
  "s1_homo_lumo_gap": 1.7258220065855152,
  "delta_gap": -0.6780314351068171,
  "s0_dihedral_avg": 6.319336431604458,
  "s1_dihedral_avg": 1.2761671275701825,
  "delta_dihedral": -5.043169304034276,
  "delta_dipole": null,
  "excitation_energy": "2.0389",
  "exciting_path_mean_volume": 909.1268999999999,
  "s0_bonds_avg": 1.2863243238697801,
  "s1_bonds_avg": 1.2837690386242857,
  "s0_angles_avg": 119.93637619620024,
  "s1_angles_avg": 119.90280322402663
}