{
  "s0_rotational_constant_a": 0.0031135,
  "s0_rotational_constant_b": 0.0034322,
  "s0_rotational_constant_c": 0.0314555,
  "s1_rotational_constant_a": 0.0031123,
  "s1_rotational_constant_b": 0.0034208,
  "s1_rotational_constant_c": 0.0317076,
  "s0_rays_asymmetry_parameter": 0.9775104085809045,
  "s1_rays_asymmetry_parameter": 0.9784230275604733,
  "s0_volume": 1424.6258,
  "s1_volume": 1424.97413,
  "delta_volume": 0.34833000000003267,
  "s0_homo_lumo_gap": 0.6731143384698024,
  "s1_homo_lumo_gap": 0.34751655313394636,
  "delta_gap": -0.32559778533585604,
  "s0_dihedral_avg": 90.75600979778721,
  "s1_dihedral_avg": 90.34673431354194,
  "delta_dihedral": -0.4092754842452706,
  "delta_dipole": {
    "element": [
      "C",
      "N",
      "C",
      "C",
      "C",
      "C",
      "C",
      "C",
      "C",
      "C",
      "C",
      "C",
      "C",
      "N",
      "C",
      "C",
      "C",
      "C",
      "C",
      "C",
      "C",
      "C",
      "C",
      "C",
      "C",
      "C",
      "C",
      "C",
      "N",
      "N",
      "C",
      "C",
      "C",
      "C",
      "C",
      "C",
      "C",
      "C",
      "N",
      "C",
      "C",
      "C",
      "C",
      "C",
      "C",
      "C",
      "C",
      "C",
      "C",
      "C",
      "C",
      "C",
      "C",
      "C",
      "C",
      "C",
      "N",
      "C",
      "C",
      "C",
      "S",
      "C",
      "C",
      "C",
      "C",
      "C",
      "C",
      "C",
      "C",
      "C",
      "C",
      "C",
      "C",
      "S",
      "C",
      "C",
      "H",
      "H",
      "H",
      "H",
      "H",
      "H",
      "H",
      "H",
      "H",
      "H",
      "H",
      "H",
      "H",
      "H",
      "H",
      "H",
      "H",
      "H",
      "H",
      "H",
      "H",
      "H",
      "H",
      "H",
      "H",
      "H",
      "H",
      "H",
      "H",
      "H",
      "H",
      "H",
      "H",
      "H",
      "H",
      "H",
      "H",
      "H",
      "H",
      "H",
      "H",
      "H",
      "H",
      "H",
      "H",
      "H",
      "H",
      "H",
      "H",
      "H",
      "H",
      "H"
    ],
    "charge_variation": [
      -0.00436700000000001,
      0.022372000000000003,
      -0.005908000000000024,
      0.008027000000000006,
      -0.0036440000000000083,
      0.0026939999999999985,
      -0.006305999999999996,
      0.0037650000000000045,
      -0.009533999999999987,
      0.0114,
      -0.009504,
      0.015018000000000004,
      -0.016925999999999997,
      0.008772999999999975,
      0.0006430000000000047,
      -0.004935999999999996,
      0.00024399999999999997,
      -0.0030689999999999953,
      -0.0007359999999999997,
      -0.00026499999999998747,
      0.007879000000000025,
      -0.009853,
      0.00025999999999999635,
      -0.006837999999999997,
      -0.0005479999999999999,
      -0.0016570000000000057,
      -0.004489,
      0.003890999999999978,
      -0.005296000000000023,
      0.005677999999999961,
      -0.00017299999999997873,
      0.0015070000000000014,
      -0.0008260000000000073,
      0.003842000000000005,
      -0.0052279999999999965,
      0.0017300000000000024,
      -0.00247399999999999,
      0.016793999999999976,
      -0.04286099999999998,
      0.012792999999999999,
      -0.0010430000000000161,
      -0.000366,
      -0.0034140000000000004,
      0.000304,
      -0.005785000000000012,
      -0.005603000000000025,
      0.018135999999999985,
      -0.009378000000000001,
      0.015039999999999998,
      -0.00948199999999999,
      0.007986000000000007,
      -0.006267000000000002,
      0.014854,
      -0.0019329999999999903,
      0.003279000000000004,
      0.009551000000000032,
      -0.03279300000000002,
      0.008375999999999995,
      0.010429000000000022,
      0.0029559999999999864,
      0.005596000000000004,
      -0.009919999999999998,
      0.017980999999999997,
      -0.007110000000000005,
      0.0024139999999999995,
      -3.999999999999837e-05,
      0.0019710000000000005,
      -0.005437999999999998,
      -0.0007890000000000119,
      0.0009599999999999956,
      -0.013274999999999995,
      0.01083300000000001,
      -0.007764999999999998,
      0.0007850000000000079,
      0.00781599999999999,
      -0.005888000000000004,
      0.0011329999999999986,
      0.0007150000000000004,
      0.0012840000000000004,
      0.0007470000000000046,
      0.000677999999999998,
      0.00021000000000000185,
      0.00035500000000000115,
      0.0008290000000000033,
      -0.0001229999999999981,
      -0.0008739999999999998,
      -0.00037000000000000227,
      -0.00027599999999999847,
      0.00011499999999999705,
      0.0011689999999999964,
      0.0007730000000000029,
      0.0004620000000000041,
      0.001458999999999995,
      -0.0017029999999999962,
      -0.0002469999999999972,
      0.00010799999999999699,
      -0.0011690000000000034,
      0.001016000000000003,
      0.00034,
      -0.001009999999999997,
      -0.0002930000000000016,
      -0.001468999999999998,
      -0.0014749999999999971,
      -0.000785000000000001,
      0.0002909999999999996,
      0.0007320000000000035,
      0.002464000000000001,
      9.800000000000086e-05,
      0.0015529999999999988,
      -0.0002009999999999998,
      -0.0004590000000000011,
      -0.0009629999999999986,
      0.0015570000000000028,
      0.0002600000000000033,
      0.000446999999999996,
      -0.0008429999999999965,
      -0.0008840000000000028,
      -0.0017219999999999944,
      6.300000000000056e-05,
      0.000778999999999995,
      -0.00018900000000000167,
      0.0005089999999999956,
      0.0002960000000000046,
      -0.000667999999999995,
      -0.0012940000000000035,
      0.0005170000000000036,
      0.00046500000000000014,
      0.0007439999999999947
    ]
  },
  "excitation_energy": "0.4391",
  "exciting_path_mean_volume": 1424.0109066666666,
  "s0_bonds_avg": 1.2235225145435251,
  "s1_bonds_avg": 1.2938812031983453,
  "delta_bonds": 0.0703586886548202,
  "s0_angles_avg": 119.13103518627612,
  "s1_angles_avg": 119.11396053693893,
  "delta_angles": -0.017074649337189385
}