{
  "s0_rotational_constant_a": 0.1124802,
  "s0_rotational_constant_b": 0.1481435,
  "s0_rotational_constant_c": 0.1605675,
  "s1_rotational_constant_a": 0.111327,
  "s1_rotational_constant_b": 0.1468095,
  "s1_rotational_constant_c": 0.1635949,
  "s0_rays_asymmetry_parameter": -0.4832731303275505,
  "s1_rays_asymmetry_parameter": -0.3577166865322698,
  "s0_volume": 633.41386,
  "s1_volume": 632.93611,
  "delta_volume": -0.47775000000001455,
  "s0_homo_lumo_gap": 2.4566054258678443,
  "s1_homo_lumo_gap": 1.8119841249664823,
  "delta_gap": -0.6446213009013619,
  "s0_dihedral_avg": 90.08839015202243,
  "s1_dihedral_avg": 89.89658322883946,
  "delta_dihedral": -0.19180692318296622,
  "delta_dipole": {
    "element": [
      "C",
      "C",
      "C",
      "C",
      "C",
      "C",
      "C",
      "C",
      "C",
      "C",
      "C",
      "C",
      "C",
      "C",
      "C",
      "C",
      "C",
      "C",
      "P",
      "O",
      "C",
      "C",
      "C",
      "C",
      "C",
      "C",
      "C",
      "C",
      "C",
      "C",
      "C",
      "C",
      "H",
      "H",
      "H",
      "H",
      "H",
      "H",
      "H",
      "H",
      "H",
      "H",
      "H",
      "H",
      "H",
      "H",
      "H",
      "H",
      "H",
      "H",
      "H",
      "H",
      "H",
      "H",
      "H",
      "H",
      "H",
      "H",
      "H"
    ],
    "charge_variation": [
      -0.0019379999999999953,
      0.001136000000000005,
      0.0008849999999999969,
      0.0012549999999999992,
      0.0001820000000000016,
      0.0006540000000000018,
      3.0000000000002247e-05,
      -0.0008739999999999998,
      0.010997,
      0.0015190000000000002,
      -0.00619,
      0.000667999999999988,
      0.0011940000000000006,
      0.0032309999999999978,
      -0.004229000000000004,
      -0.0008240000000000053,
      0.0018110000000000001,
      5.6000000000000494e-05,
      -0.057862000000000004,
      0.014894000000000018,
      0.011901000000000009,
      -0.0005580000000000012,
      0.000558999999999997,
      -0.0017949999999999997,
      -0.0006110000000000004,
      -0.001451000000000001,
      -0.0012659999999999963,
      0.007821,
      -0.006432,
      0.002794,
      0.0013900000000000023,
      0.009122000000000005,
      0.0004190000000000027,
      0.0005049999999999985,
      0.0017649999999999992,
      0.0005269999999999962,
      0.0006100000000000029,
      0.0002489999999999992,
      -0.00010299999999999893,
      -0.0003119999999999998,
      0.0015019999999999999,
      0.001979999999999999,
      -0.000867999999999999,
      0.0013769999999999963,
      -3.500000000000031e-05,
      0.0013109999999999997,
      0.0006289999999999976,
      -0.00038799999999999946,
      0.0005560000000000009,
      0.00032300000000000037,
      1.6000000000002124e-05,
      -0.0005849999999999952,
      0.0004289999999999988,
      -0.0007759999999999989,
      0.00013900000000000023,
      0.00015300000000000036,
      0.0013260000000000008,
      0.0017250000000000008,
      -0.0005420000000000008
    ]
  },
  "excitation_energy": "2.3503",
  "exciting_path_mean_volume": 633.03634,
  "s0_bonds_avg": 1.3015696289444447,
  "s1_bonds_avg": 1.3065407008831744,
  "delta_bonds": 0.004971071938729699,
  "s0_angles_avg": 117.0421472624221,
  "s1_angles_avg": 117.03448660449462,
  "delta_angles": -0.007660657927488046
}