{
  "charge": {
    "element": [
      "C",
      "C",
      "C",
      "C",
      "C",
      "C",
      "C",
      "C",
      "C",
      "C",
      "C",
      "C",
      "C",
      "C",
      "C",
      "C",
      "C",
      "C",
      "P",
      "O",
      "C",
      "C",
      "C",
      "C",
      "C",
      "C",
      "C",
      "C",
      "C",
      "C",
      "C",
      "C",
      "H",
      "H",
      "H",
      "H",
      "H",
      "H",
      "H",
      "H",
      "H",
      "H",
      "H",
      "H",
      "H",
      "H",
      "H",
      "H",
      "H",
      "H",
      "H",
      "H",
      "H",
      "H",
      "H",
      "H",
      "H",
      "H",
      "H"
    ],
    "charge_variation": [
      -0.0019379999999999953,
      0.001136000000000005,
      0.0008849999999999969,
      0.0012549999999999992,
      0.0001820000000000016,
      0.0006540000000000018,
      3.0000000000002247e-05,
      -0.0008739999999999998,
      0.010997,
      0.0015190000000000002,
      -0.00619,
      0.000667999999999988,
      0.0011940000000000006,
      0.0032309999999999978,
      -0.004229000000000004,
      -0.0008240000000000053,
      0.0018110000000000001,
      5.6000000000000494e-05,
      -0.057862000000000004,
      0.014894000000000018,
      0.011901000000000009,
      -0.0005580000000000012,
      0.000558999999999997,
      -0.0017949999999999997,
      -0.0006110000000000004,
      -0.001451000000000001,
      -0.0012659999999999963,
      0.007821,
      -0.006432,
      0.002794,
      0.0013900000000000023,
      0.009122000000000005,
      0.0004190000000000027,
      0.0005049999999999985,
      0.0017649999999999992,
      0.0005269999999999962,
      0.0006100000000000029,
      0.0002489999999999992,
      -0.00010299999999999893,
      -0.0003119999999999998,
      0.0015019999999999999,
      0.001979999999999999,
      -0.000867999999999999,
      0.0013769999999999963,
      -3.500000000000031e-05,
      0.0013109999999999997,
      0.0006289999999999976,
      -0.00038799999999999946,
      0.0005560000000000009,
      0.00032300000000000037,
      1.6000000000002124e-05,
      -0.0005849999999999952,
      0.0004289999999999988,
      -0.0007759999999999989,
      0.00013900000000000023,
      0.00015300000000000036,
      0.0013260000000000008,
      0.0017250000000000008,
      -0.0005420000000000008
    ]
  },
  "ground_state": {
    "HOMO-LUMO": 2.4566054258678443,
    "charge": {
      "element": [
        "C",
        "C",
        "C",
        "C",
        "C",
        "C",
        "C",
        "C",
        "C",
        "C",
        "C",
        "C",
        "C",
        "C",
        "C",
        "C",
        "C",
        "C",
        "P",
        "O",
        "C",
        "C",
        "C",
        "C",
        "C",
        "C",
        "C",
        "C",
        "C",
        "C",
        "C",
        "C",
        "H",
        "H",
        "H",
        "H",
        "H",
        "H",
        "H",
        "H",
        "H",
        "H",
        "H",
        "H",
        "H",
        "H",
        "H",
        "H",
        "H",
        "H",
        "H",
        "H",
        "H",
        "H",
        "H",
        "H",
        "H",
        "H",
        "H"
      ],
      "charge": [
        -0.079641,
        0.060583,
        -0.060153,
        -0.028457,
        -0.067118,
        0.053077,
        -0.077459,
        -0.002023,
        0.030884,
        0.001152,
        0.003396,
        0.073385,
        -0.081223,
        -0.061457,
        -0.031256,
        -0.062057,
        0.042445,
        -0.085542,
        0.116981,
        -0.481505,
        0.097924,
        -0.013333,
        -0.020671,
        -0.015172,
        -0.020009,
        -0.04954,
        0.052888,
        -0.00704,
        -0.039854,
        -0.006032,
        -0.065652,
        0.053131,
        0.021979,
        0.023313,
        0.026204,
        0.031033,
        0.0306,
        0.030788,
        0.021119,
        0.024137,
        0.017318,
        0.025014,
        0.014931,
        0.044997,
        0.031225,
        0.028327,
        0.028379,
        0.025862,
        0.025693,
        0.012385,
        0.041857,
        0.033599,
        0.028947,
        0.031125,
        0.029478,
        0.040561,
        0.033289,
        0.030018,
        0.03717
      ]
    },
    "structure": {
      "bonds": 1.3015696289444447,
      "angles": 117.0421472624221,
      "DA": 90.08839015202243
    },
    "rotational_constant": {
      "A": 0.1124802,
      "B": 0.1481435,
      "C": 0.1605675
    },
    "rays_asymmetry_parameter": -0.4832731303275505,
    "volume": 633.41386
  },
  "excited_state": {
    "HOMO-LUMO": 1.8119841249664823,
    "charge": {
      "element": [
        "C",
        "C",
        "C",
        "C",
        "C",
        "C",
        "C",
        "C",
        "C",
        "C",
        "C",
        "C",
        "C",
        "C",
        "C",
        "C",
        "C",
        "C",
        "P",
        "O",
        "C",
        "C",
        "C",
        "C",
        "C",
        "C",
        "C",
        "C",
        "C",
        "C",
        "C",
        "C",
        "H",
        "H",
        "H",
        "H",
        "H",
        "H",
        "H",
        "H",
        "H",
        "H",
        "H",
        "H",
        "H",
        "H",
        "H",
        "H",
        "H",
        "H",
        "H",
        "H",
        "H",
        "H",
        "H",
        "H",
        "H",
        "H",
        "H"
      ],
      "charge": [
        -0.081579,
        0.061719,
        -0.059268,
        -0.027202,
        -0.066936,
        0.053731,
        -0.077429,
        -0.002897,
        0.041881,
        0.002671,
        -0.002794,
        0.074053,
        -0.080029,
        -0.058226,
        -0.035485,
        -0.062881,
        0.044256,
        -0.085486,
        0.059119,
        -0.466611,
        0.109825,
        -0.013891,
        -0.020112,
        -0.016967,
        -0.02062,
        -0.050991,
        0.051622,
        0.000781,
        -0.046286,
        -0.003238,
        -0.064262,
        0.062253,
        0.022398,
        0.023818,
        0.027969,
        0.03156,
        0.03121,
        0.031037,
        0.021016,
        0.023825,
        0.01882,
        0.026994,
        0.014063,
        0.046374,
        0.03119,
        0.029638,
        0.029008,
        0.025474,
        0.026249,
        0.012708,
        0.041873,
        0.033014,
        0.029376,
        0.030349,
        0.029617,
        0.040714,
        0.034615,
        0.031743,
        0.036628
      ]
    },
    "structure": {
      "bonds": 1.3065407008831744,
      "angles": 117.03448660449462,
      "DA": 89.89658322883946
    },
    "rotational_constant": {
      "A": 0.111327,
      "B": 0.1468095,
      "C": 0.1635949
    },
    "rays_asymmetry_parameter": -0.3577166865322698,
    "excited_energy": "2.3503",
    "volume": 632.93611
  },
  "exciting_path_mean_volume": 633.03634
}