{
  "s0_rotational_constant_a": 0.0116731,
  "s0_rotational_constant_b": 0.0122889,
  "s0_rotational_constant_c": 0.0904805,
  "s1_rotational_constant_a": 0.0119427,
  "s1_rotational_constant_b": 0.012433,
  "s1_rotational_constant_c": 0.0874518,
  "s0_rays_asymmetry_parameter": 0.9843720259772559,
  "s1_rays_asymmetry_parameter": 0.9870134857917787,
  "s0_volume": 973.33988,
  "s1_volume": 973.83128,
  "delta_volume": 0.4913999999999987,
  "s0_homo_lumo_gap": 1.8961843027413137,
  "s1_homo_lumo_gap": 1.4523721127558753,
  "delta_gap": -0.44381218998543837,
  "s0_dihedral_avg": -9.340442948777042,
  "s1_dihedral_avg": -4.554817820521378,
  "delta_dihedral": 4.785625128255664,
  "delta_dipole": null,
  "excitation_energy": "1.6781",
  "exciting_path_mean_volume": 973.0529833333334,
  "s0_bonds_avg": 1.286260451685579,
  "s1_bonds_avg": 1.3015158447557895,
  "s0_angles_avg": 119.89035828715323,
  "s1_angles_avg": 119.89003832370922
}