{
  "s0_rotational_constant_a": 0.0082928,
  "s0_rotational_constant_b": 0.01511,
  "s0_rotational_constant_c": 0.0167932,
  "s1_rotational_constant_a": 0.0079262,
  "s1_rotational_constant_b": 0.0141398,
  "s1_rotational_constant_c": 0.0169458,
  "s0_rays_asymmetry_parameter": -0.603971577808103,
  "s1_rays_asymmetry_parameter": -0.37779945895605127,
  "s0_volume": 1475.78207,
  "s1_volume": 1471.16445,
  "delta_volume": -4.617619999999988,
  "s0_homo_lumo_gap": 0.7365685589891862,
  "s1_homo_lumo_gap": 0.2768104994448657,
  "delta_gap": -0.4597580595443205,
  "s0_dihedral_avg": 89.96268494243266,
  "s1_dihedral_avg": 90.1417708232828,
  "delta_dihedral": 0.17908588085013832,
  "delta_dipole": {
    "element": [
      "N",
      "C",
      "C",
      "N",
      "C",
      "C",
      "C",
      "C",
      "C",
      "C",
      "C",
      "C",
      "C",
      "N",
      "C",
      "C",
      "C",
      "C",
      "C",
      "C",
      "C",
      "C",
      "C",
      "C",
      "C",
      "C",
      "C",
      "C",
      "C",
      "C",
      "C",
      "C",
      "C",
      "C",
      "C",
      "C",
      "C",
      "C",
      "C",
      "C",
      "N",
      "C",
      "C",
      "N",
      "C",
      "C",
      "C",
      "C",
      "C",
      "N",
      "C",
      "C",
      "C",
      "C",
      "C",
      "C",
      "C",
      "C",
      "C",
      "C",
      "C",
      "C",
      "C",
      "C",
      "C",
      "C",
      "C",
      "C",
      "C",
      "C",
      "C",
      "C",
      "C",
      "C",
      "C",
      "C",
      "C",
      "C",
      "C",
      "C",
      "N",
      "C",
      "C",
      "N",
      "H",
      "H",
      "H",
      "H",
      "H",
      "H",
      "H",
      "H",
      "H",
      "H",
      "H",
      "H",
      "H",
      "H",
      "H",
      "H",
      "H",
      "H",
      "H",
      "H",
      "H",
      "H",
      "H",
      "H",
      "H",
      "H",
      "H",
      "H",
      "H",
      "H",
      "H",
      "H",
      "H",
      "H",
      "H",
      "H",
      "H",
      "H",
      "H",
      "H",
      "H",
      "H",
      "H",
      "H",
      "H",
      "H",
      "H",
      "H"
    ],
    "charge_variation": [
      0.003054000000000001,
      -9.399999999992747e-05,
      -0.004701999999999984,
      0.0004910000000000192,
      -0.005282999999999982,
      0.00969500000000001,
      0.003613000000000005,
      0.001577999999999996,
      -0.0028730000000000144,
      0.020540000000000003,
      -0.007089999999999999,
      0.023282999999999998,
      -0.011880000000000002,
      0.007216,
      0.01145400000000002,
      -0.025335999999999997,
      0.008474000000000002,
      -0.014253,
      0.008141999999999996,
      -0.004758000000000012,
      0.002373,
      -0.007304999999999999,
      0.001452000000000002,
      -0.013082999999999997,
      0.0005729999999999971,
      -0.014595999999999998,
      0.0021970000000000045,
      -0.0067909999999999915,
      0.0013910000000000033,
      -0.008458,
      0.0023870000000000002,
      -0.003041000000000002,
      -0.0003060000000000007,
      -0.002051000000000004,
      -0.0005339999999999998,
      -0.003916000000000003,
      0.0037680000000000005,
      -0.01611299999999999,
      0.019178,
      -0.011384000000000002,
      0.005848999999999993,
      -0.008102999999999971,
      -0.003412000000000026,
      0.00027800000000000047,
      0.0009689999999999976,
      0.004248999999999999,
      -0.0032319999999999988,
      0.005261000000000016,
      -0.004247000000000001,
      0.007396999999999987,
      0.0005590000000000317,
      -0.01152700000000001,
      0.008004000000000004,
      -0.0005869999999999972,
      -8.000000000008e-06,
      -0.0020870000000000055,
      -0.00017,
      0.00023000000000000104,
      0.004166999999999997,
      -0.007868,
      -0.00021300000000000485,
      -0.009089000000000014,
      -0.0015880000000000338,
      0.0039919999999999956,
      -0.0022070000000000006,
      0.0028709999999999986,
      -0.0014200000000000046,
      -0.0010450000000000043,
      0.00041799999999999823,
      0.0010439999999999963,
      0.00020399999999999932,
      -0.0015069999999999945,
      -0.001578999999999997,
      0.0017570000000000086,
      0.004198000000000007,
      -0.0016580000000000015,
      0.0019529999999999825,
      0.000888999999999994,
      0.006559999999999996,
      -0.011893000000000042,
      -0.008139000000000007,
      0.016733000000000053,
      -0.0009890000000000176,
      0.0071869999999999434,
      0.002021000000000002,
      0.0008529999999999996,
      0.001356999999999997,
      -0.00013099999999999917,
      -0.0030689999999999953,
      0.0024150000000000005,
      -8.200000000000568e-05,
      -0.0012560000000000002,
      0.0001329999999999977,
      -0.0010489999999999979,
      0.002062999999999999,
      0.001579999999999998,
      0.0016469999999999957,
      0.002450000000000001,
      0.0007349999999999995,
      0.0013750000000000012,
      -0.0005929999999999998,
      -0.0003119999999999998,
      -0.0007469999999999977,
      0.0010299999999999997,
      0.0003239999999999979,
      -0.0018089999999999981,
      0.00019199999999999773,
      -0.0002160000000000009,
      0.0009650000000000006,
      2.2000000000001185e-05,
      -7.299999999999668e-05,
      0.0009660000000000016,
      0.003636999999999998,
      -0.00023000000000000104,
      0.00024199999999999916,
      -0.000279999999999999,
      0.0021529999999999987,
      0.002051000000000004,
      -0.0005359999999999948,
      0.0008869999999999989,
      0.0017399999999999985,
      0.0013279999999999993,
      -5.099999999999896e-05,
      0.0002909999999999996,
      -0.0001449999999999993,
      0.001121999999999998,
      0.001477000000000006,
      -0.00033199999999999896,
      0.002149999999999999,
      0.0013920000000000043,
      0.0011740000000000014,
      0.001927000000000005
    ]
  },
  "excitation_energy": "0.3624",
  "exciting_path_mean_volume": 1473.4168133333333,
  "s0_bonds_avg": 1.293359534971862,
  "s1_bonds_avg": 1.2939725044126895,
  "delta_bonds": 0.0006129694408274489,
  "s0_angles_avg": 120.62575709001321,
  "s1_angles_avg": 120.41656628135077,
  "delta_angles": -0.20919080866244144
}