{
  "s0_rotational_constant_a": 0.0231246,
  "s0_rotational_constant_b": 0.0246046,
  "s0_rotational_constant_c": 0.274386,
  "s1_rotational_constant_a": 0.0232109,
  "s1_rotational_constant_b": 0.024683,
  "s1_rotational_constant_c": 0.2748201,
  "s0_rays_asymmetry_parameter": 0.9882194399935684,
  "s1_rays_asymmetry_parameter": 0.988298520085911,
  "s0_volume": 723.35384,
  "s1_volume": 722.50601,
  "delta_volume": -0.8478300000000445,
  "s0_homo_lumo_gap": 1.1003820085033622,
  "s1_homo_lumo_gap": 0.11992055826961856,
  "delta_gap": -0.9804614502337436,
  "s0_dihedral_avg": -5.713679686616734,
  "s1_dihedral_avg": -2.2855286447768526,
  "delta_dihedral": 3.4281510418398815,
  "delta_dipole": null,
  "excitation_energy": "0.1474",
  "exciting_path_mean_volume": 722.9443783333332,
  "s0_bonds_avg": 1.3733440751629575,
  "s1_bonds_avg": 1.3050064010023883,
  "s0_angles_avg": 112.98533180821488,
  "s1_angles_avg": 119.06077837279861
}