{
  "s0_rotational_constant_a": 0.0368462,
  "s0_rotational_constant_b": 0.0523845,
  "s0_rotational_constant_c": 0.1191959,
  "s1_rotational_constant_a": 0.0370243,
  "s1_rotational_constant_b": 0.0526134,
  "s1_rotational_constant_c": 0.1183208,
  "s0_rays_asymmetry_parameter": 0.6226264333689132,
  "s1_rays_asymmetry_parameter": 0.6164877946775077,
  "s0_volume": 545.99055,
  "s1_volume": 549.80781,
  "delta_volume": 3.817260000000033,
  "s0_homo_lumo_gap": 2.1809895060708206,
  "s1_homo_lumo_gap": 1.0722182286510695,
  "delta_gap": -1.1087712774197511,
  "s0_dihedral_avg": 0.34701666326927516,
  "s1_dihedral_avg": 0.785849813208267,
  "delta_dihedral": 0.4388331499389918,
  "delta_dipole": null,
  "excitation_energy": "1.2343",
  "exciting_path_mean_volume": 547.6472633333334,
  "s0_bonds_avg": 1.3294447623874999,
  "s1_bonds_avg": 1.32202768526125,
  "s0_angles_avg": 119.99621114273167,
  "s1_angles_avg": 119.99998678768931
}