{
  "charge": {
    "element": [
      "O",
      "C",
      "C",
      "C",
      "C",
      "C",
      "C",
      "C",
      "C",
      "C",
      "C",
      "C",
      "N",
      "C",
      "C",
      "C",
      "C",
      "Br",
      "C",
      "C",
      "C",
      "C",
      "C",
      "Br",
      "C",
      "C",
      "C",
      "C",
      "C",
      "H",
      "H",
      "H",
      "H",
      "H",
      "H",
      "H",
      "H",
      "H",
      "H",
      "H",
      "H",
      "H",
      "H",
      "H"
    ],
    "charge_variation": [
      -0.018014000000000085,
      0.006197000000000008,
      -0.0015270000000000006,
      0.010502999999999998,
      0.008205,
      0.011189000000000001,
      0.0002270000000000015,
      0.021779,
      0.023227000000000005,
      -0.001895999999999995,
      0.025149000000000005,
      -0.03404799999999997,
      0.03289599999999998,
      -0.005501000000000034,
      -0.009207999999999994,
      -0.004321000000000005,
      -0.01067800000000002,
      0.008293000000000009,
      -0.002825999999999995,
      -0.0035069999999999962,
      -0.012837000000000001,
      -0.0013100000000000056,
      -0.020317,
      0.012066999999999994,
      0.001903000000000002,
      -0.01233200000000001,
      0.0026410000000000045,
      0.02792199999999999,
      -0.047577999999999995,
      0.006104000000000002,
      0.0026190000000000033,
      0.009367,
      0.003258000000000004,
      0.006866000000000004,
      -0.00032199999999999937,
      -0.0027499999999999955,
      -0.004588000000000002,
      -0.002367000000000001,
      -0.0008369999999999975,
      -0.0014739999999999961,
      -0.0020739999999999995,
      -0.0010570000000000024,
      -0.0036290000000000003,
      -0.015411000000000001
    ]
  },
  "ground_state": {
    "HOMO-LUMO": 2.1809895060708206,
    "charge": {
      "element": [
        "O",
        "C",
        "C",
        "C",
        "C",
        "C",
        "C",
        "C",
        "C",
        "C",
        "C",
        "C",
        "N",
        "C",
        "C",
        "C",
        "C",
        "Br",
        "C",
        "C",
        "C",
        "C",
        "C",
        "Br",
        "C",
        "C",
        "C",
        "C",
        "C",
        "H",
        "H",
        "H",
        "H",
        "H",
        "H",
        "H",
        "H",
        "H",
        "H",
        "H",
        "H",
        "H",
        "H",
        "H"
      ],
      "charge": [
        -0.730868,
        0.709374,
        -0.024031,
        -0.06122,
        -0.028113,
        -0.017172,
        -0.029118,
        -0.004809,
        -0.062239,
        -0.037865,
        -0.128894,
        0.381179,
        -0.426892,
        0.296694,
        -0.139457,
        -0.071278,
        0.15332,
        -0.128752,
        -0.0911,
        -0.036519,
        -0.038003,
        -0.093335,
        0.155162,
        -0.126828,
        -0.069809,
        -0.135822,
        0.295943,
        -0.132119,
        0.018527,
        0.027429,
        0.032381,
        0.03158,
        0.033192,
        0.047554,
        0.031233,
        0.044506,
        0.042727,
        0.040065,
        0.045818,
        0.045591,
        0.041178,
        0.045613,
        0.044906,
        0.05027
      ]
    },
    "structure": {
      "bonds": 1.3294447623874999,
      "angles": 119.99621114273167,
      "DA": 89.95812193444907
    },
    "rotational_constant": {
      "A": 0.0368462,
      "B": 0.0523845,
      "C": 0.1191959
    },
    "rays_asymmetry_parameter": 0.6226264333689132,
    "volume": 545.99055
  },
  "excited_state": {
    "HOMO-LUMO": 1.0722182286510695,
    "charge": {
      "element": [
        "O",
        "C",
        "C",
        "C",
        "C",
        "C",
        "C",
        "C",
        "C",
        "C",
        "C",
        "C",
        "N",
        "C",
        "C",
        "C",
        "C",
        "Br",
        "C",
        "C",
        "C",
        "C",
        "C",
        "Br",
        "C",
        "C",
        "C",
        "C",
        "C",
        "H",
        "H",
        "H",
        "H",
        "H",
        "H",
        "H",
        "H",
        "H",
        "H",
        "H",
        "H",
        "H",
        "H",
        "H"
      ],
      "charge": [
        -0.748882,
        0.715571,
        -0.025558,
        -0.050717,
        -0.019908,
        -0.005983,
        -0.028891,
        0.01697,
        -0.039012,
        -0.039761,
        -0.103745,
        0.347131,
        -0.393996,
        0.291193,
        -0.148665,
        -0.075599,
        0.142642,
        -0.120459,
        -0.093926,
        -0.040026,
        -0.05084,
        -0.094645,
        0.134845,
        -0.114761,
        -0.067906,
        -0.148154,
        0.298584,
        -0.104197,
        -0.029051,
        0.033533,
        0.035,
        0.040947,
        0.03645,
        0.05442,
        0.030911,
        0.041756,
        0.038139,
        0.037698,
        0.044981,
        0.044117,
        0.039104,
        0.044556,
        0.041277,
        0.034859
      ]
    },
    "structure": {
      "bonds": 1.32202768526125,
      "angles": 119.99998678768931,
      "DA": 90.08708995948471
    },
    "rotational_constant": {
      "A": 0.0370243,
      "B": 0.0526134,
      "C": 0.1183208
    },
    "rays_asymmetry_parameter": 0.6164877946775077,
    "excited_energy": "1.2343",
    "volume": 549.80781
  },
  "exciting_path_mean_volume": 547.6472633333334
}