{
  "charge": {
    "element": [
      "C",
      "O",
      "C",
      "C",
      "C",
      "C",
      "C",
      "C",
      "C",
      "C",
      "C",
      "C",
      "C",
      "C",
      "C",
      "C",
      "O",
      "C",
      "O",
      "C",
      "C",
      "N",
      "B",
      "F",
      "F",
      "O",
      "C",
      "C",
      "C",
      "O",
      "H",
      "H",
      "H",
      "H",
      "H",
      "H",
      "H",
      "H",
      "H",
      "H",
      "H",
      "H",
      "H",
      "H",
      "H",
      "H",
      "H",
      "H",
      "H",
      "H"
    ],
    "charge_variation": [
      -0.010145000000000015,
      0.01722499999999999,
      -0.009872999999999965,
      -0.002831000000000028,
      0.0026390000000000025,
      -0.005585,
      -0.010586999999999985,
      -6.999999999979245e-06,
      0.022531999999999996,
      0.011062000000000016,
      -0.023524000000000017,
      0.012594999999999999,
      0.005741999999999997,
      0.014404000000000007,
      0.017233,
      0.008377000000000023,
      -0.002978999999999954,
      0.004093000000000013,
      -0.0007110000000000172,
      0.004400999999999988,
      0.00518200000000002,
      -9.40000000000385e-05,
      -0.0006260000000000154,
      -0.005294000000000021,
      0.009812000000000043,
      -0.028691000000000022,
      -0.025542999999999996,
      0.009117000000000014,
      -0.03632399999999997,
      0.013122999999999996,
      -0.0005140000000000006,
      0.008587000000000001,
      0.0033230000000000004,
      -0.006643000000000003,
      0.0038539999999999963,
      -0.008433999999999997,
      -0.0026639999999999997,
      0.004659000000000003,
      0.005211,
      0.004802000000000001,
      0.0018089999999999981,
      0.002707999999999988,
      -0.0019450000000000005,
      0.00034,
      -0.0022830000000000003,
      0.0032990000000000033,
      -0.004601999999999995,
      0.00044199999999999795,
      -0.003575000000000002,
      -0.0030910000000000104
    ]
  },
  "ground_state": {
    "HOMO-LUMO": 1.885000424944896,
    "charge": {
      "element": [
        "C",
        "O",
        "C",
        "C",
        "C",
        "C",
        "C",
        "C",
        "C",
        "C",
        "C",
        "C",
        "C",
        "C",
        "C",
        "C",
        "O",
        "C",
        "O",
        "C",
        "C",
        "N",
        "B",
        "F",
        "F",
        "O",
        "C",
        "C",
        "C",
        "O",
        "H",
        "H",
        "H",
        "H",
        "H",
        "H",
        "H",
        "H",
        "H",
        "H",
        "H",
        "H",
        "H",
        "H",
        "H",
        "H",
        "H",
        "H",
        "H",
        "H"
      ],
      "charge": [
        0.329561,
        -0.491881,
        0.428343,
        -0.252797,
        0.03753,
        0.005526,
        -0.159672,
        0.671341,
        -0.439875,
        0.51667,
        -0.154495,
        0.009752,
        0.038877,
        -0.076548,
        -0.225866,
        0.433048,
        -0.54664,
        0.42602,
        -0.490952,
        0.3284,
        -0.25152,
        -0.556631,
        0.820981,
        -0.527072,
        -0.514533,
        -0.403736,
        -0.077476,
        -0.23025,
        0.435478,
        -0.546127,
        0.005007,
        -0.009253,
        -0.009941,
        0.0562,
        0.034423,
        0.056428,
        0.051663,
        0.045756,
        0.034276,
        0.040734,
        0.039966,
        0.357391,
        -0.010138,
        0.005765,
        -0.010583,
        0.050419,
        0.292191,
        0.036809,
        0.040414,
        0.357016
      ]
    },
    "structure": {
      "bonds": 1.2710758269338462,
      "angles": 117.24741169356302,
      "DA": 90.52231693583929
    },
    "rotational_constant": {
      "A": 0.0355736,
      "B": 0.0401005,
      "C": 0.2944945
    },
    "rays_asymmetry_parameter": 0.9650325639992755,
    "volume": 543.52714
  },
  "excited_state": {
    "HOMO-LUMO": 0.5862882623802408,
    "charge": {
      "element": [
        "C",
        "O",
        "C",
        "C",
        "C",
        "C",
        "C",
        "C",
        "C",
        "C",
        "C",
        "C",
        "C",
        "C",
        "C",
        "C",
        "O",
        "C",
        "O",
        "C",
        "C",
        "N",
        "B",
        "F",
        "F",
        "O",
        "C",
        "C",
        "C",
        "O",
        "H",
        "H",
        "H",
        "H",
        "H",
        "H",
        "H",
        "H",
        "H",
        "H",
        "H",
        "H",
        "H",
        "H",
        "H",
        "H",
        "H",
        "H",
        "H",
        "H"
      ],
      "charge": [
        0.319416,
        -0.474656,
        0.41847,
        -0.255628,
        0.040169,
        -5.9e-05,
        -0.170259,
        0.671334,
        -0.417343,
        0.527732,
        -0.178019,
        0.022347,
        0.044619,
        -0.062144,
        -0.208633,
        0.441425,
        -0.549619,
        0.430113,
        -0.491663,
        0.332801,
        -0.246338,
        -0.556725,
        0.820355,
        -0.532366,
        -0.504721,
        -0.432427,
        -0.103019,
        -0.221133,
        0.399154,
        -0.533004,
        0.004493,
        -0.000666,
        -0.006618,
        0.049557,
        0.038277,
        0.047994,
        0.048999,
        0.050415,
        0.039487,
        0.045536,
        0.041775,
        0.360099,
        -0.012083,
        0.006105,
        -0.012866,
        0.053718,
        0.287589,
        0.037251,
        0.036839,
        0.353925
      ]
    },
    "structure": {
      "bonds": 1.2668087267825,
      "angles": 117.15907264652343,
      "DA": 90.76059378770425
    },
    "rotational_constant": {
      "A": 0.0350925,
      "B": 0.0370064,
      "C": 0.3628009
    },
    "rays_asymmetry_parameter": 0.9883194937938727,
    "excited_energy": "0.6743",
    "volume": 546.56625
  },
  "exciting_path_mean_volume": 544.8803683333334
}