{
  "s0_rotational_constant_a": 0.0535366,
  "s0_rotational_constant_b": 0.0567286,
  "s0_rotational_constant_c": 0.4619262,
  "s1_rotational_constant_a": 0.0581315,
  "s1_rotational_constant_b": 0.0588244,
  "s1_rotational_constant_c": 0.3809589,
  "s0_rays_asymmetry_parameter": 0.9843678683296538,
  "s1_rays_asymmetry_parameter": 0.995707303655142,
  "s0_volume": 541.61948,
  "s1_volume": 543.316,
  "delta_volume": 1.6965200000000777,
  "s0_homo_lumo_gap": 2.0934722608911627,
  "s1_homo_lumo_gap": 1.3356570552269331,
  "delta_gap": -0.7578152056642296,
  "s0_dihedral_avg": 12.19939630930067,
  "s1_dihedral_avg": 3.0740281069259354,
  "delta_dihedral": -9.125368202374736,
  "delta_dipole": null,
  "excitation_energy": "1.5424",
  "exciting_path_mean_volume": 542.0536866666666,
  "s0_bonds_avg": 1.3098452694052831,
  "s1_bonds_avg": 1.3063145605233963,
  "s0_angles_avg": 119.99827196705577,
  "s1_angles_avg": 119.99590769293563
}