{"charge": {"element": ["O", "C", "C", "C", "C", "C", "C", "C", "C", "C", "C", "C", "C", "C", "C", "C", "C", "C", "C", "C", "C", "C", "C", "C", "C", "C", "C", "C", "C", "C", "H", "H", "H", "H", "H", "H", "H", "H", "H", "H", "H", "H", "H", "H", "H", "H", "H", "H"], "charge_variation": [-0.01627999999999996, 0.0010670000000000401, 0.002331999999999994, 0.015213999999999998, -0.0052309999999999995, 0.015034000000000006, -0.0034049999999999983, 0.001801999999999998, 0.004893999999999999, 0.0077570000000000035, 0.004888, 0.0012530000000000041, -0.010358999999999993, 0.012467, 0.006155000000000008, 0.003283000000000001, 0.004932999999999993, -0.010171, 0.003269000000000001, -0.013603999999999998, 0.005587999999999996, -0.011109999999999995, 0.0038249999999999985, -0.014140999999999987, 0.003481999999999999, -0.004514999999999998, -0.007538000000000003, -0.013429999999999997, 0.009032000000000002, 0.00324, 0.001566999999999999, 0.004906999999999995, 0.004362999999999999, 0.0006759999999999995, 0.003915000000000002, 0.0005360000000000018, 0.004133000000000005, 0.004936000000000003, 0.0010569999999999954, -0.0014739999999999996, -0.0024220000000000005, -0.0013179999999999997, -0.00014799999999999536, 0.00028100000000000347, -0.0010280000000000011, -0.00035099999999999715, -0.0019660000000000025, -0.017390000000000003]}, "ground_state": {"HOMO-LUMO": 2.0934722608911627, "structure": {"bonds": 1.3098452694052831, "angles": 119.99827196705577, "DA": 12.19939630930067}, "rotational_constant": {"A": 0.0535366, "B": 0.0567286, "C": 0.4619262}, "rays_asymmetry_parameter": 0.9843678683296538, "volume": 541.61948}, "excited_state": {"HOMO-LUMO": 1.3356570552269331, "structure": {"bonds": 1.3063145605233963, "angles": 119.99590769293563, "DA": 3.0740281069259354}, "rotational_constant": {"A": 0.0581315, "B": 0.0588244, "C": 0.3809589}, "rays_asymmetry_parameter": 0.995707303655142, "excited_energy": "1.5424", "volume": 543.316}, "exciting_path_mean_volume": 542.0536866666666}