{
  "s0_rotational_constant_a": 0.0724528,
  "s0_rotational_constant_b": 0.1280431,
  "s0_rotational_constant_c": 0.1290236,
  "s1_rotational_constant_a": 0.0731793,
  "s1_rotational_constant_b": 0.1195287,
  "s1_rotational_constant_c": 0.1422975,
  "s0_rays_asymmetry_parameter": -0.9653354734244526,
  "s1_rays_asymmetry_parameter": -0.3411633983523878,
  "s0_volume": 596.77523,
  "s1_volume": 596.66331,
  "delta_volume": -0.11191999999994096,
  "s0_homo_lumo_gap": 3.1317687813645825,
  "s1_homo_lumo_gap": 2.322382565481931,
  "delta_gap": -0.8093862158826517,
  "s0_dihedral_avg": 90.257547394657,
  "s1_dihedral_avg": 91.04183112322522,
  "delta_dihedral": 0.7842837285682265,
  "delta_dipole": {
    "element": [
      "C",
      "N",
      "C",
      "C",
      "C",
      "C",
      "C",
      "C",
      "C",
      "C",
      "C",
      "C",
      "N",
      "C",
      "C",
      "C",
      "C",
      "C",
      "C",
      "C",
      "C",
      "N",
      "C",
      "C",
      "C",
      "C",
      "C",
      "C",
      "H",
      "H",
      "H",
      "H",
      "H",
      "H",
      "H",
      "H",
      "H",
      "H",
      "H",
      "H",
      "H",
      "H",
      "H",
      "H",
      "H",
      "H",
      "H",
      "H",
      "H",
      "H",
      "H",
      "H",
      "H",
      "H",
      "H",
      "H",
      "H",
      "H",
      "H"
    ],
    "charge_variation": [
      -0.010120000000000018,
      -0.063029,
      -0.010443999999999981,
      0.005396000000000012,
      0.015650999999999998,
      -0.03331900000000001,
      0.052218,
      0.0009389999999999989,
      -0.004005,
      -0.0028499999999999984,
      -0.007216,
      -0.0009190000000000031,
      0.02824799999999994,
      -0.006749999999999978,
      -0.007481999999999989,
      -0.007844999999999991,
      0.0006710000000000049,
      -0.009668,
      0.004341999999999999,
      -0.007175000000000015,
      0.0008500000000000174,
      0.026712999999999987,
      -0.006610999999999978,
      -0.0064760000000000095,
      -0.009156999999999998,
      -0.0008770000000000028,
      -0.035826000000000004,
      0.017780000000000018,
      -0.00010700000000000011,
      0.013471,
      -0.011005,
      -0.006847000000000001,
      0.009186,
      -0.0008610000000000001,
      0.012337,
      0.012613,
      0.0009850000000000015,
      -0.0012819999999999984,
      -4.099999999999937e-05,
      0.0013520000000000003,
      0.000781,
      0.0026160000000000003,
      0.00428,
      0.000653,
      0.000704,
      0.0007919999999999941,
      0.0008820000000000008,
      -0.0007470000000000011,
      0.000452000000000001,
      0.004091,
      0.000668,
      -8.600000000000014e-05,
      0.001699,
      0.0006740000000000001,
      0.001581,
      0.0004930000000000004,
      0.0009769999999999987,
      0.014290999999999998,
      0.012360999999999997
    ]
  },
  "excitation_energy": "2.6737",
  "exciting_path_mean_volume": 596.418425,
  "s0_bonds_avg": 1.2492971971609836,
  "s1_bonds_avg": 1.2562399994009836,
  "s0_angles_avg": 115.77072799550749,
  "s1_angles_avg": 115.53353983854605,
  "delta_bonds": 0.00694280223999999,
  "delta_angles": -0.23718815696143736
}