{"charge": {"element": ["C", "N", "C", "C", "C", "C", "C", "C", "C", "C", "C", "C", "N", "C", "C", "C", "C", "C", "C", "C", "C", "N", "C", "C", "C", "C", "C", "C", "H", "H", "H", "H", "H", "H", "H", "H", "H", "H", "H", "H", "H", "H", "H", "H", "H", "H", "H", "H", "H", "H", "H", "H", "H", "H", "H", "H", "H", "H", "H"], "charge_variation": [-0.010120000000000018, -0.063029, -0.010443999999999981, 0.005396000000000012, 0.015650999999999998, -0.03331900000000001, 0.052218, 0.0009389999999999989, -0.004005, -0.0028499999999999984, -0.007216, -0.0009190000000000031, 0.02824799999999994, -0.006749999999999978, -0.007481999999999989, -0.007844999999999991, 0.0006710000000000049, -0.009668, 0.004341999999999999, -0.007175000000000015, 0.0008500000000000174, 0.026712999999999987, -0.006610999999999978, -0.0064760000000000095, -0.009156999999999998, -0.0008770000000000028, -0.035826000000000004, 0.017780000000000018, -0.00010700000000000011, 0.013471, -0.011005, -0.006847000000000001, 0.009186, -0.0008610000000000001, 0.012337, 0.012613, 0.0009850000000000015, -0.0012819999999999984, -4.099999999999937e-05, 0.0013520000000000003, 0.000781, 0.0026160000000000003, 0.00428, 0.000653, 0.000704, 0.0007919999999999941, 0.0008820000000000008, -0.0007470000000000011, 0.000452000000000001, 0.004091, 0.000668, -8.600000000000014e-05, 0.001699, 0.0006740000000000001, 0.001581, 0.0004930000000000004, 0.0009769999999999987, 0.014290999999999998, 0.012360999999999997]}, "ground_state": {"HOMO-LUMO": 3.1317687813645825, "charge": {"element": ["C", "N", "C", "C", "C", "C", "C", "C", "C", "C", "C", "C", "N", "C", "C", "C", "C", "C", "C", "C", "C", "N", "C", "C", "C", "C", "C", "C", "H", "H", "H", "H", "H", "H", "H", "H", "H", "H", "H", "H", "H", "H", "H", "H", "H", "H", "H", "H", "H", "H", "H", "H", "H", "H", "H", "H", "H", "H", "H"], "charge": [0.251207, -0.631472, 0.250928, 0.425056, -0.179483, -0.042786, 0.007625, 0.012146, 0.006718, -0.041513, -0.17827, 0.425187, -0.629635, 0.251341, 0.251685, -0.180517, -0.042278, 0.005868, -0.041242, -0.179499, 0.425488, -0.627958, 0.250463, 0.25089, -0.181071, -0.041913, -0.041721, -0.176764, 0.001219, 0.001295, -0.00187, -0.004151, 0.004197, 0.001141, 0.03548, 0.025312, 0.011312, 0.031443, 0.035056, 0.003106, 0.001151, -0.002916, 0.000145, -0.000506, 0.001167, 0.035395, 0.025308, 0.031391, 0.035039, -0.000472, 0.001318, 0.001685, 0.002326, 0.001256, -0.00171, 0.035302, 0.025283, 0.031658, 0.035159]}, "structure": {"bonds": 1.2492971971609836, "angles": 115.77072799550749, "DA": -0.2091835695077982}, "rotational_constant": {"A": 0.0724528, "B": 0.1280431, "C": 0.1290236}, "rays_asymmetry_parameter": -0.9653354734244526, "volume": 596.77523}, "excited_state": {"HOMO-LUMO": 2.322382565481931, "charge": {"element": ["C", "N", "C", "C", "C", "C", "C", "C", "C", "C", "C", "C", "N", "C", "C", "C", "C", "C", "C", "C", "C", "N", "C", "C", "C", "C", "C", "C", "H", "H", "H", "H", "H", "H", "H", "H", "H", "H", "H", "H", "H", "H", "H", "H", "H", "H", "H", "H", "H", "H", "H", "H", "H", "H", "H", "H", "H", "H", "H"], "charge": [0.241087, -0.694501, 0.240484, 0.430452, -0.163832, -0.076105, 0.059843, 0.013085, 0.002713, -0.044363, -0.185486, 0.424268, -0.601387, 0.244591, 0.244203, -0.188362, -0.041607, -0.0038, -0.0369, -0.186674, 0.426338, -0.601245, 0.243852, 0.244414, -0.190228, -0.04279, -0.077547, -0.158984, 0.001112, 0.014766, -0.012875, -0.010998, 0.013383, 0.00028, 0.047817, 0.037925, 0.012297, 0.030161, 0.035015, 0.004458, 0.001932, -0.0003, 0.004425, 0.000147, 0.001871, 0.036187, 0.02619, 0.030644, 0.035491, 0.003619, 0.001986, 0.001599, 0.004025, 0.00193, -0.000129, 0.035795, 0.02626, 0.045949, 0.04752]}, "structure": {"bonds": 1.2562399994009836, "angles": 115.53353983854605, "DA": 2.363533942276259}, "rotational_constant": {"A": 0.0731793, "B": 0.1195287, "C": 0.1422975}, "rays_asymmetry_parameter": -0.3411633983523878, "excited_energy": "2.6737", "volume": 596.66331}, "exciting_path_mean_volume": 596.418425}