{
  "s0_rotational_constant_a": 0.0123025,
  "s0_rotational_constant_b": 0.0126429,
  "s0_rotational_constant_c": 0.0968042,
  "s1_rotational_constant_a": 0.0131352,
  "s1_rotational_constant_b": 0.0143653,
  "s1_rotational_constant_c": 0.0732127,
  "s0_rays_asymmetry_parameter": 0.9919433573525739,
  "s1_rays_asymmetry_parameter": 0.9590495609837294,
  "s0_volume": 1098.68616,
  "s1_volume": 1096.98882,
  "delta_volume": -1.6973399999999401,
  "s0_homo_lumo_gap": 1.2775798036919102,
  "s1_homo_lumo_gap": 0.21937815765138735,
  "delta_gap": -1.0582016460405228,
  "s0_dihedral_avg": 90.31850664796399,
  "s1_dihedral_avg": 90.34252423510391,
  "delta_dihedral": 0.02401758713992308,
  "delta_dipole": {
    "element": [
      "C",
      "C",
      "N",
      "C",
      "C",
      "C",
      "C",
      "C",
      "C",
      "O",
      "C",
      "C",
      "C",
      "C",
      "C",
      "C",
      "C",
      "O",
      "C",
      "C",
      "C",
      "C",
      "C",
      "C",
      "C",
      "N",
      "C",
      "C",
      "C",
      "C",
      "C",
      "C",
      "C",
      "C",
      "C",
      "C",
      "C",
      "C",
      "C",
      "C",
      "C",
      "C",
      "C",
      "C",
      "C",
      "C",
      "C",
      "C",
      "C",
      "C",
      "C",
      "C",
      "C",
      "C",
      "C",
      "C",
      "C",
      "C",
      "C",
      "C",
      "H",
      "H",
      "H",
      "H",
      "H",
      "H",
      "H",
      "H",
      "H",
      "H",
      "H",
      "H",
      "H",
      "H",
      "H",
      "H",
      "H",
      "H",
      "H",
      "H",
      "H",
      "H",
      "H",
      "H",
      "H",
      "H",
      "H",
      "H",
      "H",
      "H",
      "H",
      "H",
      "H",
      "H",
      "H",
      "H",
      "H",
      "H",
      "H",
      "H"
    ],
    "charge_variation": [
      -0.0033439999999999998,
      -0.0020419999999999883,
      0.0037229999999999763,
      -0.002228999999999981,
      0.017155000000000004,
      0.0035339999999999955,
      0.004655000000000006,
      0.02127800000000002,
      -0.005155999999999938,
      -0.026586,
      -0.0021809999999999954,
      0.0028259999999999987,
      0.0004590000000000011,
      0.0008990000000000005,
      0.003229000000000001,
      -0.0057829999999999965,
      -0.0014720000000000288,
      -0.01225200000000004,
      0.009124000000000007,
      0.011169000000000005,
      -0.0038200000000000005,
      0.02110300000000001,
      -0.0020089999999999986,
      0.01475700000000002,
      -0.007550000000000001,
      0.004025999999999974,
      -0.013950999999999991,
      0.011687000000000003,
      -0.0003320000000000007,
      0.020201999999999998,
      -0.003989999999999999,
      0.030327999999999994,
      0.047097,
      -0.063411,
      0.029546000000000003,
      -0.054389,
      0.023397,
      -0.045108999999999996,
      0.011077000000000004,
      -0.007332000000000005,
      -0.002355999999999997,
      -0.010235999999999995,
      -0.0016049999999999988,
      -0.010145000000000001,
      0.015529000000000001,
      -0.006316000000000002,
      -0.0036130000000000016,
      -0.012020999999999997,
      -0.003092000000000001,
      -0.008302000000000004,
      0.006038000000000002,
      0.0015230000000000105,
      -0.0019249999999999996,
      -0.002453000000000004,
      -0.006332000000000001,
      -0.00034000000000000696,
      0.025230000000000002,
      -0.06926399999999999,
      0.028828999999999994,
      0.005763999999999991,
      -0.0021609999999999997,
      0.007557000000000001,
      0.0042120000000000005,
      -0.000194999999999999,
      0.001443,
      0.005705999999999989,
      0.0055750000000000036,
      0.0007629999999999998,
      6.899999999999962e-05,
      0.0003060000000000007,
      0.0007079999999999934,
      0.0018140000000000031,
      0.002249000000000001,
      0.0036780000000000007,
      0.004520999999999997,
      0.0027739999999999987,
      0.001511000000000002,
      0.00044299999999999895,
      0.0028000000000000004,
      0.0006509999999999988,
      0.0010740000000000055,
      0.0006969999999999962,
      0.001128000000000004,
      -0.001985999999999998,
      -0.0020510000000000007,
      -0.0019650000000000015,
      -0.00020799999999999985,
      0.00036399999999999974,
      -0.002531000000000002,
      -0.0021620000000000007,
      -0.0019720000000000015,
      0.0009359999999999959,
      0.00041400000000000464,
      -0.0009189999999999997,
      -0.0020300000000000006,
      -0.0017579999999999991,
      9.600000000000233e-05,
      -0.0015609999999999999,
      -0.0032949999999999993,
      6.199999999999956e-05
    ]
  },
  "excitation_energy": "0.2537",
  "exciting_path_mean_volume": 1097.9802266666668,
  "s0_bonds_avg": 1.298940975287997,
  "s1_bonds_avg": 1.298568602231381,
  "delta_bonds": -0.0003723730566160821,
  "s0_angles_avg": 119.29018336522725,
  "s1_angles_avg": 119.28635926258836,
  "delta_angles": -0.003824102638887439
}