{
  "s0_rotational_constant_a": 0.056162,
  "s0_rotational_constant_b": 0.0656953,
  "s0_rotational_constant_c": 0.2293301,
  "s1_rotational_constant_a": 0.052161,
  "s1_rotational_constant_b": 0.0597367,
  "s1_rotational_constant_c": 0.1835013,
  "s0_rays_asymmetry_parameter": 0.8898954253121677,
  "s1_rays_asymmetry_parameter": 0.8846401294956688,
  "s0_volume": 640.73058,
  "s1_volume": 646.36022,
  "delta_volume": 5.629639999999995,
  "s0_homo_lumo_gap": 1.4872353347334184,
  "s1_homo_lumo_gap": 0.9637645465454665,
  "delta_gap": -0.5234707881879519,
  "s0_dihedral_avg": 89.9910982265233,
  "s1_dihedral_avg": 90.18052321552248,
  "delta_dihedral": 0.18942498899917837,
  "delta_dipole": {
    "element": [
      "C",
      "C",
      "C",
      "N",
      "C",
      "C",
      "C",
      "C",
      "C",
      "C",
      "S",
      "C",
      "N",
      "C",
      "C",
      "C",
      "C",
      "C",
      "C",
      "S",
      "C",
      "C",
      "C",
      "C",
      "C",
      "C",
      "C",
      "C",
      "C",
      "C",
      "C",
      "C",
      "C",
      "C",
      "C",
      "C",
      "H",
      "H",
      "H",
      "H",
      "H",
      "H",
      "H",
      "H",
      "H",
      "H",
      "H",
      "H",
      "H",
      "H",
      "H",
      "H",
      "H",
      "H"
    ],
    "charge_variation": [
      0.012197999999999999,
      0.015085000000000001,
      -0.02891200000000005,
      -0.016521000000000008,
      0.011379000000000028,
      0.013885999999999996,
      0.0012840000000000004,
      -0.005255999999999997,
      -0.002137000000000007,
      -0.017747,
      0.03046299999999999,
      -0.01761899999999994,
      -0.006121000000000043,
      0.008738999999999997,
      -0.0010430000000000023,
      0.005470000000000003,
      0.0005760000000000001,
      0.0012240000000000029,
      -0.0020509999999999973,
      0.021319000000000005,
      0.020200999999999997,
      -0.007545999999999997,
      0.006025000000000003,
      -0.013471999999999991,
      0.0009779999999999997,
      -0.015470999999999999,
      0.005207000000000003,
      -0.018394999999999995,
      0.0013670000000000002,
      -0.0175,
      0.010764000000000003,
      0.0010300000000000031,
      0.007799,
      -0.011493000000000003,
      0.006690999999999999,
      0.00034600000000000256,
      0.007848999999999998,
      -0.0028849999999999987,
      -0.0019839999999999997,
      0.0016279999999999975,
      0.0009790000000000007,
      0.0013840000000000033,
      0.0006049999999999944,
      0.0016329999999999956,
      0.0003060000000000007,
      -0.002973,
      -0.0007460000000000001,
      -0.0012630000000000002,
      0.0006890000000000021,
      0.0013659999999999992,
      -0.0003060000000000007,
      -0.0008570000000000036,
      -0.004106999999999996,
      -0.002066000000000002
    ]
  },
  "excitation_energy": "1.1087",
  "exciting_path_mean_volume": 644.599135,
  "s0_bonds_avg": 1.3354248311763939,
  "s1_bonds_avg": 1.3289445816845902,
  "delta_bonds": -0.006480249491803702,
  "s0_angles_avg": 119.17537608581593,
  "s1_angles_avg": 119.19848920327148,
  "delta_angles": 0.023113117455551446
}