{
  "s0_rotational_constant_a": 0.0163339,
  "s0_rotational_constant_b": 0.0177019,
  "s0_rotational_constant_c": 0.1667182,
  "s1_rotational_constant_a": 0.0163842,
  "s1_rotational_constant_b": 0.0176923,
  "s1_rotational_constant_c": 0.1677511,
  "s0_rays_asymmetry_parameter": 0.9818066114614357,
  "s1_rays_asymmetry_parameter": 0.9827161684621936,
  "s0_volume": 921.73855,
  "s1_volume": 922.08428,
  "delta_volume": 0.3457300000000032,
  "s0_homo_lumo_gap": 1.806158168187375,
  "s1_homo_lumo_gap": 0.8262327821691775,
  "delta_gap": -0.9799253860181976,
  "s0_dihedral_avg": 1.4609984816234884,
  "s1_dihedral_avg": 0.11080726520187124,
  "delta_dihedral": -1.3501912164216172,
  "delta_dipole": null,
  "excitation_energy": "0.9507",
  "exciting_path_mean_volume": 921.7327949999999,
  "s0_bonds_avg": 1.2982187313103193,
  "s1_bonds_avg": 1.299851523832447,
  "s0_angles_avg": 119.99751498899622,
  "s1_angles_avg": 119.99794838014893
}