{
  "s0_rotational_constant_a": 0.010634,
  "s0_rotational_constant_b": 0.0111316,
  "s0_rotational_constant_c": 0.1088421,
  "s1_rotational_constant_a": 0.0108598,
  "s1_rotational_constant_b": 0.0115278,
  "s1_rotational_constant_c": 0.095667,
  "s0_rays_asymmetry_parameter": 0.9898664163139292,
  "s1_rays_asymmetry_parameter": 0.9842466205699516,
  "s0_volume": 1084.18114,
  "s1_volume": 1074.81734,
  "delta_volume": -9.363799999999856,
  "s0_homo_lumo_gap": 2.2690455366041733,
  "s1_homo_lumo_gap": 1.333784912179747,
  "delta_gap": -0.9352606244244264,
  "s0_dihedral_avg": 90.9615689505959,
  "s1_dihedral_avg": 92.59354219685109,
  "delta_dihedral": 1.6319732462551855,
  "delta_dipole": {
    "element": [
      "C",
      "C",
      "C",
      "C",
      "C",
      "C",
      "C",
      "C",
      "C",
      "O",
      "C",
      "C",
      "C",
      "C",
      "C",
      "C",
      "C",
      "C",
      "C",
      "C",
      "C",
      "C",
      "C",
      "C",
      "C",
      "C",
      "C",
      "C",
      "C",
      "C",
      "C",
      "O",
      "C",
      "C",
      "C",
      "C",
      "C",
      "C",
      "C",
      "C",
      "C",
      "C",
      "C",
      "C",
      "C",
      "C",
      "C",
      "C",
      "C",
      "C",
      "C",
      "C",
      "C",
      "C",
      "H",
      "H",
      "H",
      "H",
      "H",
      "H",
      "H",
      "H",
      "H",
      "H",
      "H",
      "H",
      "H",
      "H",
      "H",
      "H",
      "H",
      "H",
      "H",
      "H",
      "H",
      "H",
      "H",
      "H",
      "H",
      "H",
      "H",
      "H",
      "H",
      "H",
      "H",
      "H",
      "H",
      "H",
      "H",
      "H",
      "H",
      "H",
      "H",
      "H",
      "H",
      "H",
      "H",
      "H"
    ],
    "charge_variation": [
      -0.013863,
      -0.020569,
      -0.018871000000000002,
      -0.017351999999999996,
      0.0009480000000000044,
      -0.0029679999999999984,
      -0.001124,
      -0.0020989999999999967,
      -0.0016840000000000188,
      0.0015140000000000153,
      -0.005951000000000012,
      0.004899000000000001,
      -0.0004549999999999971,
      -0.004719000000000001,
      -0.0017699999999999938,
      -0.006703000000000001,
      0.004818999999999999,
      0.0023350000000000003,
      -0.0022159999999999958,
      -0.0011299999999999921,
      -0.0037209999999999986,
      -0.0010370000000000032,
      -0.005642000000000001,
      -0.0026260000000000033,
      -0.006229999999999999,
      -0.002457000000000001,
      -0.005091999999999999,
      -0.0006209999999999966,
      0.0047220000000000005,
      -0.006027000000000005,
      -0.0015939999999999843,
      0.0016580000000000483,
      -0.0021790000000000004,
      -0.0009979999999999989,
      -0.0033060000000000034,
      0.0013050000000000006,
      -0.018032999999999997,
      -0.017707,
      -0.018104000000000002,
      -0.014407000000000003,
      -0.001469999999999999,
      -0.0027079999999999995,
      -0.0067939999999999945,
      -0.0010749999999999926,
      -0.0028950000000000087,
      -0.0012739999999999974,
      -0.0055330000000000015,
      0.0005440000000000028,
      -0.004077999999999998,
      -0.0007480000000000125,
      -0.0007780000000000009,
      -0.005821,
      -0.0025889999999999993,
      -0.0014400000000000107,
      0.006647,
      0.004286999999999999,
      0.004830000000000001,
      0.008441,
      0.010269999999999998,
      0.01012,
      0.009197,
      0.008194,
      0.007966999999999998,
      0.0024370000000000017,
      0.0027389999999999984,
      0.0027399999999999994,
      0.004926,
      0.004851999999999999,
      0.0025850000000000005,
      0.003261,
      0.0020729999999999985,
      0.005215000000000001,
      0.005039000000000002,
      0.0026330000000000034,
      0.002800999999999998,
      0.002371999999999999,
      0.008092000000000002,
      0.008500999999999998,
      0.009212000000000001,
      0.009145999999999998,
      0.008419999999999999,
      0.009514000000000002,
      0.005079,
      0.0051639999999999985,
      0.004584999999999999,
      0.002137,
      0.002030999999999998,
      0.0028569999999999984,
      0.005290000000000003,
      0.005818,
      0.0026320000000000024,
      0.003386,
      0.0027700000000000016,
      0.004957000000000003,
      0.005352000000000003,
      0.0028579999999999994,
      0.002113999999999998,
      0.0021749999999999964
    ]
  },
  "excitation_energy": "2.0503",
  "exciting_path_mean_volume": 1078.665565,
  "s0_bonds_avg": 1.2873979891684466,
  "s1_bonds_avg": 1.2731656453124272,
  "s0_angles_avg": 118.45166230186025,
  "s1_angles_avg": 118.42926364945062,
  "delta_bonds": -0.014232343856019458,
  "delta_angles": -0.02239865240963468
}