{
  "s0_rotational_constant_a": 0.0183351,
  "s0_rotational_constant_b": 0.0203567,
  "s0_rotational_constant_c": 0.1341127,
  "s1_rotational_constant_a": 0.0188203,
  "s1_rotational_constant_b": 0.0205849,
  "s1_rotational_constant_c": 0.1368253,
  "s0_rays_asymmetry_parameter": 0.9650778734401128,
  "s1_rays_asymmetry_parameter": 0.9700927926782764,
  "s0_volume": 857.20462,
  "s1_volume": 857.13848,
  "delta_volume": -0.06614000000001852,
  "s0_homo_lumo_gap": 1.192620428373235,
  "s1_homo_lumo_gap": 0.8394303021965808,
  "delta_gap": -0.35319012617665413,
  "s0_dihedral_avg": 2.764998310157305,
  "s1_dihedral_avg": -3.1525067008846763,
  "delta_dihedral": -5.917505011041982,
  "delta_dipole": null,
  "excitation_energy": "1.0462",
  "exciting_path_mean_volume": 857.0518033333334,
  "s0_bonds_avg": 1.2978830945082718,
  "s1_bonds_avg": 1.3015666237417285,
  "s0_angles_avg": 117.6131833513641,
  "s1_angles_avg": 117.61203312782052
}