{
  "s0_rotational_constant_a": 0.0183278,
  "s0_rotational_constant_b": 0.0255539,
  "s0_rotational_constant_c": 0.0488926,
  "s1_rotational_constant_a": 0.0182897,
  "s1_rotational_constant_b": 0.0259774,
  "s1_rotational_constant_c": 0.0481646,
  "s0_rays_asymmetry_parameter": 0.52716196408941,
  "s1_rays_asymmetry_parameter": 0.48534053670472527,
  "s0_volume": 1047.54621,
  "s1_volume": 1043.40262,
  "delta_volume": -4.143589999999904,
  "s0_homo_lumo_gap": 2.2414014941385267,
  "s1_homo_lumo_gap": 1.73476910882265,
  "delta_gap": -0.5066323853158767,
  "s0_dihedral_avg": 1.963833305589295,
  "s1_dihedral_avg": 0.6698740609056105,
  "delta_dihedral": -1.2939592446836845,
  "delta_dipole": null,
  "excitation_energy": "2.4192",
  "exciting_path_mean_volume": 1045.2029916666665,
  "s0_bonds_avg": 1.3110338693557426,
  "s1_bonds_avg": 1.3136276225621786,
  "s0_angles_avg": 119.65702299459478,
  "s1_angles_avg": 119.65767630622702
}