{
  "s0_rotational_constant_a": 0.0219705,
  "s0_rotational_constant_b": 0.0265823,
  "s0_rotational_constant_c": 0.1074305,
  "s1_rotational_constant_a": 0.0219936,
  "s1_rotational_constant_b": 0.0265218,
  "s1_rotational_constant_c": 0.1078777,
  "s0_rays_asymmetry_parameter": 0.8920711443950387,
  "s1_rays_asymmetry_parameter": 0.8945509122177445,
  "s0_volume": 928.35194,
  "s1_volume": 928.48025,
  "delta_volume": 0.1283099999999422,
  "s0_homo_lumo_gap": 1.4048283869994251,
  "s1_homo_lumo_gap": 1.1473325261431175,
  "delta_gap": -0.2574958608563076,
  "s0_dihedral_avg": 91.23592171662759,
  "s1_dihedral_avg": 91.83454416748097,
  "delta_dihedral": 0.5986224508533837,
  "delta_dipole": {
    "element": [
      "C",
      "C",
      "N",
      "C",
      "C",
      "C",
      "C",
      "C",
      "C",
      "C",
      "C",
      "C",
      "C",
      "C",
      "C",
      "C",
      "C",
      "C",
      "C",
      "C",
      "C",
      "C",
      "C",
      "C",
      "C",
      "C",
      "C",
      "C",
      "N",
      "C",
      "C",
      "C",
      "C",
      "C",
      "C",
      "C",
      "C",
      "N",
      "C",
      "C",
      "C",
      "C",
      "C",
      "C",
      "C",
      "C",
      "H",
      "H",
      "H",
      "H",
      "H",
      "H",
      "H",
      "H",
      "H",
      "H",
      "H",
      "H",
      "H",
      "H",
      "H",
      "H",
      "H",
      "H",
      "H",
      "H",
      "H",
      "H",
      "H",
      "H",
      "H",
      "H",
      "H",
      "H",
      "H",
      "H",
      "H",
      "H",
      "H",
      "H",
      "H",
      "H",
      "H",
      "H",
      "H",
      "H",
      "H"
    ],
    "charge_variation": [
      0.0006629999999999969,
      -0.0038759999999999906,
      0.020796999999999954,
      -0.004225000000000034,
      0.0006000000000000033,
      0.001503000000000032,
      -0.00889899999999999,
      0.004685999999999999,
      -0.008572,
      0.005953,
      -0.009423,
      0.0047740000000000005,
      -0.0037579999999999975,
      0.0007209999999999994,
      -0.003029999999999998,
      -0.00018699999999999967,
      -0.0028900000000000037,
      0.003265999999999991,
      0.0021080000000000126,
      -0.0017399999999999985,
      0.003048999999999996,
      -0.0036809999999999968,
      0.009222000000000008,
      -0.0021870000000000223,
      0.0004149999999999987,
      0.005741000000000003,
      -0.01738,
      0.012298000000000031,
      -0.023116000000000025,
      0.005484000000000003,
      0.00045100000000000695,
      -0.0013299999999999979,
      0.0021049999999999958,
      -0.007686999999999999,
      0.0029570000000000013,
      -0.0066970000000000085,
      0.00022099999999997122,
      0.021042000000000005,
      -0.0043460000000000165,
      0.0007710000000000078,
      -0.004188999999999998,
      0.0007520000000000027,
      -0.007761000000000018,
      0.0032189999999999996,
      0.003021000000000003,
      -0.0063549999999999995,
      0.0006040000000000004,
      7.099999999999815e-05,
      0.00024500000000000216,
      0.00027400000000000015,
      0.0006940000000000002,
      0.00013199999999999996,
      0.0011120000000000001,
      0.0007670000000000003,
      -7.000000000000062e-05,
      0.0006120000000000014,
      0.00022900000000000004,
      0.000449999999999999,
      0.00020799999999999985,
      -0.0001449999999999993,
      -0.0002930000000000016,
      4.000000000000531e-06,
      0.0004939999999999979,
      -0.0005369999999999958,
      0.0005690000000000001,
      0.0006049999999999944,
      0.002252999999999998,
      0.0022240000000000038,
      0.00035600000000000215,
      2.5000000000000716e-05,
      -0.0006299999999999986,
      0.00040599999999999664,
      5.099999999999549e-05,
      0.0010030000000000004,
      0.00022199999999999987,
      0.00032200000000000284,
      -0.00017199999999999854,
      0.000618999999999998,
      0.0010249999999999999,
      0.00025700000000000007,
      0.0005970000000000003,
      -0.00019600000000000173,
      0.00016800000000000148,
      2.8000000000000247e-05,
      0.0004070000000000011,
      0.000612999999999999,
      -9.30000000000028e-05
    ]
  },
  "excitation_energy": "1.4155",
  "exciting_path_mean_volume": 928.28444,
  "s0_bonds_avg": 1.2623952888376924,
  "s1_bonds_avg": 1.2757913173657145,
  "s0_angles_avg": 118.34065031385924,
  "s1_angles_avg": 117.84412059481225,
  "delta_bonds": 0.01339602852802213,
  "delta_angles": -0.4965297190469897
}