{
  "s0_rotational_constant_a": 0.01008,
  "s0_rotational_constant_b": 0.0121033,
  "s0_rotational_constant_c": 0.051832,
  "s1_rotational_constant_a": 0.0096629,
  "s1_rotational_constant_b": 0.0112861,
  "s1_rotational_constant_c": 0.0534217,
  "s0_rays_asymmetry_parameter": 0.903080091971642,
  "s1_rays_asymmetry_parameter": 0.9258114939166523,
  "s0_volume": 1115.05843,
  "s1_volume": 1116.50445,
  "delta_volume": 1.4460199999998622,
  "s0_homo_lumo_gap": 1.7391800737637673,
  "s1_homo_lumo_gap": 0.9430430795333686,
  "delta_gap": -0.7961369942303986,
  "s0_dihedral_avg": 90.53213249271816,
  "s1_dihedral_avg": 90.51693225944733,
  "delta_dihedral": -0.015200233270832086,
  "delta_dipole": {
    "element": [
      "C",
      "C",
      "C",
      "C",
      "C",
      "C",
      "N",
      "C",
      "C",
      "C",
      "C",
      "C",
      "C",
      "C",
      "C",
      "C",
      "C",
      "C",
      "C",
      "C",
      "C",
      "C",
      "C",
      "C",
      "C",
      "C",
      "N",
      "C",
      "C",
      "C",
      "C",
      "C",
      "C",
      "C",
      "C",
      "C",
      "C",
      "O",
      "C",
      "C",
      "C",
      "C",
      "N",
      "C",
      "C",
      "C",
      "C",
      "C",
      "C",
      "O",
      "C",
      "C",
      "C",
      "C",
      "C",
      "C",
      "C",
      "C",
      "C",
      "C",
      "C",
      "C",
      "C",
      "H",
      "H",
      "H",
      "H",
      "H",
      "H",
      "H",
      "H",
      "H",
      "H",
      "H",
      "H",
      "H",
      "H",
      "H",
      "H",
      "H",
      "H",
      "H",
      "H",
      "H",
      "H",
      "H",
      "H",
      "H",
      "H",
      "H",
      "H",
      "H",
      "H",
      "H",
      "H",
      "H",
      "H",
      "H",
      "H",
      "H",
      "H",
      "H"
    ],
    "charge_variation": [
      0.0004899999999999904,
      -0.0005629999999999941,
      0.0003379999999999911,
      -0.0006369999999999987,
      0.0033979999999999844,
      -0.0011369999999999991,
      0.00023200000000000998,
      0.0006320000000000214,
      -0.0015200000000000213,
      0.0006479999999999993,
      -0.001010999999999998,
      0.0007279999999999995,
      -0.0009930000000000008,
      -0.0007090000000000013,
      0.000676999999999997,
      -0.0008230000000000043,
      0.00036699999999999927,
      -0.0011360000000000259,
      0.00018200000000001548,
      0.0033070000000000044,
      -0.0015259999999999996,
      0.0020629999999999997,
      -0.001681,
      0.0034540000000000057,
      -0.0069049999999999945,
      -0.0005640000000000089,
      0.007301000000000002,
      0.0024150000000000005,
      -0.001566999999999985,
      0.0047290000000000006,
      0.0018940000000000068,
      0.003221999999999999,
      -0.0006469999999999948,
      0.006037000000000001,
      0.013413999999999999,
      0.009148000000000003,
      -0.012808000000000042,
      -0.044803999999999955,
      0.018295999999999996,
      -0.007085000000000001,
      0.005173999999999998,
      -0.01009500000000002,
      0.046609999999999985,
      -0.00760700000000003,
      -0.01136899999999999,
      0.0014790000000000011,
      -0.013798000000000005,
      -0.002929000000000015,
      -0.00884299999999999,
      0.020100000000000007,
      -0.008794999999999997,
      -0.002587999999999979,
      -0.013494999999999993,
      0.0012560000000000002,
      -0.011772000000000005,
      -0.007682999999999995,
      0.007083000000000006,
      0.007797999999999999,
      -0.004297000000000002,
      0.013002000000000014,
      -0.003937999999999997,
      -0.004392000000000007,
      0.002374000000000001,
      0.0002349999999999991,
      -1.5999999999998654e-05,
      1.7000000000003124e-05,
      -9.199999999999833e-05,
      -0.0002260000000000005,
      0.0003490000000000021,
      -0.00020699999999999885,
      -0.0006219999999999976,
      -0.00012000000000000205,
      0.0001250000000000001,
      -1.5999999999995185e-05,
      1.6000000000002124e-05,
      7.200000000000262e-05,
      -0.00011200000000000099,
      -0.0007529999999999967,
      -6.300000000000056e-05,
      0.00038699999999999846,
      -0.00011199999999999405,
      -3.0000000000030003e-06,
      0.002353000000000001,
      0.0008800000000000023,
      0.0017549999999999996,
      0.0013649999999999982,
      0.008503999999999998,
      0.0006949999999999977,
      -0.0011639999999999984,
      -0.003709999999999998,
      -0.001454000000000004,
      -0.00026700000000000335,
      -0.001240999999999999,
      -0.0011819999999999956,
      -0.00016200000000000242,
      -0.0012490000000000001,
      -0.005206999999999996,
      -0.0006579999999999989,
      0.0030670000000000003,
      0.005686999999999998,
      0.0017290000000000014,
      0.0012650000000000022
    ]
  },
  "excitation_energy": "1.0845",
  "exciting_path_mean_volume": 1115.937185,
  "s0_bonds_avg": 1.2994221605971927,
  "s1_bonds_avg": 1.2957502756646493,
  "s0_angles_avg": 118.9916789590156,
  "s1_angles_avg": 118.98955931204291,
  "delta_bonds": -0.0036718849325434455,
  "delta_angles": -0.0021196469726874057
}