{
  "s0_rotational_constant_a": 0.01008,
  "s0_rotational_constant_b": 0.0121033,
  "s0_rotational_constant_c": 0.051832,
  "s1_rotational_constant_a": 0.0096629,
  "s1_rotational_constant_b": 0.0112861,
  "s1_rotational_constant_c": 0.0534217,
  "s0_rays_asymmetry_parameter": 0.903080091971642,
  "s1_rays_asymmetry_parameter": 0.9258114939166523,
  "s0_volume": 1115.05843,
  "s1_volume": 1116.50445,
  "delta_volume": 1.4460199999998622,
  "s0_homo_lumo_gap": 1.7391800737637673,
  "s1_homo_lumo_gap": 0.9430430795333686,
  "delta_gap": -0.7961369942303986,
  "s0_dihedral_avg": 1.11797547189909,
  "s1_dihedral_avg": -6.514316675772608,
  "delta_dihedral": -7.632292147671698,
  "delta_dipole": null,
  "excitation_energy": "1.0845",
  "exciting_path_mean_volume": 1115.937185,
  "s0_bonds_avg": 1.2994221605971927,
  "s1_bonds_avg": 1.2957502756646493,
  "s0_angles_avg": 118.9916789590156,
  "s1_angles_avg": 118.98955931204291
}