{
  "s0_rotational_constant_a": 0.0110002,
  "s0_rotational_constant_b": 0.0118128,
  "s0_rotational_constant_c": 0.0822491,
  "s1_rotational_constant_a": 0.0113317,
  "s1_rotational_constant_b": 0.0119885,
  "s1_rotational_constant_c": 0.0803812,
  "s0_rays_asymmetry_parameter": 0.9771898232814823,
  "s1_rays_asymmetry_parameter": 0.9809759665167742,
  "s0_volume": 1013.20633,
  "s1_volume": 1015.73039,
  "delta_volume": 2.524060000000077,
  "s0_homo_lumo_gap": 0.9463900794578444,
  "s1_homo_lumo_gap": 0.09567249621514673,
  "delta_gap": -0.8507175832426976,
  "s0_dihedral_avg": 89.85708509488374,
  "s1_dihedral_avg": 89.95947468104282,
  "delta_dihedral": 0.10238958615907734,
  "delta_dipole": {
    "element": [
      "C",
      "O",
      "C",
      "C",
      "C",
      "C",
      "N",
      "C",
      "C",
      "C",
      "C",
      "O",
      "C",
      "C",
      "C",
      "C",
      "C",
      "C",
      "C",
      "C",
      "C",
      "C",
      "C",
      "C",
      "C",
      "C",
      "C",
      "N",
      "C",
      "C",
      "C",
      "C",
      "O",
      "C",
      "C",
      "C",
      "C",
      "C",
      "C",
      "C",
      "O",
      "C",
      "C",
      "C",
      "C",
      "C",
      "C",
      "N",
      "S",
      "N",
      "C",
      "C",
      "C",
      "C",
      "C",
      "H",
      "H",
      "H",
      "H",
      "H",
      "H",
      "H",
      "H",
      "H",
      "H",
      "H",
      "H",
      "H",
      "H",
      "H",
      "H",
      "H",
      "H",
      "H",
      "H",
      "H",
      "H",
      "H",
      "H",
      "H",
      "H",
      "H",
      "H",
      "H",
      "H",
      "H",
      "H",
      "H",
      "H",
      "H",
      "H",
      "H",
      "H"
    ],
    "charge_variation": [
      -0.0024250000000000105,
      0.008286999999999933,
      0.01456200000000002,
      -0.01675199999999999,
      0.03087300000000001,
      -0.014672999999999992,
      -0.008519000000000054,
      0.036327,
      -0.06943400000000001,
      0.010976999999999987,
      -0.040993,
      0.013580999999999954,
      -0.00742799999999999,
      0.005904999999999994,
      -0.07381800000000001,
      -0.01206400000000002,
      0.04306099999999999,
      -0.015669000000000002,
      0.033856,
      -0.012654,
      0.011413000000000006,
      0.0015440000000000037,
      0.0026449999999999998,
      0.006785000000000003,
      -0.002896999999999997,
      0.011677999999999994,
      -0.0016479999999999828,
      -0.009877999999999942,
      0.00515199999999999,
      -0.0029990000000000017,
      0.0036159999999999803,
      -0.005120000000000013,
      -0.002817999999999987,
      0.001397000000000037,
      0.0066749999999999865,
      -0.007670999999999997,
      0.0066910000000000025,
      -0.005408999999999997,
      0.005803000000000003,
      -0.0062770000000000326,
      -0.002723000000000031,
      0.0020519999999999983,
      0.006098999999999993,
      -0.009354000000000001,
      0.012518000000000001,
      -0.0011630000000000008,
      0.003956000000000015,
      -0.02487499999999998,
      0.07444099999999998,
      -0.042298999999999976,
      0.007264000000000048,
      -0.009710999999999997,
      0.04250099999999998,
      0.0011810000000000015,
      -0.01153599999999999,
      0.0027559999999999998,
      0.0017020000000000004,
      0.0006819999999999999,
      0.001007000000000001,
      0.0020590000000000053,
      -0.0025270000000000015,
      -0.006075000000000004,
      0.004128999999999999,
      -0.001862,
      0.003752,
      -0.005652999999999998,
      0.0015630000000000019,
      0.002222999999999996,
      0.002291999999999999,
      0.001015000000000002,
      0.0020579999999999973,
      0.00043199999999999836,
      0.0007139999999999994,
      0.0011509999999999992,
      0.0003969999999999946,
      -0.0006280000000000001,
      -0.0010819999999999996,
      -0.000608,
      -0.00031899999999999984,
      -0.00047299999999999426,
      0.0012109999999999968,
      0.00016399999999999748,
      -0.001413000000000001,
      -0.0009339999999999999,
      -0.0009890000000000003,
      -0.0001460000000000003,
      -0.0004070000000000046,
      0.0002590000000000023,
      0.0011019999999999988,
      0.0038769999999999985,
      -0.0004050000000000026,
      -0.0001439999999999983,
      -0.0009140000000000051
    ]
  },
  "excitation_energy": "0.1102",
  "exciting_path_mean_volume": 1013.6234233333333,
  "s0_bonds_avg": 1.2782495335225,
  "s1_bonds_avg": 1.2760293714189999,
  "s0_angles_avg": 118.09627507248847,
  "s1_angles_avg": 118.07420740967967,
  "delta_bonds": -0.0022201621035000674,
  "delta_angles": -0.022067662808794353
}