{
  "s0_rotational_constant_a": 0.0131117,
  "s0_rotational_constant_b": 0.0131625,
  "s0_rotational_constant_c": 0.1301222,
  "s1_rotational_constant_a": 0.0132643,
  "s1_rotational_constant_b": 0.0133535,
  "s1_rotational_constant_c": 0.1219583,
  "s0_rays_asymmetry_parameter": 0.9991317018558165,
  "s1_rays_asymmetry_parameter": 0.9983586950521647,
  "s0_volume": 1042.46494,
  "s1_volume": 1040.07521,
  "delta_volume": -2.3897300000000996,
  "s0_homo_lumo_gap": 1.891863135359145,
  "s1_homo_lumo_gap": 1.4963974068844013,
  "delta_gap": -0.3954657284747438,
  "s0_dihedral_avg": 90.0637195092455,
  "s1_dihedral_avg": 90.0702566255385,
  "delta_dihedral": 0.006537116293003464,
  "delta_dipole": {
    "element": [
      "C",
      "C",
      "C",
      "C",
      "C",
      "C",
      "C",
      "C",
      "C",
      "C",
      "C",
      "C",
      "C",
      "C",
      "C",
      "C",
      "C",
      "C",
      "C",
      "C",
      "C",
      "C",
      "C",
      "C",
      "C",
      "C",
      "C",
      "C",
      "C",
      "C",
      "C",
      "C",
      "C",
      "C",
      "C",
      "C",
      "C",
      "C",
      "C",
      "C",
      "C",
      "C",
      "C",
      "C",
      "C",
      "C",
      "C",
      "C",
      "C",
      "C",
      "C",
      "C",
      "C",
      "C",
      "C",
      "C",
      "C",
      "C",
      "H",
      "H",
      "H",
      "H",
      "H",
      "H",
      "H",
      "H",
      "H",
      "H",
      "H",
      "H",
      "H",
      "H",
      "H",
      "H",
      "H",
      "H",
      "H",
      "H",
      "H",
      "H",
      "H",
      "H",
      "H",
      "H",
      "H",
      "H",
      "H",
      "H",
      "H",
      "H",
      "H",
      "H",
      "H",
      "H"
    ],
    "charge_variation": [
      -0.0005179999999999976,
      -0.000342000000000002,
      -0.0017289999999999944,
      0.0014979999999999993,
      0.00036499999999999727,
      0.0002919999999999971,
      -0.0006990000000000052,
      -0.0002930000000000016,
      -0.0006859999999999991,
      -0.00012099999999999611,
      0.0003820000000000004,
      -0.00011800000000000699,
      -0.0004670000000000091,
      -0.0012950000000000045,
      -0.0013609999999999942,
      0.0006439999999999987,
      -0.0002930000000000016,
      0.0004780000000000062,
      -0.0006609999999999949,
      -1.1999999999998123e-05,
      0.0004889999999999964,
      -0.002013000000000001,
      0.0016570000000000057,
      -0.0032260000000000066,
      0.0023950000000000013,
      -0.002356999999999998,
      0.0015070000000000083,
      -0.0017609999999999987,
      -0.0003599999999999992,
      -7.099999999999815e-05,
      0.0002409999999999999,
      -0.00018899999999999993,
      -0.0007349999999999995,
      -0.0013819999999999943,
      -0.0006420000000000037,
      -0.00021300000000000485,
      -0.001571000000000003,
      0.0009799999999999948,
      -0.002637999999999998,
      0.0034409999999999996,
      -0.004458999999999991,
      0.001902000000000001,
      -0.0010730000000000045,
      -0.002255000000000007,
      0.002814999999999998,
      -0.006308000000000008,
      0.005357999999999998,
      -0.005846000000000004,
      0.0027510000000000034,
      -0.0023170000000000066,
      -0.0014799999999999952,
      0.0017739999999999978,
      9.999999999999593e-06,
      7.799999999999994e-05,
      -0.0002859999999999946,
      -0.0007539999999999977,
      -0.0012500000000000011,
      -2.999999999999531e-06,
      0.00024300000000000016,
      0.0002270000000000015,
      0.0013130000000000017,
      0.0009859999999999973,
      0.00019800000000000026,
      0.00031100000000000225,
      0.00013699999999999823,
      0.0003020000000000002,
      0.0017040000000000007,
      0.0013080000000000001,
      0.0008459999999999995,
      0.00027800000000000047,
      -5.6000000000000494e-05,
      0.000337999999999998,
      0.0005990000000000023,
      -0.0002160000000000009,
      0.0003170000000000048,
      0.0001449999999999993,
      0.0003909999999999955,
      0.0010769999999999946,
      0.0012780000000000014,
      0.0010480000000000003,
      0.0010469999999999993,
      0.00016800000000000148,
      0.0016699999999999979,
      0.00037700000000000233,
      0.0005280000000000007,
      0.0016320000000000015,
      -0.0007710000000000009,
      0.0014749999999999971,
      0.00036399999999999627,
      0.0005049999999999985,
      0.0014279999999999987,
      0.0007320000000000035,
      0.0005210000000000006,
      0.00027699999999999947
    ]
  },
  "excitation_energy": "1.8911",
  "exciting_path_mean_volume": 1040.3402933333334,
  "s0_bonds_avg": 1.2765292924905711,
  "s1_bonds_avg": 1.3045391350786668,
  "delta_bonds": 0.02800984258809569,
  "s0_angles_avg": 119.99720178726601,
  "s1_angles_avg": 119.99513387062612,
  "delta_angles": -0.0020679166398878124
}