{
  "s0_rotational_constant_a": 0.0622168,
  "s0_rotational_constant_b": 0.1104655,
  "s0_rotational_constant_c": 0.1252663,
  "s1_rotational_constant_a": 0.0647451,
  "s1_rotational_constant_b": 0.1135528,
  "s1_rotational_constant_c": 0.1301721,
  "s0_rays_asymmetry_parameter": -0.5305022244426995,
  "s1_rays_asymmetry_parameter": -0.491974261390557,
  "s0_volume": 638.8172,
  "s1_volume": 637.29368,
  "delta_volume": -1.5235199999999622,
  "s0_homo_lumo_gap": 2.1800724825142765,
  "s1_homo_lumo_gap": 1.3919465189974196,
  "delta_gap": -0.7881259635168569,
  "s0_dihedral_avg": 93.00276817210893,
  "s1_dihedral_avg": 93.36743509939178,
  "delta_dihedral": 0.36466692728285466,
  "delta_dipole": {
    "element": [
      "C",
      "C",
      "C",
      "C",
      "C",
      "C",
      "C",
      "C",
      "C",
      "C",
      "C",
      "C",
      "C",
      "C",
      "C",
      "C",
      "C",
      "C",
      "C",
      "C",
      "S",
      "O",
      "O",
      "C",
      "C",
      "C",
      "C",
      "C",
      "C",
      "C",
      "C",
      "H",
      "H",
      "H",
      "H",
      "H",
      "H",
      "H",
      "H",
      "H",
      "H",
      "H",
      "H",
      "H",
      "H",
      "H",
      "H",
      "H",
      "H",
      "H",
      "H",
      "H",
      "H",
      "H",
      "H",
      "H",
      "H",
      "H",
      "H",
      "H",
      "H"
    ],
    "charge_variation": [
      0.0006260000000000016,
      0.00027699999999999947,
      -0.0005809999999999982,
      -0.0005190000000000056,
      0.007893000000000011,
      -0.0015980000000000022,
      0.007438,
      -0.003834999999999998,
      0.013024,
      -0.032513,
      0.009789999999999993,
      -0.005500999999999999,
      -0.0023040000000000005,
      0.0017459999999999976,
      0.0005939999999999973,
      -0.0003630000000000022,
      -0.0006489999999999968,
      0.000674999999999995,
      -0.0026609999999999967,
      0.006761999999999999,
      -0.004318999999999962,
      -0.017992999999999926,
      0.01517400000000002,
      -0.029845999999999998,
      0.013127000000000002,
      -0.008302,
      0.006683,
      -0.0035629999999999967,
      0.017065000000000004,
      0.0020890000000000006,
      -0.0042139999999999955,
      -9.999999999999593e-06,
      0.00046799999999999967,
      -0.00011500000000000052,
      0.0001349999999999997,
      0.0006029999999999994,
      4.099999999999937e-05,
      0.000451,
      0.0011160000000000024,
      0.0003270000000000009,
      0.001024000000000004,
      0.005150000000000002,
      0.0011590000000000003,
      0.0006809999999999941,
      0.00014099999999999877,
      0.0004030000000000006,
      0.0003280000000000019,
      3.599999999999784e-05,
      0.0006369999999999987,
      0.00010399999999999993,
      -1.9000000000001654e-05,
      -8.100000000000121e-05,
      -2.3999999999999716e-05,
      0.00024199999999999916,
      0.0007469999999999977,
      -0.0004339999999999969,
      0.0006539999999999949,
      0.0010460000000000053,
      -0.0002899999999999986,
      0.0011480000000000032,
      0.00012199999999999711
    ]
  },
  "excitation_energy": "2.0741",
  "exciting_path_mean_volume": 637.68405,
  "s0_bonds_avg": 1.2903833140807812,
  "s1_bonds_avg": 1.2856359349195312,
  "s0_angles_avg": 114.97166626377823,
  "s1_angles_avg": 114.94051545312719,
  "delta_bonds": -0.004747379161250009,
  "delta_angles": -0.03115081065104164
}