{
  "s0_rotational_constant_a": 0.0132737,
  "s0_rotational_constant_b": 0.0202598,
  "s0_rotational_constant_c": 0.026079,
  "s1_rotational_constant_a": 0.0133837,
  "s1_rotational_constant_b": 0.0211413,
  "s1_rotational_constant_c": 0.0247451,
  "s0_rays_asymmetry_parameter": -0.09112633050377592,
  "s1_rays_asymmetry_parameter": -0.3656063513299417,
  "s0_volume": 1166.49421,
  "s1_volume": 1168.88045,
  "delta_volume": 2.3862400000000434,
  "s0_homo_lumo_gap": 0.8285593552874104,
  "s1_homo_lumo_gap": 0.35780245534086985,
  "delta_gap": -0.4707568999465406,
  "s0_dihedral_avg": 90.08928601050249,
  "s1_dihedral_avg": 90.21155492107304,
  "delta_dihedral": 0.12226891057055411,
  "delta_dipole": {
    "element": [
      "N",
      "C",
      "C",
      "C",
      "N",
      "C",
      "C",
      "C",
      "C",
      "C",
      "C",
      "C",
      "C",
      "C",
      "N",
      "C",
      "C",
      "C",
      "C",
      "C",
      "C",
      "C",
      "C",
      "C",
      "C",
      "C",
      "C",
      "C",
      "C",
      "C",
      "C",
      "C",
      "C",
      "C",
      "C",
      "C",
      "C",
      "C",
      "C",
      "C",
      "C",
      "C",
      "C",
      "C",
      "C",
      "N",
      "C",
      "C",
      "C",
      "C",
      "C",
      "C",
      "C",
      "C",
      "C",
      "C",
      "C",
      "C",
      "C",
      "C",
      "C",
      "C",
      "S",
      "H",
      "H",
      "H",
      "H",
      "H",
      "H",
      "H",
      "H",
      "H",
      "H",
      "H",
      "H",
      "H",
      "H",
      "H",
      "H",
      "H",
      "H",
      "H",
      "H",
      "H",
      "H",
      "H",
      "H",
      "H",
      "H",
      "H",
      "H",
      "H",
      "H",
      "H",
      "H",
      "H",
      "H",
      "H",
      "H",
      "H",
      "H",
      "H",
      "H"
    ],
    "charge_variation": [
      0.011296000000000084,
      -0.0020040000000000058,
      0.015273,
      -0.0020529999999999715,
      0.010471000000000008,
      -0.005301,
      0.014181,
      -0.007882,
      0.01178499999999999,
      -0.015008000000000007,
      0.02833,
      -0.012295,
      0.032906000000000005,
      -0.002664999999999973,
      -0.06016599999999994,
      0.011573,
      -0.012436000000000003,
      0.0028520000000000004,
      -0.005236999999999999,
      0.0015829999999999976,
      -0.002522,
      0.001009999999999997,
      -0.0007390000000000035,
      -0.00036399999999999974,
      -0.0007130000000000053,
      6.000000000002531e-06,
      -4.099999999999937e-05,
      0.0011660000000000004,
      0.000792000000000001,
      0.001074000000000002,
      -0.0011460000000000012,
      -0.0007129999999999984,
      -0.0010639999999999955,
      0.0011130000000000029,
      0.00016099999999999448,
      0.00012699999999999864,
      -0.0004610000000000031,
      -0.000612999999999999,
      -0.00010400000000000686,
      0.0006649999999999989,
      -0.0002479999999999982,
      0.04974099999999998,
      -0.03250700000000001,
      0.028596999999999997,
      -0.037958999999999965,
      0.025997000000000048,
      0.005300000000000027,
      -0.012846999999999997,
      0.002113,
      -0.014350000000000002,
      0.00369,
      -0.01735700000000001,
      0.005776000000000003,
      -0.01792200000000002,
      0.0039109999999999995,
      -0.015380000000000005,
      0.0020780000000000004,
      -0.014175999999999994,
      0.031224000000000002,
      -0.04605699999999999,
      0.03914300000000001,
      -0.013118999999999999,
      0.013125999999999999,
      0.004058000000000006,
      0.0028740000000000016,
      0.001452000000000002,
      0.002148000000000004,
      -0.00028900000000000453,
      -0.003478999999999996,
      -0.0015550000000000008,
      -0.000278999999999998,
      -0.0003009999999999992,
      -0.0002480000000000017,
      -0.00013900000000000023,
      8.299999999999974e-05,
      0.0003060000000000007,
      8.199999999999874e-05,
      -0.0002030000000000018,
      -0.0004270000000000003,
      -0.0005169999999999966,
      -0.00010100000000000386,
      -0.00015899999999999942,
      -0.00024199999999999916,
      -0.00044399999999999995,
      -0.00023799999999999863,
      -0.0008540000000000006,
      0.002931000000000003,
      0.0051189999999999986,
      -0.003133999999999998,
      0.0019749999999999976,
      -0.0013409999999999984,
      -0.000673,
      -0.0018890000000000018,
      -0.0010760000000000006,
      -0.0007409999999999986,
      -0.0018850000000000013,
      -0.0007510000000000017,
      -0.0015269999999999971,
      0.0018799999999999997,
      -0.0038870000000000016,
      -0.0008529999999999996,
      0.0006960000000000022,
      0.002013000000000001
    ]
  },
  "excitation_energy": "0.5204",
  "exciting_path_mean_volume": 1167.72553,
  "s0_bonds_avg": 1.288605873046126,
  "s1_bonds_avg": 1.29529247734036,
  "delta_bonds": 0.006686604294233955,
  "s0_angles_avg": 120.94020330838813,
  "s1_angles_avg": 120.5171921289977,
  "delta_angles": -0.42301117939042854
}