{
  "s0_rotational_constant_a": 0.0286736,
  "s0_rotational_constant_b": 0.0311066,
  "s0_rotational_constant_c": 0.1687036,
  "s1_rotational_constant_a": 0.0296879,
  "s1_rotational_constant_b": 0.0311562,
  "s1_rotational_constant_c": 0.1616903,
  "s0_rays_asymmetry_parameter": 0.9652503035063914,
  "s1_rays_asymmetry_parameter": 0.9777534347860342,
  "s0_volume": 775.17408,
  "s1_volume": 775.98645,
  "delta_volume": 0.8123699999999872,
  "s0_homo_lumo_gap": 1.2302918649215582,
  "s1_homo_lumo_gap": 0.8529652433545816,
  "delta_gap": -0.3773266215669766,
  "s0_dihedral_avg": -9.994539661216828,
  "s1_dihedral_avg": 2.663092177183499,
  "delta_dihedral": 12.657631838400327,
  "delta_dipole": null,
  "excitation_energy": "1.0395",
  "exciting_path_mean_volume": 775.4625400000001,
  "s0_bonds_avg": 1.2717888901909462,
  "s1_bonds_avg": 1.2850460612282433,
  "s0_angles_avg": 119.38704670189631,
  "s1_angles_avg": 118.86991002441242
}