{"charge": {"element": ["C", "C", "C", "C", "O", "C", "C", "C", "C", "C", "C", "C", "C", "C", "C", "C", "C", "C", "C", "C", "C", "C", "C", "C", "C", "C", "C", "C", "C", "C", "C", "H", "H", "H", "H", "H", "H", "H", "H", "H", "H", "H", "H", "H", "H", "H", "H", "H", "H", "H", "H", "H", "H", "H", "H", "H", "H"], "charge_variation": [0.001695000000000002, -0.0006919999999999999, -0.0006190000000000015, -0.0017910000000000426, 0.009226000000000067, 0.007633000000000001, -0.0018269999999999953, 0.0005779999999999952, 0.0016220000000000002, 0.005531, -0.007595999999999999, 0.0005490000000000078, -0.0041120000000000045, -0.0006050000000000014, -0.0046630000000000005, -0.0005149999999999981, -0.010384000000000004, 0.0004009999999999986, -0.007961999999999997, 0.0020219999999999995, -0.005060000000000002, -0.0011649999999999994, -0.003485000000000002, -0.003698000000000007, -0.002797999999999995, -0.001119000000000002, -0.0015500000000000028, 0.0016739999999999984, -0.0024200000000000055, 0.0017329999999999984, -0.0024839999999999862, 0.0004919999999999994, 0.00037100000000000327, -4.9999999999980616e-06, 0.0009359999999999993, 9.20000000000018e-05, 0.0017000000000000001, 0.0008739999999999998, -0.00022199999999999998, 0.003611000000000003, 0.0030250000000000034, -0.00048699999999999785, 0.001003999999999998, -0.0005339999999999998, 0.0033379999999999972, 0.002228000000000001, -0.0007620000000000023, 0.0009820000000000002, -0.00046399999999999914, 0.0025159999999999974, 0.0024910000000000036, -0.00023199999999999957, 0.0014809999999999997, 8.199999999999874e-05, 0.004240000000000001, 0.004069000000000003, 0.0010529999999999984]}, "ground_state": {"HOMO-LUMO": 2.3030978594130236, "charge": {"element": ["C", "C", "C", "C", "O", "C", "C", "C", "C", "C", "C", "C", "C", "C", "C", "C", "C", "C", "C", "C", "C", "C", "C", "C", "C", "C", "C", "C", "C", "C", "C", "H", "H", "H", "H", "H", "H", "H", "H", "H", "H", "H", "H", "H", "H", "H", "H", "H", "H", "H", "H", "H", "H", "H", "H", "H", "H"], "charge": [-0.151897, -0.00235, -0.052565, 0.363393, -0.514966, 0.507959, -0.213295, -0.03514, 0.007476, -0.005054, -0.035158, 0.087975, -0.069573, -0.021813, -0.044134, -0.023514, -0.067857, 0.085974, -0.067938, -0.022196, -0.044438, -0.022612, -0.070003, 0.08479, -0.06875, -0.023429, -0.043002, -0.022251, -0.065343, -0.033641, -0.151951, 0.044545, 0.045369, 0.038296, 0.026436, 0.031312, -0.013935, -0.010765, 0.03906, 0.030486, 0.03076, 0.026774, 0.026686, 0.027026, 0.030317, 0.031256, 0.027786, 0.02672, 0.026764, 0.030535, 0.030121, 0.026524, 0.026689, 0.027982, 0.031462, 0.032491, 0.044609]}, "structure": {"bonds": 1.2652721731668337, "angles": 118.65968341400274, "DA": 8.601361104618626}, "rotational_constant": {"A": 0.0627844, "B": 0.081501, "C": 0.2189743}, "rays_asymmetry_parameter": 0.7603353353834019, "volume": 622.3174}, "excited_state": {"HOMO-LUMO": 1.264395889355257, "charge": {"element": ["C", "C", "C", "C", "O", "C", "C", "C", "C", "C", "C", "C", "C", "C", "C", "C", "C", "C", "C", "C", "C", "C", "C", "C", "C", "C", "C", "C", "C", "C", "C", "H", "H", "H", "H", "H", "H", "H", "H", "H", "H", "H", "H", "H", "H", "H", "H", "H", "H", "H", "H", "H", "H", "H", "H", "H", "H"], "charge": [-0.150202, -0.003042, -0.053184, 0.361602, -0.50574, 0.515592, -0.215122, -0.034562, 0.009098, 0.000477, -0.042754, 0.088524, -0.073685, -0.022418, -0.048797, -0.024029, -0.078241, 0.086375, -0.0759, -0.020174, -0.049498, -0.023777, -0.073488, 0.081092, -0.071548, -0.024548, -0.044552, -0.020577, -0.067763, -0.031908, -0.154435, 0.045037, 0.04574, 0.038291, 0.027372, 0.031404, -0.012235, -0.009891, 0.038838, 0.034097, 0.033785, 0.026287, 0.02769, 0.026492, 0.033655, 0.033484, 0.027024, 0.027702, 0.0263, 0.033051, 0.032612, 0.026292, 0.02817, 0.028064, 0.035702, 0.03656, 0.045662]}, "structure": {"bonds": 1.270209482773, "angles": 118.64227612923727, "DA": -3.037834507450665}, "rotational_constant": {"A": 0.0643665, "B": 0.0811621, "C": 0.2206263}, "rays_asymmetry_parameter": 0.7850298029307601, "excited_energy": "2.1485", "volume": 617.85963}, "exciting_path_mean_volume": 619.54998}