{
  "s0_rotational_constant_a": 0.0374025,
  "s0_rotational_constant_b": 0.0472075,
  "s0_rotational_constant_c": 0.1433737,
  "s1_rotational_constant_a": 0.0383649,
  "s1_rotational_constant_b": 0.0474929,
  "s1_rotational_constant_c": 0.1427332,
  "s0_rays_asymmetry_parameter": 0.8149497221886702,
  "s1_rays_asymmetry_parameter": 0.8250809872346297,
  "s0_volume": 722.1528,
  "s1_volume": 721.73837,
  "delta_volume": -0.4144299999999248,
  "s0_homo_lumo_gap": 1.8209638808614157,
  "s1_homo_lumo_gap": 1.4003766049860578,
  "delta_gap": -0.42058727587535794,
  "s0_dihedral_avg": -2.7618959093310647,
  "s1_dihedral_avg": -9.461295586777192,
  "delta_dihedral": -6.699399677446127,
  "delta_dipole": null,
  "excitation_energy": "1.7115",
  "exciting_path_mean_volume": 721.5092699999999,
  "s0_bonds_avg": 1.2759347243327144,
  "s1_bonds_avg": 1.2798661314591429,
  "s0_angles_avg": 118.81080501823912,
  "s1_angles_avg": 118.81826361042177
}