{
  "s0_rotational_constant_a": 0.1455813,
  "s0_rotational_constant_b": 0.23135,
  "s0_rotational_constant_c": 0.3184813,
  "s1_rotational_constant_a": 0.1505724,
  "s1_rotational_constant_b": 0.2307943,
  "s1_rotational_constant_c": 0.3208986,
  "s0_rays_asymmetry_parameter": 0.007880855986119416,
  "s1_rays_asymmetry_parameter": 0.05802043373244961,
  "s0_volume": 407.05376,
  "s1_volume": 403.49471,
  "delta_volume": -3.5590500000000134,
  "s0_homo_lumo_gap": 2.3558688915555845,
  "s1_homo_lumo_gap": 1.19325173242403,
  "delta_gap": -1.1626171591315546,
  "s0_dihedral_avg": 5.915255342234835,
  "s1_dihedral_avg": -0.9318247014037844,
  "delta_dihedral": -6.84708004363862,
  "delta_dipole": null,
  "excitation_energy": "2.0902",
  "exciting_path_mean_volume": 404.866025,
  "s0_bonds_avg": 1.2788341044994869,
  "s1_bonds_avg": 1.2783380349835896,
  "s0_angles_avg": 118.75246447807395,
  "s1_angles_avg": 118.74213213916843
}