{"charge": {"element": ["O", "P", "C", "C", "C", "C", "C", "C", "C", "C", "C", "C", "C", "C", "C", "C", "C", "C", "C", "C", "C", "C", "C", "C", "C", "C", "C", "C", "C", "C", "C", "C", "C", "C", "C", "C", "H", "H", "H", "H", "H", "H", "H", "H", "H", "H", "H", "H", "H", "H", "H", "H", "H", "H", "H", "H", "H", "H", "H", "H", "H"], "charge_variation": [0.025388999999999995, -0.069447, 0.008709999999999996, -0.001972999999999999, -0.0012570000000000012, 0.0004149999999999987, -0.0037040000000000024, 0.0044429999999999956, 0.003499, 0.00010899999999999799, 0.000791, 9.000000000000327e-05, 0.0020980000000000026, -0.001291999999999998, -0.0010439999999999894, 0.014935999999999998, -0.0044289999999999885, 0.004735999999999997, -0.0010430000000000023, 0.0029060000000000023, -0.0015179999999999985, 0.003811999999999996, 0.022743999999999997, -0.0031189999999999968, 0.0005379999999999968, -0.0012250000000000004, 0.0019990000000000008, -0.0015480000000000008, 0.004365000000000001, -0.024014, 0.007747999999999991, -0.002702999999999997, 0.0003510000000000006, 2.4000000000003185e-05, -0.0001510000000000001, 0.0010840000000000016, -0.0002009999999999998, -0.0007349999999999995, -1.5999999999998654e-05, -0.0002899999999999986, 0.00036199999999999774, 0.0012459999999999971, 2.2999999999998716e-05, 0.00015100000000000183, 0.000449999999999999, -0.00045299999999999854, 0.0019759999999999986, 0.0009860000000000008, 0.0010329999999999992, 0.00016299999999999995, 0.00041799999999999823, 0.0006839999999999971, -0.00010500000000000093, 0.0008410000000000015, 0.0010480000000000003, 0.0022739999999999982, 0.001228, -4.60000000000009e-05, -0.00027299999999999894, -0.000902, -0.0021800000000000014]}, "ground_state": {"HOMO-LUMO": 1.7520483360750227, "structure": {"bonds": 1.291681368725, "angles": 119.3863404192226, "DA": 4.522718290030774}, "rotational_constant": {"A": 0.0708862, "B": 0.1112205, "C": 0.124011}, "rays_asymmetry_parameter": -0.5184734813119295, "volume": 685.55307}, "excited_state": {"HOMO-LUMO": 1.0574043525625778, "structure": {"bonds": 1.3079823454966666, "angles": 119.35409562775223, "DA": -1.8907054990839927}, "rotational_constant": {"A": 0.0695617, "B": 0.1109545, "C": 0.1242117}, "rays_asymmetry_parameter": -0.514832570905764, "excited_energy": "1.6086", "volume": 682.55269}, "exciting_path_mean_volume": 683.9970266666666}