{"charge": {"element": ["F", "B", "F", "N", "C", "C", "C", "C", "C", "C", "C", "C", "C", "S", "C", "C", "C", "C", "N", "H", "H", "H", "H", "H", "H", "H", "H", "H"], "charge_variation": [-0.0022210000000000285, 0.006384000000000056, -0.004087000000000063, -0.063693, -0.005442000000000002, -0.029941999999999996, -0.08342999999999998, 0.043685, 0.011775000000000008, -0.0015159999999999965, 0.009734999999999994, 0.004534000000000003, 0.007873, 0.045445, 0.024151000000000006, -0.008802000000000004, 0.01006399999999999, 0.01569900000000002, -0.005556999999999979, -0.0010379999999999973, 0.005725999999999995, 0.009308000000000004, 0.005665999999999997, 0.0002160000000000009, 0.0025239999999999985, 0.0015289999999999956, 0.00033299999999999996, 0.0010810000000000056]}, "ground_state": {"HOMO-LUMO": 1.545056799282344, "charge": {"element": ["F", "B", "F", "N", "C", "C", "C", "C", "C", "C", "C", "C", "C", "S", "C", "C", "C", "C", "N", "H", "H", "H", "H", "H", "H", "H", "H", "H"], "charge": [-0.518162, 0.732864, -0.517963, -0.251716, 0.275714, -0.143856, -0.128982, 0.203428, 0.060374, 0.044159, -0.074308, -0.047031, 0.001146, -0.021403, 0.204872, -0.129438, -0.14354, 0.27591, -0.251008, 0.045415, 0.049396, 0.047628, 0.050489, 0.047694, 0.046256, 0.047697, 0.048977, 0.045387]}, "structure": {"bonds": 1.3254625774358064, "angles": 118.27895011933957, "DA": 2.581146219174604}, "rotational_constant": {"A": 0.2111569, "B": 0.299114, "C": 0.5818709}, "rays_asymmetry_parameter": 0.5254719271459939, "volume": 331.54562}, "excited_state": {"HOMO-LUMO": 1.1877768024662698, "charge": {"element": ["F", "B", "F", "N", "C", "C", "C", "C", "C", "C", "C", "C", "C", "S", "C", "C", "C", "C", "N", "H", "H", "H", "H", "H", "H", "H", "H", "H"], "charge": [-0.520383, 0.739248, -0.52205, -0.315409, 0.270272, -0.173798, -0.212412, 0.247113, 0.072149, 0.042643, -0.064573, -0.042497, 0.009019, 0.024042, 0.229023, -0.13824, -0.133476, 0.291609, -0.256565, 0.044377, 0.055122, 0.056936, 0.056155, 0.04791, 0.04878, 0.049226, 0.04931, 0.046468]}, "structure": {"bonds": 1.3253975398754836, "angles": 118.28577052078543, "DA": -0.3355169228561734}, "rotational_constant": {"A": 0.2100739, "B": 0.3039044, "C": 0.5728769}, "rays_asymmetry_parameter": 0.4827468350592471, "excited_energy": "1.5127", "volume": 330.39064}, "exciting_path_mean_volume": 330.4598866666667}