{
  "s0_rotational_constant_a": 0.2244373,
  "s0_rotational_constant_b": 0.3691722,
  "s0_rotational_constant_c": 0.5265257,
  "s1_rotational_constant_a": 0.2320463,
  "s1_rotational_constant_b": 0.3619569,
  "s1_rotational_constant_c": 0.5243075,
  "s0_rays_asymmetry_parameter": 0.04177121663724935,
  "s1_rays_asymmetry_parameter": 0.11099660167001307,
  "s0_volume": 349.42823,
  "s1_volume": 354.23236,
  "delta_volume": 4.804130000000043,
  "s0_homo_lumo_gap": 2.5422886239344145,
  "s1_homo_lumo_gap": 1.2016165110970682,
  "delta_gap": -1.3406721128373462,
  "s0_dihedral_avg": 89.99652715903817,
  "s1_dihedral_avg": 90.42825085766923,
  "delta_dihedral": 0.4317236986310604,
  "delta_dipole": {
    "element": [
      "C",
      "C",
      "C",
      "C",
      "N",
      "C",
      "C",
      "C",
      "C",
      "C",
      "C",
      "C",
      "C",
      "C",
      "C",
      "C",
      "C",
      "N",
      "C",
      "H",
      "H",
      "H",
      "H",
      "H",
      "H",
      "H",
      "H",
      "H",
      "H",
      "H",
      "H"
    ],
    "charge_variation": [
      0.04658799999999999,
      -0.010013000000000001,
      0.007914000000000004,
      0.00539400000000001,
      0.016686999999999952,
      0.011138000000000037,
      -0.009070999999999996,
      0.0037610000000000005,
      -0.012573,
      0.00040699999999999764,
      -0.001794999999999998,
      -0.021960999999999994,
      0.019403,
      -0.04120299999999999,
      0.02092,
      -0.05435999999999999,
      0.013317000000000023,
      0.012179999999999969,
      -0.01442199999999999,
      -0.001690000000000004,
      0.016685000000000002,
      0.006289000000000003,
      -0.006171000000000003,
      -0.0021849999999999994,
      -0.0008830000000000018,
      -0.0004400000000000029,
      -0.0005189999999999986,
      0.001859000000000003,
      -0.001901,
      -0.015530000000000002,
      0.012174
    ]
  },
  "excitation_energy": "1.3846",
  "exciting_path_mean_volume": 351.75823833333334,
  "s0_bonds_avg": 1.2912430856567647,
  "s1_bonds_avg": 1.2932604951491176,
  "s0_angles_avg": 119.93944291177117,
  "s1_angles_avg": 119.82999755548677,
  "delta_bonds": 0.0020174094923528507,
  "delta_angles": -0.10944535628439667
}