{
  "charge": {
    "element": [
      "C",
      "C",
      "C",
      "C",
      "N",
      "C",
      "C",
      "C",
      "C",
      "C",
      "C",
      "C",
      "C",
      "C",
      "C",
      "C",
      "C",
      "N",
      "C",
      "H",
      "H",
      "H",
      "H",
      "H",
      "H",
      "H",
      "H",
      "H",
      "H",
      "H",
      "H"
    ],
    "charge_variation": [
      0.04658799999999999,
      -0.010013000000000001,
      0.007914000000000004,
      0.00539400000000001,
      0.016686999999999952,
      0.011138000000000037,
      -0.009070999999999996,
      0.0037610000000000005,
      -0.012573,
      0.00040699999999999764,
      -0.001794999999999998,
      -0.021960999999999994,
      0.019403,
      -0.04120299999999999,
      0.02092,
      -0.05435999999999999,
      0.013317000000000023,
      0.012179999999999969,
      -0.01442199999999999,
      -0.001690000000000004,
      0.016685000000000002,
      0.006289000000000003,
      -0.006171000000000003,
      -0.0021849999999999994,
      -0.0008830000000000018,
      -0.0004400000000000029,
      -0.0005189999999999986,
      0.001859000000000003,
      -0.001901,
      -0.015530000000000002,
      0.012174
    ]
  },
  "ground_state": {
    "HOMO-LUMO": 2.5422886239344145,
    "structure": {
      "bonds": 1.2912430856567647,
      "angles": 119.93944291177117,
      "DA": 89.99652715903817
    },
    "rotational_constant": {
      "A": 0.2244373,
      "B": 0.3691722,
      "C": 0.5265257
    },
    "rays_asymmetry_parameter": 0.04177121663724935,
    "volume": 349.42823
  },
  "excited_state": {
    "HOMO-LUMO": 1.2016165110970682,
    "structure": {
      "bonds": 1.2932604951491176,
      "angles": 119.82999755548677,
      "DA": 90.42825085766923
    },
    "rotational_constant": {
      "A": 0.2320463,
      "B": 0.3619569,
      "C": 0.5243075
    },
    "rays_asymmetry_parameter": 0.11099660167001307,
    "excited_energy": "1.3846",
    "volume": 354.23236
  },
  "exciting_path_mean_volume": 351.75823833333334
}