{
  "s0_rotational_constant_a": 0.0093513,
  "s0_rotational_constant_b": 0.0100541,
  "s0_rotational_constant_c": 0.0607066,
  "s1_rotational_constant_a": 0.009426,
  "s1_rotational_constant_b": 0.0100717,
  "s1_rotational_constant_c": 0.0615892,
  "s0_rays_asymmetry_parameter": 0.9726298940907755,
  "s1_rays_asymmetry_parameter": 0.9752430832464266,
  "s0_volume": 1344.71984,
  "s1_volume": 1340.71153,
  "delta_volume": -4.008309999999938,
  "s0_homo_lumo_gap": 1.836681174815701,
  "s1_homo_lumo_gap": 1.5639986419443552,
  "delta_gap": -0.2726825328713458,
  "s0_dihedral_avg": 0.47335188495828356,
  "s1_dihedral_avg": 3.337848153912713,
  "delta_dihedral": 2.8644962689544293,
  "delta_dipole": null,
  "excitation_energy": "1.9643",
  "exciting_path_mean_volume": 1341.956585,
  "s0_bonds_avg": 1.2895988271530436,
  "s1_bonds_avg": 1.291152920302029,
  "s0_angles_avg": 115.5700112634855,
  "s1_angles_avg": 115.55537031326975
}