id,code,AggIndex,SMILES,reference,molecular_weight,emission_solid,emission_aggr,features_id,mechanism_id,doi
1,TPE-IQ-2O,1,CCC[n+]6cc4ccc(/C(=C(c1ccc(OC)cc1)\c2ccc(OC)cc2)c3ccccc3)cc4c(c5ccccc5)c6c7ccccc7,"Chem. Sci., 2017, 8, 1822-1830",725.31,620,,AIE,ICT,
2,DBA-AM,2,CCCCN(CCCC)c1ccc(/C=N/C(C#N)=C(N)/C#N)cc1,"J. Mater. Chem. C, 2016, 4,10430-10434",323.43,621,,AIE,ICT,
3,DMA-AM,3,CN(C)c1ccc(/C=N/C(C#N)=C(N)/C#N)cc1,"J. Mater. Chem. C, 2016, 4,10430-10434",239.28,576,515,AIE,ICT,
4,DEAH-AM,4,CCN(CC)c1ccc(/C=N/C(C#N)=C(N)/C#N)c(O)c1,,283.33,651,504,AIE,ICT,
5,TTE,5,c4csc(/C(=C(c1cccs1)/c2cccs2)c3cccs3)c4,"Chem. Sci.2017, 8, 2629 - 2639",356.5,413,410,AIE,neutral aromatic,
6,TFE,6,c4coc(/C(=C(c1ccco1)/c2ccco2)c3ccco3)c4,,292,499,489,AIE,neutral aromatic,
7,SL-TTE,7,c5csc(c3c(c1cccs1)c2sccc2c4ccsc34)c5,"Chem. Sci.2017, 8, 2629 - 2639",354.5,,380,AIE,neutral aromatic,
12,HCA,12,CN(C)c2ccc(/C=C/C(=O)c1ccccc1O)cc2,"ACS Appl. Mater. Interfaces 2014, 6, 17245?17254",267.13,680,640,AIE,ESIPT+ICT/TICT,
13,DPI-B,13,Cn4c(/C=C(c1ccccc1)/c2ccccc2)nc(c3ccccc3)c4c5ccccc5,"Adv. Funct. Mater. 2016, 26, 824每832",412.19,475,,AIE,neutral aromatic,
14,DPI-A,14,Cn3c(/C=C(C#N)/c1ccccc1)nc(c2ccccc2)c3c4ccccc4,"Adv. Funct. Mater. 2016, 26, 824每832",361.16,500,,AIE,ICT,
15,DPI-BP,15,Cn4c(/C=C(c1ccccc1)/c2cc[n+](C)cc2)nc(c3ccccc3)c4c5ccccc5,"Adv. Funct. Mater. 2016, 26, 824每832",429.22,616,,AIE,ICT,
16,DPI-In,16,Cn4c(/C=C/C2=[N+](C)c1ccccc1C2(C)C)nc(c3ccccc3)c4c5ccccc5,"Adv. Funct. Mater. 2016, 26, 824每832",418.23,642,,AIE,ICT,
17,TPE-IPB,17,CC7(C)OB(c6ccc(COc1ccccc1/C=N/c5ccc(/C(=C(c2ccccc2)/c3ccccc3)c4ccccc4)cc5)cc6)OC7(C)C,"Adv. Mater. 2016, 28, 7249每7256 ",451.2,538,538,AIE,neutral aromatic,
18,TPE-Tetrazole-1,18,c5ccc(/C(=C(c1ccccc1)\c3ccc(c2nnn[nH]2)cc3)c4ccccc4)cc5,,400.18,,480,AIE,neutral aromatic,
19,TPE-Tetrazole-2,19,c6ccc(/C(=C(c2ccc(c1nnn[nH]1)cc2)/c4ccc(c3nnn[nH]3)cc4)c5ccccc5)cc6,,468.18,475,,AIE,neutral aromatic,
20,TPE-Tetrazole-4,20,c2cc(c1nnn[nH]1)ccc2/C(=C(c4ccc(c3nnn[nH]3)cc4)/c6ccc(c5nnn[nH]5)cc6)c8ccc(c7nnn[nH]7)cc8,,604.26,484,,AIE,neutral aromatic,
21,ESIPT-N3,21,N#N=NCCOc4ccc(/C=N/N=c2c1ccccc1c3ccccc23)c(O)c4,,383.41,550,,AIE,ESIPT,
22,CM-b,22,c8ccc(/C(=C(c1ccccc1)/c6ccc(c4nc(c2ccccc2)c(c3ccccc3)nc4c5ccccc5)cc6)c7ccccc7)cc8,,638.8,481,,AIE,neutral aromatic,
23,CM-d,23,c8ccc(/C(=C(c1ccccc1)/c6cccc(c4nc(c2ccccc2)c(c3ccccc3)nc4c5ccccc5)c6)c7ccccc7)cc8,,638.8,477,,AIE,neutral aromatic,
24,CM-e,24,c8ccc(/C(=C(c1ccccc1)/c2ccccc2c5nc(c3ccccc3)c(c4ccccc4)nc5c6ccccc6)c7ccccc7)cc8,,638.8,475,,AIE,neutral aromatic,
25,CM-c,25,N#C/C(C#N)=C\c6ccc(c5ccc(c3nc(c1ccccc1)c(c2ccccc2)nc3c4ccccc4)cc5)cc6,,536.6,510,,AIE,ICT,
26,CM-f,26,N#C/C(C#N)=C\c6ccc(c5ccc(c3nc(c1ccccc1)c(c2ccccc2)nc3c4ccccc4)cc5)s6,,542.7,550,,AIE,ICT,
27,CM-i,27,N#Cc9nc(c4ccc(c3ccc(N(c1ccccc1)c2ccccc2)cc3)cc4)c(c8ccc(c7ccc(N(c5ccccc5)c6ccccc6)cc7)cc8)nc9C#N,,768.9,630,,AIE,ICT,
28,TriPCE,28,COc3ccc(/C(=C(C#N)\c1ccccc1)c2ccccc2)cc3,"Macromolecules, 2016, 49, 8888每8898 ",311.38,490,490,AIE,ICT,
29,Ryan1,29,C[N+](C)(C)CCCCCCC8(CCCCCC[N+](C)(C)C)c1ccccc1c7cc(/C(=C(c2ccccc2)/c3ccc5c(c3)c4ccccc4C5(CCCCCC[N+](C)(C)C)CCCCC[N+](C)(C)C)c6ccccc6)ccc78,"J. Mater. Chem. B, 2014,2, 4134-4141",1397.34,,520,AIE,neutral aromatic,
30,Ryan2,30,O=P([O-])([O-])Oc4ccc(/C(=C(c1ccccc1)/c2ccc(OP(=O)([O-])[O-])cc2)c3ccccc3)cc4,"ACS Appl. Mater. Interfaces 2013, 5, 8784?8789",524.1,,480,AIE,neutral aromatic,
31,TPE-C,31,O=N(=O)c1ccccc1COc6ccc(c5ccc(/C(=C(c2ccccc2)/c3ccccc3)c4ccccc4)cc5)cc6,,,,,AIE,neutral aromatic,
32,ASCP,32,CN(C)c3ccc(/C=C(C#N)/c2ccc(c1cc[n+](C)cc1)cc2)cc3,"J. Mater. Chem. B, 2016, 4, 2614-2619",340.18,,650,AIE,ICT,
33,ASCP-2P,33,C[n+]5ccc(c4ccc(/C(C#N)=C/c3ccc(N(c1ccccc1)c2ccccc2)cc3)cc4)cc5,,464.2133,,620,AIE,ICT,
34,ASCP-TPA,34,C[n+]6ccc(c5ccc(/C(C#N)=C/c4ccc(c3ccc(N(c1ccccc1)c2ccccc2)cc3)cc4)cc5)cc6,,540.2458,,620,AIE,ICT,
35,2ASCP-TPA,35,C[n+]6ccc(c5ccc(/C(C#N)=C(C#N)/c4ccc(c3ccc(N(c1ccccc1)c2ccccc2)cc3)cc4)cc5)cc6,,565.2332,,720,AIE,ICT,
36,ASCP-PZ,36,C[n+]4ccc(c3ccc(/C(C#N)=C(C#N)/c2ccc(N1CC[N+](C)(C)CC1)cc2)cc3)cc4,"Adv. Funct. Mater., 2014, 24, 635-643; Chem. Commun., 2015, 51, 7321-7324.",1130,,610,AIE,TICT,
37,TTB,37,C1(C2=CC=C(N(C3=CC=CC=C3)C4=CC=C(/C(C5=CC=CC=C5)=C(C6=CC=CC=C6)/C7=CC=CC=C7)C=C4)C=C2)=CC=C(C8=CC=C(N(C9=CC=CC=C9)C%10=CC=C(/C(C%11=CC=CC=C%11)=C(C%12=CC=CC=C%12)/C%13=CC=CC=C%13)C=C%10)C=C8)C%14=NSN=C1%14,"Adv. Funct. Mater., 2014, 24, 635-643; Chem. Commun., 2015, 51, 7321-7324.",1230,617,609,AIE,ICT,
38,TNB,38,C1(C2=CC=C(N(C3=CC=CC4=C3C=CC=C4)C5=CC=C(/C(C6=CC=CC=C6)=C(C7=CC=CC=C7)/C8=CC=CC=C8)C=C5)C=C2)=CC=C(C9=CC=C(N(C%10=CC=CC%11=C%10C=CC=C%11)C%12=CC=C(/C(C%13=CC=CC=C%13)=C(C%14=CC=CC=C%14)/C%15=CC=CC=C%15)C=C%12)C=C9)C%16=NSN=C1%16,"J. Mater. Chem. C, 2014, 2, 3756每3761",918,617,604,AIE,ICT,
39,TPE-NPB,39,C1(/C(C2=CC=C(C3=CC=C(N(C4=C(C=CC=C5)C5=CC=C4)C6=CC=CC=C6)C=C3)C=C2)=C(C7=CC=CC=C7)\C8=CC=C(C9=CC=C(N(C%10=CC=CC%11=C%10C=CC=C%11)C%12=CC=CC=C%12)C=C9)C=C8)=CC=CC=C1,"Adv. Funct. Mater., 2012, 22, 771-779. ",1343,506,505,AIE,ICT,
40,TPE-TPA-DCM (TTD),40,N#C/C(C#N)=C1C=C(/C=C/C2=CC=C(N(C3=CC=CC=C3)C4=CC=C(C5=CC=C(/C(C6=CC=CC=C6)=C(C7=CC=CC=C7)/C8=CC=CC=C8)C=C5)C=C4)C=C2)OC(/C=C/C9=CC=C(N(C%10=CC=CC=C%10)C%11=CC=C(C%12=CC=C(/C(C%13=CC=CC=C%13)=C(C%14=CC=CC=C%14)/C%15=CC=CC=C%15)C=C%12)C=C%11)C=C9)=C/1,"Sci. Rep., 2013, 3, 1150",1072,,660,AIE,ICT,
41,TPE-TPA-FN(TTF),41,N#C/C(c1ccc(N(c2ccccc2)c3ccc(/C(c4ccccc4)=C(c5ccccc5)/c6ccccc6)cc3)cc1)=C(c7ccc(N(c8ccccc8)c9ccc(/C(c%10ccccc%10)=C(c%11ccccc%11)/c%12ccccc%12)cc9)cc7)/C#N,"Adv. Healthcare Mater., 2015, 4, 2667-2676. ",1234,663,671,AIE,ICT,
42,DPBA-TPE,42,COc1c(/C=C(c2ccc(N(c3ccc(/C(c4ccccc4)=C(c5ccccc5)/c6ccccc6)cc3)c7ccccc7)cc2)\C#N)cc(OC)c(/C=C(C#N)/c8ccc(N(c9ccc(/C(c%10ccccc%10)=C(c%11ccccc%11)/c%12ccccc%12)cc9)c%13ccccc%13)cc8)c1,,1465,,624,AIE,ICT,
43,TTS,43,c1(c2ccc(N(c3ccc(N(c4ccccc4)c5ccccc5)cc3)c6ccc(/C(c7ccccc7)=C(c8ccccc8)/c9ccccc9)cc6)cc2)c%10nsnc%10c(c%11ccc(N(c%12ccc(N(c%13ccccc%13)c%14ccccc%14)cc%12)c%15ccc(/C(c%16ccccc%16)=C(c%17ccccc%17)/c%18ccccc%18)cc%15)cc%11)cc1,,1513,636,636,AIE,ICT,
44,TTSe,44,c1(c2ccc(N(c3ccc(N(c4ccccc4)c5ccccc5)cc3)c6ccc(/C(c7ccccc7)=C(c8ccccc8)/c9ccccc9)cc6)cc2)c%10n[se]nc%10c(c%11ccc(N(c%12ccc(N(c%13ccccc%13)c%14ccccc%14)cc%12)c%15ccc(/C(c%16ccccc%16)=C(c%17ccccc%17)/c%18ccccc%18)cc%15)cc%11)cc1,,502,665,665,AIE,ICT,
45,TM-s-TPE,45,Cc1c(C)cc(C(c2cc(C)c(C)cc2C)C(c3c(C)cc(C)c(C)c3)C4cc(C)C(C)cc4C)c(C)c1,,252,397,385,AIE,clusterluminescence,
46,DPM-TM,46,Cc1cc(C)c(C)cc1Cc2cc(C)c(C)cc2C,,266,401,400,AIE,clusterluminescence,
47,s-DPE-TM,47,Cc1cc(C)c(C)cc1CCc2cc(C)c(C)cc2C,,264,390,390,AIE,clusterluminescence,
48,DPE-TM,48,Cc1cc(C)c(C)cc1/C=C/c2cc(C)c(C)cc2C,,313,397,396,AIE,clusterluminescence,
49,TPh-TM,49,Cc1cc(C)c(C)cc1c2ccc(c3cc(C)c(C)cc3C)cc2,,314,337,345,AIE,clusterluminescence,
50,TPh-ME,50,Cc1cc(C)cc(C)c1c2ccc(c3c(C)cc(C)cc3C)cc2,,472,,336,AIE,clusterluminescence,
51,TPh-TM-DBr,51,Brc1cc(c2cc(C)c(C)cc2C)c(Br)cc1c3cc(C)c(C)cc3C,,418.2,,401,AIE,clusterluminescence,
52,TPE-TMX,52,CN(C)CCOc1ccc(/C(c2ccccc2)=C(c3ccccc3)/c4ccccc4)cc1,"Nanoscale, 2016, 8, 12520每12523",423.2243,480,,AIE,neutral aromatic,
53,TPE-PY-N3,53,[N-]=[N+]=NCCCC[n+]1ccc(/C=C/c2ccc(/C(c3ccccc3)=C(c4ccccc4)\c5ccccc5)cc2)cc1,"J. Mater. Chem. B, 2015, 3, 4993 ",,618,,AIE,neutral aromatic,
60,p-TPE-RNS,60,CCN(CC)c1cc2c(C3(N(NC(Nc4ccccc4)=S)C(c5ccc(c6ccc(/C(c7ccccc7)=C(c8ccccc8)/c9ccccc9)cc6)cc53)=O)c%10ccc(N(CC)CC)cc%10O2)cc1,"Chem. Sci., 2017,8, 2047-2055",921,480,480,AIE,TICT,
61,m-TPE-RNS,61,CCN(CC)c1cc2c(C3(N(NC(Nc4ccccc4)=S)C(c5cc(c6ccc(/C(c7ccccc7)=C(c8ccccc8)/c9ccccc9)cc6)ccc53)=O)c%10ccc(N(CC)CC)cc%10O2)cc1,"Chem. Sci., 2017,8, 2047-2055",921,485,485,AIE,TICT,
64,BMO,64,O=C1OC(C)=N/C1=C\c2ccccc2,,187.198,506,,AIE,ICT,
65,BMO-PH,65,O=C1OC(C)=N/C1=C\c2ccc(c3ccccc3)cc2,,263.296,527,,AIE,ICT,
66,BMO-PF,66,O=C1OC(C)=N/C1=C\c2cc3c(c4ccccc4C3)cc2,,275.309,548,,AIE,ICT,
67,BMO-PM,67,O=C1OC(C)=N/C1=C\c2ccc(c3ccc(OC)cc3)cc2,,293.322,542,,AIE,ICT,
68,BMO-PC,68,O=C1OC(C)=N/C1=C\c2ccc(c3ccc(C#N)cc3)cc2,,288.306,524,,AIE,ICT,
69,TPE-BMO,69,O=C1OC(C)=N/C1=C\c2ccc(c3ccc(/C(c4ccccc4)=C(c5ccccc5)/c6ccccc6)cc3)cc2,,517.628,540,504,AIE,ICT,
70,TPA-BMO,70,O=C1OC(C)=N/C1=C\c2ccc(c3ccc(N(c4ccccc4)c5ccccc5)cc3)cc2,,430.507,635,578,AIE,ICT,
71,DM-TPE-DMO,71,O=C1OC(C)=N/C1=C\c2ccc(c3ccc(/C(c4ccccc4)=C(c5ccc(OC)cc5)/c6ccc(OC)cc6)cc3)cc2,,577.68,550,555,AIE,ICT,
72,TPE-PA,72,O=Cc1ccc(c2ccc(/C(c3ccccc3)=C(c4ccccc4)/c5ccccc5)cc2)cc1,,436.554,480,488,AIE,ICT,
73,DM-TPE-PA,73,O=Cc1ccc(c2ccc(/C(c3ccccc3)=C(c4ccc(OC)cc4)/c5ccc(OC)cc5)cc2)cc1,,496.606,503,524,AIE,ICT,
74,Naph-BMO,74,O=C1OC(C)=N/C1=C\c2ccc(c3ccc(OC)c4ccccc43)cc2,,343.382,560,519,AIE,ICT,
75,Naph-PA,75,COc1ccc(c2ccc(C=O)cc2)c3ccccc31,,262.308,427,449,AIE,ICT,
76,TPA-BI,76,O=C1N(CCC)C(C)=N/C1=C\c2ccc(c3ccc(N(c4ccccc4)c5ccccc5)cc3)cc2,,471.604,,570,AIE,ICT,
77,IQ-DPA,77,CCC[n+]1c(c2ccccc2)c(c3ccccc3)c(cc(N(c4ccccc4)c5ccccc5)cc6)c6c1.F[B-](F)(F)F,,578.4616,530,590,AIE,ICT,
78,IQ-Naph,78,COc1c2ccccc2c(c3ccc4c[n+](CCC)c(c5ccccc5)c(c6ccccc6)c4c3)cc1.F[B-](F)(F)F,,567.4346,474,560,AIE,ICT,
79,IQ-TPA,79,F[B-](F)(F)F.CCC[n+]1c(c2ccccc2)c(c3ccccc3)c(cc(c4ccc(N(c5ccccc5)c6ccccc6)cc4)cc7)c7c1,,654.5596,560,630,AIE,ICT,
80,IQ-TPA-Oley,80,F[B-](F)(F)F.CCCCCCCC/C=C\CCCCCCCC[n+]1c(c2ccccc2)c(c3ccccc3)c(cc(c4ccc(N(c5ccccc5)c6ccccc6)cc4)cc7)c7c1,,862.9486,600,600,AIE,ICT,
81,IQ-DMA,81,F[B-](F)(F)F.CCC[n+]1c(c2ccccc2)c(c3ccccc3)c(cc(N(C)C)cc4)c4c1,,454.3196,507,,AIE,ICT,
82,IQ-DPA-MePh,82,CCC[n+]1c(c2ccccc2)c(C)c(cc(N(c3ccccc3)c4ccccc4)cc5)c5c1.F[B-](F)(F)F,,516.3906,520,576,AIE,ICT,
83,IQ-DPA-Naph,83,F[B-](F)(F)F.CCC[n+]1c(c2c3ccccc3ccc2)c(c4cccc5ccccc45)c(cc(N(C6=CC=CC=C6)C7=CC=CC=C7)cc8)c8c1,,678.5816,520,589,AIE,ICT,
84,IQ-DPA-Ph,84,FB(F)F.N(c1ccccc1)(c2ccccc2)c3ccc4c[n+](c5ccccc5)c(c6ccccc6)c(c7ccccc7)c4c3.[F-],,612.4786,594,594,AIE,ICT,
85,IQ-DPA-C6,85,CCCCCC[n+]1c(c2ccccc2)c(c3ccccc3)c(cc(N(c4ccccc4)c5ccccc5)cc6)c6c1.FB(F)F.[F-],,620.5426,530,,AIE,ICT,
86,IQ-DPA-C10,86,CCCCCCCCCC[n+]1c(c2ccccc2)c(c3ccccc3)c(cc(N(c4ccccc4)c5ccccc5)cc6)c6c1.FB(F)F.[F-],,676.6506,530,,AIE,ICT,
87,AIE-SRS-Mito,87,CC[n+]1ccc(c2ccc(/C(C#N)=C/c3ccc(C#Cc4ccccc4)cc3)cc2)cc1.F[P-](F)(F)(F)(F)F,,556.4922,,,AIE,ICT,
88,TA-DTPE,88,CCN(CC)c1ccc(/C(c2ccc(N(CC)CC)cc2)=C(c3ccc(C#CC#CC#CC#Cc4ccc(/C(c5ccccc5)=C(c6ccc(N(CC)CC)cc6)/c7ccc(N(CC)CC)cc7)cc4)cc3)/c8ccccc8)cc1,,1043,630,,AIE,TICT,
89,TP-TPDI-1,89,O=C(c1ccc(c2ccc(C(N(CC(CCCC)CC)C3=O)=O)c4c3ccc5c24)c6c5c(c7ccc(/C(c8ccc(c9cc(C(N(CC(CCCC)CC)C%10=O)=O)c%11c%10ccc%12c%11c9c%13c%14c%12ccc(C(N(CC(CCCC)CC)C%15=O)=O)c%14c%15cc%13)cc8)=C/c%16ccc(c%17cc%18c%19c(C(N(CC(CC)CCCC)C%18=O)=O)ccc%20c%19c%17c%21ccc(C(N(CC(CC)CCCC)C%22=O)=O)c%23c%22ccc%20c%21%23)cc%16)cc7)cc%24c61)N(CC(CCCC)CC)C%24=O,,2094,680,,AIE,neutral aromatic,
90,TP-TPDI-2,90,O=C(c1ccc(c2ccc(C(N(CC(CCCCCCCC)CCCCCC)C3=O)=O)c4c3ccc5c24)c6c5c(c7ccc(/C(c8ccc(c9cc(C(N(CC(CCCCCC)CCCCCCCC)C%10=O)=O)c%11c%10ccc%12c%11c9c%13c%14c%12ccc(C(N(CC(CCCCCCCC)CCCCCC)C%15=O)=O)c%14c%15cc%13)cc8)=C/c%16ccc(c%17cc%18c%19c(C(N(CC(CCCCCCCC)CCCCCC)C%18=O)=O)ccc%20c%19c%17c%21ccc(C(N(CC(CCCCCCCC)CCCCCC)C%22=O)=O)c%23c%22ccc%20c%21%23)cc%16)cc7)cc%24c61)N(CC(CCCCCCCC)CCCCCC)C%24=O,,2767,680,,AIE,neutral aromatic,
108,CSPP-NHS,108,C[N+](CC1)(C)CCN1c2ccc(/C=C(C#N)/c3ccc(c4cc[n+](CCCC(ON5C(CCC5=O)=O)=O)cc4)cc3)cc2,,833.1,610,620,AIE,ICT,
109,CSMPP,109,CN(CC1)CCN1c2ccc(/C=C(C#N)/c3ccc(c4ccncc4)cc3)cc2,"Chem. Commun., 2015, 51, 9022",380.2,,,AIE,ICT,
110,TPE-Py-NCS,110,S=C=NCCCC[n+]1ccc(/C=C/c2ccc(/C(c3ccccc3)=C(c4ccccc4)/c5ccccc5)cc2)cc1.F[P-](F)(F)(F)(F)F,,694,,598,AIE,neutral aromatic,
134,TPE-ring,134,c1(/C(c2ccccc2)=C(c3ccccc3)/c4ccc(B5OB(c6ccc(/C(c7ccccc7)=C(c8ccccc8)\c9ccccc9)cc6)OB(c%10ccc(/C(c%11ccccc%11)=C(c%12ccccc%12)\c%13ccccc%13)cc%10)O5)cc4)ccccc1,,1074,,,AIE,neutral aromatic,
135,Startrek-1,135,c1(c2ccc(c(n3)c(c4ccc(c5ccc(N(c6ccccc6)c7ccccc7)cc5)cc4)nc8c3nsn8)cc2)ccc(N(c9ccccc9)c%10ccccc%10)cc1,,776,,670,AIE,ICT,
136,Startrek-2,136,c1(c2ccc(c3nc4c(c5ccc(N(c6ccccc6)c7ccccc7)cc5)c8c(nsn8)c(c9ccc(N(c%10ccccc%10)c%11ccccc%11)cc9)c4nc3c%12ccc(c%13ccc(N(c%14ccccc%14)c%15ccccc%15)cc%13)cc%12)cc2)ccc(N(c%16ccccc%16)c%17ccccc%17)cc1,,1312,,940,AIE,ICT,
137,Lyh40,137,N#C/C(C#N)=C1c2ccccc2CC\1=C/c3ccc(N(c4ccccc4)c5ccccc5)cc3,,435.174,671,680,AIE,neutral aromatic,
138,TPE-APT,138,Cc1nnn(Cc2ccc(/C(c3ccccc3)=C(c4ccccc4)\c5ccccc5)cc2)c1,,23759.3,,420,AIE,neutral aromatic,
139,BB_067,139,c1(/C(c2ccc(C3=NN=NN3)cc2)=C(c4ccc(C5=NN=NN5)cc4)/c6ccccc6)ccccc1,,468.18,480,,AIE,neutral aromatic,
140,BB_062,140,c1(/C(C2=NN=NN2)=C(C3=NN=NN3)/c4ccccc4)ccccc1,,468.18,480,,AIE,neutral aromatic,
141,BB_068,141,c1(/C(c2ccc(C3=NN=NN3)cc2)=C(c4ccc(C5=NN=NN5)cc4)\c6ccccc6)ccccc1,,316.11,450,,AIE,neutral aromatic,
142,BB_066,142,O=C(c1ccc(/C(c2ccccc2)=C(c3ccc(C(O)=O)cc3)\c4ccccc4)cc1)O,,468.18,470,,AIE,neutral aromatic,
143,Abeta-16,143,CN(C)c1ccc(/C(c2ccccc2)=C/c3cc(OC)c(/C=C(c4ccc(N(C)C)cc4)\c5ccccc5)cc3OC)cc1,,420.02,,,AIE,neutral aromatic,
144,XS_025,144,N#C/C(c1c(C#N)cccc1)=C(/C/2=C(c3c(C#N)cccc3)/C#N)/C2=C(C#N)\c4c(C#N)cccc4,,580.3,527,527,AIE,neutral aromatic,
145,Bi_Tri_TPE,145,c1(/C(c2ccc([Bi](c3ccc(/C(c4ccccc4)=C(c5ccccc5)/c6ccccc6)cc3)c7ccc(/C(c8ccccc8)=C(c9ccccc9)/c%10ccccc%10)cc7)cc2)=C(c%11ccccc%11)/c%12ccccc%12)ccccc1,,456.11,,620,AIE,neutral aromatic,
146,Bi_Tri_PhOMe,146,COc1ccc([Bi](c2ccc(OC)cc2)c3ccc(OC)cc3)cc1,,1200.29,,460,AIE,neutral aromatic,
147,Di_Hydrazone,147,O=C(N/N=C/c1ccc(/C=N/NC(c2ccccc2)=O)cc1)c3ccccc3,,530.37,,420,AIE,neutral aromatic,
148,Pyren-Sal,148,Oc1c(/C=N/c2c3ccc4cccc(c4c35)ccc5cc2)cccc1,,370.14,,446,AIE,ESIPT,
149,DQ-1,149,Cc1cc2c(NC(c3ccccc3)(CCCC)C(c4ccccc4)=N2)cc1C,,368.22,535,540,AIE,neutral aromatic,
150,DQ-2,150,Cc1cc2c(NC(c3ccc(C)cc3)(CCCC)C(c4ccc(C)cc4)=N2)cc1C,,396.25,530,528,AIE,neutral aromatic,
151,DQ-3,151,CCCCC(C(c1ccc(C)cc1)=N2)(c3ccc(C)cc3)Nc4c2cccc4,,368.23,529,519,AIE,neutral aromatic,
152,DQ-4,152,CCCCC(C(c1ccc(C2=CC=CC=C2)cc1)=N3)(c4ccc(C5=CC=CC=C5)cc4)Nc6c3cccc6,,492.25,528,541,AIE,neutral aromatic,
156,Bnpy-TPA,156,N#C/C(c1ccc(c2cc[n+](Cc3ccccc3)cc2)cc1)=C\c4ccc(N(c5ccccc5)c6ccccc6)cc4.[Br],,619.16,,,AIE,ICT,
157,phosphoniumpy-TPA,157,N#C/C(=C\c3ccc(N(c1ccccc1)c2ccccc2)cc3)c8ccc(c7cc[n+](CCC[P+](c4ccccc4)(c5ccccc5)c6ccccc6)cc7)cc8,,649.07,,,AIE,ICT,
165,TPE-IS,165,CC(C/1)CC(/C=C/c2ccc(/C(c3ccccc3)=C(c4ccccc4)\c5ccccc5)cc2)=CC1=C(C#N)/C#N,,514.672,,607,AIE,neutral aromatic,
166,TPE-MOI,166,CC(C/1)CC(/C=C/c2ccc(/C(c3ccccc3)=C(c4ccc(OC)cc4)\c5ccc(OC)cc5)cc2)=CC1=C(C#N)/C#N,,574.727,,660,AIE,neutral aromatic,
167,AIE-ISO-Lyso,167,CC(C/1)CC(/C=C/c2ccc(OCCCCCCN3CCOCC3)cc2)=CC1=C(C#N)/C#N,,703.91,,640,AIE,neutral aromatic,
171,2-CZTPE,171,CCn1c2ccccc2c3ccc(/C(c4ccccc4)=C(c5ccccc5)/c6ccccc6)cc31,,449.58,,492,AIE,neutral aromatic,
172,3-CZTPE,172,CCn1c2ccccc2c3cc(/C(c4ccccc4)=C(c5ccccc5)\c6ccccc6)ccc31,,297.3499,,483,AIE,neutral aromatic,
180,TPE-DZF,180,O=C1c2cc(c3ccc(/C(c4ccccc4)=C(c5ccccc5)\c6ccccc6)cc3)cnc2c7c1cccn7,,425,554,544,AIE,ICT,
181,TPA-DZF,181,O=C1c2cc(c3ccc(N(c4ccccc4)c5ccccc5)cc3)cnc2c6c1cccn6,,485,615,611,AIE,ICT,
182,TPA-Ome-DZF,182,O=C1c2cc(c3ccc(N(c4ccc(OC)cc4)c5ccc(OC)cc5)cc3)cnc2c6c1cccn6,,397,631,627,AIE,ICT,
183,TPA-MN,183,N#C/C(C#N)=C/c1ccc(c2ccc(N(c3ccccc3)c4ccccc4)cc2)cc1,,403,649,640,AIE,ICT,
184,TPA-S-MN,184,N#C/C(C#N)=C/c1sc(c2ccc(N(c3ccccc3)c4ccccc4)cc2)cc1,,1006,690,658,AIE,ICT,
186,TPCB,186,Oc1ccc(C(/C=C/c2ccc(N(c3ccccc3)c4ccccc4)cc2)=C(C#N)/C#N)cc1,,439.5,655,,AIE,ICT,
187,TPCMB,187,COc1ccc(C(/C=C/c2ccc(N(c3ccccc3)c4ccccc4)cc2)=C(C#N)/C#N)cc1,,453.5,655,,AIE,ICT,
188,TPCAB,188,O=C(C=C)Oc1ccc(C(/C=C/c2ccc(N(c3ccccc3)c4ccccc4)cc2)=C(C#N)/C#N)cc1,,493.5,649,,AIE,ICT,
189,PBP,189,Oc1c(/C=N/N=C/c2ccc(/C=N/N=C/c3c(O)cccc3)cc2)cccc1,,370.1,581,,AIE,ESIPT,
190,EBP,190,Oc1c(/C=N/N=C/C=N/N=C/c2c(O)cccc2)cccc1,,294.1,615,,AIE,ESIPT,
191,SATPA,191,Oc1c(/C=N/N=C/c2ccc(N(c3ccccc3)c4ccccc4)cc2)cccc1,,391.2,546,,AIE,ESIPT,
192,TPABDC,192,N#C/C(C#N)=C/c1ccc(c2ccc(N(c3ccccc3)c4ccccc4)cc2)cc1,,397.2,639,,AIE,ICT,
193,TPAB-3HF,193,O=c1c(O)c(c2ccc(c3ccc(N(c4ccccc4)c5ccccc5)cc3)cc2)oc6ccccc61,,481.2,511,,AIE,ESIPT,
194,SABB,194,Oc1c(/C=N/N=C/c2ccc(c3ccccc3)cc2)cccc1,,300.1,549,,AIE,ESIPT,
195,6-Methoxy-NaphAS,195,COc1cc2ccc(/C=N/N=C/c3c(O)cccc3)cc2cc1,,304.1,543,,AIE,ESIPT,
196,TPA-PC,196,O=C(c1ncccc1)/C=C/c2ccc(N(c3ccccc3)c4ccccc4)cc2,,376.15,590,,AIE,ICT,
197,TPE-T3HF,197,O=c1c(O)c(c2ccc(c3ccc(/C(c4ccc(c5ccc(c(c6O)oc7ccccc7c6=O)cc5)cc4)=C(c8ccc(c9ccc(c(oc%10ccccc%10%11)c(O)c%11=O)cc9)cc8)\c%12ccc(c%13ccc(c(c%14O)oc%15ccccc%15c%14=O)cc%13)cc%12)cc3)cc2)oc%16ccccc%161,,1276.35,521,,AIE,ESIPT,
198,TPAP-B,198,c1ccc(cc1)N(c1ccccc1)c1ccc2-c3cccc[n+]3[B-](c2c1)(c1ccccc1)c1ccccc1,,486.5,470,,AIE,ICT,
205,CSPP-NHS,205,C[N+](CC1)(C)CCN1c2ccc(/C=C(C#N)/c3ccc(c4cc[n+](CCCC(ON5C(CCC5=O)=O)=O)cc4)cc3)cc2,,833.1,610,539,AIE,TICT,
206,CSMPP,206,CN(CC1)CCN1c2ccc(/C=C(C#N)/c3ccc(c4ccncc4)cc3)cc2,,380.2,526,620,AIE,TICT,
207,DPDC,207,C[n+]1ccc(c2ccc(/C(C#N)=C(C#N)/c3ccc(c4cc[n+](C)cc4)cc3)cc2)cc1,,704.44,515,518,AIE,ICT,
208,PCMN,208,C[n+]1ccc(c2ccc(/C(C#N)=C/c3ccc4ccc(OC)cc4c3)cc2)cc1,,522.42,561,,AIE,ICT,
209,BTPE-BBT,209,CCCCOc1ccc(cc1)C(=C(c1ccccc1)c1ccc(cc1)-c1c2N=S=Nc2c(c2N=S=Nc12)-c1ccc(cc1)C(=C(c1ccc(OCCCC)cc1)c1ccc(OCCCC)cc1)c1ccccc1)c1ccc(OCCCC)cc1,,1143.5,,,AIE,ICT,
210,BPN-BBT,210,c1ccc(cc1)N(c1ccc(cc1)-c1c2N=S=Nc2c(c2N=S=Nc12)-c1ccc(cc1)N(c1ccccc1)c1cccc2ccccc12)c1cccc2ccccc12,,781,,,AIE,ICT,
213,cm-n,213,c12nc(c3ccccc3)c(c4ccccc4)nc1cc5nc(c6ccccc6)c(c7ccccc7)nc5c2,,486.6,450,,AIE,neutral aromatic,
214,Phoenix-1,214,N#C/C(C#N)=C1C2=C(C=CC=C2)C(/C/1=C(C=C(/C=C/c3ccc(N(c4ccccc4)c5ccccc5)cc3)O6)\C=C6/C=C/c7ccc(N(c8ccccc8)c9ccccc9)cc7)=C(C#N)/C#N,,859,,916,AIE,ICT,
215,NAP-Ph,215,CN(C)c1cc2ccc(/C=C(C#N)/c3ccc(c4ccccc4)cc3)c(OC)c2cc1,,404.19,566,558,AIE,ICT,
216,NAP-Br,216,CN(C)c1cc2ccc(/C=C(C#N)/c3ccc(Br)cc3)c(OC)c2cc1,,406.07,597,554,AIE,ICT,
217,NAP-CF3,217,CN(C)c1cc2ccc(/C=C(C#N)/c3cc(C(F)(F)F)cc(C(F)(F)F)c3)c(OC)c2cc1,,464.13,555,592,AIE,ICT,
218,NAP-Py,218,CN(C)c1cc2ccc(/C=C(C#N)/c3ccc(c4ccncc4)cc3)c(OC)c2cc1,,405.18,619,578,AIE,ICT,
219,NAP-Py+,219,CN(C)c1cc2ccc(/C=C(C#N)/c3ccc(c4cc[n+](C)cc4)cc3)c(OC)c2cc1,,565.17,676,656,AIE,ICT,
220,CS-Py+SO3-,220,CCN(CC)c1c(OCCCCCCCC)cc(/C=C(C#N)/c2ccc(c3cc[n+](CCCS(=O)([O-])=O)cc3)cc2)cc1,,603.8,679,672,AIE,ICT,
221,CS-Py+,221,CCN(CC)c1c(OCCCCCCCC)cc(/C=C(C#N)/c2ccc(c3cc[n+](C)cc3)cc2)cc1,"J. Am. Chem. Soc. 2019, 141, 16781?16789",458,685,666,AIE,ICT,
224,ABCXF,224,CN(C)c1ccc(/C=C/C=C(C#N)/c2cc(C(F)(F)F)cc(C(F)(F)F)c2)cc1,"Biomaterials, 2020, 242, 119924",410.1218,646,584,AIE,ICT,
225,TVQE,225,O=C(C)Oc1ccc(C[n+]2ccc(/C=C/c3ccc(N(c4ccccc4)c5ccccc5)cc3)c6ccccc62)cc1,"Chem. Sci., 2020,?11, 7676-7684",627.582,739,,AIE,ICT,
226,IVP-02,226,CC[n+]1ccc(/C=C/c2c3ccccc3[nH]c2)cc1,"Chem. Sci., 2020,?11, 7676-7684",394.301,575,,AIE,ICT,
227,IVP-22,227,CC[n+]1ccc(/C=C/c2c3ccccc3n(CC)c2)cc1,"Chem. Sci., 2020,?11, 7676-7684",422.355,,,AIE,ICT,
228,IVP-42,228,CC[n+]1ccc(/C=C/c2c3ccccc3n(CCCC)c2)cc1,"Chem. Sci., 2020,?11, 7676-7684",450.409,,,AIE,ICT,
229,IVP-04,229,CCCC[n+]1ccc(/C=C/c2c3ccccc3[nH]c2)cc1,"Chem. Sci., 2020,?11, 7676-7684",422.355,,,AIE,ICT,
230,IVP-06,230,CCCCCC[n+]1ccc(/C=C/c2c3ccccc3[nH]c2)cc1,"Chem. Sci., 2020,?11, 7676-7684",450.409,,,AIE,ICT,
231,IVP-62,231,CC[n+]1ccc(/C=C/c2c3ccccc3n(CCCCCC)c2)cc1,"Adv. Mater., 2018, 30, 1706856. ACS Nano, 2018, 12, 7936-7945",478.463,,,AIE,ICT,
232,TQ-BPN,232,c12nc(c3ccccc3)c(c4ccccc4)nc1c(c5ccc(N(c6cccc7ccccc67)c8ccccc8)cc5)c9nsnc9c2c%10ccc(N(c%11ccccc%11)c%12c%13ccccc%13ccc%12)cc%10,"Nano Today, 2020, 34, 100893. ACS Nano, 2018, 12, 11282-11293",927,810,,AIE,ICT,
233,BPN-BBT,233,c1ccc(cc1)N(c1ccc(cc1)-c1c2N=S=Nc2c(c2N=S=Nc12)-c1ccc(cc1)N(c1ccccc1)c1cccc2ccccc12)c1cccc2ccccc12,"Nat. Commun., 2018, 9, 1848",781,950,,AIE,ICT,
234,DTE-TPECM,234,FC(C(F)(F)C1(F)F)(F)C(c2cc(c3ccc(/C(c4ccccc4)=C(c5ccc(/C(C)=C(C#N)/C#N)cc5)\c6ccccc6)cc3)sc2C)=C1c7c(C)sc(c8ccc(/C(c9ccccc9)=C(c%10ccc(/C(C)=C(C#N)/C#N)cc%10)\c%11ccccc%11)cc8)c7,"Chem, 2019, 5, 2657-2677",1209,540,,AIE,ICT,
235,OTPA-TQ1,235,CCCCCCCCOc1ccc(N(c2ccc(c3c4c(nc(c5ccccc5)c(c6ccccc6)n4)c(c7ccc(N(c8ccc(OCCCCCCCC)cc8)c9ccc(OCCCCCCCC)cc9)cc7)c%10nsnc3%10)cc2)c%11ccc(OCCCCCCCC)cc%11)cc1,"Chem, 2019, 5, 2657-2677",1340,894,,AIE,ICT,
236,OTPA-TQ2,236,C#Cc1ccc(c2nc3c(c4ccc(N(c5ccc(OCCCCCCCC)cc5)c6ccc(OCCCCCCCC)cc6)cc4)c7nsnc7c(c8ccc(N(c9ccc(OCCCCCCCC)cc9)c%10ccc(OCCCCCCCC)cc%10)cc8)c3nc2c%11ccc(C#C)cc%11)cc1,"Chem, 2019, 5, 2657-2677",1388,911,,AIE,ICT,
237,OTPA-TQ3,237,CCCCCCCCOc1ccc(N(c2ccc(c3c4c(nc(c5ccc(C#Cc6ccccc6)cc5)c(c7ccc(C#Cc8ccccc8)cc7)n4)c(c9ccc(N(c%10ccc(OCCCCCCCC)cc%10)c%11ccc(OCCCCCCCC)cc%11)cc9)c%12nsnc3%12)cc2)c%13ccc(OCCCCCCCC)cc%13)cc1,"Biomaterials, 2020, 248, 120036",1540,910,,AIE,ICT,
238,PTZ-BT-TPA,238,CCCCCCCCN1c2ccc(c3c4nsnc4c(c5ccc(N(c6ccccc6)c7ccccc7)cc5)cc3)cc2Sc8cc(c9ccc(c%10ccc(N(c%11ccccc%11)c%12ccccc%12)cc%10)c%13nsnc%139)ccc18,"Chem. Sci., 2020,  DOI: 10.1039/D0SC03423A",1066,655,,AIE,ICT,
239,MTPE-TP1,239,COc1ccc(/C(c2ccc(OC)cc2)=C(c3ccccc3)/c4ccc(c5sc(c6ccc(/C(c7ccccc7)=C(c8ccc(OC)cc8)/c9ccc(OC)cc9)cc6)c%10nccnc%105)cc4)cc1,"Chem. Sci., 2020, DOI: 10.1039/D0SC03423A",917,660,,AIE,ICT,
240,MTPE-TP2,240,COc1ccc(/C(c2ccc(OC)cc2)=C(c3ccccc3)/c4ccc(c5sc(c6ccc(/C(c7ccccc7)=C(c8ccc(OC)cc8)/c9ccc(OC)cc9)cc6)c%10nc(c%11ccccc%11)c(c%12ccccc%12)nc%105)cc4)cc1,"Chem. Sci., 2020, DOI: 10.1039/D0SC03423A",1069,678,,AIE,ICT,
241,MTPE-TP3,241,COc1ccc(/C(c2ccc(OC)cc2)=C(c3ccccc3)/c4ccc(c5sc(c6ccc(/C(c7ccccc7)=C(c8ccc(OC)cc8)/c9ccc(OC)cc9)cc6)c%10nc(c%11ccc(/C(c%12ccccc%12)=C(c%13ccccc%13)/c%14ccccc%14)cc%11)c(c%15ccc(/C(c%16ccccc%16)=C(c%17ccccc%17)\c%18ccccc%18)cc%15)nc%105)cc4)cc1,"Angew. Chem. Int. Ed.?2020?,?59?, 9470",1578,685,,AIE,ICT,
242,4TPA-BQ,242,Cc1c[n+]2c(c3ccc(N(c4ccccc4)c5ccccc5)cc3)c(c6ccc(N(c7ccccc7)c8ccccc8)cc6)c9cc(N(c%10ccccc%10)c%11ccccc%11)ccc9c2c(c%12ccc(N(c%13ccccc%13)c%14ccccc%14)cc%12)c1,,1235.4491,570,,AIE,ICT,
249,APA,249,c12c(CN(Cc3ccccn3)Cc4ncccc4)c5ccccc5cc1cccc2,"Angew. Chem. Int. Ed. 2019, 58, 14911 每14914",,461,,AIE,neutral aromatic,
250,ASQ,250,CN(C)c1ccc(/C=C/c2nc3ccccc3[nH]c2=O)cc1,"Adv. Sci. 2020, 2001845",643,577,560,AIE,ICT,
251,TSSAM,251,C[n+]1c2ccccc2c(/C=C/c3sc(c4sc(c5ccc(N(c6ccccc6)c7ccccc7)cc5)cc4)cc3)c8ccccc81.FC(F)(S(=O)([O-])=O)F,"ACS Materials Lett.?2020, 2, 1033每1040",641,950,,AIE,ICT,
252,TSAM,252,C[n+]1c2ccccc2c(/C=C/c3sc(c4ccc(N(c5ccccc5)c6ccccc6)cc4)cc3)c7ccccc71.FC(F)(S(=O)([O-])=O)F,"ACS Materials Lett.?2020, 2, 1033每1040",637,847,,AIE,ICT,
253,TAM,253,C[n+]1c2ccccc2c(/C=C/c3ccc(N(c4ccccc4)c5ccccc5)cc3)c6ccccc61.FC(F)(S(=O)([O-])=O)F,"ACS Materials Lett.?2020, 2, 1033每1040",485,818,,AIE,ICT,
254,TFPy,254,C[n+]1ccc(/C=C/c2oc(c3ccc(N(c4ccccc4)c5ccccc5)cc3)cc2)cc1,"Angew. Chem. Int. Ed. 2020, 59, 9610每9616",492,660,,AIE,ICT,
255,TFVP,255,C[N+](C)(C)CCC[n+]1ccc(/C=C/c2oc(c3ccc(N(c4ccccc4)c5ccccc5)cc3)cc2)cc1.[Br-].[Br-],"Angew. Chem. Int. Ed. 2020, 59, 9610每9616",490,672,,AIE,ICT,
256,TPE-TFPy,256,C[n+]1ccc(/C=C/c2oc(c3ccc(N(c4ccc(/C(c5ccccc5)=C(c6ccccc6)/c7ccccc7)cc4)c8ccccc8)cc3)cc2)cc1,"Angew. Chem. Int. Ed. 2020, 59, 9610每9616",348,664,,AIE,ICT,
257,TTV,257,c1(c2sccc2)ccc(N(c3ccccc3)c4ccccc4)cc1,"Chem. Sci., 2019,10, 3494-3501",383,402,,AIE,ICT,
258,TTB,258,c1(c2sc(c3ccc(/C(c4ccccc4)=C(c5ccccc5)\c6ccccc6)cc3)cc2)ccc(N(c7ccccc7)c8ccccc8)cc1,"Chem. Sci., 2019,10, 3494-3501",398,482,,AIE,ICT,
259,TTG,259,O=Cc1sc(c2ccc(N(c3ccccc3)c4ccccc4)cc2)cc1,"Chem. Sci., 2019,10, 3494-3501",410,531,,AIE,ICT,
260,TTY,260,O=Cc1sc(c2ccc(N(c3ccc(OC)cc3)c4ccc(OC)cc4)cc2)cc1,"Chem. Sci., 2019,10, 3494-3501",438,580,,AIE,ICT,
261,TTO,261,O=Cc1ccc(c2sc(c3ccc(N(c4ccc(OC)cc4)c5ccc(OC)cc5)cc3)cc2)s1,"Chem. Sci., 2019,10, 3494-3501",443,612,,AIE,ICT,
262,TTR,262,O=Cc1sc(c2ccc(c3sc(c4ccc(N(c5ccc(OC)cc5)c6ccc(OC)cc6)cc4)cc3)s2)cc1,"Chem. Sci., 2019,10, 3494-3501",484,649,,AIE,ICT,
263,TTDR,263,N#C/C(C#N)=C/c1sc(c2ccc(N(c3ccccc3)c4ccccc4)cc2)cc1,"Chem. Sci., 2019,10, 3494-3501",512,667,,AIE,ICT,
264,TTNIR,264,COc1ccc(N(c2ccc(OC)cc2)c3ccc(c4sc(c5ccc(/C=C(C#N)/C#N)s5)cc4)cc3)cc1,"Chem. Sci., 2019,10, 3494-3501",470,724,,AIE,ICT,
265,PN-BTZ-Cz,265,c12c(c(N(c3ccccc3)c4cccc5ccccc45)ccc2n6c7ccccc7c8ccccc68)nsn1,"ACS Omega 2018, 3, 16347?16356 ",466,,,AIE,ICT,
266,DP-BTZ-Cz,266,c12c(c(N(c3ccccc3)c4ccccc4)ccc2n5c6ccccc6c7ccccc57)nsn1,"ACS Omega 2018, 3, 16347?16356 ",,,,AIE,ICT,
269,AMP-2HBT,269,CC(=O)COC1=CC(O)=C(C=C1)C1=NC2=C(S1)C=CC=C2,"ACS Appl. Mater. Interfaces, 2018, 10, 11436-11442.",351,482,,AIE,ESIPT,
270,SA-4CO2Na,270,Oc1c(/C=N/N=C/c2c(O)ccc(CN(CC(O[Na])=O)CC(O[Na])=O)c2)cc(CN(CC(O[Na])=O)CC(O[Na])=O)cc1,"ACS Appl. Mater. Interfaces, 2018, 10, 14410-14417",362,541,,AIE,ESIPT,
272,IND,272,O=C(c1ccccc1C/2=O)C2=C/c3ccc(N(CCCC)CCCC)cc3,"Mater. Horiz., 2019, 6, 546-553",364,639,,AIE,ICT,
273,AIE-Mito-TPP,273,Oc1c(/C=N/N=C/c2c(O)cc(OCCCCCC[P+](c3ccccc3)(c4ccccc4)c5ccccc5)cc2)ccc(OCCCCCC[P+](c6ccccc6)(c7ccccc7)c8ccccc8)c1,"Adv. Funct. Mater. 2018, 1804362",427,505,,AIE,ESIPT,
274,Cur-O-BF2,274,COc1cc(\C=C\C2=CC(\C=C\c3ccc(O)c(OC)c3)=[NH+][B-](F)(F)O2)ccc1O,"J. Mater. Chem. B 2019, 7, 2434-2441",415,586,,AIE,ICT,
275,2-AFN,275,O=C1c2ccccc2c3c1c(c4ccc(N(c5ccccc5)c6ccccc6)cc4)nc(N(CCN(C)C)C)c3C#N,"Chem. Commun., 2019, 55, 7458-7461",350,584,,AIE,ICT,
276,DHCHE,276,C[n+]1c2c3cc(OCO4)c4cc3ccc2c5ccc(OC)c(OC)c5c1,"Mater. Horiz. 2020, DOI: 10.1039/D0MH00931H.",,438,,AIE,ICT,
278,TBP,278,c1(c(ccc2c3ccncc3)c4c2nsn4)ccc(N(c5ccccc5)c6ccccc6)cc1,"J. Mater. Chem. B, 2020, 8, 1516",,621,,AIE,ICT,
279,TBP-1,279,CC[n+]1ccc(c2c3c(c(c4ccc(N(c5ccccc5)c6ccccc6)cc4)cc2)nsn3)cc1.[Br-],"Small Methods 2020, 2000046",,705,,AIE,ICT,
280,TBP-2,280,C[N+](C)(C)CCC[n+]1ccc(c2c3c(c(c4ccc(N(c5ccccc5)c6ccccc6)cc4)cc2)nsn3)cc1.[Br-].[Br-],"Small Methods 2020, 2000046",,685,,AIE,ICT,
281,CSMPP,281,CN(CC1)CCN1c2ccc(/C=C(C#N)/c3ccc(c4ccncc4)cc3)cc2,"Chem. Sci., 2020, 11, 3152",436,509,,AIE,ICT,
283,4(TPE-COO)-TPP,283,O=C(c1ccc(/C(c2ccccc2)=C(c3ccccc3)/c4ccccc4)cc1)Oc5ccc(c6c([N]7)C=Cc7c(c8ccc(OC(c9ccc(/C(c%10ccccc%10)=C(c%11ccccc%11)/c%12ccccc%12)cc9)=O)cc8)c%13[nH]c(cc%13)c(c%14ccc(OC(c%15ccc(/C(c%16ccccc%16)=C(c%17ccccc%17)\c%18ccccc%18)cc%15)=O)cc%14)c([N]%19)C=Cc%19c(c%20ccc(OC(c%21ccc(/C(c%22ccccc%22)=C(c%23ccccc%23)/c%24ccccc%24)cc%21)=O)cc%20)c%25[nH]c6cc%25)cc5,"Chin. Chem. Lett., 2019, 30  143每148",382,715,,AIE,ICT,
285,TPE-Gal,285,OCC(O1)C(O)C(O)C(O)C1n2nnc(CCCOc3ccc(/C(c4ccc(OCCCc5nnn(C6C(O)C(O)C(O)C(CO)O6)c5)cc4)=C(c7ccc(/C(c8ccccc8)=C(C#N)\C#N)cc7)/c9ccccc9)cc3)c2,"Anal. Chem. 2019, 91, 6836?6843",,580,,AIE,neutral aromatic,
286,TPE-Man,286,OCC(O1)C(O)C(O)C(O)C1c2nnn(CCCOc3ccc(/C(c4ccc(OCCCn5nnc(C6C(O)C(O)C(O)C(CO)O6)c5)cc4)=C(c7ccc(/C(c8ccccc8)=C(C#N)\C#N)cc7)/c9ccccc9)cc3)c2,"Anal. Chem. 2019, 91, 6836?6843",422,580,,AIE,neutral aromatic,
289,TPE-DOX,289,O=C(OCc1cc(C)cc(COC(NC2CC(CC3CC(C)(O)Cc4c(O)c(C(c5cccc(OC)c5C6=O)=O)c6c(O)c43)OC(C)C2O)=O)c1OCc7ccc(B8OC(C)(C)C(C)(C)O8)cc7)c9ccc(/C(c%10ccccc%10)=C(c%11ccccc%11)\c%12ccccc%12)cc9,"RSC Adv., 2018, 8, 10975每10979",205,480,,AIE,neutral aromatic,
290,(Z)-TPEDEPy,290,c1(C#Cc2ccncc2)ccc(/C(c3ccccc3)=C(c4ccccc4)\c5ccc(C#Cc6ccncc6)cc5)cc1,"J. Phys. Chem. B 2018, 122, 2165?2176",204,480,,AIE,neutral aromatic,
291,(E)-TPEDEPy,291,c1(C#Cc2ccncc2)ccc(/C(c3ccccc3)=C(c4ccccc4)/c5ccc(C#Cc6ccncc6)cc5)cc1,"J. Phys. Chem. B 2018, 122, 2165?2176",,510,,AIE,neutral aromatic,
292,(E)-TPEDEPy-DBz,292,c1(C#Cc2cc[n+](Cc3ccccc3)cc2)ccc(/C(c4ccccc4)=C(c5ccccc5)/c6ccc(C#Cc7cc[n+](Cc8ccccc8)cc7)cc6)cc1,"J. Mater. Chem. B, 2018, 6, 1279--1285",,570,,AIE,ICT,
293,TBZPy,293,C[n+]1ccc(/C=C/c2ccc(c3c4nsnc4c(c5ccc(N(c6ccccc6)c7ccccc7)cc5)cc3)cc2)cc1.[I-],"Adv. Funct. Mater. 2020, 2002057",,622,,AIE,ICT,
294,MTBZPy,294,C[n+]1ccc(/C=C/c2ccc(c3c4nsnc4c(c5ccc(N(c6ccc(OC)cc6)c7ccc(OC)cc7)cc5)cc3)cc2)cc1.[I-],"Adv. Funct. Mater. 2020, 2002058",,637,,AIE,ICT,
295,TNZPy,295,C[n+]1ccc(/C=C/c2ccc(c3c4nsnc4c(c5ccc(N(c6ccccc6)c7ccccc7)cc5)c8ccccc83)cc2)cc1.[I-],"Adv. Funct. Mater. 2020, 2002059",,666,,AIE,ICT,
296,MTNZPy,296,C[n+]1ccc(/C=C/c2ccc(c3c4nsnc4c(c5ccc(N(c6ccc(OC)cc6)c7ccc(OC)cc7)cc5)c8ccccc83)cc2)cc1.[I-],"Adv. Funct. Mater. 2020, 2002060",,681,,AIE,ICT,
297,PXZ-TBP-CN,297,N#Cc1ccc(c2c(c3ccccc3)cc(c4ccc(N5c6ccccc6Oc7ccccc75)cc4)c(c8ccccc8)c2)cc1,10.1002/ajoc.202000133,,458,495,AIE,ICT,
298,TPECNPB,298,C/C(C)=C(c1cc[n+](Cc2ccc(B(O)O)cc2)cc1)\c3ccc(/C(c4ccccc4)=C(c5ccc(OC)cc5)/c6ccc(OC)cc6)cc3.[Br-],"Adv. Optical Mater. 2020, 2001119",,,625,AIE,ICT,
300,2TPE-2NDTA,300,O=C(c1c(S/C(S2)=C(c3ccc(/C(c4ccccc4)=C(c5ccccc5)/c6ccccc6)cc3)/C#N)c2c(C(N(CC(CCCCCCCCCCCC)CCCCCCCCCC)C7=O)=O)c8c7c(S/C(S9)=C(\C(C#N)=C%10Sc%11c%12c%13c(C(N(CC(CCCCCCCCCCCC)CCCCCCCCCC)C%12=O)=O)c%14c(S/C(S%14)=C(c%15ccc(/C(c%16ccccc%16)=C(c%17ccccc%17)\c%18ccccc%18)cc%15)/C#N)c%19c%13c(C(N(CC(CCCCCCCCCCCC)CCCCCCCCCC)C%19=O)=O)c%11S/%10)C#N)c9c%20c81)N(CC(CCCCCCCCCCCC)CCCCCCCCCC)C%20=O,"Nat. Commun., 2019, 10, 768",,,,AIE,ICT,
301,COTh,301,c12ccsc1c3sccc3c4ccsc4c5sccc25,"Nat. commun. 2019, 10, 2952",,,520,AIE,neutral aromatic,
302,DCDMF-BP-PXZ,302,CC(c1cc(n2c3ccc(C(c4ccc(N5c6ccccc6Oc7ccccc75)cc4)=O)cc3c8ccccc28)ccc19)(C)c%10c9ccc(n%11c%12ccccc%12c%13ccccc%11%13)c%10,"Adv. Optical Mater. 2020, 2001027",,540,,AIE,ICT,
303,DCDPF-BP-PXZ,303,O=C(c1ccc(N2c3ccccc3Oc4ccccc42)cc1)c5ccc6n(c7ccc(c8ccc(n9c%10ccccc%10c%11ccccc9%11)cc8C%12(c%13ccccc%13)c%14ccccc%14)c%12c7)c%15ccccc%15c6c5,"Adv. Optical Mater. 2020, 2001028",,530,,AIE,ICT,
304,DCSBF-BP-PXZ,304,O=C(c1ccc(N2c3ccccc3Oc4ccccc42)cc1)c5ccc6n(c7ccc(c8ccc(n9c%10ccccc%10c%11ccccc9%11)cc8C%12%13c%14ccccc%14c%15ccccc%15%13)c%12c7)c%16ccccc%16c6c5,"Adv. Optical Mater. 2020, 2001029",,527,,AIE,ICT,
305,TPE-NA,305,c1(/C(c2ccccc2)=C(c3ccc(c4cccc5cccc(c6ccc(/C(c7ccccc7)=C(c8ccccc8)/c9ccccc9)cc6)c54)cc3)\c%10ccccc%10)ccccc1,"Adv. Mater. Interfaces 2020, 2000795",,,458,AIE,ICT,
309,DAMB-SA,309,C[C@@]12C(CCc3cc(/N=C/c4c(O)cccc4)c(Br)cc32)[C@](C)(C(OC)=O)CCC1," Nat Commun 12, 1773 (2021).",469.1,575,535,AIE,ESIPT,
310,DAMB-SAB,310,C[C@@]12C(CCc3cc(/N=C/c4c(O)c(C(C)(C)C)cc(C(C)(C)C)c4)c(Br)cc32)[C@](C)(C(OC)=O)CCC1," Nat Commun 12, 1773 (2022).",480.2,575,532,AIE,ESIPT,
311,DAMB-SAN,311,C[C@@]12C(CCc3cc(/N=C/c4c(O)ccc([N+]([O-])=O)c4)c(Br)cc32)[C@](C)(C(OC)=O)CCC1," Nat Commun 12, 1773 (2023).",514.1,575,532,AIE,ESIPT,
312,DB-BCZ,312,Cc1cc(C)c(B(c2c(C)cc(C)cc2C)c3ccc(c4cc(n5c6ccccc6c7ccccc57)cc(n8c9ccccc9c%10ccccc8%10)c4)cc3)c(C)c1,"Journal of Molecular Structure, Volume 1228, 2021, 129721",817.65,,410,AIE,ICT,
313,0-PP-2SMe,313,CSc1ccc(c2c(c3c(c4c(c5ccc(SC)cc5)cccc4)cccc3)cccc2)cc1,"Nat Commun 12, 167 (2021).",474.1476,,400,AIE,neutral aromatic,
314,0-TP-2Py,314,c1(c2ccncc2)c(c3c(c4c(c5ccncc5)cccc4)cccc3)cccc1,"Nat Commun 12, 167 (2022).",384.1426,,370,AIE,neutral aromatic,
315,o-PP-2CN,315,N#Cc1ccc(c2c(c3c(c4c(c5ccc(C#N)cc5)cccc4)cccc3)cccc2)cc1,"Nat Commun 12, 167 (2023).",432.1626,,470,AIE,neutral aromatic,
316, SPOC-SQ,316,[O-]C1=C(N(c2ccc(Cl)cc2)c3ccc(Cl)cc3)C(/C1=[N+](c4ccc(Cl)cc4)/c5ccc(Cl)cc5)=O,"J. Am. Chem. Soc. 2021, 143, 10, 3856每3864",551.9966,,525,AIE,ICT,
317,TBTO,317,CC[N+](CC)([O-])c1ccc(N(c2ccc([N+](CC)([O-])CC)cc2)c3ccc(c4c5c(c(c6ccc(N(c7ccc([N+](CC)([O-])CC)cc7)c8ccc([N+](CC)([O-])CC)cc8)cc6)cc4)nsn5)cc3)cc1,"iScience, Volume 24, Issue 3, 2021, 102261",971.5,,610,AIE,ICT,
318,o-TPBQ,318,Cc1c[n+]2c(c3ccccc3)c(c4ccccc4)c5ccccc5c2c(c6ccccc6)c1,"Chem. Sci., 2021,12, 709-717",422.1903,,450,AIE,ICT,
319,"2 TT-m, oC6B",319,CCCCCCC1=C(c2c3c(c(C4=C(CCCCCC)C=C(c5ccc(N(c6ccccc6)c7ccccc7)cc5)S4)cc2)nsn3)SC(c8ccc(N(c9ccccc9)c%10ccccc%10)cc8)=C1,"Materials Today Bio, Volume 10, March 2021, 100087",1012.3449,,1050,AIE,ICT,
320,TQ-BPN,320,c12c(c(c3ccc(N(c4ccccc4)c5cccc6ccccc56)cc3)c7nc(c8ccccc8)c(c9ccccc9)nc7c2c%10ccc(N(c%11c%12ccccc%12ccc%11)c%13ccccc%13)cc%10)nsn1,"Chem. Res. Chin. Univ. 37, 171每176 (2021).",,,800,AIE,ICT,
321,TPEBe-I(TPEBe-ATP),321,CC[n+]1c2ccccc2sc1/C=C/c3ccc(C(c4ccccc4)C(c5ccccc5)c6ccccc6)cc3,"Chemical Research in Chinese Universities volume 37, pages166每170 (2021)",,,680,AIE,ICT,
322,ABCXF,322,CN(C)c1ccc(/C=C/C=C(C#N)/c2cc(C(F)(F)F)cc(C(F)(F)F)c2)cc1,"Mater. Chem. Front., 2021,5, 1853-1862",410.1218,,590,AIE,ICT,
323,OTTAB,323,Nc1c(N)c(C2=CC=C(c3ccc(N(c4ccc(OCCCCCCCC)cc4)c5ccc(OCCCCCCCC)cc5)cc3)S2)c6c(c1C7=CC=C(c8ccc(N(c9ccc(OCCCCCCCC)cc9)c%10ccc(OCCCCCCCC)cc%10)cc8)S7)nsn6,"Nature Communications volume 12, Article number: 960 (2021) ",1388.6452,,615,AIE,ICT,
324,TPE-CN,324,c1(C(C(c2ccccc2)c3ccccc3)c4ccc(/C=N/N=C/c5ccc(C(C(c6ccccc6)c7ccccc7)c8ccccc8)cc5)cc4)ccccc1,"J. Am. Chem. Soc. 2021, 143, 5, 2433每2440",717.327,,480,AIE,neutral aromatic,
325,CoTAPc,325,Nc1cc2c(N=C(c3ccc(N)cc34)N5C4=Nc6c7ccc(N)cc7c8n6[Co]95N%10C(c%11cc(N)ccc%11C%10=N8)=N%12)n9c%12c2cc1,"Energy Environ. Sci., 2021,14, 483-492",,,,AIE,ICT,
326,CoTMAPc,326,C[N+](C)(C)c1cc2c(N=C(c3ccc([N+](C)(C)C)cc34)N5C4=Nc6c7ccc([N+](C)(C)C)cc7c8n6[Co]95N%10C(c%11cc([N+](C)(C)C)ccc%11C%10=N8)=N%12)n9c%12c2cc1,"Energy Environ. Sci., 2021,14, 483-492",,,,AIE,ICT,
327,C6-BD,327,Oc1c(/C=N/N=C/c2ccc(OCCCCCC[n+]3ccccc3)cc2)ccc4ccccc41,"Mater. Chem. Front., 2021,5, 2724-2729",,,,AIE,ESIPT,
328,DTPA-BT-M,328,COc1ccc(N(c2ccc(OC)cc2)c3ccc(c4ccc(c5ccc(N(c6ccc(OC)cc6)c7ccc(OC)cc7)cc5)c8c4nsn8)cc3)cc1,"Mater. Chem. Front., 2021,5, 1872-1883",,,650,AIE,ICT,
329,TPE-DMAB,329,C[N+](C)(Cc1ccc(B(O)O)cc1)c2ccc(C(c3ccccc3)C(c4ccccc4)c5ccc([N+](C)(Cc6ccc(B(O)O)cc6)C)cc5)cc2,"Mater. Chem. Front., 2021,5, 1830-1835",,,,AIE,ICT,
330,TIOdB,330,CCC[n+]1c(c2ccccc2)c(c3ccccc3)c4ccc(/C(c5cc6c[n+](CCC)c(c7ccccc7)c(c8ccccc8)c6cc5)=C(c9ccc(OC)cc9)/c%10ccc(OC)cc%10)cc4c1,"Mater.Horiz.,2020,7,3005--3010",,,543,AIE,ICT,
331,CHE,331,COc1c(OC)c2c[n+](C)c3c4cc(OCO5)c5cc4ccc3c2cc1,"Mater. Horiz., 2020, 7, 2696--2701",,584,,AIE,ICT,
332,TPE-PTB,332,CC(C)(C)c1ccc(n2c3c4ccccc4c5ccccc5c3nc2c6sc(c7c8c(c(c9ccc(C(C(c%10ccccc%10)c%11ccccc%11)c%12ccccc%12)cc9)cc7)nsn8)cc6)cc1,"ACS Nano 2020, 14, 16840?16853 ",,,,AIE,ICT,
333,TNZ,333,c12c(cc3ccccc3c2c4ccc(N(c5ccccc5)c6ccccc6)cc4)nsn1,"J. Mater. Chem. C, 2020, 8, 14146--14154",,635,,AIE,ICT,
334,PyTNZ,334,c12c(c(c3ccc4ccc5cccc6c5c4c3cc6)c7ccccc7c2c8ccc(N(c9ccccc9)c%10ccccc%10)cc8)nsn1,"J. Mater. Chem. C, 2020, 8, 14146--14155",,657,,AIE,ICT,
335,PheTNZ,335,c12c(c(c3cc4ccccc4c5ccccc53)c6ccccc6c2c7ccc(N(c8ccccc8)c9ccccc9)cc7)nsn1,"J. Mater. Chem. C, 2020, 8, 14146--14156",,658,,AIE,ICT,
336,NpTNZ,336,c12c(c(c3cc4ccccc4cc3)c5ccccc5c2c6ccc(N(c7ccccc7)c8ccccc8)cc6)nsn1,"J. Mater. Chem. C, 2020, 8, 14146--14157",,656,,AIE,ICT,
337,DCQA,337,CCn1c2cc(/C=C/c3cc[n+](CCCC[N+](C)(C)C)c4ccccc34)ccc2c5ccc(N(c6ccccc6)c7ccccc7)cc51,"Mater. Horiz., 2021,8, 1816-1824",,,,AIE,ICT,
338,TPE-2BA,338,OB(O)c1ccc(/C(c2ccccc2)=C(c3ccccc3)/c4ccc(B(O)O)cc4)cc1,"Mater. Horiz., 2021,8, 1816-1824",,480,,AIE,neutral aromatic,
339,PTZ1,339,CCCN1c2ccccc2Sc2cc(\C=C(/C#N)c3nc4ccccc4s3)ccc12,"J. Mater. Chem. C, 2019, 7, 4185-4190",,650,672,AIE,ICT,
340,PTZ2,340,CCCN1c2ccccc2Sc2cc(\C=C(/C#N)c3nc4ccccc4o3)ccc12,"J. Mater. Chem. C, 2019, 7, 4185-4190",,655,671,AIE,ICT,
341,PTZ3,341,[H]n1c(nc2ccccc12)C(=C\c1ccc2N(CCC)c3ccccc3Sc2c1)\C#N,"J. Mater. Chem. C, 2019, 7, 4185-4190",,656,647,AIE,ICT,
342,PTZ4,342,CCCN1c2ccccc2Sc2cc(\C=C\C(=O)c3ccccc3O)ccc12,"J. Mater. Chem. C, 2019, 7, 4185-4190",,677,649,AIE,ICT,
343,PTZ5,343,CCCN1c2ccccc2Sc2cc(C=C(C#N)C#N)ccc12,"J. Mater. Chem. C, 2019, 7, 4185-4190",,660,674,AIE,ICT,
344,PTZ6,344,CCCN1c2ccccc2Sc2cc(\C=C(\C#N)C(=O)OCC)ccc12,"J. Mater. Chem. C, 2019, 7, 4185-4190",,620,646,AIE,ICT,
345,PTZ7,345,CCCN1c2ccccc2Sc2cc(C=C(C(O)=O)C(O)=O)ccc12,"J. Mater. Chem. C, 2019, 7, 4185-4190",,551,539,AIE,ICT,
346,PTZ8,346,CCCN1c2ccccc2Sc2cc(\C=C(\C#N)C(O)=O)ccc12,"J. Mater. Chem. C, 2019, 7, 4185-4190",,644,601,AIE,ICT,
347,PTZ9,347,CCCN1c2ccccc2Sc2cc(\C=C\C(=O)c3cccc(O)c3)ccc12,"J. Mater. Chem. C, 2019, 7, 4185-4190",,605,652,AIE,ICT,
348,PTZ10,348,CCCN1c2ccccc2Sc2cc(\C=C\C3=CC(CC(C)(C)C3)=C(C#N)C#N)ccc12,"J. Mater. Chem. C, 2019, 7, 4185-4190",,717,725,AIE,ICT,
349,PTZ11,349,CCCN1c2ccccc2Sc2cc(C=C3C(=O)c4ccccc4C3=O)ccc12,"J. Mater. Chem. C, 2019, 7, 4185-4190",,727,750,AIE,ICT,
350,bBTAE-Th,350,C(=C(c1nc2ccccc2s1)c1nc2ccccc2s1)c1cccs1,,,,468,AIE,ICT,
351,bBTAE-PhDMA,351,CN(C)c1ccc(C=C(c2nc3ccccc3s2)c2nc3ccccc3s2)cc1,,,589,538,AIE,ICT,
352,bBTAE-PhA,352,OC(=O)c1ccc(C=C(c2nc3ccccc3s2)c2nc3ccccc3s2)cc1,,,539,465,AIE,ICT,
353,bBTAE-Ph,353,C(=C(c1nc2ccccc2s1)c1nc2ccccc2s1)c1ccccc1,,,479,462,AIE,ICT,
354,bBTAE-PhM,354,Cc1ccc(C=C(c2nc3ccccc3s2)c2nc3ccccc3s2)cc1,,,479,425,AIE,ICT,
355,bBTAE-PhOM,355,COc1ccc(C=C(c2nc3ccccc3s2)c2nc3ccccc3s2)cc1,,,472,465,AIE,ICT,
356,bBTAE-NpOM,356,COc1ccc2cc(C=C(c3nc4ccccc4s3)c3nc4ccccc4s3)ccc2c1,,,486,467,AIE,ICT,
357,bBTAE-Pyr,357,C(=C(c1nc2ccccc2s1)c1nc2ccccc2s1)c1ccc2ccc3cccc4ccc1c2c34,,,581,530,AIE,ICT,
358,bBTAE-PTAB,358,CCCCN1c2ccccc2Sc2cc(C=C(c3nc4ccccc4s3)c3nc4ccccc4s3)ccc12,,,652,631,AIE,ICT,
359,bBTAE-BODIPYPh,359,Cc1cc(C)[n+]8c1=C(c2ccccc2)c7c(C)c(/C=C(c4nc3ccccc3s4)/c6nc5ccccc5s6)c(C)n7[B-]8(F)F,,,721,701,AIE,ICT,
1022,TPEAn,,C1(/C(C2=CC=CC=C2)=C(C3=CC=C(C4=C(C=CC=C5)C5=CC6=C4C=CC=C6)C=C3)\C7=CC=CC=C7)=CC=CC=C1,"Chem. Sci., 2011, 2, 672",508,,,AIE,other,10.1039/c0sc00521e
1023,TPEPa,,C1(/C(C2=CC=CC=C2)=C(C3=CC=C(C4=CC(C=CC=C5)=C5C6=C4C=CC=C6)C=C3)\C7=CC=CC=C7)=CC=CC=C1,"Chem. Sci., 2011, 2, 672",508,,,AIE,other,10.1039/c0sc00521e
1024,TPENp,,C1(/C(C2=CC=CC=C2)=C(C3=CC=C(C4=CC=CC5=C4C=CC=C5)C=C3)\C6=CC=CC=C6)=CC=CC=C1,"Chem. Sci., 2011, 2, 672",458,,,AIE,ESIPT,10.1039/c0sc00521e
1025,t-BPITBT-TPA,,CC(C)(C)C(C=C1)=CC=C1N2C(C3=CC=C(C4=CC=C(C5=CC=C(/C(C6=CC=CC=C6)=C(C7=CC=CC=C7)/C8=CC=CC=C8)C=C5)C9=NSN=C49)S3)=NC%10=C2C(C=CC=C%11)=C%11C%12=C%10C=CC=C%12,"J. Mater. Chem. C, 2018,6, 5900-5907",897,640,,AIE,TICT,10.1039/c8tc01612g
1026,TPECa,,C1(/C(C2=CC=CC=C2)=C(C3=CC=C(C4=NC=CC5=C4C=CC=C5)C=C3)\C6=CC=CC=C6)=CC=CC=C1,"Chem. Sci., 2011, 2, 672",459,,,AIE,other,10.1039/c0sc00521e
1027,TPEIq,,C1(/C(C2=CC=CC=C2)=C(C3=CC=C(N4C5=C(C=CC=C5)C6=C4C=CC=C6)C=C3)\C7=CC=CC=C7)=CC=CC=C1,"Chem. Sci., 2011, 2, 672",497,,,AIE,other,10.1039/c0sc00521e
1028,BTPETD,,C1(/C(C2=CC=C(C3=CC=C(C4=CC=C(C5=CC=C(/C(C6=CC=CC=C6)=C(C7=CC=CC=C7)\C8=CC=CC=C8)C=C5)C9=NSN=C94)S3)C=C2)=C(C%10=CC=CC=C%10)\C%11=CC=CC=C%11)=CC=CC=C1,"Chem. Commun., 2011, 47, 8847每8849",879,,,AIE,other,10.1039/c1cc12775f
1029,BTPETTD,,C1(/C(C2=CC=C(C3=CC=C(C4=CC=C(/C(C5=CC=CC=C5)=C(C6=CC=CC=C6)\C7=CC=CC=C7)C=C4)C8=NSN=C83)C=C2)=C(C9=CC=CC=C9)\C%10=CC=CC=C%10)=CC=CC=C1,"Chem. Commun., 2011, 47, 8847每8849",797,,,AIE,ESIPT,10.1039/c1cc12775f
1030,BTPEBTTD,,C1(/C(C2=CC=C(C3=CC=C(C4=CC=C(C5=CC=C(C6=CC=C(/C(C7=CC=CC=C7)=C(C8=CC=CC=C8)\C9=CC=CC=C9)C=C6)S5)C%10=NSN=C%104)S3)C=C2)=C(C%11=CC=CC=C%11)\C%12=CC=CC=C%12)=CC=CC=C1,"Chem. Commun., 2011, 47, 8847每8849",961,,,AIE,ESIPT,"Chem. Commun., 2011, 47, 8847每8849"
1032,BTPE,,C1(/C(C2=CC=C(C3=CC=C(/C(C4=CC=CC=C4)=C(C5=CC=CC=C5)\C6=CC=CC=C6)C=C3)C=C2)=C(C7=CC=CC=C7)\C8=CC=CC=C8)=CC=CC=C1,"Chem. Commun., 2010, 46, 686每688",662,,,AIE,ESIPT,10.1039/b915271g
1033,TTPEPy,,C1(/C(C2=CC=CC=C2)=C(C3=CC=C(C4=C(C=CC5=C6C(C=C7)=C(C8=CC=C(/C(C9=CC=CC=C9)=C(C%10=CC=CC=C%10)/C%11=CC=CC=C%11)C=C8)C=C5C(C=C%12)=CC=C%12/C(C%13=CC=CC=C%13)=C(C%14=CC=CC=C%14)\C%15=CC=CC=C%15)C6=C7C(C%16=CC=C(/C(C%17=CC=CC=C%17)=C(C%18=CC=CC=C%18)/C%19=CC=CC=C%19)C=C%16)=C4)C=C3)/C%20=CC=CC=C%20)=CC=CC=C1,"Chem. Commun., 2010, 46, 2221每2223",1523,,,AIE,ESIPT,10.1039/b921451h
1041,DPA1a,,ClC1=CC=CC=C1C2=C(C=CC=C3)C3=C(C4=CC=CC=C4)C5=C2C=CC=C5,"Asian J. Org. Chem. 2012, 1, 331每335",364.85,,,AIE,other,10.1002/ajoc.201200111
1043,DPA1b,,BrC1=CC=CC=C1C2=C(C=CC=C3)C3=C(C4=CC=CC=C4)C5=C2C=CC=C5,"Asian J. Org. Chem. 2012, 1, 331每335",409.31,,,AIE,other,10.1002/ajoc.201200111
1044,DPA2,,BrC1=CC2=C(C3=CC=CC=C3)C4=C(C(C5=CC=CC=C5)=C2C=C1)C=C(Br)C=C4,"Asian J. Org. Chem. 2012, 1, 331每335",488.2,,,AIE,other,10.1002/ajoc.201200111
1045,DPA3a,,ClC1=CC=C(Br)C=C1C2=C(C=CC(Br)=C3)C3=C(C4=CC=CC=C4)C5=C2C=CC=C5,"Asian J. Org. Chem. 2012, 1, 331每335",522.65,,,AIE,other,10.1002/ajoc.201200111
1046,DPA3b,,BrC1=CC=C(Br)C=C1C2=C(C=CC(Br)=C3)C3=C(C4=CC=CC=C4)C5=C2C=CC=C5,"Asian J. Org. Chem. 2012, 1, 331每335",567.11,,,AIE,other,10.1002/ajoc.201200111
1047,DPA3c,,IC1=CC=C(Br)C=C1C2=C(C=CC(Br)=C3)C3=C(C4=CC=CC=C4)C5=C2C=CC=C5,"Asian J. Org. Chem. 2012, 1, 331每335",614.1,,,AIE,other,10.1002/ajoc.201200111
1048,TPPE,,C(/C1=CC=C(C2=CC=C(/C(C3=CC=CC=C3)=C(C4=CC=CC=C4)/C5=CC=CC=C5)C=C2)C=C1)(C6=CC=C(C(C=C7)=CC=C7/C(C8=CC=CC=C8)=C(C9=CC=CC=C9)/C%10=CC=CC=C%10)C=C6)=C(C%11=CC=C(C(C=C%12)=CC=C%12/C(C%13=CC=CC=C%13)=C(C%14=CC=CC=C%14)\C%15=CC=CC=C%15)C=C%11)/C%16=CC=C(C(C=C%17)=CC=C%17/C(C%18=CC=CC=C%18)=C(C%19=CC=CC=C%19)\C%20=CC=CC=C%20)C=C%16,"Chem. Commun., 2013, 49, 594--596",1654,510,,AIE,other,10.1039/c2cc37928g
1049,TPE-4SF,,C(/C1=CC=C(C2=CC=C(C(C=CC=C3)=C3C45C6=CC=CC=C6C7=C5C=CC=C7)C4=C2)C=C1)(C8=CC=C(C9=CC=C(C(C=CC=C%10)=C%10C%11%12C%13=CC=CC=C%13C%14=C%12C=CC=C%14)C%11=C9)C=C8)=C(C%15=CC=C(C%16=CC=C(C(C=CC=C%17)=C%17C%18%19C%20=CC=CC=C%20C%21=C%19C=CC=C%21)C%18=C%16)C=C%15)/C%22=CC=C(C%23=CC=C(C(C=CC=C%24)=C%24C%25%26C%27=CC=CC=C%27C%28=C%26C=CC=C%28)C%25=C%23)C=C%22,"Chem. Commun., 2013, 49, 594--596",1590,521,,AIE,other,10.1039/c2cc37928g
1050,DPPM-DMAC,,O=C(C1=CC2=C(N=C(C(C=C3)=C(C4=C5)C=C3N(C6=CC=CC=C6C7(C)C)C8=C7C=CC=C8)C(C4=CC=C5N9C%10=CC=CC=C%10C(C)(C)C%11=C9C=CC=C%11)=N2)C=C1)C%12=CC=CC=C%12,"Adv. Sci. 2021, 2104435",798,,,AIE,ICT,10.1002/advs.202104435
1051,TPE-4TPA,,C(/C1=CC=C(C2=CC=C(N(C3=CC=CC=C3)C4=CC=CC=C4)C=C2)C=C1)(C5=CC=C(C(C=C6)=CC=C6N(C7=CC=CC=C7)C8=CC=CC=C8)C=C5)=C(C9=CC=C(C(C=C%10)=CC=C%10N(C%11=CC=CC=C%11)C%12=CC=CC=C%12)C=C9)/C%13=CC=C(C(C=C%14)=CC=C%14N(C%15=CC=CC=C%15)C%16=CC=CC=C%16)C=C%13,"Chem. Commun., 2013, 49, 594--596",1305,522,,AIE,other,10.1039/c2cc37928g
1052,DPPM-DPAC,,O=C(C1=CC2=C(N=C(C(C=C3)=C(C4=C5)C=C3N(C6=CC=CC=C6C7(C8=CC=CC=C8)C9=CC=CC=C9)C%10=C7C=CC=C%10)C(C4=CC=C5N%11C%12=CC=CC=C%12C(C%13=CC=CC=C%13)(C%14=CC=CC=C%14)C%15=C%11C=CC=C%15)=N2)C=C1)C%16=CC=CC=C%16,"Adv. Sci. 2021, 2104435",1046,,,AIE,ICT,10.1002/advs.202104435
1053,DPPM-SFAC,,O=C(C1=CC2=C(N=C(C(C=C3)=C(C4=C5)C=C3N(C6=CC=CC=C6C7(C8=CC=CC=C89)C%10=C9C=CC=C%10)C%11=C7C=CC=C%11)C(C4=CC=C5N%12C%13=CC=CC=C%13C(C%14=C%15C=CC=C%14)(C%16=CC=CC=C%16%15)C%17=C%12C=CC=C%17)=N2)C=C1)C%18=CC=CC=C%18,"Adv. Sci. 2021, 2104435",1042,,,AIE,ICT,10.1002/advs.202104435
1054,DPPM-SXAC,,O=C(C1=CC2=C(N=C(C(C=C3)=C(C4=C5)C=C3N(C6=CC=CC=C6C7(C8=CC=CC=C8O9)C%10=C9C=CC=C%10)C%11=C7C=CC=C%11)C(C4=CC=C5N%12C%13=CC=CC=C%13C(C%14=C%15C=CC=C%14)(C%16=CC=CC=C%16O%15)C%17=C%12C=CC=C%17)=N2)C=C1)C%18=CC=CC=C%18,"Adv. Sci. 2021, 2104435",1074,,,AIE,ICT,10.1002/advs.202104435
1055,DPPM-STAC,,O=C(C1=CC2=C(N=C(C(C=C3)=C(C4=C5)C=C3N(C6=CC=CC=C6C7(C8=CC=CC=C8S9)C%10=C9C=CC=C%10)C%11=C7C=CC=C%11)C(C4=CC=C5N%12C%13=CC=CC=C%13C(C%14=C%15C=CC=C%14)(C%16=CC=CC=C%16S%15)C%17=C%12C=CC=C%17)=N2)C=C1)C%18=CC=CC=C%18,"Adv. Sci. 2021, 2104435",1106,,,AIE,ICT,10.1002/advs.202104435
1056,(Z)-o-BBPTPE,,c1(c2ccccc2c(C3=CC=CC=C3)=C(C4=CC=CC=C4)c5ccccc5c6ccc(c7ccccc7)cc6)ccc(c8ccccc8)cc1,"Org. Lett. 2015, 17, 6174?6177",636,472,472,AIE,neutral aromatic,10.1021/acs.orglett.5b03152
1057,f-3Ph,,c1(c2ccc(c3ccccc3)cc2c(C4=CC=CC=C4)=C(C5=CC=CC=C5)c6cc(c7ccccc7)ccc6c8ccccc8)ccccc1,"Org. Lett. 2015, 17, 6174?6178",636,471,474,AIE,neutral aromatic,10.1021/acs.orglett.5b03152
1058,f-3Ph(Me),,Cc1ccc(c2c(C(C3=CC=CC=C3)=c(C4=CC=CC=C4)c5c(c6ccc(C)cc6)ccc(c7ccc(C)cc7)c5)cc(c8ccc(C)cc8)cc2)cc1,"Org. Lett. 2015, 17, 6174?6179",692,470,482,AIE,neutral aromatic,10.1021/acs.orglett.5b03152
1059,f-4Ph,,c1(c2ccc(c3ccccc3)cc2c(C4=CC=CC=C4)=C(C5=CC=CC=C5)c6cc(c7ccccc7)ccc6c8ccc(c9ccccc9)cc8)ccc(c%10ccccc%10)cc1,"Org. Lett. 2015, 17, 6174?6180",788,478,,AIE,neutral aromatic,10.1021/acs.orglett.5b03152
1060,f-4Ph(Me),,Cc1ccc(c2ccc(c3c(C(C4=CC=CC=C4)=c(C5=CC=CC=C5)c6c(c7ccc(c8ccc(C)cc8)cc7)ccc(c9ccc(C)cc9)c6)cc(c%10ccc(C)cc%10)cc3)cc2)cc1,"Org. Lett. 2015, 17, 6174?6181",844,478,,AIE,neutral aromatic,10.1021/acs.orglett.5b03152
1061,f-5Ph,,c1(c2ccc(c3ccc(c4ccccc4)cc3)cc2c(C5=CC=CC=C5)=C(C6=CC=CC=C6)c7cc(c8ccc(c9ccccc9)cc8)ccc7c%10ccc(c%11ccccc%11)cc%10)ccc(c%12ccccc%12)cc1,"Org. Lett. 2015, 17, 6174?6182",940,471,,AIE,neutral aromatic,10.1021/acs.orglett.5b03152
1062,f-5Ph(Me),,Cc1ccc(c2ccc(c3ccc(c4ccc(c5ccc(C)cc5)cc4)c(C(C6=CC=CC=C6)=c(C7=CC=CC=C7)c8c(c9ccc(c%10ccc(C)cc%10)cc9)ccc(c%11ccc(c%12ccc(C)cc%12)cc%11)c8)c3)cc2)cc1,"Org. Lett. 2015, 17, 6174?6183",996,470,,AIE,neutral aromatic,10.1021/acs.orglett.5b03152
1063,o-TPEPh,,c1(/C(c2ccccc2c3ccccc3)=C(c4ccccc4)\c5ccccc5)ccccc1,"Org. Chem. Front. 2016, 3, 1091每1095",408,466,466,AIE,neutral aromatic,10.1039/c6qo00204h
1064,o-2-TPENp,,c1(/C(c2ccccc2c3cc4ccccc4cc3)=C(c5ccccc5)\c6ccccc6)ccccc1,"Org. Chem. Front. 2016, 3, 1091每1095",458,467,468,AIE,neutral aromatic,10.1039/c6qo00204h
1065,o-TPEAn,,c1(cc2ccccc2c3c4c(/C(c5ccccc5)=C(c6ccccc6)\c7ccccc7)cccc4)c3cccc1,"Org. Chem. Front. 2016, 3, 1091每1095",508,501,504,AIE,neutral aromatic,10.1039/c6qo00204h
1066,o-TPEPa,,c1(/C(c2c(c3cc4c(c5c3cccc5)cccc4)cccc2)=C(c6ccccc6)/c7ccccc7)ccccc1,"Org. Chem. Front. 2016, 3, 1091每1095",508,472,473,AIE,neutral aromatic,10.1039/c6qo00204h
1067,o-TPEPy,,c1(/C(c2c(c3ccc4c5c3ccc6cccc(cc4)c56)cccc2)=C(c7ccccc7)/c8ccccc8)ccccc1,"Org. Chem. Front. 2016, 3, 1091每1095",532,484,490,AIE,neutral aromatic,10.1039/c6qo00204h
1068,f-TPEF,,CC(C1=C2C=CC=C1)(C)C3=C2C=CC(c4ccc(c5ccccc5c(C6=CC=CC=C6)=C(c7ccccc7c8ccc(C9=CC(C(C)(C)C%10=C%11C=CC=C%10)=C%11C=C9)cc8)C%12=CC=CC=C%12)cc4)=C3,"J. Mater. Chem. C 2017, 5, 12553每12560",868,460,473,AIE,neutral aromatic,10.1039/c7tc04626j
1069,f-TPEC,,C(c1c(c2ccc(C3=CC(C(C=CC=C4)=C4N5C6=CC=CC=C6)=C5C=C3)cc2)cccc1)(C7=CC=CC=C7)=c(C8=CC=CC=C8)c9c(c%10ccc(C%11=CC(C(C=CC=C%12)=C%12N%13C%14=CC=CC=C%14)=C%13C=C%11)cc%10)cccc9,"J. Mater. Chem. C 2017, 5, 12553每12560",966,468,472,AIE,neutral aromatic,10.1039/c7tc04626j
1070,f-TPEI,,C(c1ccccc1c2ccc(C(C=C3)=CC=C3C4=NC5=CC=CC=C5N4C6=CC=CC=C6)cc2)(C7=CC=CC=C7)=c(C8=CC=CC=C8)c9c(c%10ccc(C(C=C%11)=CC=C%11C%12=NC%13=CC=CC=C%13N%12C%14=CC=CC=C%14)cc%10)cccc9,"J. Mater. Chem. C 2017, 5, 12553每12560",1020,467,407,AIE,neutral aromatic,10.1039/c7tc04626j
1071,f-TPEB,,CC1=CC(C)=CC(C)=C1B(C2=C(C)C=C(C)C=C2C)C3=CC=C(C=C3)c4ccc(c5c(C(C6=CC=CC=C6)=c(C7=CC=CC=C7)c8c(c9ccc(C%10=CC=C(B(C%11=C(C)C=C(C)C=C%11C)C%12=C(C)C=C(C)C=C%12C)C=C%10)cc9)cccc8)cccc5)cc4,"J. Mater. Chem. C 2017, 5, 12553每12560",1133,468,469,AIE,neutral aromatic,10.1039/c7tc04626j
1072,l-TPEB,,CC1=CC(C)=CC(C)=C1B(C2=C(C)C=C(C)C=C2C)C3=CC=C(C=C3)C(C=C4)=CC=C4C(C=C5)=CC=C5/C(C6=CC=CC=C6)=C(C7=CC=C(C8=CC=C(C9=CC=C(B(C%10=C(C)C=C(C)C=C%10C)C%11=C(C)C=C(C)C=C%11C)C=C9)C=C8)C=C7)\C%12=CC=CC=C%12,"J. Mater. Chem. C 2017, 5, 12553每12560",1133,495,497,AIE,neutral aromatic,10.1039/c7tc04626j
1073,(TPE)2PF,,C12=C(C=C(C3=CC=C(/C(C4=CC=CC=C4)=C(C5=CC=CC=C5)/C6=CC=CC=C6)C=C3)C=C2)C(C7=CC=CC=C7)(C8=CC=CC=C8)C9=C1C=CC(C%10=CC=C(/C(C%11=CC=CC=C%11)=C(C%12=CC=CC=C%12)\C%13=CC=CC=C%13)C=C%10)=C9,Dyes Pigments 106 (2014) 87每93,978,491,498,AIE,neutral aromatic,10.1016/j.dyepig.2014.02.026
1074,TPE(PF)2,,C12=C(C=C(C3=CC=C(/C(C4=CC=CC=C4)=C(C5=CC=CC=C5)/C6=CC=C(C(C=C7)=CC8=C7C(C=CC=C9)=C9C8(C%10=CC=CC=C%10)C%11=CC=CC=C%11)C=C6)C=C3)C=C2)C(C%12=CC=CC=C%12)(C%13=CC=CC=C%13)C%14=C1C=CC=C%14,Dyes Pigments 106 (2014) 87每93,964,498,502,AIE,neutral aromatic,10.1016/j.dyepig.2014.02.026
1075,(TPE)2SF,,C12=C(C=C(C3=CC=C(/C(C4=CC=CC=C4)=C(C5=CC=CC=C5)/C6=CC=CC=C6)C=C3)C=C2)C7(C8=C(C=CC=C8)C9=C7C=CC=C9)C%10=C1C=CC(C%11=CC=C(/C(C%12=CC=CC=C%12)=C(C%13=CC=CC=C%13)\C%14=CC=CC=C%14)C=C%11)=C%10,Dyes Pigments 106 (2014) 87每93,976,495,496,AIE,neutral aromatic,10.1016/j.dyepig.2014.02.026
1076,TPE(SF)2,,C12=C(C=C(C3=CC=C(/C(C4=CC=CC=C4)=C(C5=CC=CC=C5)/C6=CC=C(C(C=C7)=CC8=C7C(C=CC=C9)=C9C8%10C%11=C(C=CC=C%11)C%12=C%10C=CC=C%12)C=C6)C=C3)C=C2)C%13(C%14=C(C=CC=C%14)C%15=C%13C=CC=C%15)C%16=C1C=CC=C%16,Dyes Pigments 106 (2014) 87每93,960,502,503,AIE,neutral aromatic,10.1016/j.dyepig.2014.02.026
1080,5-BTDMS,,C[Si]1(C)C(C2=CC(C=CS3)=C3C=C2)=C(C4=CC=CC=C4)C(C5=CC=CC=C5)=C1C6=CC=C(C=CS7)C7=C6,"Chem. Eur. J. 2015, 21, 8137 每 8147",526,494,,AIE,ESIPT,10.1002/chem.201500002
1081,2-BTDMS,,C1=CC=CC=C1,"Chem. Eur. J. 2015, 21, 8137 每 8147",588,541,,AIE,other,10.1002/chem.201500002
1082,5-BTMPS,,C[Si]1(C2=CC=CC=C2)C(C3C=C4C(C=CC=C4)S3)=C(C5=CC=CC=C5)C(C6=CC=CC=C6)=C1C7SC8C(C=CC=C8)=C7,"Chem. Eur. J. 2015, 21, 8137 每 8147",530,502,,AIE,other,10.1002/chem.201500002
1083,2-BTMPS,,C[Si]1(C2=CC=CC=C2)C(C3C=C4C(C=CC=C4)S3)=C(C5=CC=CC=C5)C(C6=CC=CC=C6)=C1C7SC8C(C=CC=C8)=C7,"Chem. Eur. J. 2015, 21, 8137 每 8147",592,552,,AIE,other,10.1002/chem.201500002
1084,(PBI)2DMTPS,,C[Si]1(C)C(C2=CC=C(C3[N](C4=CC=CC=C4)=C5C(C=CC=C5)=N3)C=C2)=C(C6=CC=CC=C6)C(C7=CC=CC=C7)=C1C8=CC=C(C9N=C%10C(C=CC=C%10)=[N]9C%11=CC=CC=C%11)C=C8,"J. Mater. Chem. C, 2018, 6, 3690--3698",801,521,,AIE,other,10.1039/c7tc05062c
1085,(PBI)2MPPS,,C[Si]1(C2=CC=CC=C2)C(C3=CC=C(C4[N](C5=CC=CC=C5)=C6C(C=CC=C6)=N4)C=C3)=C(C7=CC=CC=C7)C(C8=CC=CC=C8)=C1C9=CC=C(C%10N=C%11C(C=CC=C%11)=[N]%10C%12=CC=CC=C%12)C=C9,"J. Mater. Chem. C, 2018, 6, 3690--3698",863,523,,AIE,ESIPT,10.1039/d1qm00880c
1086,(PPI)2DMTPS,,C[Si]1(C)C(C2=CC=C(C3[N](C4=CC=CC=C4)=C5C(C(C=CC=C6)=C6C7=C5C=CC=C7)=N3)C=C2)=C(C8=CC=CC=C8)C(C9=CC=CC=C9)=C1C%10=CC=C(C%11N=C%12C(C(C=CC=C%13)=C%13C%14=C%12C=CC=C%14)=[N]%11C%15=CC=CC=C%15)C=C%10,"J. Mater. Chem. C, 2018, 6, 3690--3698",1001,534,,AIE,ESIPT,10.1039/d1qm00880c
1088,(PPI)2MPPS,,C[Si]1(C2=CC=CC=C2)C(C3=CC=C(C4[N](C5=CC=CC=C5)=C6C(C(C=CC=C7)=C7C8=C6C=CC=C8)=N4)C=C3)=C(C9=CC=CC=C9)C(C%10=CC=CC=C%10)=C1C%11=CC=C(C%12N=C%13C(C(C=CC=C%14)=C%14C%15=C%13C=CC=C%15)=[N]%12C%16=CC=CC=C%16)C=C%11,"J. Mater. Chem. C, 2018, 6, 3690--3698",1063,536,,AIE,other,10.1039/c7tc05062c
1091,(Z)-o-BCaPTPE,,C1(/C(C2=CC=CC=C2C3=CC=C(N4C(C=CC=C5)=C5C6=C4C=CC=C6)C=C3)=C(C7=C(C8=CC=C(N9C(C=CC=C%10)=C%10C%11=C9C=CC=C%11)C=C8)C=CC=C7)\C%12=CC=CC=C%12)=CC=CC=C1,"Adv.Mater.2011, 23, 5430每5435",814.33,477,,AIE,ICT, 10.1002/adma.201102804 
1092,(Z)-o-BTPATPE,,C1(/C(C2=CC=CC=C2C3=CC=C(N(C4=CC=CC=C4)C5=CC=CC=C5)C=C3)=C(C6=C(C7=CC=C(N(C8=CC=CC=C8)C9=CC=CC=C9)C=C7)C=CC=C6)\C%10=CC=CC=C%10)=CC=CC=C1,"Adv.Mater.2011, 23, 5430每5435",818.37,490,,AIE,ICT, 10.1002/adma.201102804 
1093,p-BCaPTPE,,C1(/C(C2=CC=C(C3=CC=C(N4C(C=CC=C5)=C5C6=C4C=CC=C6)C=C3)C=C2)=C(C7=CC=C(C8=CC=C(N9C(C=CC=C%10)=C%10C%11=C9C=CC=C%11)C=C8)C=C7)/C%12=CC=CC=C%12)=CC=CC=C1,"Adv.Mater.2011, 23, 5430每5435",814.33,487,,AIE,ICT,10.1002/adma.201102804
1094,m2Cz-TAn-CN,,CC(C)C1=CC2=C(C=C1)C(C3=CC=C(C#N)C=C3)=C4C(C=CC(C(C)C)=C4)=C2C5=CC(N6C7=C(C=CC=C7)C8C6C=CC=C8)=CC(N9C%10=C(C=CC=C%10)C%11=C9C=CC=C%11)=C5,"Mater. Chem. Front., 2021, 5, 6978每6986",772,454,,AIE,other,10.1039/d1qm00880c
1095,mCz-TAn-CN,,CC(C)C1=CC2=C(C=C1)C(C3=CC=C(C#N)C=C3)=C4C(C=CC(C(C)C)=C4)=C2C5=CC(N6C7=C(C=CC=C7)C8C6C=CC=C8)=CC=C5,"Mater. Chem. Front., 2021, 5, 6978每6986",606,453,,AIE,other,10.1039/d1qm00880c
1097,TTPEBTTD,,C1(C2=CC=C(/C(C3=CC=CC=C3)=C(C4=CC=CC=C4)\C5=CC=CC=C5)C=C2)=CC=C(C6=CC=C(C7=NSN=C67)C8=C(C9=CC=C(/C(C%10=CC=CC=C%10)=C(C%11=CC=CC=C%11)\C%12=CC=CC=C%12)C=C9)C=C(C%13=CC=C(/C(C%14=CC=CC=C%14)=C(C%15=CC=CC=C%15)/C%16=CC=CC=C%16)C=C%13)S8)S1,"J. Mater. Chem., 2012, 22, 11018每11021",1291,646,,AIE,other,10.1039/c2jm31482g
1101,CZ2TPAN,,CCN(C1=CC=C(C2=CC=C(/C(C#N)=C(C3=CC=CC=C3)\C4=CC=CC=C4)C=C2)C=C15)C6=C5C=C(C7=CC=C(/C(C#N)=C(C8=CC=CC=C8)\C9=CC=CC=C9)C=C7)C=C6,"Chin. Sci. Bull., 2013, 58, 2719-2722",753.95,504,541,AIE,ICT,10.1007/s11434-013-5893-0
1105,BTPEBCF,,CCCCCCCN1C2=C(C=CC=C2)C3=C1C=CC(C4(C5=CC=C(N(CCCCCCC)C6=C7C=CC=C6)C7=C5)C8=CC(C9=CC=C(/C(C%10=CC=CC=C%10)=C(C%11=CC=CC=C%11)/C%12=CC=CC=C%12)C=C9)=CC=C8C%13=C4C=C(C%14=CC=C(/C(C%15=CC=CC=C%15)=C(C%16=CC=CC=C%16)\C%17=CC=CC=C%17)C=C%14)C=C%13)=C3,"J. Mater. Chem., 2011, 21, 10949每10956",1353.7,487,,AIE,other,10.1039/c1jm10221d
1106,THPSTPA,,C1(N(C2=CC=C(C#CC3=CC=C([Si]4(C5=CC=CC=C5)C(C6=CC=CC=C6)=C(C7=CC=CC=C7)C(C8=CC=CC=C8)=C4C9=CC=CC=C9)C=C3)C=C2)C%10=CC=C(C#CC%11=CC=C([Si]%12(C%13=CC=CC=C%13)C(C%14=CC=CC=C%14)=C(C%15=CC=CC=C%15)C(C%16=CC=CC=C%16)=C%12C%17=CC=CC=C%17)C=C%11)C=C%10)=CC=C(C#CC%18=CC=C([Si]%19(C%20=CC=CC=C%20)C(C%21=CC=CC=C%21)=C(C%22=CC=CC=C%22)C(C%23=CC=CC=C%23)=C%19C%24=CC=CC=C%24)C=C%18)C=C1,"Dyes and Pigments, 2011, 91, 258-263",1926.71,,495,AIE,other,10.1016/j.dyepig.2011.03.006
1107,TPEBPy,,C1(/C(C2=CC=CC=C2)=C(C3=CC=CC=C3)/C4=CC=C(C5=CC=C(C=C6)C7=C5C=CC8=C7C6=CC=C8)C=C4)=CC=C(C9=CC=C(C=C%10)C%11=C9C=CC%12=CC=CC%10=C%11%12)C=C1,"Chem. Asian J., 2012, 7, 484每488",732.28,488,,AIE,other,10.1002/asia.201100753
1108,TPEBAn,,C1(/C(C2=CC=CC=C2)=C(C3=CC=CC=C3)/C4=CC=C(C5=C(C=CC=C6)C6=CC7=C5C=CC=C7)C=C4)=CC=C(C8=C(C=CC=C9)C9=CC%10=C8C=CC=C%10)C=C1,"Chem. Asian J., 2012, 7, 484每488",684.28,486,,AIE,other,10.1002/asia.201100753
1109,TPEBPa,,C1(/C(C2=CC=CC=C2)=C(C3=CC=CC=C3)/C4=CC=C(C5=C(C=CC=C6)C6=C(C=CC=C7)C7=C5)C=C4)=CC=C(C8=CC(C=CC=C9)=C9C%10=C8C=CC=C%10)C=C1,"Chem. Asian J., 2012, 7, 484每488",684.29,475,,AIE,other,10.1002/asia.201100753
1110,TPEBNp,,C1(/C(C2=CC=CC=C2)=C(C3=CC=CC=C3)/C4=CC=C(C5=CC=CC6=C5C=CC=C6)C=C4)=CC=C(C7=CC=CC8=C7C=CC=C8)C=C1,"Chem. Asian J., 2012, 7, 484每488",584.25,474,,AIE,other,10.1002/asia.201100753
1111,TPEB-2-Np,,C1(/C(C2=CC=CC=C2)=C(C3=CC=CC=C3)/C4=CC=C(C5=CC=C(C=CC=C6)C6=C5)C=C4)=CC=C(C7=CC(C=CC=C8)=C8C=C7)CC1,"Chem. Asian J., 2012, 7, 484每488",584.25,492,,AIE,other,10.1002/asia.201100753
1112,p-BTPATPE,,C1(/C(C2=CC=C(C3=CC=C(N(C4=CC=CC=C4)C5=CC=CC=C5)C=C3)C=C2)=C(C6=CC=C(C7=CC=C(N(C8=CC=CC=C8)C9=CC=CC=C9)C=C7)C=C6)/C%10=CC=CC=C%10)=CC=CC=C1,"Chem. Commun., 2011, 47, 6924每6926",818.37,509,,AIE,other,10.1039/c1cc12011e
1113,p-BTPATPE,,C1(/C(C2=CC=C(C3=CC=C(N(C4=CC=CC=C4)C5=CC=CC=C5)C=C3)C=C2)=C(C6=CC=C(C7=CC=C(N(C8=CC=CC=C8)C9=CC=CC=C9)C=C7)C=C6)/C%10=CC=CC=C%10)=CC=CC=C1,"Chem. Commun., 2011, 47, 6924每6926",818.37,509,,AIE,other,10.1039/c1cc12011e
1114,TPEPBN,,CB1(C)[N]2=CC=CC=C2C3=C1C=C(/C(C4=CC=CC=C4)=C(C5=CC=CC=C5)\C6=CC=CC=C6)C=C3,"Chem. Eur. J. 2013, 19, 11512 每 11517",449.37,491,,AIE,other,10.1002/chem.201301815
1115,TPEQBN,,CB1(C)[N]2=C3C(C=CC=C3)=CC=C2C4=C1C=C(/C(C5=CC=CC=C5)=C(C6=CC=CC=C6)\C7=CC=CC=C7)C=C4,"Chem. Eur. J. 2013, 19, 11512 每 11517",499.43,500,,AIE,other,10.1002/chem.201301815
1116,TPE-BODIPY,,FB([N]1=C(C)C=C(C)C1=C2C3=CC=C(C4=CC=C(/C(C5=CC=CC=C5)=C(C6=CC=CC=C6)/C7=CC=CC=C7)C=C4)C=C3)(F)N8C2=C(C)C=C8C,"Part. Part. Syst. Charact. 2014, 31, 481每491",654.3,,,AIE,other,10.1002/ppsc.201300223
1119,TTPEBTTD,,C1(C2=CC=C(/C(C3=CC=CC=C3)=C(C4=CC=CC=C4)\C5=CC=CC=C5)C=C2)=CC=C(C6=CC=C(C7=NSN=C67)C8=C(C9=CC=C(/C(C%10=CC=CC=C%10)=C(C%11=CC=CC=C%11)\C%12=CC=CC=C%12)C=C9)C=C(C%13=CC=C(/C(C%14=CC=CC=C%14)=C(C%15=CC=CC=C%15)/C%16=CC=CC=C%16)C=C%13)S8)S1,"J. Mater. Chem., 2012, 22, 11018每11021",1291,646,,AIE,other,10.1039/c2jm31482g
1120, (Z)-o-BPTPE,,c1(c2ccccc2)c(C(C3=CC=CC=C3)=c(C4=CC=CC=C4)c5c(c6ccccc6)cccc5)cccc1,"Chem. Commun., 2014, 50, 1131--1133",484,476,,AIE,other,10.1039/c3cc47696k
1121,(Z)-o-BBPTPE,,c1(c2ccc(c3ccccc3/C(C4=CC=CC=C4)=C(C5=CC=CC=C5)/c6ccccc6c7ccc(c8ccccc8)cc7)cc2)ccccc1,"Chem. Commun., 2014, 50, 1131--1133",636,472,,AIE,other,10.1039/c3cc47696k
1122,(Z)-o-BNTPE,,c1(cccc2)c2ccc(c3ccccc3/C(C4=CC=CC=C4)=C(C5=CC=CC=C5)/c6ccccc6c(cc7)cc8c7cccc8)c1,"Chem. Commun., 2014, 50, 1131--1133",584,468,,AIE,other,10.1039/c3cc47696k
1125,BBPTPE,,C(/C1=CC=CC=C1)(c2ccc(c3ccc(c4ccccc4)cc3)cc2)=C(c5ccc(c6ccc(c7ccccc7)cc6)cc5)\C8=CC=CC=C8,"Chem. Commun., 2014, 50, 1131--1133",636,477,,AIE,other,10.1039/c3cc47696k
1140,DEATPE,,CCN(CC)C(C=C1)=CC=C1/C(C2=CC=C(N(CC)CC)C=C2)=C(C3=CC=CC=C3)\C4=CC=CC=C4,"J. Mater. Chem. C, 2015, 3, 112-120",474.69,,477,AIE,ICT,10.1039/c4tc02161d
1141,DFDEATPE,,CCN(CC)C(C=C1)=CC=C1/C(C2=CC=C(N(CC)CC)C=C2)=C(C3=CC=C(F)C=C3)\C4=CC=C(F)C=C4,"J. Mater. Chem. C, 2015, 3, 112-120",510.67,481,480,AIE,ICT,10.1039/c4tc02161d
1142,CNDEATPE,,CCN(CC)C(C=C1)=CC=C1/C(C2=CC=C(N(CC)CC)C=C2)=C(C3=CC=CC=C3)\C4=CC=C(C#CC5=CC=C(C#N)C=C5)C=C4,"J. Mater. Chem. C, 2015, 3, 112-120",599.82,558,588,AIE,ICT,10.1039/c4tc02161d
1624,Silole,,C[Si]1(C)C(C2=CC=C(CN=[N+]=[N-])C=C2)=C(C3=CC=CC=C3)C(C4=CC=CC=C4)=C1C5=CC=C(CN=[N+]=[N-])C=C5,"Liu, J., et al. Chem. Sci., 2012,3, 2737-2747",524.7,,500,AIE,neutral aromatic,10.1039/c2sc20382k
1625,TPE,,O=C(C1=CC=CC=C1)C2=CC=C(/C(C3=CC=CC=C3)=C(C4=CC=C(OCCCS(=O)([O-])=O)C=C4)/C5=CC=C(OCCCN=[N+]=[N-])C=C5)C=C2,"Gao, X., et al. Chem. Commun., 2019,55, 8321-8324",672.78,,539,AIE,neutral aromatic,10.1039/C9CC03923F
1626,"(2E,6E)-2,6-bis((7-(tert-butyl)pyren-1-yl)methylene)cyclohexan-1-one",,CC(C)(C)C1=CC2=C3C(C=CC4=C(\C=C5/CCC\C(=C/C6=C7C=CC8=C9C(C=CC(C=C6)=C79)=CC(=C8)C(C)(C)C)C5=O)C=CC(C=C2)=C34)=C1,,634.86,517,517,AIE,TICT,10.1016/j.dyepig.2022.110123
1627,"4-methoxy-6'-((4-methoxyphenyl)ethynyl)-3',4',5'-triphenyl-1,1':2',1''-terphenyl",,COC1=CC=C(C=C1)C#CC1=C(C2=CC=CC=C2)C(C2=CC=CC=C2)=C(C2=CC=CC=C2)C(C2=CC=CC=C2)=C1C1=CC=C(OC)C=C1,,618.78,416,412,AIE,neutral aromatic,10.1016/j.jlumin.2021.118653
1628,TPE,,C1(C#CC2=CC=C(/C(C3=CC=CC=C3)=C(C4=CC=CC=C4)\C5=CC=CC=C5)C=C2)=CC=C(/C(C6=CC=CC=C6)=C(C7=CC=CC=C7)\C8=CC=CC=C8)C=C1,,686.898,,484,AIE,other,10.1002/chem.201203840
1629,TPE,,C1(C2=CC=CC=C2)=C(C(C=C3)=CC=C3/C(C4=CC=CC=C4)=C(C5=CC=CC=C5)/C6=CC=CC=C6)C(C(C=C7)=CC=C7/C(C8=CC=CC=C8)=C(C9=CC=CC=C9)\C%10=CC=CC=C%10)=C(C%11=CC=CC=C%11)C(C%12=CC=CC=C%12)=C1C%13=CC=CC=C%13,,1043.366,,480,AIE,other,10.1002/chem.201203840
1636,TPB,,F[B-](N1C2=CC=C1)(F)[N+]3=CC=CC3=C2C(C=C4)=CC=C4C5=CC=C(/C(C6=CC=CC=C6)=C(C7=CC=CC=C7)\C8=CC=CC=C8)C=C5,,598.238,,,AIE,TICT,10.1039/c2cc35188a
1637,TPVB,,F[B-](N1C2=CC=C1)(F)[N+]3=CC=CC3=C2C4=CC=C(/C=C/C5=CC=C(/C(C6=CC=CC=C6)=C(C7=CC=CC=C7)\C8=CC=CC=C8)C=C5)C=C4,,,,,AIE,TICT, 10.1039/c2cc35188a
1638,TPVB,,F[B-](N1C2=CC=C1)(F)[N+]3=CC=CC3=C2C4=CC=C(/C=C/C5=CC=C(/C(C6=CC=CC=C6)=C(C7=CC=CC=C7)\C8=CC=CC=C8)C=C5)C=C4,,,,,AIE,TICT,10.1039/c2cc35188a
1639,TPEB,,F[B-](N1C2=CC=C1)(F)[N+]3=CC=CC3=C2C4=CC=C(C#CC5=CC=C(/C(C6=CC=CC=C6)=C(C7=CC=CC=C7)\C8=CC=CC=C8)C=C5)C=C4,,,,,AIE,TICT,10.1039/c2cc35188a
1694,PPQE,,O=C(C1=CC=CC=C1)/C=C2C(C3=CC=CC=C3)=NC4=C(C=CC=C4)N/2,,324.383,,,AIE,ESIPT,10.1039/c7qm00435d
1711,TPE-BODIPY ,,F[B-]1(F)N2C(C(C(C=C3)=CC=C3/C(C4=CC=CC=C4)=C(C5=CC=CC=C5)/C6=CC=CC=C6)=C7[N+]1=C(C)C=C7)=CC=C2C,,550.46,,,AIE,TICT,10.1002/smll.201907074
1721,DAMB-SA,,C[C@@]12C(CCC3=C2C=C(Br)C(/N=C/C4=CC=CC=C4O)=C3)[C@](C)(C(OC)=O)CCC1,"Nat. Commun. 2021, 12, 1773",470.407,532,534,AIE,ESIPT,10.1038/s41467-021-22061-y
1722,DAMB-SAB,,C[C@@]12C(CCC3=C2C=C(Br)C(/N=C/C4=CC(C(C)(C)C)=CC(C(C)(C)C)=C4O)=C3)[C@](C)(C(OC)=O)CCC1,"Nat. Commun. 2021, 12, 1773",582.623,566,567,AIE,ESIPT,10.1038/s41467-021-22061-y
1723,DAMB-SAN,,C[C@@]12C(CCC3=C2C=C(Br)C(/N=C/C4=CC([N+]([O-])=O)=CC=C4O)=C3)[C@](C)(C(OC)=O)CCC1,"Nat. Commun. 2021, 12, 1773",515.404,529,527,AIE,ESIPT,10.1038/s41467-021-22061-y
1727,Azo-TPA-Th(+),,C%12=C(N(C3=CC=C(C2=CC=C(C1=CC=[N+](C)C=C1)S2)C=C3)C%11=CC=C(C%10=CC=C(/N=N/C9=CC=C(C8=CC=C(N(C4=CC=CC=C4)C7=CC=C(C6=CC=C(C5=CC=[N+](C)C=C5)S6)C=C7)C=C8)C=C9)C=C%10)C=C%11)C=CC=C%12,"Chem. Sci. 2022, 13, 4139每4149.",1270.178,,630,AIE,TICT,10.1039/D2SC00381C
1728,Azo-TPA-Th(+),,C%12=C(N(C3=CC=C(C2=CC=C(C1=CC=[N+](C)C=C1)S2)C=C3)C%11=CC=C(C%10=CC=C(/N=N/C9=CC=C(C8=CC=C(N(C4=CC=CC=C4)C7=CC=C(C6=CC=C(C5=CC=[N+](C)C=C5)S6)C=C7)C=C8)C=C9)C=C%10)C=C%11)C=CC=C%12,"Chem. Sci. 2022, 13, 4139每4149.",1270.178,,630,AIE,TICT,10.1039/D2SC00381C
1729,TPA-Th(+),,N(C2=CC=C(C1=CC=C(N)C=C1)C=C2)(C3=CC=CC=C3)C6=CC=C(C5=CC=C(C4=CC=[N+](C)C=C4)S5)C=C6,"Chem. Sci. 2022, 13, 4139每4149.",630.105,,600,AIE,TICT,10.1039/D2SC00381C
1730,TPA-Th(+),,N(C2=CC=C(C1=CC=C(N)C=C1)C=C2)(C3=CC=CC=C3)C6=CC=C(C5=CC=C(C4=CC=[N+](C)C=C4)S5)C=C6,"Chem. Sci. 2022, 13, 4139每4149.",630.105,,600,AIE,TICT,10.1039/D2SC00381C
1735,CE-TPA,,COc7ccc(N(c1ccccc1)c6ccc(/C=C/c5cc[n+](CC4=C(C(=O)O)N3C(=O)C(NC(=O)Cc2cccs2)C3SC4)cc5)cc6)cc7,"Chem. Commun. 2022, ASAP. ",864.092,,519,AIE,TICT,10.1039/D2CC02230C
1743,TPAI,,COc4ccc(N(c1ccccc1)c3ccc(/C=C/c2cc[n+](C)cc2)cc3)cc4,"Chem. Commun. 2022, ASAP. ",520.102,,516,AIE,TICT,10.1039/D2CC02230C
1749,Py-2TPE,,CC(C)(C)C1=CC2=C3C(C=CC4=C(C=C(C5=CC=C(C=C5)C(=C(C5=CC=CC=C5)C5=CC=CC=C5)C5=CC=CC=C5)C(C=C2)=C34)C2=CC=C(C=C2)C(=C(C2=CC=CC=C2)C2=CC=CC=C2)C2=CC=CC=C2)=C1,,918.4,456,456,AIE,ESIPT,
1751,Py-TPA,,COC1=CC=C(C=C1)N(C1=CC=C(OC)C=C1)C1=CC=C(C=C1)C1=C2C=CC3=CC(=CC4=C3C2=C(C=C4)C=C1)C(C)(C)C,,561,495,495,AIE,ICT,
1755,Q-1-Py,,C%12(C2=C(C1=CC=CC=C1)N=C%11C(=N2)C=C(C3=CC=C6C4=C3C=CC5=C4C(=CC=C5)CC6)C(C7=C%10C8=C(C=C7)CCC9=CC=CC(=C89)C=C%10)=C%11)=CC=CC=C%12,"Qin, W.; Li, K.; Feng, G.; Li, M.; Yang, Z.; Liu, B.; Tang, B. Z. Bright and  Photostable Organic Fluorescent Dots with Aggregation-Induced  Emission Characteristics for Noninvasive Long-Term Cell Imaging. Adv.  Funct. Mater. 2014, 24, 635?643. [48] Qin, W.; Ding, D.; Liu, J.; Yuan, W. Z.; Hu, Y.; Liu, B.; Tang, B. Z. Bioimaging: Biocompatible Nanoparticles with Aggregation-Induced  Emission Characteristics as Far-Red/Near-Infrared Fluorescent Bioprobes for in Vitro and In Vivo Imaging Applications (Adv. Funct.  Mater. 4/2012). Adv. Funct. Mater. 2012, 22, 665?665.",685,501,508,AIE,ESIPT+ICT/TICT,DOI: 10.1002/cjoc.202100157
1757,Q-2-Py,,C%12(C2=C(C1=CC=CC=C1)N=C%11C(=N2)C=C(C3=CC5=C4C(=C3)C=CC6=C4C(CC5)CCC6)C(C7=CC9=C8C(=C7)C=CC%10=C8C(CC9)CCC%10)=C%11)=CC=CC=C%12,"Qin, W.; Li, K.; Feng, G.; Li, M.; Yang, Z.; Liu, B.; Tang, B. Z. Bright and  Photostable Organic Fluorescent Dots with Aggregation-Induced  Emission Characteristics for Noninvasive Long-Term Cell Imaging. Adv.  Funct. Mater. 2014, 24, 635?643. [48] Qin, W.; Ding, D.; Liu, J.; Yuan, W. Z.; Hu, Y.; Liu, B.; Tang, B. Z. Bioimaging: Biocompatible Nanoparticles with Aggregation-Induced  Emission Characteristics as Far-Red/Near-Infrared Fluorescent Bioprobes for in Vitro and In Vivo Imaging Applications (Adv. Funct.  Mater. 4/2012). Adv. Funct. Mater. 2012, 22, 665?665.",685,476,475,AIE,ESIPT+ICT/TICT,10.1002/cjoc.202100157
1760,TPE-BPA,,O=C(O[K])C1=NC(C(O[K])=O)=CC(OCCCCOC2=CC=C(/C(C3=CC=C(OCCCCOC4=CC(C(O[K])=O)=NC(C(O[K])=O)=C4)C=C3)=C(C5=CC=C(OCCCCOC6=CC(C(O[K])=O)=NC(C(O[K])=O)=C6)C=C5)/C7=CC=C(OCCCCOC8=CC(C(O[K])=O)=NC(C(O[K])=O)=C8)C=C7)C=C2)=C1,,1650.01,,490,AIE,TICT,10.1002/adfm.201803370
1761,PLL,,CC(CCCCN)C(NC)=O,,30000,450,423,AIE,clusterluminescence,10.1002/adfm.201803370
1762,TPE-(EO)4-L2,,O=C(C1=CC(OCCOCCOCCOCCOC(C=C2)=CC=C2/C(C3=CC=CC=C3)=C(C4=CC=C(OCCOCCOCCOCCOC5=CC(C(O[K])=O)=NC(C(O[K])=O)=C5)C=C4)\C6=CC=CC=C6)=CC(C(O[K])=O)=N1)O[K],,1199.44,,479.998,AIE,TICT,10.1021/acsanm.7b00050
1765,TPE-BPA,,O=C(C1=CC(OCCCCOC(C=C2)=CC=C2/C(C3=CC=C(OCCCCOC4=CC(C(O[K])=O)=NC(C(O[K])=O)=C4)C=C3)=C(C5=CC=C(OCCCCOC6=CC(C(O[K])=O)=NC(C(O[K])=O)=C6)C=C5)\C7=CC=C(OCCCCOC8=CC(C(O[K])=O)=NC(C(O[K])=O)=C8)C=C7)=CC(C(O[K])=O)=N1)O[K],,1650.01,,490,AIE,TICT,10.1021/acsami.7b06306
1773,c5-TPBQ,,Cc5cc(c1ccccc1)c6c2ccccc2c(c3ccccc3)c7c4ccccc4c5[n+]67,"Chem.Sci.,2021,12,709-717",420.53,490,490,AIE,ICT,10.1039/D0SC04725B
1774,MTPE-M,,COC1=CC=C(/C(C2=CC=CC=C2)=C(C3=CC=C(C4=CC=C(/C=C(C#N)C#N)C=C4)C=C3)C5=CC=C(OC)C=C5)C=C1,"Chem.Commun.,2016,52,7288-7291",544.4,,595,AIE,ICT,10.1039/c6cc03415b
1775,TPE-3,,O=C1C(OC2=C([N+]([O-])=O)C=C([N+]([O-])=O)C=C2)=C(OC3=CC=CC=C31)C4=CC=C(/C(C5=CC=CC=C5)=C(C6=CC=CC=C6)/C7=CC=CC=C7)C=C4,,658,,550,AIE,ESIPT,10.1039/c6qm00223d
1776,TETPE,,C#CC(C=C1)=CC=C1/C(C2=CC=C(C#C)C=C2)=C(C3=CC=C(C#C)C=C3)C4=CC=C(C#C)C=C4,"Chem.Commun.,2017,53,11330-11333",428.53,458,504,AIE,neutral aromatic,10.1039/c7cc04663d
1777,TPP,,C1(C2=CC=CC=C2)=C(C3=CC=CC=C3)N=C(C4=CC=CC=C4)C(C5=CC=CC=C5)=N1,"Chem.Sci.,2015,6,1932-1937",384,,390,AIE,other,10.1039/C4SC03365E
1778,TPP-2P,,C1(C2=CC=CC=C2)=C(C3=CC=C(C4=CC=CC=C4)C=C3)N=C(C5=CC=CC=C5)C(C6=CC=C(C7=CC=CC=C7)C=C6)=N1,"Chem.Sci.,2015,6,1932-1937",537,,442,AIE,other,10.1039/C4SC03365E
1779,TPP-2PM,,COC1=CC=C(C(C=C2)=CC=C2C3=C(C4=CC=CC=C4)N=C(C5=CC=C(C6=CC=C(OC)C=C6)C=C5)C(C7=CC=CC=C7)=N3)C=C1,"Chem.Sci.,2015,6,1932-1937",597,,453,AIE,other,10.1039/C4SC03365E
1780,TPP-2MPM,,COC(C=C1)=CC=C1C2=C(C3=CC=C(C4=CC=C(OC)C=C4)C=C3)N=C(C5=CC=C(OC)C=C5)C(C6=CC=C(C7=CC=C(OC)C=C7)C=C6)=N2,"Chem.Sci.,2015,6,1932-1937",657,,460,AIE,other,10.1039/C4SC03365E
1781,TPP-2MP,,COC(C=C1)=CC=C1C2=C(C3=CC=C(C4=CC=CC=C4)C=C3)N=C(C5=CC=C(OC)C=C5)C(C6=CC=C(C7=CC=CC=C7)C=C6)=N2,"Chem.Sci.,2015,6,1932-1937",597,,440,AIE,ESIPT,10.1039/C4SC03365E
1782,TPP-4M,,COC(C=C1)=CC=C1C2=NC(C3=CC=C(OC)C=C3)=C(C4=CC=C(OC)C=C4)N=C2C5=CC=C(OC)C=C5,"Chem.Sci.,2015,6,1932-1937",505,,428,AIE,other,10.1039/C4SC03365E
1785,TPP-4TPA,,CC(C)(C)C(C=C1)=CC=C1N(C2=CC=C(C(C=C3)=CC=C3C4=C(C5=CC=C(C(C=C6)=CC=C6N(C7=CC=C(C(C)(C)C)C=C7)C8=CC=C(C(C)(C)C)C=C8)C=C5)N=C(C9=CC=C(C(C=C%10)=CC=C%10N(C%11=CC=C(C(C)(C)C)C=C%11)C%12=CC=C(C(C)(C)C)C=C%12)C=C9)C(C%13=CC=C(C(C=C%14)=CC=C%14N(C%15=CC=C(C(C)(C)C)C=C%15)C%16=CC=C(C(C)(C)C)C=C%16)C=C%13)=N4)C=C2)C%17=CC=C(C(C)(C)C)C=C%17,"J.Mater.Chem.C,2016,4,2901-2908",1807,475,473,AIE,other,10.1039/C5TC03299G
1788,TAA-4P,,C1(C2=CC=CC=C2)=C(C3=CC=CC=C3)N=C(C=C(N=C(C4=CC=CC=C4)C(C5=CC=CC=C5)=N6)C6=C7)C7=N1,"Chem.Sci.,2018,9,7829-7834",487,530,428,AIE,ESIPT,10.1039/C8SC02810A
1789,TAA-4TPA,,C1(C2=CC=C(N(C3=CC=CC=C3)C4=CC=CC=C4)C=C2)=C(C5=CC=C(N(C6=CC=CC=C6)C7=CC=CC=C7)C=C5)N=C(C=C(N=C(C8=CC=C(N(C9=CC=CC=C9)C%10=CC=CC=C%10)C=C8)C(C%11=CC=C(N(C%12=CC=CC=C%12)C%13=CC=CC=C%13)C=C%11)=N%14)C%14=C%15)C%15=N1,"Chem.Sci.,2018,9,7829-7834",1155,645,520,AIE,other,10.1039/C8SC02810A
1791,TPP-4PTPA,,C1(C(C=C2)=CC=C2C3=CC=C(N(C4=CC=CC=C4)C5=CC=CC=C5)C=C3)=C(C(C=C6)=CC=C6C7=CC=C(N(C8=CC=CC=C8)C9=CC=CC=C9)C=C7)N=C(C=C(N=C(C(C=C%10)=CC=C%10C%11=CC=C(N(C%12=CC=CC=C%12)C%13=CC=CC=C%13)C=C%11)C(C(C=C%14)=CC=C%14C%15=CC=C(N(C%16=CC=CC=C%16)C%17=CC=CC=C%17)C=C%15)=N%18)C%18=C%19)C%19=N1,"Chem.Sci.,2018,9,7829-7834",1460,640,474,AIE,other,10.1039/C8SC02810A
1792,TPP-PDCV,,N#C/C(C#N)=CC1=CC=C(C(C=C2)=CC=C2C3=C(C4=CC=CC=C4)N=C(C5=CC=CC=C5)C(C6=CC=CC=C6)=N3)C=C1,"Adv.Funct.Mater.2018,28,1704689.",537,511,511,AIE,ESIPT,10.1002/adfm.201704689
1793,TPP-p-TPE,,C1(C2=CC=CC=C2)=C(C3=CC=C(C=C3)/C(C4=CC=CC=C4)=C(C5=CC=CC=C5)/C6=CC=CC=C6)N=C(C7=CC=CC=C7)C(C8=CC=CC=C8)=N1,"Adv.Funct.Mater.2019,29,1903834.",639,477,477,AIE,other,10.1002/adfm.201903834
1794,TPP-m-TPE,,C1(C2=CC=CC=C2)=C(C3=CC=CC(/C(C4=CC=CC=C4)=C(C5=CC=CC=C5)/C6=CC=CC=C6)=C3)N=C(C7=CC=CC=C7)C(C8=CC=CC=C8)=N1,"Adv.Funct.Mater.2019,29,1903834.",639,468,468,AIE,other,10.1002/adfm.201903834
1795,TPP-o-TPE,,C1(C2=CC=CC=C2)=C(C(C=CC=C3)=C3/C(C4=CC=CC=C4)=C(C5=CC=CC=C5)/C6=CC=CC=C6)N=C(C7=CC=CC=C7)C(C8=CC=CC=C8)=N1,"Adv.Funct.Mater.2019,29,1903834.",639,454,454,AIE,other,10.1002/adfm.201903834
1796,DCP-TPA,,N#CC1=NC(N=C(C2=CC=C(N(C3=CC=CC=C3)C4=CC=CC=C4)C=C2)C(C5=CC=C(N(C6=CC=CC=C6)C7=CC=CC=C7)C=C5)=N8)=C8N=C1C#N,"ACSNano2020,14,4265?4275",669,,900,AIE,other,10.1021/acsnano.9b09625
1797,DCP-PTPA,,N#CC1=NC(N=C(C2=CC=C(C3=CC=C(N(C4=CC=CC=C4)C5=CC=CC=C5)C=C3)C=C2)C(C6=CC=C(C7=CC=C(N(C8=CC=CC=C8)C9=CC=CC=C9)C=C7)C=C6)=N%10)=C%10N=C1C#N,"ACSNano2020,14,4265?4275",821,,900,AIE,other,10.1021/acsnano.9b09625
1798,2TPEVDPP,,CCCCn%10c(/C=C/c4ccc(/C(=C(c1ccc(N(C)C)cc1)/c2ccc(N(C)C)cc2)c3ccccc3)cc4)c9c(=O)n(CCCC)c(/C=C/c8ccc(/C(=C(c5ccc(N(C)C)cc5)/c6ccc(N(C)C)cc6)c7ccccc7)cc8)c9c%10=O,"ACSNano2022,16,4162?4174",1132.633,,815,AIE,other,10.1021/acsnano.1c10019
1801,2TPAVDPP,,C1=CC=CC=C1N(C2=CC=CC=C2)C8=CC=C(/C=C/C7=C6C(=C(/C=C/C5=CC=C(N(C3=CC=CC=C3)C4=CC=CC=C4)C=C5)N(CCCC)C6=O)C(=O)N7CCCC)C=C8,"ACSNano2022,16,4162?4174",787,,710,AIE,ESIPT,10.1021/acsnano.1c10019
1802,TPATPEVDPP,,CCCCn9c(/C=C/c4ccc(/C(=C(c1ccccc1)/c2ccc(N(C)C)cc2)c3ccc(N(C)C)cc3)cc4)c8c(=O)n(CCCC)c(/C=C/c7ccc(N(c5ccccc5)c6ccccc6)cc7)c8c9=O,"ACSNano2022,16,4162?4174",959.531,,730,AIE,other,10.1021/acsnano.1c10019
1803,AuIB-C5,,FC1=C(F)C(F)=C(F)C([Au]C#[N]C2=C(OCCCCC)C=C([N]#C[Au]C3=C(F)C(F)=C(F)C(F)=C3F)C(OCCCCC)=C2)=C1F,"J.Mater.Chem.C,2020,8,894-899",1025.45,540,495,AIE,ICT,10.1039/c9tc06297a
1804,AuIB-C6,,FC1=C(F)C(F)=C(F)C([Au]C#[N]C2=C(OCCCCCC)C=C([N]#C[Au]C3=C(F)C(F)=C(F)C(F)=C3F)C(OCCCCCC)=C2)=C1F,"J.Mater.Chem.C,2020,8,894-899",1056.51,540,495,AIE,ICT,10.1039/c9tc06297a
1806,AuIB-C7,,FC1=C(F)C(F)=C(F)C([Au]C#[N]C2=C(OCCCCCCC)C=C([N]#C[Au]C3=C(F)C(F)=C(F)C(F)=C3F)C(OCCCCCCC)=C2)=C1F,"J.Mater.Chem.C,2020,8,894-899",1084.56,540,495,AIE,ICT,10.1039/c9tc06297a
1808,AuIB-C8,,FC1=C(F)C(F)=C(F)C([Au]C#[N]C2=C(OCCCCCCCC)C=C([N]#C[Au]C3=C(F)C(F)=C(F)C(F)=C3F)C(OCCCCCCCC)=C2)=C1F,"J.Mater.Chem.C,2020,8,894-899",1112.609,540,495,AIE,ICT,10.1039/c9tc06297a
1810,AuIB-C9,,FC1=C(F)C(F)=C(F)C([Au]C#[N]C2=C(OCCCCCCCCC)C=C([N]#C[Au]C3=C(F)C(F)=C(F)C(F)=C3F)C(OCCCCCCCCC)=C2)=C1F,"J.Mater.Chem.C,2020,8,894-899",1140.67,540,495,AIE,ICT,10.1039/c9tc06297a
1812,AuIB-C10,,FC1=C(F)C(F)=C(F)C([Au]C#[N]C2=C(OCCCCCCCCCC)C=C([N]#C[Au]C3=C(F)C(F)=C(F)C(F)=C3F)C(OCCCCCCCCCC)=C2)=C1F,"J.Mater.Chem.C,2020,8,894-899",1168.72,540,495,AIE,ICT,10.1039/c9tc06297a
1814,5CzBN-SPhCz,,N#CC1=[C@@]([C@]([N@]2C3=C(C4=C2C=CC=C4)C=CC=C3)=[C@@]([C@@]([N@@]5C6=C(C7=C5C=CC=C7)C(OCCCCCCOC8=CC=C(C=C8)N9C%10=C(C%11=C9C=CC=C%11)C=CC=C%10)=CC=C6)=[C@]1[N@]%12C%13=C(C%14=C%12C=CC=C%14)C=CC=C%13)[N@@]%15C%16=C(C%17=C%15C=CC=C%17)C=CC=C%16)[N@@]%18C%19=C(C%20=C%18C=CC=C%20)C=CC=C%19,"Aggregate?2022,?3,e164",1286.55,503,471,AIE,other,10.1002/agt2.164
1816,5CzBN-DPhCz,,N#CC1=[C@@]([N@@]2C(C=CC=C3)=C3C4=C2C=CC=C4)[C@@]([N@@]5C(C=CC=C6OCCCCCCOC7=CC=C(N8C(C=CC=C9)=C9C%10=C8C=CC=C%10)C=C7)=C6C%11=C5C=CC=C%11)=C(N%12C%13=C(C=CC=C%13)C%14=C%12C=CC=C%14)[C@@]([N@@]%15C%16=C(C(OCCCCCCOC%17=CC=C(N%18C(C=CC=C%19)=C%19C%20=C%18C=CC=C%20)C=C%17)=CC=C%16)C%21=C%15C=CC=C%21)=[C@@]1[N@@]%22C%23=C(C=CC=C%23)C%24=C%22C=CC=C%24,"Aggregate?2022,?3,e164",1644.01,503,474,AIE,other,10.1002/agt2.164
1817,5CzBN-TPhCz,,N#CC1=[C@@]([N@@]2C(C=CC=C3OCCCCCCOC4=CC=C(N5C(C=CC=C6)=C6C7=C5C=CC=C7)C=C4)=C3C8=C2C=CC=C8)[C@@]([N@@]9C(C=CC=C%10)=C%10C%11=C9C=CC=C%11)=C(N%12C%13=C(C(OCCCCCCOC%14=CC=C(N%15C(C=CC=C%16)=C%16C%17=C%15C=CC=C%17)C=C%14)=CC=C%13)C%18=C%12C=CC=C%18)[C@@]([N@@]%19C%20=C(C=CC=C%20)C%21=C%19C=CC=C%21)=[C@@]1[N@@]%22C%23=C(C(OCCCCCCOC%24=CC=C(N%25C(C=CC=C%26)=C%26C%27=C%25C=CC=C%27)C=C%24)=CC=C%23)C%28=C%22C=CC=C%28,"Aggregate?2022,?3,e164",2001.46,505,482,AIE,other,10.1002/agt2.164
1818,Au clusters (R)-1,,C[Au@@]12[Au]([Au@@]34C)([Au@@]([P](CCC[P](C5=CC=CC=C5)4C6=CC=CC=C6)(C7=CC=CC=C7)C8=CC=CC=C8)3C)([Au@]([P](CCCP2(C)=C)(C9=CC=CC=C9)C%10=CC=CC=C%10)1C)(C#C[C@@]%11(O)[C@]%12(C)CCC(C%12(C)C)C%11)(C#C[C@]%13(O)[C@@]%14(C)CC[C@@H](C%14(C)C)C%13)(C#C[C@]%15(O)[C@@]%16(C)CC[C@@H](C%16(C)C)C%15)(C#C[C@@]%17(O)[C@]%18(C)CCC(C%18(C)C)C%17)[Au].C%19(C%20=CC=CC=C%20)=CC=CC=C%19,"Mater.Chem.Front.,2021,5,368-374",1357.31,488.999,492,AIE,clusterluminescence,10.1039/d0qm00552e
1819,5CzBN-QPhCz,,N#CC1=[C@@]([N@@]2C(C=CC=C3OCCCCCCOC4=CC=C(N5C(C=CC=C6)=C6C7=C5C=CC=C7)C=C4)=C3C8=C2C=CC=C8)[C@@]([N@@]9C(C=CC=C%10)=C%10C%11=C9C=CC=C%11)=C(N%12C%13=C(C(OCCCCCCOC%14=CC=C(N%15C(C=CC=C%16)=C%16C%17=C%15C=CC=C%17)C=C%14)=CC=C%13)C%18=C%12C=CC=C%18)[C@@]([N@@]%19C%20=C(C(OCCCCCCOC%21=CC=C(N%22C(C=CC=C%23)=C%23C%24=C%22C=CC=C%24)C=C%21)=CC=C%20)C%25=C%19C=CC=C%25)=[C@@]1[N@@]%26C%27=C(C(OCCCCCCOC%28=CC=C(N%29C(C=CC=C%30)=C%30C%31=C%29C=CC=C%31)C=C%28)=CC=C%27)C%32=C%26C=CC=C%32,"Aggregate?2022,?3,e164",2358.91,506,485,AIE,other,10.1002/agt2.164
1820,Au clusters (S)-1,,C[Au@@]12[Au]([Au@@]34C)([Au@@]([P](CCC[P](C5=CC=CC=C5)4C6=CC=CC=C6)(C7=CC=CC=C7)C8=CC=CC=C8)3C)([Au@]([P](CCCP2(C)=C)(C9=CC=CC=C9)C%10=CC=CC=C%10)1C)(C#C[C@@]%11(O)[C@]%12(C)CCC(C%12(C)C)C%11)(C#C[C@]%13(O)[C@@]%14(C)CC[C@@H](C%14(C)C)C%13)(C#C[C@]%15(O)[C@@]%16(C)CC[C@@H](C%16(C)C)C%15)(C#C[C@@]%17(O)[C@]%18(C)CCC(C%18(C)C)C%17)[Au].C%19(C%20=CC=CC=C%20)=CC=CC=C%19,"Mater.Chem.Front.,2021,5,368-374",1357.31,488,492,AIE,clusterluminescence,10.1039/d0qm00552e
1821,5CzBN-PPhCz,,N#CC1=[C@@]([N@@]2C(C=CC=C3OCCCCCCOC4=CC=C(N5C(C=CC=C6)=C6C7=C5C=CC=C7)C=C4)=C3C8=C2C=CC=C8)[C@@]([N@@]9C(C=CC=C%10OCCCCCCOC%11=CC=C(N%12C(C=CC=C%13)=C%13C%14=C%12C=CC=C%14)C=C%11)=C%10C%15=C9C=CC=C%15)=C(N%16C%17=C(C(OCCCCCCOC%18=CC=C(N%19C(C=CC=C%20)=C%20C%21=C%19C=CC=C%21)C=C%18)=CC=C%17)C%22=C%16C=CC=C%22)[C@@]([N@@]%23C%24=C(C(OCCCCCCOC%25=CC=C(N%26C(C=CC=C%27)=C%27C%28=C%26C=CC=C%28)C=C%25)=CC=C%24)C%29=C%23C=CC=C%29)=[C@@]1[N@@]%30C%31=C(C(OCCCCCCOC%32=CC=C(N%33C(C=CC=C%34)=C%34C%35=C%33C=CC=C%35)C=C%32)=CC=C%31)C%36=C%30C=CC=C%36,"Aggregate?2022,?3,e164",2716.36,507,489,AIE,other,10.1002/agt2.164
1825,DMTPA-PDI3,,CC1(C2=C3C(C(C)(C4=CC(C#CC5=CC(C(N(C(C6=CC=C78)=O)C(CCCCCC)CCCCCC)=O)=C6C8=C5C9=C%10C7=CC=C%11C(N(C(C(C=C9)=C%10%11)=O)C(CCCCCC)CCCCCC)=O)=CC%12=C4N3C%13=C1C=C(C=C%13C%12(C)C)C#CC%14=CC%15=C%16C(C(N(C%15=O)C(CCCCCC)CCCCCC)=O)=CC=C%17C%18=CC=C%19C(N(C(C%20=C%19C%18=C(C%14=C%17%16)C=C%20)=O)C(CCCCCC)CCCCCC)=O)C)CC(C#CC%21=CC%22=C%23C(C%24=CC=C%23C(N(C%22=O)C(CCCCCC)CCCCCC)=O)=C%21C%25=C%26C%24=CC=C%27C(N(C(C(C=C%25)=C%26%27)=O)C(CCCCCC)CCCCCC)=O)=C2)C,"Adv.Sci.2017,4,1700110",2696,780,,AIE,TICT,10.1002/advs.201700110
1826,2TPEA-AQ,,O=C(C1=C2C=CC(N(C3=CC=C(C4=CC=C(/C(C5=CC=CC=C5)=C(C6=CC=CC=C6)/C7=CC=CC=C7)C=C4)C=C3)C8=CC=CC=C8)=C1)C9=CC=C(C=C9C2=O)N(C%10=CC=CC=C%10)C%11=CC=C(C%12=CC=C(/C(C%13=CC=CC=C%13)=C(C%14=CC=CC=C%14)C%15=CC=CC=C%15)C=C%12)C=C%11,"Adv.Sci.2022,9,2104997",1203.48,630,632,AIE,ESIPT,10.1002/advs.202104997
1827,TPE-BEP,,COCCOCCOCCOCCOC(C=C1)=CC=C1/C(C2=CC=C(OCCOCCOCCOCCOC)C=C2)=C(C3=CC=C(/C=C/C4=CC=NC=C4)C=C3)C5=CC=C(/C=C/C6=CC=NC=C6)C=C5,"Biomater.Sci.,2021,9,4301-4307",951.478,,510,AIE,ICT,10.1039/d1bm00044f
1828, MeOTTVP,,C[N+](C)(C)CCC[N+](C=C1)=CC=C1/C=C/C(S2)=CC=C2C(C=C3)=CC=C3N(C4=CC=C(OC)C=C4)C5=CC=C(OC)C=C5.[Br-].[Br-],"Adv.Funct.Mater.?2022,?32,2200503.",749.13,,670,AIE,other,10.1002/adfm.202200503
1835,TBFCN,,FC1=C(C#N)C2=NSN=C2C(C(C=C3)=CC=C3N(C4=CC=CC=C4)C5=CC=CC=C5)=C1,"Sci.ChinaChem,2022,65,135-144",422,670,695,AIE,TICT,10.1007/s11426-021-1083-4
1836,TB2FCN,,FC1=C(C#N)C2=NSN=C2C(C(C=C3)=CC=C3N(C4=CC=CC=C4)C5=CC=CC=C5)=C1F,"Sci.ChinaChem,2022,65,135-144",440,650,666,AIE,TICT,10.1007/s11426-021-1083-4
1837,PVA-TPE,,OC(C)CC1CC(C)OC(C2=CC=CC(/C(C3=CC=CC=C3)=C(C4=CC=CC=C4)/C5=CC=CC=C5)=C2)O1,"Peng,J.,Tomsia,A.P.,Jiang,L.,Tang,B.Z.&Cheng,Q.Stiffandtoughpdms-mmtlayerednanocompositesvisualizedbyaieluminogens.NatureCommunications12,1-9(2021).",,,,AIE,other,10.1038/s41467-021-24835-w
1838,TPABSM,,FC(C(S/C(S1)=C(C#N)/C#N)=C1C2=NSN=C32)=C3C(C=C4)=CC=C4N(C5=CC=CC=C5)C6=CC=CC=C6,"ACSMaterialsLett.2022,4,159?164",535,670,670,AIE,TICT,10.1021/acsmaterialslett.1c00570
1844,c6-TPBQ,,Cc1cn2[c-](c3c(C4=c(cccc5)c5=c6ccccc6=C42)cccc3)c(c7ccccc7)c1.FB(F)F.[F-],"Chem.Sci.,2021,12,709-717",421.1779,,,AIE,other,10.1039/d0sc04725b
1845,TPE-Ph-B,,COC1=CC=C(/C(C2=CC=C(OC)C=C2)=C(C3=CC=CC=C3)/C4=CC=C(C5=CC=C(/C=C6C(N(C)C(N(C)C/6=O)=O)=O)C=C5)C=C4)C=C1,"Chem.AsianJ.2019,14,871-876",634.247,,625,AIE,TICT,10.1002/asia.201801660.
1846,TPEPyE,,C5(/C(=C(C1=CC=CC=C1)/C3=CC=C(C2=CC=[N+](CC)C=C2)C=C3)C4=CC=CC=C4)=CC=CC=C5.[I-],"Biosens.Bioelectron.,2016,85,62-67",565.13,,,AIE,other,10.1016/j.bios.2016.04.071
1847,1@CB[7],,c%12ccc(C[n+]%11ccc(c%10ccc(/C(=C(c3ccc(c2cc[n+](Cc1ccccc1)cc2)cc3)/c6ccc(c5cc[n+](Cc4ccccc4)cc5)cc6)c9ccc(c8cc[n+](Cc7ccccc7)cc8)cc9)cc%10)cc%11)cc%12.[Br-].[Br-].[Br-].[Br-],"Sens.ActuatorsB:Chem.,2018,261,602-607.",1324.2,,537,AIE,other,10.1016/j.snb.2018.01.197.
1850,TPI-C,,CCCCCCCCn3c(c1ccc(OC(=O)NCC)cc1)nc(c2ccccc2)c3c4ccccc4,"Mater.Horiz.,2019,6,2032-2039.",495.667,,,AIE,other,10.1039/c9mh00798a
1852,PASPy,,CN(C)c3ccc(/N=C/c2ccc(c1cccnc1)cc2O)cc3,"MicrochemicalJournal2020,153,104503",317,,,AIE,ESIPT,10.1016/j.microc.2019.104503
1853,PASPy-al,,C=CC[n+]3cccc(c2ccc(/C=N/c1ccc(N(C)C)cc1)c(O)c2)c3.[Br-],"MicrochemicalJournal2020,153,104503",358,,,AIE,ESIPT,10.1016/j.microc.2019.104503
1854, TPECNP,,COc6ccc(/C(=C(c1ccccc1)c4ccc(C(=O)c3cc[n+](Cc2ccc(B(O)O)cc2)cc3)cc4)c5ccc(OC)cc5)cc6.[Br-],"Adv.OpticalMater.2020,8,2001119",632,,625,AIE,ESIPT,10.1002/adom.202001119
1855,TPPTPE,,C%12(/C(=C(C3=CC=C(C2=CC=[N+](CC1=CC=CC=C1)C=C2)C=C3)/C6=CC=C(C5=CC=[N+](CC4=CC=CC=C4)C=C5)C=C6)C9=CC=C(C8=CC=[N+](CC7=CC=CC=C7)C=C8)C=C9)=CC=C(C%11=CC=[N+](CC%10=CC=CC=C%10)C=C%11)C=C%12.[Br-].[Br-].[Br-].[Br-],"Analyst,2017,142,4388-4392",1320.16,,555,AIE,other,10.1039/C7AN01336A
1856,PDIPQ-C5,,CCCCCCC(CCCCC)n%29c(=O)c%30ccc%31c%33ccc%34c(=O)n(C(CCCC)CCCCC)c(=O)c%35ccc(c%32c(c%28ccc(c%19nc%18cc%17nc(c8ccc(c1cc4c(=O)n(C(CCCCC)CCCCCC)c(=O)c3ccc2c5ccc6c(=O)n(C(CCCCC)CCCCC)c(=O)c7ccc(c1c2c34)c5c67)cc8C)c(c%16ccc(c9cc%12c(=O)n(C(CCCCC)CCCCCC)c(=O)c%11ccc%10c%13ccc%14c(=O)n(C(CCCCC)CCCCC)c(=O)c%15ccc(c9c%10c%11%12)c%13c%14%15)cc%16)nc%17cc%18nc%19c%27ccc(c%20cc%23c(=O)n(C(CCCCC)CCCCCC)c(=O)c%22ccc%21c%24ccc%25c(=O)n(C(CCCCC)CCCCC)c(=O)c%26ccc(c%20c%21c%22%23)c%24c%25%26)cc%27)cc%28)cc(c%29=O)c%30c%31%32)c%33c%34%35,"Mater.Chem.Front.,2018,2,2104-2108.",3274.343,638,,AIE,other,10.1039/C8QM00451J.
1857,PDIPQ-C6,,CCCCCCCC(CCCCCC)n%29c(=O)c%30ccc%31c%33ccc%34c(=O)n(C(CCCCC)CCCCCC)c(=O)c%35ccc(c%32c(c%28ccc(c%19nc%18cc%17nc(c8ccc(c1cc4c(=O)n(C(CCCCCC)CCCCCCC)c(=O)c3ccc2c5ccc6c(=O)n(C(CCCCCC)CCCCCC)c(=O)c7ccc(c1c2c34)c5c67)cc8C)c(c%16ccc(c9cc%12c(=O)n(C(CCCCCC)CCCCCCC)c(=O)c%11ccc%10c%13ccc%14c(=O)n(C(CCCCCC)CCCCCC)c(=O)c%15ccc(c9c%10c%11%12)c%13c%14%15)cc%16)nc%17cc%18nc%19c%27ccc(c%20cc%23c(=O)n(C(CCCCCC)CCCCCCC)c(=O)c%22ccc%21c%24ccc%25c(=O)n(C(CCCCCC)CCCCCC)c(=O)c%26ccc(c%20c%21c%22%23)c%24c%25%26)cc%27)cc%28)cc(c%29=O)c%30c%31%32)c%33c%34%35,"Mater.Chem.Front.,2018,2,2104-2108.",3497.9,629,,AIE,other,10.1039/C8QM00451J.
1858,TPI-C,,CCCCCCCCn3c(c1ccc(OC(=O)NCC[Si](OCC)(OCC)OCC)cc1)nc(c2ccccc2)c3c4ccccc4,"Mater.Horiz.,2019,6,2032-2039.",599.888,,383,AIE,other,10.1039/c9mh00798a
1859,MOTIPS-TPE,,C6(/C(=C(C1=CC=CC=C1)/C4=CC=C(C3=CC=[N+](CC2=CC=C(O[Si](C(C)C)(C(C)C)C(C)C)C=C2)C=C3)C=C4)C5=CC=CC=C5)=CC=C(OC)C=C6.[Br-],"RSCAdv.,2016,6,59400-59404",781.3,,504,AIE,other,10.1039/c6ra10878d
1860,TPENNO2,,C5(/C(=C(C1=CC=CC=C1)/C3=CC=C(NS(=O)(=O)C2=CC=C(N(=O)=O)C=C2N(=O)=O)C=C3)C4=CC=CC=C4)=CC=CC=C5,"SensorsandActuatorsB:Chemical2017,252,712-716",577.61,,490,AIE,other,10.1016/j.snb.2017.06.066
1862,HCyNB,,C5(CC(OC1=CC4=C(C=C1)C=C(/C=C/C3=[N+](C)C2=CC=CC=C2C3(C)C)C=C4)=O)=CC=CC=C5.[I-],"NewJ.Chem.,2019,43,6429-6434",573.11647,,593,AIE,ICT,10.1039/c9nj00890j
1864,GlcNAc-TPE,,COc7ccc(/C(=C(c1ccccc1)c5ccc(c4cc[n+](Cc3ccc(OC2O[C@H](CO)C(O)[C@H](O)C2NC(C)=O)cc3)cc4)cc5)c6ccc(OC)cc6)cc7.[Br-],"Anal.Chem.,2019,91,12611-12614.",858.252,,635,AIE,other,10.1021/acs.analchem.9b03832
1865,BTCV-CO,,C=CCOc1cc(N(CC)CC)ccc1/C=C(C#N)/c3nc2ccccc2s3,"Anal.Chem.,2019,91,9388-9392.",389.517,,635,AIE,other,10.1021/acs.analchem.9b02691
1866,TPE-2EP+,,C[N+](C=C1)=CC=C1/C=CC(C=C2)=CC=C2/C(C3=CC=C(/C=CC4=CC=[N+](C)C=C4)C=C3)=C(C5=CC=CC=C5)C6=CC=CC=C6.[I-].[I-],"J.Am.Chem.Soc.2019,141,5612?5616",822.57,,610,AIE,TICT,10.1021/jacs.9b00636
1867,TPE-3EP+,,C[N+](C=C1)=CC=C1/C=CC(C=C2)=CC=C2/C(C3=CC=C(/C=CC4=CC=[N+](C)C=C4)C=C3)=C(C5=CC=CC=C5)C6=CC=C(/C=CC7=CC=[N](C)C=C7)C=C6.[I-].[I-].[I],"J.Am.Chem.Soc.2019,141,5612?5616",1067.64,,617,AIE,TICT,10.1021/jacs.9b00636
1868,TPE-4EP+,,C[N+](C=C1)=CC=C1/C=CC(C=C2)=CC=C2/C(C3=CC=C(/C=CC4=CC=[N+](C)C=C4)C=C3)=C(C5=CC=C(/C=CC6=CC=[N+](C)[C-]=C6)C=C5)C7=CC=C(/C=CC8=CC=[N](C)C=C8)C=C7.[I-].[I-].[I].[I],"J.Am.Chem.Soc.2019,141,5612?5616",1312.7,,610,AIE,TICT,10.1021/jacs.9b00636
1869,TPE-Gal,,C7(/C(=C(C1=CC=CC=C1)/C5=CC=C(C4=CC=[N+](CC3=CC=C(OC2C(O)C(O)C(O)C(O)O2)C=C3)C=C4)C=C5)C6=CC=C(OC)C=C6)=CC=C(OC)C=C7.[Br-],"Chem.Commun.,2017,53,4505-4508",738.86,,575,AIE,other,10.1039/c7cc00249a
1870,TPEDCPy,,CCN1C2=C(C=CC(/C=C/C3=CC=[N+](C)C=C3)=C2)C4=C1C=CC(N(C5=CC=CC=C5)C(C=C6)=CC=C6/C(C7=CC=CC=C7)=C(C8=CC=CC=C8)/C9=CC=CC=C9)=C4.[I-],"Adv.Funct.Mater.2022,32,2110526",879.73,,660,AIE,TICT,10.1002/adfm.202110526
1871,BTIC,,CCN(CC)c4ccc3cc(c2nc1ccccc1s2)c(=N)oc3c4,"Anal.Chem.,2019,91,9388-9392.",349.452,,710,AIE,other,10.1021/acs.analchem.9b02691
1872,TPEDCQu,,CCN1C2=C(C=CC(/C=C/C3=C(C=CC=C4)C4=[N+](C)C=C3)=C2)C5=C1C=CC(N(C6=CC=CC=C6)C(C=C7)=CC=C7/C(C8=CC=CC=C8)=C(C9=CC=CC=C9)/C%10=CC=CC=C%10)=C5.FP(F)(F)(F)F.[F-],"Adv.Funct.Mater.2022,32,2110526",929.99,,730,AIE,TICT,10.1002/adfm.202110526.
1873,TPEDCAc,,CCN1C2=C(C=CC(/C=C/C3=C(C=CC=C4)C4=[N+](C)C=C3)=C2)C5=C1C=CC(N(C6=CC=CC=C6)C(C=C7)=CC=C7/C(C8=CC=CC=C8)=C(C9=CC=CC=C9)/C%10=CC=CC=C%10)=C5.FC(F)([S-](=O)(=O)=O)F,"Adv.Funct.Mater.2022,32,2110",984.15,,980,AIE,TICT,10.1002/adfm.202110526.
1881,TPO-P,,O4C(C1=CC=CC=C1)=[N+](C2=CC=CC=C2)C(C3=CC=CC=C3)=C4C5=CC=CC=C5.[P-](F)(F)(F)(F)(F)F,"J.Am.Chem.Soc.2017,139,16974-16979",519.43,,420,AIE,other,10.1021/jacs.7b10150
1882,TriPO-PN,,O3C(C1=CC=CC=C1)=[N+](C2=CC=CC=C2)C=C3C4=CC=CC=C4.[P-](F)(F)(F)(F)(F)F,"J.Am.Chem.Soc.2017,139,16974-16979",443,,375,AIE,other,10.1021/jacs.7b10150
1883,2TPAVDPP,,CCCCC(Cn(c(/C=C/c1ccc(N(c2ccccc2)c3ccccc3)cc1)c4c5c(/C=C/c6ccc(N(c7ccccc7)c8ccccc8)cc6)n(CC(CCCC)CC)c4=O)c5=O)CC,"ACSNano2022,16,4162-4174",899,,686,AIE,other,10.1021/acsnano.1c10019
1884, TPECNPB,,C#C/C(C#C)=C(c4ccc(/C(=C(c1ccc(OC)cc1)/c2ccc(OC)cc2)c3ccccc3)cc4)c6cc[n+](Cc5ccc(B(O)O)cc5)cc6.[Br-],"Adv.OpticalMater.2020,8,2001119",785,,625,AIE,ESIPT,10.1002/adom.202001119
1885,TPETPyP,,C/1=CC%18=NC1=C(C6=CC=[N+](CC5=CC=C(/C(C2=CC=CC=C2)=C(C3=CC=CC=C3)C4=CC=CC=C4)C=C5)C=C6)/C7=CC=C(N7)/C(C%12=CC=[N+](CC%11=CC=C(/C(C8=CC=CC=C8)=C(C9=CC=CC=C9)C%10=CC=CC=C%10)C=C%11)C=C%12)=C/%25N=C(/C(C%17=CC=[N+](CC%16=CC=C(/C(C%13=CC=CC=C%13)=C(C%14=CC=CC=C%14)C%15=CC=CC=C%15)C=C%16)C=C%17)=C/%24N/C(=C%18/C%23=CC=[N+](CC%22=CC=C(/C(C%19=CC=CC=C%19)=C(C%20=CC=CC=C%20)C%21=CC=CC=C%21)C=C%22)C=C%23)C=C%24)C=C%25.[Br-].[Br-].[Br-].[Br-],,2320,,,AIE,other,10.1016/j.cclet.2019.08.037
1886,4TPA-BQ,,C%14(N(C%12=CC=C(C8=C(C3=CC=C(N(C1=CC=CC=C1)C2=CC=CC=C2)C=C3)C%11=C(C7=C(C6=CC=C(N(C4=CC=CC=C4)C5=CC=CC=C5)C=C6)C=C(C)C=[N+]78)C=CC(N(C9=CC=CC=C9)C%10=CC=CC=C%10)=C%11)C=C%12)C%13=CC=CC=C%13)=CC=CC=C%14.[P-](F)(F)(F)(F)(F)F,"Angew.Chem.Int.Ed.,2020,59,9470-9477",1236,,594,AIE,other,10.1002/anie.201909706
1887,DPBTA-DPTQ,,CC(C=C1)=CC=C1N(C2=CC=C(C)C=C2)C(S3)=CC=C3C4=C(N=C(C5=CC=CC=C5)C(C6=CC=CC=C6)=N7)C7=C(C8=CC=C(N(C9=CC=C(C)C=C9)C%10=CC=C(C)C=C%10)S8)C%11=NSN=C%114,"Angew.Chem.Int.Ed.2021,60,26769每26776",895,,,AIE,other,10.1002/anie.202111767
1888,IDT-TPE,,CCCCCCC1(CCCCCC)C2=C(SC(C3=C(C(C=C4)=CC=C4/C(C5=CC=CC=C5)=C(C6=CC=CC=C6)/C7=CC=CC=C7)C=C(/C=C8/C(C(C=CC=C9)=C9C8=O)=C(C#N)C#N)S3)=C2)C%10=CC%11=C(C(SC(C%12=C(C(C=C%13)=CC=C%13/C(C%14=CC=CC=C%14)=C(C%15=CC=CC=C%15)/C%16=CC=CC=C%16)C=C(/C=C%17/C(C(C=CC=C%18)=C%18C%17=O)=C(C#N)C#N)S%12)=C%19)=C%19C%11(CCCCCC)CCCCCC)C=C%101,"Small2021,17,2102044",1836.719,,850,AIE,other,10.1002/smll.202102044
1889,BTCV-PN,,CCN(CC)c5ccc(/C=C(C#N)/c2nc1ccccc1s2)c(OP(=O)(c3ccccc3)c4ccccc4)c5,"Sensorsandactuators.B,Chemical,2021,5ㄛ329",549,,620,AIE,other,10.1016/j.snb.2020.129223
1890,TTBSCH,,O=S(C(C=C1)=CC=C1C(S2)=CC=C2C3=CC=C(N(C4=CC=CC=C4)C5=CC=CC=C5)C=C3)(NC(NC6CCCCC6)=O)=O,"Chem.Sci.,2021,12,13949每13957",607,,550,AIE,other,10.1039/d1sc03932f
1891,TTVP,,C[N+](C)(C)CCC[N+]1=CC=C(/C=C/C(S2)=CC=C2C3=CC=C(N(C4=CC=CC=C4)C5=CC=CC=C5)C=C3)C=C1.[Br-].[Br-],ChemSci.2018Apr21;9(15):3685每3693,691,,720,AIE,other,10.1039/c7sc04963c
1892,TCFPB-HNO,,CCN(CC)c5ccc(/C=C/C1=C(C#N)/C(=C(C#N)/C#N)OC1(C)C)c(OC(=O)c2ccccc2P(c3ccccc3)c4ccccc4)c5,"Mater.Chem.Front.,2021,5,1817",663,,670,AIE,other,10.1039/d0qm00995d
1893,TFVP,,C[N+](C)(C)CCC[N+]1=CC=C(/C=C/C(O2)=CC=C2C3=CC=C(N(C4=CC=CC=C4)C5=CC=CC=C5)C=C3)C=C1.[Br-].[Br-],"Angew.Chem.Int.Ed.2020,59,9610每9616",675,,670,AIE,other,10.1002/anie.202000740
1894,TTPy-NH2,,NCCC[N+]1=CC=C(/C=C/C(S2)=CC=C2C3=CC=C(N(C4=CC=CC=C4)C5=CC=CC=C5)C=C3)C=C1.[Br-],"Adv.Sci.2021,8,2100811",568,,656,AIE,other,10.1002/advs.202100811
1895,TTFMN,,N#C/C(C#N)=C/C(O1)=CC=C1C2=CC=C(N(C3=CC=C(/C(C4=CC=CC=C4)=C(C5=CC=CC=C5)/C6=CC=CC=C6)C=C3)C7=CC=CC=C7)C=C2,"Adv.Sci.2021,8,2100524",641,,665,AIE,other,10.1002/advs.202100524
1897,AAPP,,CCOC(C(C=C1)=CC=C1N2C3=C(N(C4=CC=C(C(OCC)=O)C=C4)C(C5=CC=CC=C5)=C3)C=C2C6=CC=CC=C6)=O,"Chem.Sci.,2017,8,7258",554.2,485,468,AIE,TICT,10.1039/c7sc03076b
1900,TTVPHE,,O=C(OCC)CCCCC[N+](C=C1)=CC=C1/C=C/C2=CC=C(S2)C(C=C3)=CC=C3N(C4=CC=CC=C4)C5=CC=CC=C5.[Br-],"Mater.Chem.Front.,2020,4,3201",653,,596,AIE,TICT,10.1039/d0qm00503g
1901,TTVPHA,,OC(CCCCC[N+](C=C1)=CC=C1/C=C/C2=CC=C(S2)C(C=C3)=CC=C3N(C4=CC=CC=C4)C5=CC=CC=C5)=O.[Br-],"Mater.Chem.Front.,2020,4,3201-3208",625,,621,AIE,TICT,10.1039/d0qm00503g
1902,TPE-Th-B,,COC1=CC=C(/C(C2=CC=C(OC)C=C2)=C(C3=CC=CC=C3)/C4=CC=C(C5=CC=C(/C=C6C(N(C)C(N(C)C/6=O)=O)=O)S5)C=C4)C=C1,"Chem.AsianJ.2019,14,871-876",640,,622,AIE,TICT,10.1002/asia.201801660
1904,TPE-ETh-B,,COC1=CC=C(/C(C2=CC=C(OC)C=C2)=C(C3=CC=CC=C3)/C4=CC=C(C5=C(OCCO6)C6=C(/C=C7C(N(C)C(N(C)C7=O)=O)=O)S5)C=C4)C=C1,"Chem.AsianJ.2019,14,871-876",698,,633,AIE,TICT,10.1002/asia.201801660
1905,TPE-Se,,C1(/C(C2=CC=CC=C2)=C(C3=CC=CC=C3)/C4=CC=C(C5=CC=C(C6=CC=C(/C(C7=CC=CC=C7)=C(C8=CC=CC=C8)/C9=CC=CC=C9)C=C6)C%10=N[Se]N=C%105)C=C4)=CC=CC=C1,"ActaChim.Sinica2021,79,319-325",843.932,,551,AIE,TICT,10.6023/A20100501
1906,OBP,,C1(OC2=CC=CC(OC3=NC4=CN=C3)=C2)=NC(OC5=CC=CC(O4)=C5)=CN=C1,"Angew.Chem.Int.Ed.2021,60,22417每22423",372,370,360,AIE,other,10.1002/anie.202108326
1907,TPA-Se,,N(C1=CC=CC=C1)(C2=CC=CC=C2)C3=CC=C(C4=CC=C(C5=CC=C(N(C6=CC=CC=C6)C7=CC=CC=C7)C=C5)C8=N[Se]N=C84)C=C3,"ActaChim.Sinica2021,79,319-325",669.69,,626,AIE,TICT,10.6023/A20100501
1908,TPE-DPA-Se,,N(C1=CC=C(/C(C2=CC=CC=C2)=C(C3=CC=CC=C3)/C4=CC=CC=C4)C=C1)(C5=CC=CC=C5)C6=CC=C(C7=CC=C(C8=CC=C(N(C9=CC=CC=C9)C%10=CC=C(/C(C%11=CC=CC=C%11)=C(C%12=CC=CC=C%12)/C%13=CC=CC=C%13)C=C%10)C=C8)C%14=N[Se]N=C%147)C=C6,"ActaChim.Sinica2021,79,319-325",1178.354,,642,AIE,TICT,10.6023/A20100501
1909,DCMHNO,,N#C/C(C#N)=C1C2=CC=CC=C2OC(/C=C/C3=CC=C(C=C3)OC(C4=C(C=CC=C4)P(C5=CC=CC=C5)C6=CC=CC=C6)=O)=C1,"Sci.Chin.Chem.,2020,63,282-289",600,,,AIE,ICT,10.1007/s11426-019-9604-3
1910,BT-2ATPE,,C1(N(C2=CC=C(/C(C3=CC=CC=C3)=C(C4=CC=CC=C4)/C5=CC=CC=C5)C=C2)C6=CC=CC=C6)=CC=C(N(C7=CC=C(/C(C8=CC=CC=C8)=C(C9=CC=CC=C9)C%10=CC=CC=C%10)C=C7)C%11=CC=CC=C%11)C%12=NSN=C%121,"Chem.Sci.,2018,9,6118",979.258,674,665,AIE,TICT,10.1039/c8sc01377b
1911,DPASI,,C[N+](C=C1)=CC=C1/C=C/C(C=C2)=CC=C2N(C3=CC=CC=C3)C4=CC=CC=C4.[I-],"Mater.Chem.Front.,2020,4,957-964",490,,630,AIE,ESIPT,10.1039/c9qm00732f
1912,TPA-Ph-SCP,,N#C/C(C1=CC=C(C2=CC=[N+](C)C=C2)C=C1)=CC(C=C3)=CC=C3/C=C/C(C=C4)=CC=C4N(C5=CC=CC=C5)C6=CC=CC=C6.F[P-](F)(F)(F)(F)F,"CCSChem.2022,4,501每514",711,,640,AIE,ICT,10.31635/ccschem.021.202101458
1913,DPASP,,C[N+](C=C1)=CC=C1/C=C/C(C=C2)=CC=C2N(C3=CC=CC=C3)C4=CC=CC=C4.F[P-](F)(F)(F)(F)F,"Small2019,15,1905080",508,,612,AIE,TICT,10.1002/smll.201905080
1914,Py-4MethylTPE,,CC1=CC(/C(C2=CC=CC=C2)=C(C3=CC=CC=C3)C4=CC=CC=C4)=CC=C1C5=C(C6=C78)C=CC8=C(C(C(C)=C9)=CC=C9/C(C%10=CC=CC=C%10)=C(C%11=CC=CC=C%11)C%12=CC=CC=C%12)C=C(C(C(C)=C%13)=CC=C%13/C(C%14=CC=CC=C%14)=C(C%15=CC=CC=C%15)C%16=CC=CC=C%16)C7=CC=C6C(C%17=CC(C)=CC(/C(C%18=CC=CC=C%18)=C(C%19=CC=CC=C%19)C%20=CC=CC=C%20)=C%17)=C5,"Chem.Eur.J.2015,21,6862-6868",1580,453,459,AIE,other,10.1002/chem.201406190
1915,Py-4mTPE,,C1(/C(C2=CC=CC=C2)=C(C3=CC=C(C4=C(C5=C67)C=CC7=C(C(C=C8)=CC=C8/C(C9=CC=CC=C9)=C(C%10=CC=CC=C%10)C%11=CC=CC=C%11)C=C(C(C=C%12)=CC=C%12/C(C%13=CC=CC=C%13)=C(C%14=CC=CC=C%14)C%15=CC=CC=C%15)C6=CC=C5C(C%16=CC=CC(/C(C%17=CC=CC=C%17)=C(C%18=CC=CC=C%18)C%19=CC=CC=C%19)=C%16)=C4)C=C3)/C%20=CC=CC=C%20)=CC=CC=C1,"Chem.Eur.J.2015,21,6862-6868",1523,443,445,AIE,other,10.1002/chem.201406190
1916,2-AFN,,O=C1C2=C(C=CC=C2)C3=C1C(C(C=C4)=CC=C4N(C5=CC=CC=C5)C6=CC=CC=C6)=NC(N(CCN(C)C)C)=C3C#N,"Chem.Commun.,2019,55,7458-7461",549,579,584,AIE,TICT,10.1039/c9cc02782c
1917,Si-pTPE,,C1(C(C=C2)=CC3=C2C(C=CC(C(C=C4)=CC=C4/C(C5=CC=CC=C5)=C(C6=CC=CC=C6)/C7=CC=CC=C7)=C8)=C8[Si]3(C9=CC=CC=C9)C%10=CC=CC=C%10)=CC=C(C=C1)/C(C%11=CC=CC=C%11)=C(C%12=CC=CC=C%12)/C%13=CC=CC=C%13,"J.Mater.Chem.C,2015,3,2624",995,498,498,AIE,other,10.1039/c4tc02631d
1918,Si-tPE,,C(/C1=CC=CC=C1)(C(C=C2)=CC3=C2C(C=CC(/C(C4=CC=CC=C4)=C(C5=CC=CC=C5)/C6=CC=CC=C6)=C7)=C7[Si]3(C8=CC=CC=C8)C9=CC=CC=C9)=C(C%10=CC=CC=C%10)/C%11=CC=CC=C%11,"J.Mater.Chem.C,2015,3,2624",843,496,498,AIE,other,10.1039/c4tc02631d
1919,Si-mTPE,,C1(C(C=C2)=CC3=C2C(C=CC(C4=CC=CC(/C(C5=CC=CC=C5)=C(C6=CC=CC=C6)/C7=CC=CC=C7)=C4)=C8)=C8[Si]3(C9=CC=CC=C9)C%10=CC=CC=C%10)=CC=CC(/C(C%11=CC=CC=C%11)=C(C%12=CC=CC=C%12)/C%13=CC=CC=C%13)=C1,"J.Mater.Chem.C,2015,3,2624",995,468,474,AIE,other,10.1039/c4tc02631d
1921,TPPM,,C[N+](C=C1)=CC=C1C(C=C2)=CC=C2C3=CC=C(N(C4=CC=CC=C4)C5=CC=CC=C5)C=C3.F[B-](F)F.[F-],"ACSAppl.Mater.Interfaces2019,11,20715-20724",500.34,574,558,AIE,ICT,10.1021/acsami.9b04813
1922,DCQTB,,CC(C)(C)C1=C/C(C=C(/C=C/C2=CC(C(C)(C)CCN3C(C4)C)=C3C4=C2)O1)=C(C#N)/C#N,"TetrahedronLetters2019,60,1880每1884",425,,576,AIE,TICT,10.1016/j.tetlet.2019.06.007
1923,Cur-N-BF2,,COC1=C(O)C=CC(/C=C/C(O2)=CC(/C=C/C3=CC=C(O)C(OC)=C3)=NB2(F)F)=C1,"J.Mater.Chem.B,2019,7,2434-2441",414,572,540,AIE,TICT,10.1039/c9tb00121b
1924,IND,,O=C(C1=CC=CC=C1C/2=O)C2=CC3=CC=C(N(CCCC)CCCC)C=C3,"Mater.Horiz.,2019,6,546-553",361,,639,AIE,TICT,10.1039/c8mh01293h
1925,TPE-AC,,C/C(C(C=C1)=CC=C1/C(C2=CC=CC=C2)=C(C3=CC=C(N(C)C)C=C3)/C4=CC=C(N(C)C)C=C4)=C(C#N)/C#N,"Chem.Commun.,2016,52,5957--5960",508,705,705,AIE,TICT,10.1039/c6cc01797e
1926,TPPCN,,FP(F)(F)(F)F.C[N+]1=CC=C(/C(C2=CC=C(/C(C3=CC=CC=C3)=C(C#N)/C#N)C=C2)=C(C4=CC=C(OC)C=C4)C5=CC=C(OC)C=C5)C=C1.[F-],"J.Mater.Chem.B,2018,6,3894--3903",705,,606,AIE,TICT,10.1039/c8tb00572a
1927,TTPy,,C[N](C=C1)=CC=C1/C=C/C(S2)=CC=C2C(C=C3)=CC=C3N(C4=CC=CC=C4)C5=CC=CC=C5.FP(F)(F)(F)F.[F-],"J.Am.Chem.Soc.2019,141,16781?16789",590.56,658,665,AIE,TICT,10.1021/jacs.9b07162
1928,TTFMN,,N#C/C(C#N)=C/C(O1)=CC=C1C(C=C2)=CC=C2N(C3=CC=CC=C3)C(C=C4)=CC=C4/C(C5=CC=CC=C5)=C(C6=CC=CC=C6)/C7=CC=CC=C7,"Adv.Sci.2021,8,2100524",641,664,661,AIE,TICT,10.1002/advs.202100524
1933,TTFMN,,N#C/C(C#N)=C/C(O1)=CC=C1C(C=C2)=CC=C2N(C3=CC=CC=C3)C(C=C4)=CC=C4/C(C5=CC=CC=C5)=C(C6=CC=CC=C6)/C7=CC=CC=C7,"Adv.Sci.2021,8,2100524",641.246,664,661,AIE,other,10.1002/advs.202100524
1934,DAdDMA,,O=C(CCCCCCCOC1=CC(C=O)=C(C=C1C=O)OCCCCCCCC(NC23CC4CC(CC(C3)C4)C2)=O)NC56CC7CC(CC(C6)C7)C5,"Adv.Sci.2020,7,2001909",717,479,515,AIE,other,10.1002/advs.202001909
1935,NH2-PEG-TTPy,,O=C(NCCOCCN)CC[N+](C=C1)=CC=C1/C=C/C(S2)=CC=C2C(C=C3)=CC=C3N(C4=CC=CC=C4)C5=CC=CC=C5.[Br-],"Adv.Mater.2020,32,2003382",524.23,,,AIE,other,10.1002/adma.202003382
1936,TSSI,,N#C/C(C#N)=C1C2=C(C(/C/1=CC(S3)=CC=C3C4=CC=C(C5=CC=C(N(C6=CC=CC=C6)C7=CC=CC=C7)C=C5)S4)=C(C#N)/C#N)C=CC=C2,"Adv.Mater.2020,32,2003210",661.139,,,AIE,other,10.1002/adma.202003210
1937,TPE-TTMN-TPA,,N#C/C(C#N)=CC(S1)=CC=C1C(C=C2)=CC=C2N(C3=CC=C(N(C4=CC=CC=C4)C5=CC=CC=C5)C=C3)C(C=C6)=CC=C6/C(C7=CC=CC=C7)=C(C8=CC=CC=C8)/C9=CC=CC=C9,"ACSNano2021,15,10689?10699",825.046,770,712,AIE,other,10.1021/acsnano.1c03700
1938,MTTT-BT,,COC(C=C1)=CC=C1N(C2=CC=C(OC)C=C2)C(C=C3)=CC=C3C(S4)=CC=C4C5=CC=C(/C=C/C6=[N+](CC)C7=C(C=CC=C7)S6)S5.FP(F)(F)(F)F.[F-],"ACSAppl.Mater.Interfaces2020,12,26033-26040",802.85,,840,AIE,other,10.1021/acsami.0c06181
1939,TTVB,,CC[N+]1=C(SC2=C1C=CC=C2)/C=C/C3=CC=C(C4=CC=C(N(C5=CC=CC=C5)C6=CC=CC=C6)C=C4)S3.FP(F)(F)(F)F.[F-],"Biomaterials,2021,276,121007",660.68,,,AIE,other,10.1016/j.biomaterials.2021.121007
1940,MeOTTI,,O=C(C1=C(C/2=O)C=CC=C1)C2=CC(S3)=CC=C3C(C=C4)=CC=C4N(C5=CC=C(OC)C=C5)C6=CC=C(OC)C=C6,"Adv.Mater.2021,33,2103748",543.63,704,605,AIE,other,10.1002/adma.202103748
1941,TTT-4,,FP(F)(F)(F)F.CC[N+]1=C(/C=C/C2=CC=C(C(S3)=CC=C3C(C=C4)=CC=C4N(C5=CC=C(C=C5)OC)C(C=C6)=CC=C6OC)S2)SC7=C1C=CC=C7.[F-],"Biomaterials,2021,276,120892",802.85,,812,AIE,other,10.1016/j.biomaterials.2021.120892
1942,TBP,,CC[N+](C=C1)=CC=C1C(C2=NSN=C23)=CC=C3C(C=C4)=CC=C4N(C5=CC=CC=C5)C6=CC=CC=C6.[Br-],"SmallMethods2022,6,2101247",565.53,,680,AIE,ESIPT,10.1002/smtd.202101247
1943,TPAP-C5-yne,,O=C(C#C)OCCCCC[N+](C=C1)=CC=C1C(C=C2)=CC=C2N(C3=CC=CC=C3)C4=CC=CC=C4.[Br-],"Chem.Sci.,2022,13,2965每2970",541.49,,600,AIE,TICT,10.1039/D1SC06336G
1944,QLZ,,O=C(OC)C1=C2N(C(C(OC)=O)C(C(OC)=O)=C1C(OC)=O)C=CC=C2,"Angew.Chem.Int.Ed.2022,61,e202117709",363,,605,AIE,other,10.1002/anie.202117709
1945,TPA-QLZ,,O=C(OC)C1=C2N(C(C(OC)=O)C(C(OC)=O)=C1C(OC)=O)C=CC(C(C=C3)=CC=C3N(C4=CC=CC=C4)C5=CC=CC=C5)=C2,"Angew.Chem.Int.Ed.2022,61,e202117709",606,,619,AIE,other,10.1002/anie.202117709
1947,DPIEAuF,,FC1=C(F)C(F)=C(F)C(F)=C1[Au]C#[N]C(C(C2=CC=CC=C2)[N]#C[Au]C3=C(F)C(F)=C(F)C(F)=C3F)C4=CC=CC=C4,"J.Am.Chem.Soc.2020,142,14608?14618",960,,504,AIE,other,10.1021/jacs.0c06305
1948,(S)-1,,FC1=C(F)C(F)=C(F)C(F)=C1[Au]C#[N]C(C=C2)=CC=C2OC3=C(C4=C(OC5=CC=C([N]#C[Au]C6=C(F)C(F)=C(F)C(F)=C6F)C=C5)C=CC7=CC=CC=C74)C8=CC=CC=C8C=C3,"ACSNano2019,13,3618?3628",1216,,560,AIE,other,10.1021/acsnano.9b00218
1949,(R)-1,,FC1=C(F)C(F)=C(F)C(F)=C1[Au]C#[N]C(C=C2)=CC=C2OC3=C(C4=C(OC5=CC=C([N]#C[Au]C6=C(F)C(F)=C(F)C(F)=C6F)C=C5)C=CC7=CC=CC=C74)C8=CC=CC=C8C=C3,"ACSNano2019,13,3618?3628",1216,,560,AIE,other,10.1021/acsnano.9b00218
1950,TPE-TTPy-Au,,FC1=C(F)C(F)=C(F)C(F)=C1[Au][N](C=C2)=CC=C2/C(C#N)=C/C(S3)=CC=C3C(C=C4)=CC=C4N(C5=CC=CC=C5)C(C=C6)=CC=C6C(C=C7)=CC=C7/C(C8=CC=CC=C8)=C(C9=CC=CC=C9)/C%10=CC=CC=C%10,"Adv.Funct.Mater.2022,32,2108199",1150,,628,AIE,TICT,10.1002/adfm.202108199
1951,TPE-TTPy-Au,,FC1=C(F)C(F)=C(F)C(F)=C1[Au][N](C=C2)=CC=C2/C(C#N)=C/C(S3)=CC=C3C(C=C4)=CC=C4N(C5=CC=CC=C5)C(C=C6)=CC=C6C(C=C7)=CC=C7/C(C8=CC=CC=C8)=C(C9=CC=CC=C9)/C%10=CC=CC=C%10,"Adv.Funct.Mater.2022,32,2108199",1149,,628,AIE,TICT,10.1002/adfm.202108199
1952,TPEIPAu,,C[N+]1=C([Au]P(C2=CC=CC=C2)(C3=CC=CC=C3)C4=CC=CC=C4)N(C=C1)C(C=C5)=CC=C5/C(C6=CC=CC=C6)=C(C7=CC=CC=C7)C8=CC=CC=C8.FP(F)(F)(F)F.[F-],"Angew.Chem.Int.Ed.2020,59,7097-7105",1017,,470,AIE,other,10.1002/anie.202000048
1953,TPEIPAu,,C[N+]1=C([Au]P(C2=CC=CC=C2)(C3=CC=CC=C3)C4=CC=CC=C4)N(C=C1)C(C=C5)=CC=C5/C(C6=CC=CC=C6)=C(C7=CC=CC=C7)C8=CC=CC=C8.FP(F)(F)(F)F.[F-],"Angew.Chem.Int.Ed.2020,59,7097��?105",1200,,470,AIE,other,10.1002/anie.202000048
1958,CBA-C4H9,,O=C(CCCC)C(C=C1)=CC=C1N(C2=CC=CC=C23)C4=C3C=CC=C4,"Small2021,2005449",327.427,,420,AIE,ICT,10.1002/smll.202005449
1961,SA-4CO2Na,,OC1=CC=C(CN(CC(O[Na])=O)CC(O[Na])=O)C=C1/C=N/N=C/C2=CC(CN(CC(O[Na])=O)CC(O[Na])=O)=CC=C2O,"ACSAppl.Mater.Interfaces2018,10,14410?14417",618,539,541,AIE,ESIPT,10.1021/acsami.8b00952
1962,TPA-TQ1,,C1(N(C2=CC=CC=C2)C3=CC=C(C4=C(N=CC=N5)C5=C(C6=CC=C(N(C7=CC=CC=C7)C8=CC=CC=C8)C=C6)C9=NSN=C94)C=C3)=CC=CC=C1,"Angew.Chem.2021,133,21215-21223",674.826,,820,AIE,TICT,10.1002/ange.202109048
1963,TPA-TQ2,,C1(N(C2=CC=CC=C2)C3=CC=C(C4=C(N=C(C5=CC=CC=C5)C(C6=CC=CC=C6)=N7)C7=C(C8=CC=C(N(C9=CC=CC=C9)C%10=CC=CC=C%10)C=C8)C%11=NSN=C%114)C=C3)=CC=CC=C1,"Angew.Chem.2021,133,21215-21223",827.022,,820,AIE,TICT,10.1002/ange.202109048
1964,TPA-TQ3,,C1(N(C2=CC=CC=C2)C3=CC=C(C4=C(N=C(C5=CC=C(/C(C6=CC=CC=C6)=C(C7=CC=CC=C7)/C8=CC=CC=C8)C=C5)C(C9=CC=C(/C(C%10=CC=CC=C%10)=C(C%11=CC=CC=C%11)C%12=CC=CC=C%12)C=C9)=N%13)C%13=C(C%14=CC=C(N(C%15=CC=CC=C%15)C%16=CC=CC=C%16)C=C%14)C%17=NSN=C%174)C=C3)=CC=CC=C1,"Angew.Chem.2021,133,21215-21223",1335.686,,820,AIE,TICT,10.1002/ange.202109048
1965,TPR,,COC1=CC=C(/C(C2=CC=C(OC)C=C2)=C(C3=CC=CC=C3)/C4=CC=C(/C=C5C(N(CC(O)=O)C(S5)=S)=O)C=C4)C=C1,"ACSNano2020,14,5121?5134",593.712,,627,AIE,TICT,10.1021/acsnano.0c02197
1966,TPE-PR-COOH,,COC(C=C1)=CC=C1/C(C2=CC=C(OC)C=C2)=C(C3=CC=C(C4=CC=C(/C=C5C(N(CC(O)=O)C(S/5)=S)=O)C=C4)C=C3)/C6=CC=CC=C6,"SciChinaChem,2020,63:1428-1434",699.81,,624,AIE,TICT,10.1007/s11426-020-9846-4
1967,2DMTT-TBZ,,CN(C)C(C=C1)=CC=C1/C(C2=CC=C(N(C)C)C=C2)=C(C3=CC=CC=C3)C4=CC=C(C5=CC(CCCCCCCC)=C(C6=C(N=S=N7)C7=C(C(S8)=C(CCCCCCCC)C=C8C(C=C9)=CC=C9/C(C%10=CC=CC=C%10)=C(C%11=CC=C(N(C)C)C=C%11)/C%12=CC=C(N(C)C)C=C%12)C%13=NN(CC(CCCC)CC)N=C%136)S5)C=C4,"Adv.HealthcareMater.2021,2101063",1511.209,,,AIE,TICT,10.1002/adhm.202101063
1968,2DMTT-BBTD,,CN(C)C(C=C1)=CC=C1/C(C2=CC=C(N(C)C)C=C2)=C(C3=CC=CC=C3)C4=CC=C(C5=CC(CCCCCCCC)=C(C6=C(N=S=N7)C7=C(C(S8)=C(CCCCCCCC)C=C8C(C=C9)=CC=C9/C(C%10=CC=CC=C%10)=C(C%11=CC=C(N(C)C)C=C%11)/C%12=CC=C(N(C)C)C=C%12)C%13=NSN=C%136)S5)C=C4,"Adv.HealthcareMater.2021,2101063",1416.038,,,AIE,TICT,10.1002/adhm.202101063
1969,TPE-T-RO,,COC1=CC=C(/C(C2=CC=C(OC)C=C2)=C(C3=CC=CC=C3)/C4=CC=C(C5=CC=C(/C=C6C(N(CC)C(S/6)=O)=O)S5)C=C4)C=C1,"Adv.Mater.2022,34,2106994",629.789,,578,AIE,TICT,10.1002/adma.202106994
1970,TPE-T-RS,,COC1=CC=C(/C(C2=CC=C(OC)C=C2)=C(C3=CC=CC=C3)/C4=CC=C(C5=CC=C(/C=C6C(N(CC)C(S/6)=S)=O)S5)C=C4)C=C1,"Adv.Mater.2022,34,2106994",645.85,,633,AIE,TICT,10.1002/adma.202106994
1971,TPE-T-RCN,,COC1=CC=C(/C(C2=CC=C(OC)C=C2)=C(C3=CC=CC=C3)/C4=CC=C(C5=CC=C(/C=C6C(N(CC)/C(S/6)=C(C#N)C#N)=O)S5)C=C4)C=C1,"Adv.Mater.2022,34,2106994",677.837,,660.999,AIE,TICT,10.1002/adma.202106994
1972,TPE-TV-CyP,,COC1=CC=C(C=C1)/C(C2=CC=C(C=C2)OC)=C(C3=CC=C(C=C3)C4=CC=C(S4)/C=C(C5=CC=C(C=C5)C6=CC=[N+](C=C6)C)C#N)/C7=CC=CC=C7.FP(F)(F)(F)F.[F-],"J.Am.Chem.Soc.2022,144,3429?3441",883.849,,643,AIE,TICT,10.1021/jacs.1c11455
1973,TPAP-BB,,C1(N(C2=CC=C(C3=[N]4C=CC=C3)C(B4(C5=CC=CC=C5)C6=CC=CC=C6)=C2)C7=CC=CC=C7)=CC=CC=C1,"Chem.Mater.2018,30,7892?7901",486.425,,485,AIE,other,10.1021/acs.chemmater.8b03495
1975,IND-TPA,,O=C1C2=C(C=CC=C2)C(/C1=CC(C=C3)=CC=C3N(C4=CC=CC=C4)C5=CC=CC=C5)=O,"Chem.Commun.,2017,53,921-924.",401,,612,AIE,TICT,10.1039/c6cc09471f
1977,DPA-TPE-SCP,,N#C/C(C1=CC=C(C2=CC=[N+](C)C=C2)C=C1)=CC(C=C3)=CC=C3/C(C4=CC=CC=C4)=C(C5=CC=CC=C5)/C(C=C6)=CC=C6N(C7=CC=CC=C7)C8=CC=CC=C8.F[P-](F)(F)(F)(F)F,"CCSChemistry,2022,4(2):501-514.",863.28,,,AIE,ICT,10.31635/ccschem.021.202101458
1978,DPA-TPE-SCP,,N#C/C(C1=CC=C(C2=CC=[N+](C)C=C2)C=C1)=CC(C=C3)=CC=C3/C(C4=CC=CC=C4)=C(C5=CC=CC=C5)/C(C=C6)=CC=C6N(C7=CC=CC=C7)C8=CC=CC=C8.F[P-](F)(F)(F)(F)F,"CCSChemistry,2022,4(2):501-514.",863.28,,,AIE,ICT,10.31635/ccschem.021.202101458
1979,TPA-2Ph-SCP,,C[N+](C=C1)=CC=C1C(C=C2)=CC=C2/C([N+]#[C-])=C/C(C=C3)=CC=C3/C=C(C4=CC=CC=C4)/C(C=C5)=CC=C5N(C6=CC=CC=C6)C7=CC=CC=C7,"CCSChemistry,2022,4(2):501-514.",642.29,,,AIE,ICT,10.31635/ccschem.021.202101458
1980,TPA-Ph-SCP,,C[N+](C=C1)=CC=C1C(C=C2)=CC=C2/C([N+]#[C-])=C/C(C=C3)=CC=C3/C=C/C(C=C4)=CC=C4N(C5=CC=CC=C5)C6=CC=CC=C6,"CCSChemistry,2022,4(2):501-514.",566.25,,,AIE,ICT,10.31635/ccschem.021.202101458
1981,"2,4,6-TMe-DPE",,CC1=C(/C=C/C2=C(C)C=C(C)C=C2C)C(C)=CC(C)=C1,"Mater.Chem.Front.,2019,3,1143-1150.",264.188,,370,AIE,neutral aromatic,10.1039/c9qm00156e
1982,TPM,,C1(C(C2=CC=CC=C2)C3=CC=CC=C3)=CC=CC=C1,"J.Am.Chem.Soc.2021,143,9565?9574.",244,,400,AIE,clusterluminescence,10.1021/jacs.1c03882
1983,TPM-MO,,COC1=CC=C(C(C2=CC=C(OC)C=C2)C3=CC=C(OC)C=C3)C=C1,"J.Am.Chem.Soc.2021,143,9565?9574.",334,,440,AIE,neutral aromatic,10.1021/jacs.1c03882
1984,TPM-DMA,,CN(C)C1=CC=C(C(C2=CC=C(N(C)C)C=C2)C3=CC=C(N(C)C)C=C3)C=C1,"J.Am.Chem.Soc.2021,143,9565?9574.",373,,460,AIE,ESIPT,10.1021/jacs.1c03882
1985,AIE-R,,C[N+](C=C1)=CC=C1/C=C/C(S2)=CC=C2C3=CC=C(N(C4=CC=CC=C4)C5=CC=CC=C5)C=C3.F[P-](F)(F)(F)(F)F,"Adv.Mater.2021,33,2105418",590.13,668,665,AIE,ICT,10.1002/adma.202105418
1986,AIE-G,,C1(N(C2=CC=CC=C2)C3=CC=CC=C3)=CC=C(/C(C4=CC=C(C5=CC=C(N(C6=CC=CC=C6)C7=CC=CC=C7)C=C5)C=C4)=C(C8=CC=C(C9=CC=C(N(C%10=CC=CC=C%10)C%11=CC=CC=C%11)C=C9)C=C8)/C%12=CC=C(C%13=CC=C(N(C%14=CC=CC=C%14)C%15=CC=CC=C%15)C=C%13)C=C%12)C=C1,"Adv.Mater.2019,31,1902365",1228.54,501,544,AIE,ESIPT,10.1002/adma.201902365
1987,AIE-Y,,CC[N+](C=C1)=CC=C1C(C=C2)=CC=C2/C(C3=CC=CC=C3)=C(C4=CC=CC=C4)/C5=CC=CC=C5.[Br],"Adv.Mater.2021,33,2105418",517.14,,,AIE,ICT,10.1002/adma.202105418
1988,AIE-Y,,[O]C1=C(C2=C(C=CC=C3)C3=CC=C2[O])C4=CC=CC=C4C=C1.CC5=C(C)C(C#N)=C(N6C(C=CC(C(C)(C)C)=C7)=C7C8=C6C=CC(C(C)(C)C)=C8)C(N9C(C=CC=C%10)=C%10C%11=C9C=CC=C%11)=C5C#N,"Adv.Mater.2019,31,1902365",882.39,538,530,AIE,TICT,10.1002/adma.201902365
1989,AIE-O,,[O]C1=C(C2=C(C=CC=C3)C3=CC=C2[O])C4=CC=CC=C4C=C1.CC5=C(C)C(C#N)=C(F)C(N(C6=C7C=CC=C6)C8=C(C7(C)C)C=CC=C8)=C5C#N,"Adv.Mater.2019,31,1902365",665.24,580,585,AIE,TICT,10.1002/adma.201902365
1990,AIE-R,,C/C(C1=CC=C(N(C2=CC=CC=C2)C3=CC=C(/C(C4=CC=CC=C4)=C(C5=CC=CC=C5)/C6=CC=CC=C6)C=C3)C=C1)=C(C#N)C(C=C7)=CC=C7N(C8=CC=CC=C8)C(C=C9)=CC=C9/C(C%10=CC=CC=C%10)=C(C%11=CC=CC=C%11)/C%12=CC=CC=C%12,"Adv.Mater.2019,31,1902365",1061.47,663,671,AIE,TICT,10.1002/adma.201902365
1991,BTPE-C4,,C1(/C(C2=CC=CC=C2)=C(C3=CC=C(OCCCCOC4=CC=C(/C(C5=CC=CC=C5)=C(C6=CC=CC=C6)/C7=CC=CC=C7)C=C4)C=C3)C8=CC=CC=C8)=CC=CC=C1,"Adv.Funct.Mater.2018,28,1707210",750.3,,471,AIE,ESIPT,10.1002/adfm.201707210
1992,BTPE-C1,,C1(/C(C2=CC=CC=C2)=C(C3=CC=C(OCOC4=CC=C(/C(C5=CC=CC=C5)=C(C6=CC=CC=C6)/C7=CC=CC=C7)C=C4)C=C3)C8=CC=CC=C8)=CC=CC=C1,"Adv.Funct.Mater.2018,28,1707210",708.3,,468,AIE,other,10.1002/adfm.201707210
1993,BTPE-C8,,C1(/C(C2=CC=CC=C2)=C(C3=CC=C(OCCCCCCCCOC4=CC=C(/C(C5=CC=CC=C5)=C(C6=CC=CC=C6)/C7=CC=CC=C7)C=C4)C=C3)C8=CC=CC=C8)=CC=CC=C1,"Adv.Funct.Mater.2018,28,1707210",806.4,,472,AIE,other,10.1002/adfm.201707210
1994,BTPE-C12,,C1(/C(C2=CC=CC=C2)=C(C3=CC=C(OCCCCCCCCCCCCOC(C=C4)=CC=C4/C(C5=CC=CC=C5)=C(C6=CC=CC=C6)/C7=CC=CC=C7)C=C3)C8=CC=CC=C8)=CC=CC=C1,"Adv.Funct.Mater.2018,28,1707210",864.4,,474,AIE,other,10.1002/adfm.201707210
1995,TPAP,,C1(N(C2=CC=C(C3=NC=CC=C3)C=C2)C4=CC=CC=C4)=CC=CC=C1,"Chem.Mater.2018,30,7892?7901",322.15,425,425,AIE,other,10.1021/acs.chemmater.8b03495
1997,HBT-C18,,OC1=CC=C(C[N+](CCCCCCCCCCCCCCCCCCC)(C)C)C=C1C2=NC3=CC=CC=C3S2.[Cl-],"Chem.Eur.J.2016,22,5107-112.",586.37,510,510,AIE,ESIPT,10.1002/chem.201505202
1998,FKP-PTA,,O=C(C1=CC=C(C(C=CC=C2)=C2C3(CCC(C)CCCC(C)C)CCC(C)CCCC(C)C)C3=C1)C4=CC=C(N5C6=CC=CC=C6SC7=C5C=CC=C7)C=C4,"ACSNano2022,16,6176?6184",747.44,535,537,AIE,TICT,10.1021/acsnano.1c11661
1999,2-CzTPE,,CCN1C2=C(C=CC=C2)C3=C1C=CC(/C(C4=CC=CC=C4)=C(C5=CC=CC=C5)C6=CC=CC=C6)=C3,"Adv.Electron.Mater.2018,1800354",449.21,,489.6,AIE,other,10.1002/aelm.201800354
2000,"2,7-CzTPE",,CCN1C2=C(C=CC(/C(C3=CC=CC=C3)=C(C4=CC=CC=C4)C5=CC=CC=C5)=C2)C6=C1C=CC(/C(C7=CC=CC=C7)=C(C8=CC=CC=C8)C9=CC=CC=C9)=C6,"Adv.Electron.Mater.2018,1800354",703.3,,489.8,AIE,other,10.1002/aelm.201800354
2001,DTPA-BT-H,,C1(N(C2=CC=C(C3=CC=C(C4=CC=C(N(C5=CC=CC=C5)C6=CC=CC=C6)C=C4)C7=NSN=C37)C=C2)C8=CC=CC=C8)=CC=CC=C1,,622.22,595,,AIE,ESIPT,
2002,DTPA-BT-M,,COC1=CC=C(N(C2=CC=C(OC)C=C2)C3=CC=C(C4=CC=C(C5=CC=C(N(C6=CC=C(OC)C=C6)C7=CC=C(OC)C=C7)C=C5)C8=NSN=C84)C=C3)C=C1,"Mater.Chem.Front.,2021,5,1872-1883",742.26,676,676,AIE,TICT,10.1039/d0qm00682c
2003,IQ,,CCN(CC)C1=CC=C(C=C(C2=CC=C(C3=CC=C(C=[N+](CCC)C(C4=CC=CC=C4)=C5C6=CC=CC=C6)C5=C3)C=C2)C(O7)=O)C7=C1.[F+]B([F+])[F+][F+],"Chem.Sci.,2020,11,4730-4740",702.6,,643,AIE,TICT,10.1039/d0sc00256a
2004,HPQ,,O=C1=[NH]C(C2=C(O)C=CC=C2)=NC3=CC=CC=C31,"ACSSens.2016,1,179?184",238,,492,AIE,ESIPT,10.1021/acssensors.5b00182
2005,ASCPI,,CN(C)C(C=C1)=CC=C1/C=C(C#N)/C(C=C2)=CC=C2C3=CC=[N+](C)C=C3.[I-],"J.Mater.Chem.C,2021,9,11180-11188",467.355,,650,AIE,TICT,10.1039/D1TC00604E
2006,IQ,,CCC[N+]1=CC(C=C2)=C(C(C3=CC=CC=C3)=C1C4=CC=CC=C4)C=C2C(C=C5)=CC=C5N(C6=CC=CC=C6)C7=CC=CC=C7.FB(F)F.[F-],"ACSNano2021,15,12129?12139",654.56,,610,AIE,TICT,10.1021/acsnano.1c03508
2007,DB-TBT,,C1(C2=CC=C(C3=CC=C(C4=CC=C(C5=CC=CC=C5)S4)C6=NSN=C63)S2)=CC=CC=C1,"ACSNano2019,13,11863?11873",452.05,,660,AIE,other,10.1021/acsnano.9b05914
2009,DP-TPT,,C12=C(C3=CC=C(C4=CC=C(C5=CC=C(C6=C(CCC7=CC=C8C=C7)C=CC(CC8)=C6)S5)C9=NSN=C94)S3)C=C(CCC%10=CC=C(CC2)C=C%10)C=C1,"ACSNano2019,13,11863?11873",712.2,,657,AIE,other,10.1021/acsnano.9b05914
2010,TP1,,N#C/C(C#N)=C/C(C=C1)=CC=C1/C(C2=CC=CC=C2)=C(C3=CC=CC=C3)/C4=CC=CC=C4,"Chem.Commun.,2017,53,8727--8730",408.5,,474,AIE,neutral aromatic,10.1039/C7CC04864E
2011,TNZPPI,,C1(N(C2=CC=C(C3=C(C=CC=C4)C4=C(C5=CC=C(C6=NC(C(C=CC=C7)=C7C8=C9C=CC=C8)=C9N6C%10=CC=CC=C%10)C=C5)C%11=NSN=C%113)C=C2)C%12=CC=CC=C%12)=CC=CC=C1,"Adv.OpticalMater.2020,8,1901520",797.26,668,,AIE,TICT,10.1002/adom.201901520
2012,TNZtPPI,,CC(C)(C)C(C=C1)=CC=C1N2C3=C(C(C=CC=C4)=C4C5=C3C=CC=C5)N=C2C(C=C6)=CC=C6C(C7=NSN=C78)=C9C(C=CC=C9)=C8C(C=C%10)=CC=C%10N(C%11=CC=CC=C%11)C%12=CC=CC=C%12,"Adv.OpticalMater.2020,8,1901520",853.32,665,,AIE,TICT,10.1002/adom.201901520
2013,TNZ2tPPI,,CC(C)(C)C1=CC(N2C3=C(C(C=CC=C4)=C4C5=C3C=CC=C5)N=C2C(C=C6)=CC=C6C(C7=NSN=C78)=C9C(C=CC=C9)=C8C(C=C%10)=CC=C%10N(C%11=CC=CC=C%11)C%12=CC=CC=C%12)=CC(C(C)(C)C)=C1,"Adv.OpticalMater.2020,8,1901520",909.38,667,,AIE,TICT,10.1002/adom.201901520
2014,TNZ,,C1(N(C2=CC=C(C3=C(C=CC=C4)C4=CC5=NSN=C53)C=C2)C6=CC=CC=C6)=CC=CC=C1,"J.Mater.Chem.C,2020,8,14146--14154",429.13,635,,AIE,TICT,10.1039/d0tc03813j
2015,PyTNZ,,C1(N(C2=CC=C(C3=C(C=CC=C4)C4=C(C5=CC=C(C=C6)C7=C5C=CC8=CC=CC6=C78)C9=NSN=C93)C=C2)C%10=CC=CC=C%10)=CC=CC=C1,"J.Mater.Chem.C,2020,8,14146--14154",629.19,657,,AIE,TICT,10.1039/d0tc03813j
2016,PheTNZ,,C1(N(C2=CC=C(C3=C(C=CC=C4)C4=C(C5=C(C=CC=C6)C6=C(C=CC=C7)C7=C5)C8=NSN=C83)C=C2)C9=CC=CC=C9)=CC=CC=C1,"J.Mater.Chem.C,2020,8,14146--14154",605.19,658,,AIE,TICT,10.1039/d0tc03813j
2018,TNZPy,,C[N+](C=C1)=CC=C1/C=C/C(C=C2)=CC=C2C(C3=NSN=C34)=C5C(C=CC=C5)=C4C(C=C6)=CC=C6N(C7=CC=CC=C7)C8=CC=CC=C8.[I-],"Adv.Funct.Mater.2020,30,2002057",750.13,666,665,AIE,TICT,10.1002/adfm.202002057
2019,MTNZPy,,C[N+](C=C1)=CC=C1/C=C/C(C=C2)=CC=C2C(C3=NSN=C34)=C5C(C=CC=C5)=C4C(C=C6)=CC=C6N(C7=CC=C(OC)C=C7)C8=CC=C(OC)C=C8.[I-],"Adv.Funct.Mater.2020,30,2002057",810.15,681,681,AIE,TICT,10.1002/adfm.202002057
2020,TNZTPE,,C1(N(C2=CC=C(C3=C(C=CC=C4)C4=C(C5=CC=C(/C(C6=CC=CC=C6)=C(C7=CC=CC=C7)/C8=CC=CC=C8)C=C5)C9=NSN=C93)C=C2)C%10=CC=CC=C%10)=CC=CC=C1,"J.Mater.Chem.C,2022,10,1062每1068",759.27,651,651,AIE,TICT,10.1039/d1tc04343a
2021,DPhPZ,,C1(N2C(C=CC=C3)=C3N(C4=CC=CC=C4)C5=C2C=CC=C5)=CC=CC=C1,"Adv.Electron.Mater.2020,2000255",334.14,515,469,AIE,other,10.1002/aelm.202000255
2022,DPCE-ECh,,O=C(O[C@@H]1CC2=CC[C@]([C@@](CC[C@]3([H])[C@H](C)CCCC(C)C)([H])[C@]3(C)CC4)([H])[C@@]4([H])[C@@]2(C)CC1)COC(C=C5)=CC=C5/C(C#N)=C/C6=CC=C(OCCCCCCCCCCCCCCCCCCCCCCCCCC)C(OCCCCCCCCCCCCCCCCCCCCCCCCCC)=C6,"Mater.Chem.Front.,2019,3,1768-1778",1409.24,500,510,AIE,TICT,10.1039/C9QM00332K
2023,DPCE-ACh,,CCCCCCCCCCCCCCCCCCCCCCCCCCOC1=CC(/C=C(C#N)/C2=CC=C(OCC(N([H])/N=C/C3=CC=C(OCC(O[C@@H]4CC5=CC[C@]([C@@](CC[C@]6([H])[C@H](C)CCCC(C)C)([H])[C@]6(C)CC7)([H])[C@@]7([H])[C@@]5(C)CC4)=O)C=C3)=O)C=C2)=CC=C1OCCCCCCCCCCCCCCCCCCCCCCCCCC,"Mater.Chem.Front.,2019,3,1768-1778",1585.29,500,490,AIE,TICT,10.1039/C9QM00332K
2024,DBTBT-0C8,,C1(C2=CC=C(C3=CC=C(C4=CC=C(C5=CC=CC=C5)S4)C6=NSN=C63)S2)=CC=CC=C1,"ACSAppl.Mater.Interfaces2020,12,6814?6826",452.04,690,680,AIE,other,10.1021/acsami.9b18336
2025,DBTBT-2C8,,CCCCCCCCOC1=CC=C(C2=CC=C(C3=CC=C(C4=CC=C(C5=CC=C(OCCCCCCCC)C=C5)S4)C6=NSN=C63)S2)C=C1,"ACSAppl.Mater.Interfaces2020,12,6814?6826",708.29,740,675,AIE,ESIPT,10.1021/acsami.9b18336
2026,DBTBT-4C8,,CCCCCCCCOC1=CC(C(S2)=CC=C2C(C3=NSN=C34)=CC=C4C(S5)=CC=C5C6=CC(OCCCCCCCC)=CC(OCCCCCCCC)=C6)=CC(OCCCCCCCC)=C1,"ACSAppl.Mater.Interfaces2020,12,6814?6826",964.53,680,675,AIE,other,10.1021/acsami.9b18336
2027,tp2,,COC(C=C1)=CC=C1/C(C2=CC=C(OC)C=C2)=C(C3=CC=CC=C3)C4=CC=C(/C=C(C#N)/C#N)C=C4,"Chem.Commun.,2017,53,8727",468.5,,641,AIE,ESIPT,10.1039/C7CC04864E
2028,tp4,,COC(C=C1)=CC=C1/C(C2=CC=C(OC)C=C2)=C(C3=CC=CC=C3)C4=CC=C(/C(C)=C(C#N)/C#N)C=C4,"Chem.Commun.,2017,53,8727",482.5,,602,AIE,neutral aromatic,10.1039/C7CC04864E
2029,tp5,,COC1=CC=C(/C(C2=CC=C(OC)C=C2)=C(C3=CC=CC=C3)/C4=CC=C(C5=CC=C(/C(C)=C(C#N)/C#N)S5)C=C4)C=C1,"Chem.Commun.,2017,53,8727",564.7,,651,AIE,neutral aromatic,10.1039/C7CC04864E
2030,tp6,,COC1=CC=C(/C(C2=CC=C(OC)C=C2)=C(C3=CC=CC=C3)/C4=CC=C(C5=CC=C(/C(C)=C(C#N)/C#N)C=C5)C=C4)C=C1,"Chem.Commun.,2017,53,8727",558.7,,595,AIE,neutral aromatic,10.1039/C7CC04864E
2031,tp7,,COC1=CC=C(/C(C2=CC=C(OC)C=C2)=C(C3=CC=CC=C3)/C4=CC=C(/C(C5=CC=CS5)=C(C#N)/C#N)C=C4)C=C1,"Chem.Commun.,2017,53,8727",550.6,,636,AIE,neutral aromatic,10.1039/C7CC04864E
2032,tp8,,COC1=CC=C(/C(C2=CC=C(OC)C=C2)=C(C3=CC=CC=C3)/C4=CC=C(C5=CC=C(/C(C6=CC=CS6)=C(C#N)/C#N)C=C5)C=C4)C=C1,"Chem.Commun.,2017,53,8727",626.7,,665,AIE,neutral aromatic,10.1039/C7CC04864E
2037,CSPP,,[I-].[I-].C[N+]1=CC=C(C=C1)C1=CC=C(C=C1)C(=CC1=CC=C(C=C1)N1CC[N+](C)(C)CC1)C#N,"Chem.Sci.,2017,8,7014",663.3659,607,640,AIE,TICT,10.1039/c7sc01054k
2038,CBBHA-4,,O=C(N/N=C/C1=CC(C(C2=CC(/C=N/NC(C3=CC=C(OCCCC)C=C3)=O)=C(O)C=C2)=O)=CC=C1O)C4=CC=C(OCCCC)C=C4,"J.Mater.Chem.C,2020,8,13705-13711",650,,513,AIE,ICT,10.1039/d0tc03665j
2039,CBBHA-8,,O=C(N/N=C/C1=CC(C(C2=CC(/C=N/NC(C3=CC=C(OCCCCCCCC)C=C3)=O)=C(O)C=C2)=O)=CC=C1O)C4=CC=C(OCCCCCCCC)C=C4,"J.Mater.Chem.C,2020,8,13705-13711",762,,517,AIE,ESIPT,10.1039/d0tc03665j
2040,CBBHA-12,,O=C(N/N=C/C1=CC(C(C2=CC(/C=N/NC(C3=CC=C(OCCCCCCCCCCCC)C=C3)=O)=C(O)C=C2)=O)=CC=C1O)C4=CC=C(OCCCCCCCCCCCC)C=C4,"J.Mater.Chem.C,2020,8,13705-13711",874,,515,AIE,ESIPT,10.1039/d0tc03665j
2042,2N-DPAS,,OC(C=CC=C1)=C1/C=N/N=C(C2=CC=C(N(CC)CC)C=C2)/C3=CC=C(N(CC)CC)C=C3,"J.Mater.Chem.C,2020,8,996-1001",442,,545,AIE,ESIPT,10.1039/C9TC05822B
2044,TPEPCl,,O=C(C(C=C1)=CC=C1N2C3=C(C(C=CC=C4)=C4C5=C3C=CC=C5)N=C2C(C=C6)=CC=C6/C(C7=CC=CC=C7)=C(C8=CC=CC=C8)/C9=CC=CC=C9)O,"Chem.Commun.,2022,58,5769-5772",687,495,502,AIE,ESIPT,10.1039/d2cc00909a
2045,TPEPOH,,O=C(C(C=C1)=CC=C1N2C3=C(C(C=CC=C4)=C4C5=C3C=CC=C5)N=C2C(C=C6)=CC=C6/C(C7=CC=CC=C7)=C(C8=CC=CC=C8)/C9=CC=CC=C9)O,"Chem.Commun.,2022,58,5769-5772",668,461,485,AIE,ESIPT,10.1039/d2cc00909a
2046,TPEPCl,,O=C(C(C=C1)=CC=C1N2C3=C(C(C=CC=C4)=C4C5=C3C=CC=C5)N=C2C(C=C6)=CC=C6/C(C7=CC=CC=C7)=C(C8=CC=CC=C8)/C9=CC=CC=C9)Cl,"Chem. Commun., 2022,58, 5769-5772",687,495,502,AIE,ESIPT,10.1039/d0tc03665j
2047,TBP,,S1N=C2C(=N1)C(=CC=C2C1=CC=NC=C1)C1=CC=C(C=C1)N(C1=CC=CC=C1)C1=CC=CC=C1,"J.Mater.Chem.B,2020,8ㄛ1516",456.567,600,622,AIE,TICT,10.1039/c9tb02848j
2048,TBP-1,,[Br-].CC[N+]1=CC=C(C=C1)C1=CC=C(C2=NSN=C12)C1=CC=C(C=C1)N(C1=CC=CC=C1)C1=CC=CC=C1,"SmallMethods2020,4,2000045",565.533,,705,AIE,TICT,10.1002/smtd.202000046
2049,TBP-2,,[Br-].[Br-].C[N+](C)(C)CCC[N+]1=CC=C(C=C1)C1=CC=C(C2=NSN=C12)C1=CC=C(C=C1)N(C1=CC=CC=C1)C1=CC=CC=C1,"SmallMethods2020,4,2000046",717.568,,685,AIE,TICT,10.1002/smtd.202000046
2050,CSMPP,,CN1CCN(CC1)C1=CC=C(C=C(/C#N)C2=CC=C(C=C2)C2=CC=NC=C2)C=C1,"Chem.Sci.,2020,11,3152",380.495,525,508,AIE,TICT,10.1039/c9sc06226b
2051,CSPP-NHS,,[I-].[I-].C[N+]1(C)CCN(CC1)C1=CC=C(C=C(/C#N)C2=CC=C(C=C2)C2=CC=[N+](CCCC(=O)ON3C(=O)CCC3=O)C=C2)C=C1,"Chem.Sci.,2017,8,7014",833.51,,,AIE,TICT,10.1039/c7sc01054k
2052,TTPY-Py,,N(C1=CC=CC=C1)(C2=CC=CC=C2)C3=CC=C(C4=CC=C(/C=C/C5=CC=[N+](CCCC[N+]6=CC=CC=C6)C=C5)S4)C=C3.[Br-].[Br-],"Adv.Funct.Mater.2021,2009924",282.627,,680,AIE,other,10.1002/adfm.202009924
2053,TPE-BPA,,[O-]C(C1=NC(C([O-])=O)=CC(OCCCCOC(C=C2)=CC=C2/C(C3=CC=C(C=C3)OCCCCOC4=CC(C([O-])=O)=NC(C([O-])=O)=C4)=C(C5=CC=C(C=C5)OCCCCOC6=CC(C([O-])=O)=NC(C([O-])=O)=C6)/C7=CC=C(OCCCCOC8=CC(C([O-])=O)=NC(C([O-])=O)=C8)C=C7)=C1)=O,"ACSAppl.Mater.Interfaces2020,12,29641",1337,,480,AIE,other,10.1021/acsami.0c06204
2054,TSSAM,,C[N+](C1=C2C=CC=C1)=C3C(C=CC=C3)=C2/C=C/C(S4)=CC=C4C(S5)=CC=C5C(C=C6)=CC=C6N(C7=CC=CC=C7)C8=CC=CC=C8.FC(F)(S(=O)([O-])=O)F,"ACSMaterialsLett.2020,2,1033",777,,950,AIE,other,10.1021/acsmaterialslett.0c00263
2055,TBFT2,,FC1=C(C2=CC(CC(CCCCCCCC)CCCCCCCCCC)=C(C3=CC=C(N(C4=CC=C(/C(C5=CC=CC=C5)=C(C6=CC=CC=C6)/C7=CC=CC=C7)C=C4)C8=CC=CC=C8)C=C3)S2)C9=NSN=C9C(C(S%10)=CC(CC(CCCCCCCCCC)CCCCCCCC)=C%10C(C=C%11)=CC=C%11N(C%12=CC=CC=C%12)C%13=CC=C(/C(C%14=CC=CC=C%14)=C(C%15=CC=CC=C%15)/C%16=CC=CC=C%16)C=C%13)=C1F,"Adv.Funct.Mater.2021,31,2107545",1876,681,650,AIE,other,10.1002/adfm.202107545
2056,TBTO,,CC[N+](CC)([O-])C(C=C1)=CC=C1N(C2=CC=C([N+](CC)([O-])CC)C=C2)C(C=C3)=CC=C3C4=CC=C(C5=CC=C(N(C6=CC=C([N+](CC)([O-])CC)C=C6)C7=CC=C([N+](CC)([O-])CC)C=C7)C=C5)C8=NSN=C84,"iScience2021,24,102261",971.5,,600,AIE,ESIPT,10.1016/j.isci.2021.102261
2057,TTCPY-3,,CC[N+](C=C1)=CC=C1/C(C#N)=C/C(S2)=CC=C2C(C=C3)=CC=C3N(C4=CC=CC=C4)C5=CC=CC=C5.[Br-],"Adv.Sci.2022,9,2104079",564,748,748,AIE,other,10.1002/advs.202104079
2058,TPA-BTDH,,COC(C=C1)=CC=C1N(C2=CC=C(OC)C=C2)C(C=C3)=CC=C3C4=C(N=C(C5=CC=CC=C5)C(C6=CC=CC=C6)=N7)C7=C(C8=CC=C(N(C9=CC=C(OC)C=C9)C%10=CC=C(OC)C=C%10)C=C8)C%11=NSN=C%114,"Adv.Mater.2021,33,2102258",947.337,,,AIE,other,10.1002/adma.202102258
2059,BITT,,CC1(C)C2=C(C=CC3=C2C=CC=C3)[N+](CCC[S-](=O)(=O)=O)=C1/C=C/C(S4)=CC=C4C(C=C5)=CC=C5N(C6=CC=CC=C6)C7=CC=CC=C7,"Adv.Funct.Mater.2021,31,2007026",669.224,818,818,AIE,other,10.1002/adfm.202007026
2060,BTPPA,,C[N+](C=C1)=CC=C1/C(C2=CC=CC=C2)=C(C3=CC=CC=C3)/C(C=C4)=CC=C4N(C5=CC=CC=C5)C6=CC=C(C7=C8C(N=S=N8)=C(C(C=C9)=CC=C9N(C%10=CC=C(/C(C%11=CC=CC=C%11)=C(C%12=CC=CC=C%12)/C%13=CC=[N+](C)C=C%13)C=C%10)C%14=CC=CC=C%14)C%15=NN(CC(CC)CC)N=C7%15)C=C6.FP(F)(F)(F)F.F[P-](F)(F)(F)(F)F.[F-],"Adv.Mater.2021,33,2105999",776.3536,,750,AIE,other,10.1002/adma.202105999
2061,MeTTPy,,CC(C=C1)=CC=C1N(C2=CC=C(C3=CC=C(/C=C/C4=CC=[N+](C)C=C4)S3)C=C2)C5=CC=C(C)C=C5.FP(F)(F)(F)F.[F-],"Adv.Mater.2018,30,1802105",473.205,674,669,AIE,other,10.1002/adma.201802105
2062,TPA-QLZ,,O=C(OC)C1=C(C=C2)N(C(C(OC)=O)C(C(OC)=O)=C1C(OC)=O)C=C2C(C=C3)=CC=C3N(C4=CC=CC=C4)C5=CC=CC=C5,"Angew.Chem.Int.Ed.2022,61,e202117709",482.562,,620,AIE,other,10.1002/anie.202117709
2063,CN-TPB-TPA,,N#CC(C=C1)=CC=C1C2=C(C3=CC=CC=C3)C=C(C4=CC=C(C5=CC=C(N(C6=CC=CC=C6)C7=CC=CC=C7)C=C5)C=C4)C(C8=CC=CC=C8)=C2,"J.Mater.Chem.C,2020,8,7012",650.2746,449,,AIE,TICT,10.1039/d0tc00920b
2064,TFM,,COC(C=C1)=CC=C1N(C2=CC=C(OC)C=C2)C(C=C3)=CC=C3C4=CC=C(C(C=CC(C5=CC=C(N(C6=CC=C(OC)C=C6)C7=CC=C(OC)C=C7)C=C5)=C8)=C8/C9=C(C#N)/C#N)C9=C4,"Angew.Chem.Int.Ed.2019,58,5628",834.32,,,AIE,other,10.1002/anie.201900366
2065,CN-TPB-AD,,CC(C1=C2C=CC=C1)(C)C3=C(C=CC=C3)N2C(C=C4)=CC=C4C5=CC(C6=CC=CC=C6)=C(C7=CC=C(C#N)C=C7)C=C5C8=CC=CC=C8,"J.Mater.Chem.C,2020,8,7012",614,439,,AIE,TICT,10.1039/d0tc00920b
2066,TPB-CzC1,,N#CC(C=C1)=CC=C1C2=CC(C3=CC=CC=C3)=C(C4=CC=C(N5C(C=CC=C6)=C6C7=C5C=CC=C7)C=C4)C=C2C8=CC=CC=C8,"ACSAppl.Mater.Interfaces2020,12,46366",572,411,415,AIE,TICT,10.1021/acsami.0c12722
2067,TPB-CzC2,,N#CC(C=C1)=CC=C1C2=CC(C3=CC=CC=C3)=C(C4=CC=C(C5=CC=C(N6C(C=CC=C7)=C7C8=C6C=CC=C8)C=C5)C=C4)C=C2C9=CC=CC=C9,"ACSAppl.Mater.Interfaces2020,12,46366",648,409,410,AIE,TICT,10.1021/acsami.0c12722
2068,TPB-CzC3,,N#CC(C=C1)=CC=C1C2=CC(C3=CC=CC=C3)=C(C4=CC=C(C5=CC=C(N(C6=CC=CC=C6)C7=C8C=CC=C7)C8=C5)C=C4)C=C2C9=CC=CC=C9,"ACSAppl.Mater.Interfaces2020,12,46366",648,426,422,AIE,TICT,10.1021/acsami.0c12722
2069,PXZ-TPB-CN,,N#CC(C=C1)=CC=C1C2=CC(C3=CC=CC=C3)=C(C4=CC=C(N5C(C=CC=C6)=C6OC7=C5C=CC=C7)C=C4)C=C2C8=CC=CC=C8,"AsianJ.Org.Chem.2020,9,1286-1290",588,460,500,AIE,TICT,10.1002/ajoc.202000133
2074,TPE-DCV,,C4=CC(/C(C1=CC=CC=C1)=C(C2=CC=C(/C=C(C#N)C#N)C=C2)C3=CC=C(/C=C(C#N)C#N)C=C3)=CC=C4,"AsianJ.Org.Chem.2014,3,118-121",484.56,560,560,AIE,other,0.1002/ajoc.201300223
2075,A2HPS,,CCN(CC)CC(C=C1)=CC=C1[Si]2(C3=CC=C(CN(CC)CC)C=C3)C(C4=CC=CC=C4)=C(C5=CC=CC=C5)C(C6=CC=CC=C6)=C2C7=CC=CC=C7,"ChemicalPhysicsLetters2007,446124",709.062,,480,AIE,TICT,10.1016/j.cplett.2007.08.030
2076,TPE-RNS,,O=C1N(NC(NC2=CC=CC=C2)=S)C3(C(C=CC(N(CC)CC)=C4)=C4OC5=C3C=CC(N(CC)CC)=C5)C(C1=C6)=CC=C6C(C=C7)=CC=C7/C(C8=CC=CC=C8)=C(C9=CC=CC=C9)/C%10=CC=CC=C%10,"Chem.AsianJ.2019,14,796-801",922,,595,AIE,ESIPT,10.1002/asia.201801538
2078,2M-DABS,,OC1=CC=CC=C1/N=N/C=C(C2=CC=C(OCCCCCCN3CCOCC3)C=C2)/C4=CC=C(OCCCCCCN5CCOCC5)C=C4,"Sci.ChinaChem.2018,61,892",670,,,AIE,ESIPT,10.1007/s11426-018-9287-x
2079,BpPDBF,,C12=CC=CC=C1/C(C3=C2C=CC=C3)=C(C4=CC=C(C5=CC=CC=C5)C=C4)C6=CC=CC=C6,"Chem.Commun.,2007,40每42",406.527,550,460,AIE,other,10.1039/b613157c
2080,TPE,,C1=CC=C(C=C1)C(=C(C2=CC=CC=C2)C3=CC=CC=C3)C4=CC=CC=C4,"Mater.Chem.Front.,2019,3,664",332,,,AIE,ESIPT,10.1039/C9QM00054B
2081,IDATPE,,O=C(O)CN(CC(O)=O)CC(C=C1)=CC=C1/C(C2=CC=CC=C2)=C(C3=CC=CC=C3)/C4=CC=CC=C4,"FaradayDiscuss.,2017,196,351",477,,375,AIE,ESIPT,10.1039/C6FD00153J
2083,BSPOTPE,,O=S(CCCOC1=CC=C(C(C2=CC=CC=C2)=C(C3=CC=C(OCCCS(=O)([O-])=O)C=C3)C4=CC=CC=C4)C=C1)([O-])=O.[Na+].[Na+],"MobiQuitous2017:Proceedingsofthe14thEAIInternationalConferenceonMobileandUbiquitousSystems:Computing,NetworkingandServicesNovember2017,523",653,,,AIE,ESIPT,10.1145/3144457.3144508
2084,HPS,,C1([Si]2(C(C3=CC=CC=C3)=C(C(C4=CC=CC=C4)=C2C5=CC=CC=C5)C6=CC=CC=C6)C7=CC=CC=C7)=CC=CC=C1,"JournalofInorganicandOrganometallicPolymersandMaterials,2005,15,2",538.77,494,,AIE,other,10.1007/s10904-005-5546-0
2085,Luminogen 1,,CCOC1=CC=C(/C(C2=CC=C(OCC)C=C2)=C(C3=CC=C(OCC)C=C3)C4=CC=C(OCC)C=C4)C=C1,"J.Phys.Chem.C2012,116,21967",508.66,491,,AIE,other,10.1021/jp306908u
2086,Luminogen 2,,O(C1=CC=C(C=C1)C(C2=CC=C(OCCC)C=C2)=C(C3=CC=C(OCCC)C=C3)C4=CC=C(OCCC)C=C4)CCC,"J.Phys.Chem.C2012,116,21967",564.75,490,,AIE,other,10.1021/jp306908u
2090,HPS,,C1([Si]2(C(C3=CC=CC=C3)=C(C(C4=CC=CC=C4)=C2C5=CC=CC=C5)C6=CC=CC=C6)C7=CC=CC=C7)=CC=CC=C1,"Chem.Commun.,2008,2989",538.77,503,500,AIE,other,10.1039/b803539c
2091,AIQ3,,N12C=CC=C3C1C(O[Al]245(OC6=CC=CC7=C6[N]5=CC=C7)OC8=CC=CC9=C8[N]4=CC=C9)=CC=C3,,460.45,536,,AIE,other,10.1039/b803539c
2093,dye 1,,CCCOC(C=C1)=CC=C1/C(C2=CC=C(OCCC)C=C2)=C3C4=C(C=CC=C4)C5=C3C=CC=C5,"Adv.Mater.2011,23,3261每3265",467,580,550,AIE,other,10.1002/adma.201101059
2094,DBTA,,[NH2+]=C1C=C2N(C(C=CC=C3)=C3S2)C=C1C4=NC5C(C=CC=C5)S4.[Cl-],"Angew.Chem.Int.Ed.2018,57,5011",372,515,515,AIE,other,10.1002/anie.201800772
2107,TVQE,,N(C1=CC=C(C=C1)C=CC2=C4C(=[N+](C=C2)CC3=CC=C(C=C3)OC(C)=O)C=CC=C4)(C5=CC=CC=C5)C6=CC=CC=C6,Biomaterials2020242119924,627.58,,656,AIE,TICT,10.1016/j.biomaterials.2020.119924
2108,ECPI-12,,C1=CC=CC4=C1C2C(C=CC(=C2)C=CC3=CC=[N+](C=C3)CCCCCCCCCCCC)N4CCOCC,"Chem.Sci.,2019,10,1994",638.68,,,AIE,ICT,10.1039/c8sc05119d
2109,IVPI-12,,C1=CC=CC2=C1C(=C[N]2[H])C=CC3=CC=[N+](C=C3)CCCCCCCCCCCC,"Chem.Sci.,2019,10,1994",516.51,,,AIE,TICT,10.1039/c8sc05119d
2110,IVP-02,,C1=CC=CC2=C1C(=C[N]2[H])C=CC3=CC=[N+](C=C3)CC,"Chem.Sci.,2020,11,7676",394.3,575,,AIE,TICT,10.1039/d0sc01213k
2114,TPCI,,[CH2-][N+](C=C1)=CC=C1C(C=C2)=CC=C2N(C3=CC=C(C4=CC=[N+](C)C=C4)C=C3)C(C=C5)=CC=C5/C=C(C#N)/C6=CC=C(/C(C#N)=C/C7=CC=C(N(C8=CC=C(C9=CC=[N+](C)C=C9)C=C8)C%10=CC=C(C%11=CC=[N+]([CH2-])C=C%11)C=C%10)C=C7)C=C6.[I].[I-].[I].[I-],"Adv.Funct.Mater.2019,29,1902673",1550,,,AIE,TICT,10.1002/adfm.201902673
2115,PI,,O=C1C2=C(C=CC=C2)C(/C1=C/C(C=C3)=CC4=C3N(C5=CC=CC=C5)C(C=CC=C6)=C6S4)=O,"Adv.Sci.2021,2102561",431,746,,AIE,TICT,10.1002/advs.202102561
2118,TPE-BO,,C1=CC=CC=C1/C(C2=CC=CC=C2)=C(C3=CC=C(OCCC=C)C=C3)C4=CC=CC=C4,"Polym.Chem.,2022,13,3126",402.5,,495,AIE,other,10.1039/D2PY00396A
2119,TPE-2BO,,C1=CC(OCCC=C)=CC=C1/C(C2=CC=CC=C2)=C(C3=CC=C(OCCC=C)C=C3)C4=CC=CC=C4,"Polym.Chem.,2022,13,3126",472.5,,505,AIE,other,10.1039/D2PY00396A
2120,TPE-4BO,,C1=CC(OCCC=C)=CC=C1/C(C2=CC=C(OCCC=C)C=C2)=C(C3=CC=C(OCCC=C)C=C3)C4=CC=C(OCCC=C)C=C4,"Polym.Chem.,2022,13,3126",612.5,,509,AIE,other,10.1039/D2PY00396A
2122,TPE-DTAB,,CCCCCCCCOC(C=C1)=CC=C1/C(C2=CC=CC=C2)=C(C3=CC=C(C=C3)OCCCC[N+](C)(C)C)C4=CC=CC=C4.[Br-],"Nat.Commun.2016,7,11811",669,,490,AIE,other,10.1038/ncomms11811
2128,o-TPP3M,,COC1=CC=C(/C(C2=CC=C(OC)C=C2)=C(C3=CC=C(OC)C=C3)C4=CC=[N+](C)C=C4)C=C1.FP(F)(F)(F)F.[F-],"Adv.Mater.2015,27,7093每7100",584,605,595,AIE,TICT,10.1002/adma.201503751
2129,o-TPP3M,,COC1=CC=C(/C(C2=CC=C(OC)C=C2)=C(C3=CC=C(OC)C=C3)\C4=CC=[N+](C)C=C4)C=C1.FP(F)(F)(F)F.[F-],"Adv. Mater. 2015, 27, 7093每7100",584,605,595,AIE,TICT,10.1002/adma.201503751
2130,TPP-TPA,,COC(C=C1)=CC=C1/C(C2=CC=[N+](C)C=C2)=C(C3=CC=C(N(C4=CC=CC=C4)C5=CC=CC=C5)C=C3)C(C=C6)=CC=C6N(C7=CC=CC=C7)C8=CC=CC=C8.FP(F)(F)(F)F.[F-],"Adv.Mater.2018,30,1801065",858,,680,AIE,other,10.1002/adma.201801065
2138,FC6-2BP-PXZ,,O=C(C1=CC=C(N2C(C=CC=C3)=C3OC4=C2C=CC=C4)C=C1)C(C=C5)=CC6=C5C(C=CC(C(C7=CC=C(N8C(C=CC=C9)=C9OC%10=C8C=CC=C%10)C=C7)=O)=C%11)=C%11C6(CCCCCC)CCCCCC,"Front.Chem.2020,8,193.",905,567,567,AIE,TICT,10.3389/fchem.2020.00193
2146,DP-BTO,,O=S1(C2=C(C=CC=C2)C(C3=CC=CC=C3)=C1C4=CC=CC=C4)=O,"Chem.Commun.,2017,53,1463-1466",316,436,,AIE,other,10.1039/c6cc09892d
2147,o-DMP-BTO,,O=S1(C2=C(C=CC=C2)C(C3=CC=CC=C3C)=C1C4=C(C)C=CC=C4)=O,"Chem.Commun.,2017,53,1463-1466",348,405,,AIE,other,10.1039/c6cc09892d
2148,m-DMP-BTO,,O=S1(C2=C(C=CC=C2)C(C3=CC=CC(C)=C3)=C1C4=CC(C)=CC=C4)=O,"Chem.Commun.,2017,53,1463-1466",348,442,,AIE,other,10.1039/c6cc09892d
2149,p-DMP-BTO,,O=S1(C2=C(C=CC=C2)C(C3=CC=C(C)C=C3)=C1C4=CC=C(C)C=C4)=O,"Chem.Commun.,2017,53,1463-1466",348,456,,AIE,other,10.1039/c6cc09892d
2150,DTBP-BTO,,O=S1(C2=C(C=CC=C2)C(C3=CC=C(C(C)(C)C)C=C3)=C1C4=CC=C(C(C)(C)C)C=C4)=O,"Chem.Commun.,2017,53,1463-1466",430,447,,AIE,other,10.1039/c6cc09892d
2151,DMOP-BTO,,O=S1(C2=C(C=CC=C2)C(C3=CC=C(OC)C=C3)=C1C4=CC=C(OC)C=C4)=O,"Chem.Commun.,2017,53,1463-1466",378,466,,AIE,other,10.1039/c6cc09892d
2152,DFP-BTO,,O=S1(C2=C(C=CC=C2)C(C3=CC=C(F)C=C3)=C1C4=CC=C(F)C=C4)=O,"Chem.Commun.,2017,53,1463-1466",354,439,,AIE,other,10.1039/c6cc09892d
2153,DTFMP-BTO,,O=S1(C2=C(C=CC=C2)C(C3=CC=C(C(F)(F)F)C=C3)=C1C4=CC=C(C(F)(F)F)C=C4)=O,"Chem.Commun.,2017,53,1463-1466",454,436,,AIE,other,10.1039/c6cc09892d
2154,DBP-BTO,,O=S1(C2=C(C=CC=C2)C(C3=CC=C(C4=CC=CC=C4)C=C3)=C1C5=CC=C(C6=CC=CC=C6)C=C5)=O,"Chem.Commun.,2017,53,1463-1466",470,472,,AIE,other,10.1039/c6cc09892d
2155,DTPA-BTO,,O=S1(C2=C(C=CC=C2)C(C3=CC=C(N(C4=CC=CC=C4)C5=CC=CC=C5)C=C3)=C1C6=CC=C(N(C7=CC=CC=C7)C8=CC=CC=C8)C=C6)=O,"Chem.Commun.,2017,53,1463-1466",652,573,,AIE,other,10.1039/c6cc09892d
2156,DMF-BP-PXZ,,O=C(C1=CC=C(N2C(C=CC=C3)=C3OC4=C2C=CC=C4)C=C1)C5=CC6=C(C7=C(C6(C)C)C=CC=C7)C=C5,"Adv.Sci.,2018,1801629",479,548,,AIE,ICT,10.1002/advs.201801629
2157,DPF-BP-PXZ,,O=C(C1=CC=C(N2C(C=CC=C3)=C3OC4=C2C=CC=C4)C=C1)C5=CC6=C(C7=C(C6(C8=CC=CC=C8)C9=CC=CC=C9)C=CC=C7)C=C5,"Adv.Sci.,2018,1801629",603,550,,AIE,ICT,10.1002/advs.201801629
2158,SBF-BP-PXZ,,O=C(C1=CC=C(N2C(C=CC=C3)=C3OC4=C2C=CC=C4)C=C1)C5=CC6=C(C7=C(C68C9=CC=CC=C9C%10=C8C=CC=C%10)C=CC=C7)C=C5,"Adv.Sci.,2018,1801629",601,551,,AIE,ICT,10.1002/advs.201801629
2159,DBT-BZ-PXZ,,O=C(C1=CC(C(C=CC=C2)=C2S3)=C3C=C1)C4=CC=C(N5C(C=CC=C6)=C6OC7=C5C=CC=C7)C=C4,"Chem.Mater.,2017,29,3623-3631",469,549,,AIE,ICT,10.1021/acs.chemmater.7b00450
2160,DBT-BZ-PTZ,,O=C(C1=CC(C(C=CC=C2)=C2S3)=C3C=C1)C4=CC=C(N5C(C=CC=C6)=C6SC7=C5C=CC=C7)C=C4,"Chem.Mater.,2017,29,3623-3631",485,547,,AIE,ICT,10.1021/acs.chemmater.7b00450
2161,DBT-BZ-DMAC,,O=C(C1=CC(C(C=CC=C2)=C2S3)=C3C=C1)C4=CC=C(N5C(C=CC=C6)=C6C(C)(C)C7=C5C=CC=C7)C=C4,"Adv.Funct.Mater.,2017,1606458",495,505,505,AIE,ICT,10.1002/adfm.201606458
2162,THP,,O=C(OCC)C1=C(C(OCC)=O)N(C2=CC=CC=C2)C(C3=CC=CC=C3)N(C4=CC=CC=C4)C1 ,"J.Mater.Chem.C,2016,4,7383--7386",456,496,470,AIE,other,10.1039/c6tc01887d
2163,2P-BTO,,O=S1(C2=CC=CC=C2C3[C@@]1(C4[C@@]3(S(C5=C4C=CC=C5)(=O)=O)C6=CC=CC=C6)C7=CC=CC=C7)=O,"Angew.Chem.Int.Ed.,2020,59,1-6",484,415,415,AIE,other,10.1002/anie.201913383
2164,2NP-BTO,,O=S1(C2=CC=CC=C2C3[C@@]1(C4[C@@]3(S(C5=C4C=CC=C5)(=O)=O)C6=CC(C=CC=C7)=C7C=C6)C8=CC(C=CC=C9)=C9C=C8)=O,"Angew.Chem.Int.Ed.,2020,59,1-6",584,439,439,AIE,other,10.1002/anie.201913383
2165,2MOP-BTO,,O=S1(C2=CC=CC=C2C3[C@@]1(C4[C@@]3(S(C5=C4C=CC=C5)(=O)=O)C6=CC=C(OC)C=C6)C7=CC=C(OC)C=C7)=O,"Angew.Chem.Int.Ed.,2020,59,1-6",544,451,451,AIE,other,10.1002/anie.201913383
2166,MI,,O=C(C=C1NCCCC)N(C2=CC=CC=C2)C1=O,"J.Org.Chem.2017,82,1096?1104",244.29,474,474,AIE,other,10.1021/acs.joc.6b02706
2167,MI,,O=C(C=C1NC2=CC=CC=C2)N(C3=CC=CC=C3)C1=O,"J.Org.Chem.2017,82,1096?1104",264.28,496,496,AIE,other,10.1021/acs.joc.6b02706
2168,MI,,O=C(C=C1NC2=CC=CC=C2)N(CCCC)C1=O,"J.Org.Chem.2017,82,1096?1104",244.29,492,492,AIE,other,10.1021/acs.joc.6b02706
2178,DCSBF-BP-PXZ,,O=C(C1=CC=C(N(C2=CC=C(C(C=CC(N3C(C=CC=C4)=C4C5=C3C=CC=C5)=C6)=C6C78C9=CC=CC=C9C%10=C8C=CC=C%10)C7=C2)C%11=C%12C=CC=C%11)C%12=C1)C%13=CC=C(N%14C(C=CC=C%15)=C%15OC%16=C%14C=CC=C%16)C=C%13,"AdvancedOpticalMaterials,2020,8(21):2001027.",931,527,527,AIE,other,10.1002/adom.202001027
2181,f-TPE-BPy,,C(/C1=C(C2=CC=NC=C2)C=CC=C1)(C3=CC=CC=C3)=C(C4=CC=CC=C4C5=CC=NC=C5)C6=CC=CC=C6,"Chem.Commun.,2016,52,10842-10845",487,474,,AIE,other,10.1039/c6cc04233c
2183,f-TPE-BPSMe,,CSc1ccc(cc1)c2ccccc2/C(c3ccccc3)=C(c4ccccc4)c5ccccc5c6ccc(SC)cc6,"Chem.Commun.,2016,52,10842-10845",576,470,,AIE,other,10.1039/c6cc04233c
2185,f-TPE-BPOMe,,COc1ccc(cc1)c2ccccc2/C(c3ccccc3)=C(c4ccccc4)c5ccccc5c6ccc(OC)cc6,"Chem.Commun.,2016,52,10842-10845",544,462,,AIE,other,10.1039/c6cc04233c
2188,f-TPE-BPF,,Fc1ccc(cc1)c2ccccc2/C(c3ccccc3)=C(c4ccccc4)c5ccccc5c6ccc(F)cc6,"Chem.Commun.,2016,52,10842-10845",520,466,,AIE,other,10.1039/c6cc04233c
2189,f-4Ph-4SMe,,CSc1ccc(c2ccc(c3c(/C(C4=CC=CC=C4)=C(C5=CC=CC=C5)c6c(c7ccc(c8ccc(SC)cc8)cc7)ccc(c9ccc(SC)cc9)c6)cc(c%10ccc(SC)cc%10)cc3)cc2)cc1,"Angew.Chem.Int.Ed.2020,59,4581-4588",973,,,AIE,other,10.1002/anie.202000061
2193,f-4Ph-2SMe-A,,CSc1ccc(c2ccc(c3ccc(c4ccc(SC)cc4)cc3/C(C5=CC=CC=C5)=C(C6=CC=CC=C6)c7cc(c8ccccc8)ccc7c9ccc(c%10ccccc%10)cc9)cc2)cc1,"Angew.Chem.Int.Ed.2020,59,4581-4588",881,,,AIE,ESIPT,10.1002/anie.202000061
2194,f-4Ph-2SMe-B,,CSc1ccc(c2ccc(c3ccc(c4ccccc4)cc3/C(C5=CC=CC=C5)=C(C6=CC=CC=C6)c7cc(c8ccccc8)ccc7c9ccc(c%10ccc(SC)cc%10)cc9)cc2)cc1,"Angew.Chem.Int.Ed.2020,59,4581-4588",881,,,AIE,other,10.1002/anie.202000061
2197,f-Pn-3QL,,C12=C(C3=CC(C=CC=C4)=C4N=C3)C(C5=CN=C(C=CC=C6)C6=C5)=C(C=CC=C7)C7=C1C=CC=C2,"Adv.Sci.2022,2200374",433,383,,AIE,other,10.1002/advs.202200374
2200,f-TPE-Py,,C(/C1=CC=CC=C1)(c2ccccc2c3ccncc3)=C(C4=CC=CC=C4)c5c(c6ccncc6)cccc5,"J.Phys.Chem.Lett.2019,10,2648-2656",486,466,,AIE,other,10.1021/acs.jpclett.9b01040
2201,f-TPE-PPy,,C(/C1=CC=CC=C1)(c2ccccc2c3ccc(c4ccncc4)cc3)=C(C5=CC=CC=C5)c6c(c7ccc(c8ccncc8)cc7)cccc6,"J.Phys.Chem.Lett.2019,10,2648-2656",638,470,,AIE,other,10.1021/acs.jpclett.9b01040
2202,f-TPE-PyH,,C(/C1=CC=CC=C1)(c2ccccc2c3cc[nH+]cc3)=C(C4=CC=CC=C4)c5c(c6cc[nH+]cc6)cccc5.[Cl-].[Cl-],"J.Phys.Chem.Lett.2019,10,2648-2656",559,536,,AIE,ICT,10.1021/acs.jpclett.9b01040
2203,f-TPE-Fu,,C(/C1=C(C2=CC=CO2)C=CC=C1)(C3=CC=CC=C3)=C(C4=CC=CC=C4C5=CC=CO5)C6=CC=CC=C6,"CCSChem.2022,4,286-303",464,469,483,AIE,other,10.31635/ccschem.021.202000677
2204,f-TPE-PPyH,,C(/C1=CC=CC=C1)(c2ccccc2c3ccc(c4cc[nH+]cc4)cc3)=C(C5=CC=CC=C5)c6c(c7ccc(c8cc[nH+]cc8)cc7)cccc6.[Cl-].[Cl-],"J.Phys.Chem.Lett.2019,10,2648-2656",711,549,,AIE,ICT,10.1021/acs.jpclett.9b01040
2205,l-TPE-PyH,,C(/c1ccc(c2cc[nH+]cc2)cc1)(C3=CC=CC=C3)=C(C4=CC=CC=C4)c5ccc(c6cc[nH+]cc6)cc5.[Cl-].[Cl-],"J.Phys.Chem.Lett.2019,10,2648-2656",559,,,AIE,ICT,10.1021/acs.jpclett.9b01040
2207,f-TPE-Th,,C(/C1=C(C2=CC=CS2)C=CC=C1)(C3=CC=CC=C3)=C(C4=CC=CC=C4C5=CC=CS5)C6=CC=CC=C6,"CCSChem.2022,4,286-303",496,476,473,AIE,other,10.31635/ccschem.021.202000677
2208,f-TPE-[2]BTh,,C(/C1=C(C2=CC(C=CC=C3)=C3S2)C=CC=C1)(C4=CC=CC=C4)=C(C5=CC=CC=C5C6=CC(C=CC=C7)=C7S6)C8=CC=CC=C8,"CCSChem.2022,4,286-303",596,462,470,AIE,other,10.31635/ccschem.021.202000677
2209,f-TPE-[2]BFu,,C(/C1=C(C2=CC(C=CC=C3)=C3O2)C=CC=C1)(C4=CC=CC=C4)=C(C5=CC=CC=C5C6=CC(C=CC=C7)=C7O6)C8=CC=CC=C8,"CCSChem.2022,4,286-303",564,454,469,AIE,other,10.31635/ccschem.021.202000677
2210,f-TPE-PFu,,C(/C1=C(C2=CC=C(C3=CC=CO3)C=C2)C=CC=C1)(C4=CC=CC=C4)=C(C5=CC=CC=C5C6=CC=C(C7=CC=CO7)C=C6)C8=CC=CC=C8,"CCSChem.2022,4,286-303",616,473,480,AIE,other,10.31635/ccschem.021.202000677
2211,f-TPE-PTh,,C(/C1=C(C2=CC=C(C3=CC=CS3)C=C2)C=CC=C1)(C4=CC=CC=C4)=C(C5=CC=CC=C5C6=CC=C(C7=CC=CS7)C=C6)C8=CC=CC=C8,"CCSChem.2022,4,286-303",648,472,476,AIE,other,10.31635/ccschem.021.202000677
2212,f-TPE-[5]BFu,,C(/C1=C(C2=CC(C=CO3)=C3C=C2)C=CC=C1)(C4=CC=CC=C4)=C(C5=CC=CC=C5C6=CC(C=CO7)=C7C=C6)C8=CC=CC=C8,"CCSChem.2022,4,286-303",564,464,475,AIE,other,10.31635/ccschem.021.202000677
2213,f-TPE-[5]BTh,,C(/C1=C(C2=CC(C=CS3)=C3C=C2)C=CC=C1)(C4=CC=CC=C4)=C(C5=CC=CC=C5C6=CC(C=CS7)=C7C=C6)C8=CC=CC=C8,"CCSChem.2022,4,286-303",596,473,480,AIE,other,10.31635/ccschem.021.202000677
2214,汐-TPA-PIO,,O=P1(OCC)C(C2=CC=C(N(C3=CC=CC=C3)C4=CC=CC=C4)C=C2)=C(C5=CC=NC=C5)C6=CC=CC=C61,"Chem.Sci.,2020,11,3405每3417",514,573,576,AIE,other,10.1039/d0sc00785d
2215,汕-TPA-PIO,,O=P1(OCC)C(C2=CC=NC=C2)=C(C3=CC=C(N(C4=CC=CC=C4)C5=CC=CC=C5)C=C3)C6=CC=CC=C61,"Chem.Sci.,2020,11,3405每3417",514,560,563,AIE,other,10.1039/d0sc00785d
2218,(o-DMP)2PIO,,O=P1(C2=CC=CC=C2)C(C3=C(C)C=CC=C3C)=C(C4=C(C)C=CC=C4C)C5=CC=CC=C51,"J.Mater.Chem.C,2017,5,1836-1842",434,418,423,AIE,other,10.1039/c6tc05591e
2220,(p-BP)2PIO,,O=P1(C2=CC=CC=C2)C(C3=CC=C(C4=CC=CC=C4)C=C3)=C(C5=CC=C(C6=CC=CC=C6)C=C5)C7=CC=CC=C71,"J.Mater.Chem.C,2017,5,1836-1842",530,492,495,AIE,other,10.1039/c6tc05591e
2222,(m-BP)2PIO,,O=P1(C2=CC=CC=C2)C(C3=CC=CC(C4=CC=CC=C4)=C3)=C(C5=CC=CC(C6=CC=CC=C6)=C5)C7=CC=CC=C71,"J.Mater.Chem.C,2017,5,1836-1842",530,460,464,AIE,other,10.1039/c6tc05591e
2225,(o-BP)2PIO,,O=P1(C2=CC=CC=C2)C(C3=C(C4=CC=CC=C4)C=CC=C3)=C(C5=CC=CC=C5C6=CC=CC=C6)C7=CC=CC=C71,"J.Mater.Chem.C,2017,5,1836-1842",530,458,461,AIE,other,10.1039/c6tc05591e
2230,(TPA)2PIO,,O=P1(C2=CC=CC=C2)C(C3=CC=C(N(C4=CC=CC=C4)C5=CC=CC=C5)C=C3)=C(C6=CC=C(N(C7=CC=CC=C7)C8=CC=CC=C8)C=C6)C9=CC=CC=C91,"J.Mater.Chem.C,2017,5,1836-1842",712,553,559,AIE,other,10.1039/c6tc05591e
2243,DMACP-TTDO,,O=S1(C2=C(SC(C3=CC=C(N(C4=CC=CC=C4C5(C)C)C6=C5C=CC=C6)C=C3)=C2C7=CC=C(C(C)(C)C)C=C7)C(C8=CC=C(C(C)(C)C)C=C8)=C1C9=CC=C(N(C%10=CC=CC=C%10C%11(C)C)C%12=C%11C=CC=C%12)C=C9)=O,"DyesPigment.2018,159,275-282",1003,605,585,AIE,ESIPT,10.1016/j.dyepig.2018.04.069
2244,MFDMS,,CC1(C)C2=C(C=CC=C2)C3=C1C=C(C4=C(C5=CC=CC=C5)C(C6=CC=CC=C6)=C(C7=CC8=C(C=C7)C9=C(C=CC=C9)C8(C)C)[Si]4(C)C)C=C3,"Chem.-Eur.J.2014,20(7),1931-1939",647,523,,AIE,other,10.1002/chem.201303259
2245,MFMPS,,CC1(C)C2=C(C=CC=C2)C3=C1C=C(C4=C(C5=CC=CC=C5)C(C6=CC=CC=C6)=C(C7=CC8=C(C=C7)C9=C(C=CC=C9)C8(C)C)[Si]4(C%10=CC=CC=C%10)C)C=C3,"Chem.-Eur.J.2014,20(7),1931-1939",709,534,520,AIE,other,10.1002/chem.201303259
2246,PFDMS,,C[Si]1(C)C(C(C=C2)=CC3=C2C(C=CC=C4)=C4C3(C5=CC=CC=C5)C6=CC=CC=C6)=C(C7=CC=CC=C7)C(C8=CC=CC=C8)=C1C9=CC%10=C(C=C9)C%11=C(C=CC=C%11)C%10(C%12=CC=CC=C%12)C%13=CC=CC=C%13,"Chem.-Eur.J.2014,20(7),1931-1939",895,522,,AIE,other,10.1002/chem.201303259
2247,PFMPS,,C[Si]1(C2=CC=CC=C2)C(C(C=C3)=CC4=C3C(C=CC=C5)=C5C4(C6=CC=CC=C6)C7=CC=CC=C7)=C(C8=CC=CC=C8)C(C9=CC=CC=C9)=C1C%10=CC%11=C(C=C%10)C%12=C(C=CC=C%12)C%11(C%13=CC=CC=C%13)C%14=CC=CC=C%14,"Chem.-Eur.J.2014,20(7),1931-1939",957,533,,AIE,other,10.1002/chem.201303259
2248,SFDMS,,C[Si]1(C)C(C(C=C2)=CC3=C2C(C=CC=C4)=C4C35C6=CC=CC=C6C7=C5C=CC=C7)=C(C8=CC=CC=C8)C(C9=CC=CC=C9)=C1C%10=CC%11=C(C=C%10)C%12=C(C=CC=C%12)C%11%13C%14=CC=CC=C%14C%15=C%13C=CC=C%15,"Chem.-Eur.J.2014,20(7),1931-1939",891,521,,AIE,ESIPT,10.1002/chem.201303259
2249,SFMPS,,C[Si]1(C2=CC=CC=C2)C(C(C=C3)=CC4=C3C(C=CC=C5)=C5C46C7=CC=CC=C7C8=C6C=CC=C8)=C(C9=CC=CC=C9)C(C%10=CC=CC=C%10)=C1C%11=CC%12=C(C=C%11)C%13=C(C=CC=C%13)C%12%14C%15=CC=CC=C%15C%16=C%14C=CC=C%16,"Chem.-Eur.J.2014,20(7),1931-1939",953,535,520,AIE,other,10.1002/chem.201303259
2250,NpDMS,,C[Si]1(C)C(C2=CC3=C(C=CC=C3)C=C2)=C(C4=CC=CC=C4)C(C5=CC=CC=C5)=C1C6=CC(C=CC=C7)=C7C=C6,"Chem.Commun.,2014,50,4500-4503",514,500,509,AIE,other,10.1039/c4cc00653d
2251,NpMPS,,C[Si]1(C(C2=CC3=C(C=C2)C=CC=C3)=C(C(C4=CC=CC=C4)=C1C5=CC6=C(C=C5)C=CC=C6)C7=CC=CC=C7)C8=CC=CC=C8,"Chem.Commun.,2014,50,4500-4503",576,515,515,AIE,other,10.1039/c4cc00653d
2253,AnDMS,,C[Si]1(C)C(C2=CC3=C(C=C(C=CC=C4)C4=C3)C=C2)=C(C5=CC=CC=C5)C(C6=CC=CC=C6)=C1C7=CC(C=C(C=CC=C8)C8=C9)=C9C=C7,"Chem.Commun.,2014,50,4500-4503",614,533,546,AIE,other,10.1039/c4cc00653d
2254,AnMPS,,C[Si]1(C2=CC=CC=C2)C(C3=CC4=C(C=C(C=CC=C5)C5=C4)C=C3)=C(C6=CC=CC=C6)C(C7=CC=CC=C7)=C1C8=CC(C=C(C=CC=C9)C9=C%10)=C%10C=C8,"Chem.Commun.,2014,50,4500-4503",676,559,558,AIE,other,10.1039/c4cc00653d
2255,TPE-TAPBI,,CC(C)(C)C1=CC=C(C(C2=CC=C(/C(C3=CC=CC=C3)=C(C4=CC=CC=C4)C5=CC=CC=C5)C=C2)=C(C=C(C(C)(C)C)C=C6)C6=C7C8=CC=C(C9=NC(C=CC=C%10)=C%10N9C%11=CC=CC=C%11)C=C8)C7=C1,"Adv.Funct.Mater.2018,28(40),1803369",889,459,452,AIE,ESIPT,10.1002/adfm.201803369
2256,TPE4Mes,,CCCCCC(CC1)CCC1C(C=C2)=CC=C2C#CC(C=C3)=CC=C3OCCCCCCCCCCCCOC(C=C4)=CC=C4/C(C5=CC=C(OCCCCCCCCCCCCOC6=CC=C(C#CC7=CC=C(C8CCC(CCCCC)CC8)C=C7)C=C6)C=C5)=C(C9=CC=C(OCCCCCCCCCCCCOC%10=CC=C(C#CC%11=CC=C(C%12CCC(CCCCC)CC%12)C=C%11)C=C%10)C=C9)C%13=CC=C(OCCCCCCCCCCCCOC%14=CC=C(C#CC%15=CC=C(C%16CCC(CCCCC)CC%16)C=C%15)C=C%14)C=C%13,"J.Mater.Chem.,2012,22,3323-3326",2447.7,,380,AIE,neutral aromatic,10.1039/c2jm15712h
2257,TriPE-TAPBI,,[H]/C(C(C=C1)=CC=C1C2=C(C=C(C(C)(C)C)C=C3)C3=C(C4=CC=C(C5=NC(C=CC=C6)=C6N5C7=CC=CC=C7)C=C4)C8=CC(C(C)(C)C)=CC=C82)=C(C9=CC=CC=C9)/C%10=CC=CC=C%10,"Adv.Funct.Mater.2018,28(40),1803369",813,460,460,AIE,ESIPT,10.1002/adfm.201803369
2259,FDMS,,C[Si]1(C)C(C2=CC=C(C(C=CC=C3)=C3C4)C4=C2)=C(C5=CC=CC=C5)C(C6=CC=CC=C6)=C1C7=CC(CC8=C9C=CC=C8)=C9C=C7,"Chem.AsianJ.2014,9,2937每2945",590,522,,AIE,ESIPT,10.1002/asia.201402468
2260,FMPS,,C[Si]1(C2=CC=CC=C2)C(C3=CC=C(C(C=CC=C4)=C4C5)C5=C3)=C(C6=CC=CC=C6)C(C7=CC=CC=C7)=C1C8=CC(CC9=C%10C=CC=C9)=C%10C=C8,"Chem.AsianJ.2014,9,2937每2945",652,535,,AIE,ESIPT,10.1002/asia.201402468
2261,FrDMS,,C[Si]1(C)C(C2=C3C(C4=CC=C3)=C(C5=C4C=CC=C5)C=C2)=C(C6=CC=CC=C6)C(C7=CC=CC=C7)=C1C8=C(C=CC=C9C%10=C%11C=CC=C%10)C9=C%11C=C8,"Chem.AsianJ.2014,9,2937每2945",662,531,,AIE,ESIPT,10.1002/asia.201402468
2262,FrMPS,,C[Si]1(C2=CC=CC=C2)C(C3=C4C(C5=CC=C4)=C(C6=C5C=CC=C6)C=C3)=C(C7=CC=CC=C7)C(C8=CC=CC=C8)=C1C9=C(C=CC=C%10C%11=C%12C=CC=C%11)C%10=C%12C=C9,"Chem.AsianJ.2014,9,2937每2945",724,527,,AIE,ESIPT,10.1002/asia.201402468
2263,NpDMS,,C[Si]1(C)C(C2=CC3=C(C=CC=C3)C=C2)=C(C4=CC=CC=C4)C(C5=CC=CC=C5)=C1C6=CC(C=CC=C7)=C7C=C6,"Chem.AsianJ.2014,9,2937每2945",514,500,,AIE,ESIPT,10.1002/asia.201402468
2264,NpMPS,,C[Si]1(C2=CC=CC=C2)C(C3=CC4=C(C=CC=C4)C=C3)=C(C5=CC=CC=C5)C(C6=CC=CC=C6)=C1C7=CC(C=CC=C8)=C8C=C7,"Chem.AsianJ.2014,9,2937每2945",576,515,,AIE,ESIPT,10.1002/asia.201402468
2265,PyDMS,,C[Si]1(C)C(C2=C3C(C(C(C=C3)=CC=C4)=C4C=C5)=C5C=C2)=C(C6=CC=CC=C6)C(C7=CC=CC=C7)=C1C8=C(C=CC9=C%10C(C=C%11)=CC=C9)C%10=C%11C=C8,"Chem.AsianJ.2014,9,2937每2945",662,526,,AIE,ESIPT,10.1002/asia.201402468
2266,PyMPS,,C[Si]1(C2=CC=CC=C2)C(C3=C4C(C(C(C=C4)=CC=C5)=C5C=C6)=C6C=C3)=C(C7=CC=CC=C7)C(C8=CC=CC=C8)=C1C9=C(C=CC%10=C%11C(C=C%12)=CC=C%10)C%11=C%12C=C9,"Chem.AsianJ.2014,9,2937每2945",724,532,550,AIE,ESIPT,10.1002/asia.201402468
2267,AnDMS,,C[Si]1(C)C(C2=CC3=C(C=C(C=CC=C4)C4=C3)C=C2)=C(C5=CC=CC=C5)C(C6=CC=CC=C6)=C1C7=CC(C=C(C=CC=C8)C8=C9)=C9C=C7,"Chem.AsianJ.2014,9,2937每2945",614,533,,AIE,ESIPT,10.1002/asia.201402468
2268,AnMPS,,C[Si]1(C2=CC=CC=C2)C(C3=CC4=C(C=C(C=CC=C5)C5=C4)C=C3)=C(C6=CC=CC=C6)C(C7=CC=CC=C7)=C1C8=CC(C=C(C=CC=C9)C9=C%10)=C%10C=C8,"Chem.AsianJ.2014,9,2937每2945",676,559,,AIE,ESIPT,10.1002/asia.201402468
2273,bp2TPEth,,O=C(CCCCCN1C=C(C2=CC=C(/C(C3=CC=CC=C3)=C(C4=CC=CC=C4)/C5=CC=CC=C5)C=C2)N=N1)OC6=CC=C(C=C6)C7=CC=C(OC(CCCCCN8C=C(C9=CC=C(/C(C%10=CC=CC=C%10)=C(C%11=CC=CC=C%11)/C%12=CC=CC=C%12)C=C9)N=N8)=O)C=C7,"J.Mater.Chem.,2012,22,10472每10479",1177.46,,480,AIE,neutral aromatic,10.1039/c2jm30620d
2274,(MesB)2DMTPS,,CC1=CC(C)=CC(C)=C1B(C2=C(C)C=C(C)C=C2C)C3=CC=C(C4=C(C5=CC=CC=C5)C(C6=CC=CC=C6)=C(C7=CC=C(B(C8=C(C)C=C(C)C=C8C)C9=C(C)C=C(C)C=C9C)C=C7)[Si]4(C)C)C=C3,"Adv.Funct.Mater.2014,24,3621-3630",910,516,520,AIE,ESIPT,10.1002/adfm.201303867
2275,(MesB)2MPPS,,CC1=CC(C)=CC(C)=C1B(C2=C(C)C=C(C)C=C2C)C3=CC=C(C4=C(C5=CC=CC=C5)C(C6=CC=CC=C6)=C(C7=CC=C(B(C8=C(C)C=C(C)C=C8C)C9=C(C)C=C(C)C=C9C)C=C7)[Si]4(C)C%10=CC=CC=C%10)C=C3,"Adv.Funct.Mater.2014,24,3621-3630",973,524,530,AIE,ESIPT,10.1002/adfm.201303867
2277,(MesB)2HPS,,CC1=CC(C)=CC(C)=C1B(C2=C(C)C=C(C)C=C2C)C3=CC=C(C4=C(C5=CC=CC=C5)C(C6=CC=CC=C6)=C(C7=CC=C(B(C8=C(C)C=C(C)C=C8C)C9=C(C)C=C(C)C=C9C)C=C7)[Si]4(C%10=CC=CC=C%10)C%11=CC=CC=C%11)C=C3,"Adv.Funct.Mater.2014,24,3621-3630",1035,526,532,AIE,ESIPT,10.1002/adfm.201303867
2282,TPA3TPAN,,N#C/C(C(C=C1)=CC=C1C(C=C2)=CC=C2N(C3=CC=C(C4=CC=C(/C(C#N)=C(C5=CC=CC=C5)/C6=CC=CC=C6)C=C4)C=C3)C7=CC=C(C8=CC=C(/C(C#N)=C(C9=CC=CC=C9)/C%10=CC=CC=C%10)C=C8)C=C7)=C(C%11=CC=CC=C%11)/C%12=CC=CC=C%12,"Chem.Mater.,2012,24,1518-1528",1083.35,563,,AIE,ICT,10.1021/cm300416y
2285,DTPA4TPAN,,N#C/C(C(C=C1)=CC=C1C(C=C2)=CC=C2N(C3=CC=C(C(C=C4)=CC=C4N(C5=CC=C(C6=CC=C(/C(C#N)=C(C7=CC=CC=C7)/C8=CC=CC=C8)C=C6)C=C5)C9=CC=C(C%10=CC=C(/C(C#N)=C(C%11=CC=CC=C%11)/C%12=CC=CC=C%12)C=C%10)C=C9)C=C3)C%13=CC=C(C%14=CC=C(/C(C#N)=C(C%15=CC=CC=C%15)/C%16=CC=CC=C%16)C=C%14)C=C%13)=C(C%17=CC=CC=C%17)C%18=CC=CC=C%18,"Chem.Mater.,2012,24,1518-1528",1605.65,581,,AIE,ICT,10.1021/cm300416y
2293,TPEDMesB,,CC(C=C(C)C=C1C)=C1B(C2=C(C)C=C(C)C=C2C)C(C=C3)=CC=C3/C(C4=CC=CC=C4)=C(C5=CC=CC=C5)/C6=CC=CC=C6,"Chem.Commun.,2011,47,11216-11218",580.62,,489,AIE,neutral aromatic,10.1039/c1cc14122h
2298,3TPETPA,,C1(N(C2=CC=C(C3=CC=C(/C(C4=CC=CC=C4)=C(C5=CC=CC=C5)C6=CC=CC=C6)C=C3)C=C2)C7=CC=C(C8=CC=C(/C(C9=CC=CC=C9)=C(C%10=CC=CC=C%10)C%11=CC=CC=C%11)C=C8)C=C7)=CC=C(C%12=CC=C(/C(C%13=CC=CC=C%13)=C(C%14=CC=CC=C%14)C%15=CC=CC=C%15)C=C%12)C=C1,"Adv.Mater.2010,22(19),2159-2163",1236.62,484,484,AIE,neutral aromatic,10.1002/adma.200904056
2304,4TPEDTPA,,C1(N(C2=CC=C(C3=CC=C(/C(C4=CC=CC=C4)=C(C5=CC=CC=C5)C6=CC=CC=C6)C=C3)C=C2)C7=CC=C(C8=CC=C(/C(C9=CC=CC=C9)=C(C%10=CC=CC=C%10)C%11=CC=CC=C%11)C=C8)C=C7)=CC=C(C%12=CC=C(N(C%13=CC=C(C%14=CC=C(/C(C%15=CC=CC=C%15)=C(C%16=CC=CC=C%16)C%17=CC=CC=C%17)C=C%14)C=C%13)C%18=CC=C(C%19=CC=C(/C(C%20=CC=CC=C%20)=C(C%21=CC=CC=C%21)C%22=CC=CC=C%22)C=C%19)C=C%18)C=C%12)C=C1,"Adv.Mater.2010,22(19),2159-2163",1810.35,,486,AIE,neutral aromatic,10.1002/adma.200904056
2328,PITBT-TPE,,C1(/C(C2=CC=CC=C2)=C(C3=CC=C(C4=CC=C(C5=CC=C(C6N=C7C(C(C=CC=C8)=C8C9=C7C=CC=C9)=[N]6C%10=CC=CC=C%10)S5)C%11=NSN=C%114)C=C3)C%12=CC=CC=C%12)=CC=CC=C1,"Adv.Funct.Mater.2017,27,1701418",840.24,641,,AIE,ESIPT,10.1002/adfm.201701418
2332,CD-7,,O=C1OC2=CC=CC=C2C3=C1C(N4C5=C3CCCCN5CCC4)=O/O=C1OC2=CC=CC=C2C3=C1C(N4C5=C3CCCCN5CCC4)=O,"Angew.Chem.Int.Ed.2015,54,14492每14497",322.36,480,,AIE,other,10.1002/anie.201506782
2333,PPPO,,O=P1(C2=CC=CC=C2)C(C3=CC=CC=C3)=C(C4=CC=CC=C4)C(C5=CC=CC=C5)=C1C6=CC=CC=C6,"Chem.Eur.J.2015,21,4440-4449",480.55,532,,AIE,other,10.1002/chem.201405902
2334,TPPIO,,O=P1(C2=CC=CC=C2)C3=C(C=CC=C3)C(C4=CC=CC=C4)=C1C5=CC=CC=C5,"Chem.Eur.J.2015,21,4440-4449",378.41,478,,AIE,other,10.1002/chem.201405902
2335,TPPI,,C1(C2=CC=CC=C2)=C(C3=CC=CC=C3)C(C=CC=C4)=C4P1C5=CC=CC=C5,"Chem.Eur.J.2015,21,4440-4449",362.41,469,,AIE,other,10.1002/chem.201405902
2348,f-DBP-DBPE,,c1(c2ccccc2)c(C(C3=CC=C(C4=CC=CC=C4)C=C3)=c(C5=CC=C(C6=CC=CC=C6)C=C5)c7c(c8ccccc8)cccc7)cccc1,"J.Mater.Chem.C,2016,4,9316--9324",636.84,490,,AIE,other,10.1039/c6tc03767d
2349,f-DBP-DFLE,,c1(c2ccccc2)c(/C(C3=CC=C(C(C=CC=C4)=C4C5)C5=C3)=C(C6=CC(CC7=C8C=CC=C7)=C8C=C6)c9c(c%10ccccc%10)cccc9)cccc1,"J.Mater.Chem.C,2016,4,9316--9324",660.86,498,,AIE,other,10.1039/c6tc03767d
2350,DBP-DPy,,C1(C2=C(C(C3=C(C=CC4=CC=C5)C(C4=C5C=C6)=C6C=C3)C(C(C=C7)=C8C=CC9=CC=CC%10=C9C8=C7C=C%10)C%11=CC=CC=C%11C%12=CC=CC=C%12)C=CC=C2)=CC=CC=C1,"J.Mater.Chem.C,2016,4,9316--9324",734.94,502,,AIE,other,10.1039/c6tc03767d
2351,DBP-DTPA,,C1(C2=C(C(C3=CC=C(N(C4=CC=CC=C4)C5=CC=CC=C5)C=C3)C(C6=CC=CC=C6C7=CC=CC=C7)C8=CC=C(N(C9=CC=CC=C9)C%10=CC=CC=C%10)C=C8)C=CC=C2)=CC=CC=C1,"J.Mater.Chem.C,2016,4,9316--9324",821.08,479,,AIE,other,10.1039/c6tc03767d
2352,DBP-DTPA,,C1(C2=C(C(C3=CC=C(N(C4=CC=CC=C4)C5=CC=CC=C5)C=C3)C(C6=CC=CC=C6C7=CC=CC=C7)C8=CC=C(N(C9=CC=CC=C9)C%10=CC=CC=C%10)C=C8)C=CC=C2)=CC=CC=C1,"J. Mater. Chem. C, 2016, 4, 9316--9324",820,479,,AIE,other,10.1039/c6tc03767d
2359,But-Phc,,O=C(C=C1NCCCC)N(CC2=CC=CC=C2)C1=O,"J.Org.Chem.2017,82,1096-1104",258.32,486,,AIE,ESIPT,10.1021/acs.joc.6b02706
2376, HPB-T3-SM,,CSC(C=C1)=CC=C1C2=C(C3=CC=CS3)C(C4=CC=CS4)=C(C5=CC=C(SC)C=C5)C(C6=CC=CS6)=C2C7=CC=CS7,,644,,,AIE,other,
2383,TPA-BDTO,,O=S1(C(C(C=C1C2=CC=C(N(C3=CC=CC=C3)C4=CC=CC=C4)C=C2)=C(C5=C6C=C(C7=CC=C(N(C8=CC=CC=C8)C9=CC=CC=C9)C=C7)S5(=O)=O)OC(CC)CCCC)=C6OC(CC)CCCC)=O,"Adv.Funct.Mater.2018,1706945",969.27,660,640,AIE,ICT,10.1002/adfm.201706945
2385,CzP-BDTO,,CCC(COC1=C2C(C=C(S2(=O)=O)C3=CC=C(N4C5=C(C6=C4C=CC=C6)C=CC=C5)C=C3)=C(C7=C1C=C(C8=CC=C(N9C%10=C(C%11=C9C=CC=C%11)C=CC=C%10)C=C8)S7(=O)=O)OCC(CC)CCCC)CCCC,"Adv.Funct.Mater.2018,1706945",993,592,575,AIE,ICT,10.1002/adfm.201706945
2386,PCz-BDTO,,CCC(COC1=C2C(C=C(S2(=O)=O)C3=CC=C(N(C4=CC=CC=C4)C5=C6C=CC=C5)C6=C3)=C(C7=C1C=C(C8=CC=C(C(C=CC=C9)=C9N%10C%11=CC=CC=C%11)C%10=C8)S7(=O)=O)OCC(CC)CCCC)CCCC,"Adv.Funct.Mater.2018,1706945",993,602,,AIE,ICT,10.1002/adfm.201706945
2387,TCzP-BDTO,,CCC(COC1=C2C(C=C(S2(=O)=O)C3=CC=C(N4C5=C(C6=C4C=CC(C(C)(C)C)=C6)C=C(C=C5)C(C)(C)C)C=C3)=C(C7=C1C=C(C8=CC=C(N9C%10=C(C%11=C9C=CC(C(C)(C)C)=C%11)C=C(C=C%10)C(C)(C)C)C=C8)S7(=O)=O)OCC(CC)CCCC)CCCC,"Adv.Funct.Mater.2018,1706945",1217,606,,AIE,ICT,10.1002/adfm.201706945
2392,NTPE,,C(/C1=CC=CC=C1)(C2=CC=CC=C2)=C(C3=CC=CC=C3)/C4=CC(C=CC=C5)=C5C=C4,"Chem.Commun.,2013,49,2491-2493",382,487,,AIE,other,10.1039/c3cc00010a
2394,DNDPE,,C(/C1=CC=CC=C1)(C2=CC(C=CC=C3)=C3C=C2)=C(C4=CC=CC=C4)/C5=CC(C=CC=C6)=C6C=C5,"Chem.Commun.,2013,49,2491-2493",432,491,,AIE,other,10.1039/c3cc00010a
2395,TNPE,,C(/C1=CC=C(C=CC=C2)C2=C1)(C3=CC=CC=C3)=C(C4=CC=C(C=CC=C5)C5=C4)/C6=CC(C=CC=C7)=C7C=C6,"Chem.Commun.,2013,49,2491-2493",482,493,,AIE,other,10.1039/c3cc00010a
2396,TNE,,C(/C1=CC=C(C=CC=C2)C2=C1)(C3=CC(C=CC=C4)=C4C=C3)=C(C5=CC=C(C=CC=C6)C6=C5)/C7=CC(C=CC=C8)=C8C=C7,"Chem.Commun.,2013,49,2491-2493",532,494,,AIE,other,10.1039/c3cc00010a
2400,TPETPAN,,N#C/C(C(C=C1)=CC=C1C(C=C2)=CC=C2/C(C3=CC=CC=C3)=C(C4=CC=CC=C4)/C5=CC=CC=C5)=C(C6=CC=CC=C6)/C7=CC=CC=C7,"Adv.Mater.,2013,25,2837-2843",611.79,443,507,AIE,other,10.1002/adma.201205043
2401,TCzP-BDT,,CCC(CCCC)COC1=C2C(C=C(C(C=C3)=CC=C3N4C5=C(C=C(C(C)(C)C)C=C5)C6=C4C=CC(C(C)(C)C)=C6)S2)=C(OCC(CCCC)CC)C7=C1C=C(S7)C(C=C8)=CC=C8N9C%10=C(C=C(C(C)(C)C)C=C%10)C%11=C9C=CC(C(C)(C)C)=C%11,"Adv.Funct.Mater.2018,1706945",1153,480,,AIE,ICT,10.1002/adfm.201706945
2402,bMT-PIO,,O=P(C1=CC=CC=C1)(C2=C3C=CC=C2)C(C4=C(SC(C)=C4)C)=C3C5=C(SC(C)=C5)C,"JournalofPhotochemistryandPhotobiologyA:Chemistry,2018,355,274每282",446,449,,AIE,other,10.1016/j.jphotochem.2017.08.061
2403,aT-PIO,,O=P(C1=CC=CC=C1)(C2=C3C=CC=C2)C(C4=CC=CS4)=C3C5=CC=CS5,"JournalofPhotochemistryandPhotobiologyA:Chemistry,2018,355,274每282",390,521,,AIE,other,10.1016/j.jphotochem.2017.08.061
2404,bT-PIO,,O=P(C1=CC=CC=C1)(C2=C3C=CC=C2)C(C4=CSC=C4)=C3C5=CSC=C5,"JournalofPhotochemistryandPhotobiologyA:Chemistry,2018,355,274每282",390,468,,AIE,ESIPT,10.1016/j.jphotochem.2017.08.061
2405,aT-BTO,,O=S(C1=C2C=CC=C1)(C(C3=CC=CS3)=C2C4=CC=CS4)=O,"JournalofPhotochemistryandPhotobiologyA:Chemistry,2018,355,274每282",330,511,,AIE,other,10.1016/j.jphotochem.2017.08.061
2406,bT-BTO,,O=S(C1=C2C=CC=C1)(C(C3=CSC=C3)=C2C4=CSC=C4)=O,"JournalofPhotochemistryandPhotobiologyA:Chemistry,2018,355,274每282",330,476,,AIE,other,10.1016/j.jphotochem.2017.08.061
2407,bMT-BTO,,O=S(C1=C2C=CC=C1)(C(C3=C(C)SC(C)=C3)=C2C4=C(C)SC(C)=C4)=O,"JournalofPhotochemistryandPhotobiologyA:Chemistry,2018,355,274每282",386,453,,AIE,other,10.1016/j.jphotochem.2017.08.061
2408,HTPETPAN,,[H]/C(C1=CC=C(C2=CC=C(/C(C#N)=C(C3=CC=CC=C3)\C4=CC=CC=C4)C=C2)C=C1)=C(C5=CC=CC=C5)\C6=CC=CC=C6,"Adv. Mater. 2013, 25, 2837-2843",535.69,457,510,AIE,other,
2409,TPATPAN,,N#C/C(C(C=C1)=CC=C1C(C=C2)=CC=C2N(C3=CC=CC=C3)C4=CC=CC=C4)=C(C5=CC=CC=C5)/C6=CC=CC=C6,"Adv.Mater.,2013,25,2837-2843",524.67,478,553,AIE,ICT,10.1002/adma.201205043
2411,4TPAE,,C1(/C(C2=CC=C(N(C3=CC=CC=C3)C4=CC=CC=C4)C=C2)=C(C5=CC=C(N(C6=CC=CC=C6)C7=CC=CC=C7)C=C5)/C8=CC=C(N(C9=CC=CC=C9)C%10=CC=CC=C%10)C=C8)=CC=C(N(C%11=CC=CC=C%11)C%12=CC=CC=C%12)C=C1,"J.Mater.Chem.C,2015,3,4903",1001.29,501,380,AIE,other,10.1039/c5tc00633c
2412,pTPI,,C12=C(C=CC=C3)C3=C(N=C(C4=CC=C(/C(C5=CC=CC=C5)=C(C6=CC=CC=C6)C7=CC=CC=C7)C=C4)N8C9=CC=CC=C9)C8=C1C=CC=C2,"J.Mater.Chem.C,2019,7,6359-6368",624,493,483,AIE,other,10.1039/c9tc01453e
2413,mpCTPI,,N#CC1=CC=CC(N2C(C3=CC=C(/C(C4=CC=CC=C4)=C(C5=CC=CC=C5)C6=CC=CC=C6)C=C3)=NC7=C8C(C=CC=C8)=C9C(C=CC=C9)=C72)=C1,"J.Mater.Chem.C,2019,7,6359-6368",649,503,485,AIE,other,10.1039/c9tc01453e
2414,ppCTPI,,N#CC(C=C1)=CC=C1N2C(C3=CC=C(/C(C4=CC=CC=C4)=C(C5=CC=CC=C5)C6=CC=CC=C6)C=C3)=NC7=C8C(C=CC=C8)=C9C(C=CC=C9)=C72,"J.Mater.Chem.C,2019,7,6359-6368",649,501,475,AIE,other,10.1039/c9tc01453e
2415,TPESiPh3,,C1(/C(C2=CC=C([Si](C3=CC=CC=C3)(C4=CC=CC=C4)C5=CC=CC=C5)C=C2)=C(C6=CC=CC=C6)/C7=CC=CC=C7)=CC=CC=C1,"PureAppl.Chem.,Vol.82,No.4,pp.863每870",590,,,AIE,other,10.1351/PAC-CON-09-09-15
2416,(TPE)2SiPh2,,C1(/C(C2=CC=C([Si](C3=CC=CC=C3)(C4=CC=CC=C4)C5=CC=C(/C(C6=CC=CC=C6)=C(C7=CC=CC=C7)C8=CC=CC=C8)C=C5)C=C2)=C(C9=CC=CC=C9)/C%10=CC=CC=C%10)=CC=CC=C1,"PureAppl.Chem.,Vol.82,No.4,pp.863每870",845,,,AIE,ESIPT,10.1351/PAC-CON-09-09-15
2417,(TPE)3SiPh,,C1(/C(C2=CC=C([Si](C3=CC=CC=C3)(C4=CC=C(/C(C5=CC=CC=C5)=C(C6=CC=CC=C6)/C7=CC=CC=C7)C=C4)C8=CC=C(/C(C9=CC=CC=C9)=C(C%10=CC=CC=C%10)C%11=CC=CC=C%11)C=C8)C=C2)=C(C%12=CC=CC=C%12)/C%13=CC=CC=C%13)=CC=CC=C1,"PureAppl.Chem.,Vol.82,No.4,pp.863每870",1099,,,AIE,other,10.1351/PAC-CON-09-09-15
2418,mTPI,,C12=C(C=CC=C3)C3=C(N=C(C4=CC(/C(C5=CC=CC=C5)=C(C6=CC=CC=C6)/C7=CC=CC=C7)=CC=C4)N8C9=CC=CC=C9)C8=C1C=CC=C2,"J.Mater.Chem.C,2019,7,6359-6368",624,491,465,AIE,other,10.1039/c9tc01453e
2419,"3,4-BTPEMTPS",,C[Si]1(C2=CC=CC=C2)C(C3=CC=CC=C3)=C(C4=CC=C(/C(C5=CC=CC=C5)=C(C6=CC=CC=C6)/C7=CC=CC=C7)C=C4)C(C(C=C8)=CC=C8/C(C9=CC=CC=C9)=C(C%10=CC=CC=C%10)C%11=CC=CC=C%11)=C1C%12=CC=CC=C%12,"J.Phys.Chem.C2010,114,17,7963每7972",985,,532,AIE,other,10.1021/jp910728x
2420,TPE-TAC,,CC(C)(C)C1=CC2=C(C=C1)C(C3=CC=C(N4C(C=CC=C5)=C5C6=C4C=CC=C6)C=C3)=C7C(C=CC(C(C)(C)C)=C7)=C2C(C=C8)=CC=C8/C(C9=CC=CC=C9)=C(C%10=CC=CC=C%10)/C%11=CC=CC=C%11,"ACSAppl.Mater.Interfaces2019,11,19,17592每17601",862,453,445,AIE,other,10.1021/acsami.9b03177
2421,"2,5-BTPEMTPS",,C[Si]1(C2=CC=CC=C2)C(C3=CC=C(/C(C4=CC=CC=C4)=C(C5=CC=CC=C5)C6=CC=CC=C6)C=C3)=C(C7=CC=CC=C7)C(C8=CC=CC=C8)=C1C(C=C9)=CC=C9/C(C%10=CC=CC=C%10)=C(C%11=CC=CC=C%11)C%12=CC=CC=C%12,"J.Phys.Chem.C2010,114,17,7963每7972",985,,495,AIE,other,10.1021/jp910728x
2422,mmCTPI,,N#CC1=CC=CC(N2C(C3=CC(/C(C4=CC=CC=C4)=C(C5=CC=CC=C5)/C6=CC=CC=C6)=CC=C3)=NC7=C8C(C=CC=C8)=C9C(C=CC=C9)=C72)=C1,"J.Mater.Chem.C,2019,7,6359-6368",649,493,464,AIE,other,10.1039/c9tc01453e
2423,TPE-TADC,,CC(C)(C)C1=CC2=C(C=C1)C(C3=CC(N4C(C=CC=C5)=C5C6=C4C=CC=C6)=CC(N7C(C=CC=C8)=C8C9=C7C=CC=C9)=C3)=C%10C(C=CC(C(C)(C)C)=C%10)=C2C(C=C%11)=CC=C%11/C(C%12=CC=CC=C%12)=C(C%13=CC=CC=C%13)/C%14=CC=CC=C%14,"ACSAppl.Mater.Interfaces2019,11,19,17592每17601",1027,455,450,AIE,other,10.1021/acsami.9b03177
2424,TPE-FB,,CC1(C)C2=CC(C(C=C3)=CC=C3/C(C4=CC=CC=C4)=C(C5=CC=CC=C5)/C6=CC=CC=C6)=CC=C2C7=CC=C(B(C8=C(C)C=C(C)C=C8C)C9=C(C)C=C(C)C=C9C)C=C71,"NewJ.Chem.,2018,42,4089-4094",772,481,480,AIE,other,10.1039/c7nj04742h
2425,TPECa,,N1(C(C=CC=C2)=C2C3=C1C=CC=C3)C4=CC=C(C=C4)/C(C5=CC=CC=C5)=C(C6=CC=CC=C6)/C7=CC=CC=C7,"J.Mater.Chem.,2012,22,4527",497,,,AIE,ESIPT,10.1039/c2jm14914a
2426,TPECaP,,C1(N2C3=CC=C(C4=CC=C(/C(C5=CC=CC=C5)=C(C6=CC=CC=C6)C7=CC=CC=C7)C=C4)C=C3)=C(C8=C2C=CC=C8)C=CC=C1,"J.Mater.Chem.,2012,22,4527",573,,,AIE,other,10.1039/c2jm14914a
2427,BTPECaP,,C1(N2C3=CC=CC=C3)=C(C4=C2C=CC(C(C=C5)=CC=C5/C(C6=CC=CC=C6)=C(C7=CC=CC=C7)/C8=CC=CC=C8)=C4)C=C(C(C=C9)=CC=C9/C(C%10=CC=CC=C%10)=C(C%11=CC=CC=C%11)/C%12=CC=CC=C%12)C=C1,"J.Mater.Chem.,2012,22,4527",904,,,AIE,other,10.1039/c2jm14914a
2428,pmCTPI,,N#CC(C=C1)=CC=C1N2C(C3=CC(/C(C4=CC=CC=C4)=C(C5=CC=CC=C5)/C6=CC=CC=C6)=CC=C3)=NC7=C8C(C=CC=C8)=C9C(C=CC=C9)=C72,"J.Mater.Chem.C,2019,7,6359-6368",649,492,467,AIE,other,10.1039/c9tc01453e
2429,TTPECaP,,C1(N2C3=CC=C(C4=CC=C(/C(C5=CC=CC=C5)=C(C6=CC=CC=C6)C7=CC=CC=C7)C=C4)C=C3)=C(C8=C2C=CC(C(C=C9)=CC=C9/C(C%10=CC=CC=C%10)=C(C%11=CC=CC=C%11)/C%12=CC=CC=C%12)=C8)C=C(C(C=C%13)=CC=C%13/C(C%14=CC=CC=C%14)=C(C%15=CC=CC=C%15)/C%16=CC=CC=C%16)C=C1,"J.Mater.Chem.,2012,22,4527",1234,,485,AIE,ESIPT,10.1039/c2jm14914a
2430,Dt-BPITBT-TPE,,CC(C)(C)C1=CC(N2C(C3=CC=C(C4=CC=C(C5=CC=C(/C(C6=CC=CC=C6)=C(C7=CC=CC=C7)/C8=CC=CC=C8)C=C5)C9=NSN=C49)S3)=NC%10=C2C(C=CC=C%11)=C%11C%12=C%10C=CC=C%12)=CC(C(C)(C)C)=C1,"J.Mater.Chem.C,2018,6,5900-5907",953,641,596,AIE,TICT,10.1039/c8tc01612g
2431,TPPyE,,C1(C=CC=C2C=C3)=C2C(C3=C(/C(C4=CC=CC=C4)=C(C5=CC=CC=C5)C6=CC=CC=C6)C=C7)=C7C=C1,"J.Mater.Chem.,2011,21,7210",456,,,AIE,other,10.1039/c0jm04449k
2432,t-BPITBT-TPATPE,,CC(C)(C)C(C=C1)=CC=C1N2C(C3=CC=C(C4=CC=C(C5=CC=C(/C(C6=CC=CC=C6)=C(C7=CC=C(N(C8=CC=CC=C8)C9=CC=CC=C9)C=C7)/C%10=CC=C(N(C%11=CC=CC=C%11)C%12=CC=CC=C%12)C=C%10)C=C5)C%13=NSN=C4%13)S3)=NC%14=C2C(C=CC=C%15)=C%15C%16=C%14C=CC=C%16,"J.Mater.Chem.C,2018,6,5900-5907",1231,645,640,AIE,TICT,10.1039/c8tc01612g
2433,DPDPyE,,C12=C(C3=C(C=C2)C=C4)C(C=CC3=C4/C(C5=CC=CC=C5)=C(C6=CC=CC=C6)/C7=CC=C8C=CC9=CC=CC%10=C9C8=C7C=C%10)=CC=C1,"J.Mater.Chem.,2011,21,7210",580,,500,AIE,other,10.1039/c0jm04449k
2434,TPEPy,,C1(/C(C2=CC=CC=C2)=C(C3=CC=C(C4=CC=C5C6=C4C=CC7=C6C(C=C5)=CC=C7)C=C3)C8=CC=CC=C8)=CC=CC=C1,"Chem.Sci.,2011,2,672",532,,490,AIE,other,10.1039/c0sc00521e
