{
  "s0_rotational_constant_a": 0.0275623,
  "s0_rotational_constant_b": 0.0285594,
  "s0_rotational_constant_c": 0.1025094,
  "s1_rotational_constant_a": 0.0277149,
  "s1_rotational_constant_b": 0.0290565,
  "s1_rotational_constant_c": 0.1005059,
  "s0_rays_asymmetry_parameter": 0.9733918990861554,
  "s1_rays_asymmetry_parameter": 0.9631383000645685,
  "s0_volume": 915.76355,
  "s1_volume": 920.0792,
  "delta_volume": 4.315650000000005,
  "s0_homo_lumo_gap": 1.6806021328091485,
  "s1_homo_lumo_gap": 0.9182861646448512,
  "delta_gap": -0.7623159681642973,
  "s0_dihedral_avg": -6.098752052072658,
  "s1_dihedral_avg": 0.5218682133278304,
  "delta_dihedral": 6.620620265400489,
  "delta_dipole": null,
  "excitation_energy": "1.0587",
  "exciting_path_mean_volume": 917.6018416666666,
  "s0_bonds_avg": 1.2957169313244445,
  "s1_bonds_avg": 1.2991997391486665,
  "s0_angles_avg": 120.80305727307328,
  "s1_angles_avg": 120.29660967459914
}