{
  "s0_rotational_constant_a": 0.0223217,
  "s0_rotational_constant_b": 0.0265506,
  "s0_rotational_constant_c": 0.1017618,
  "s1_rotational_constant_a": 0.0223229,
  "s1_rotational_constant_b": 0.0265433,
  "s1_rotational_constant_c": 0.1028007,
  "s0_rays_asymmetry_parameter": 0.8935323596017628,
  "s1_rays_asymmetry_parameter": 0.8951164171982833,
  "s0_volume": 979.903,
  "s1_volume": 979.30401,
  "delta_volume": -0.5989900000000716,
  "s0_homo_lumo_gap": 1.5425968903947624,
  "s1_homo_lumo_gap": 1.3179914263572639,
  "delta_gap": -0.2246054640374986,
  "s0_dihedral_avg": 13.100751886252331,
  "s1_dihedral_avg": 14.556206240163416,
  "delta_dihedral": 1.455454353911085,
  "delta_dipole": null,
  "excitation_energy": "1.8510",
  "exciting_path_mean_volume": 979.520185,
  "s0_bonds_avg": 1.3039992727039174,
  "s1_bonds_avg": 1.3193074358903092,
  "s0_angles_avg": 119.20306289192278,
  "s1_angles_avg": 119.19731916686544
}