{
  "s0_rotational_constant_a": 0.0303686,
  "s0_rotational_constant_b": 0.04049,
  "s0_rotational_constant_c": 0.0431652,
  "s1_rotational_constant_a": 0.030478,
  "s1_rotational_constant_b": 0.0405298,
  "s1_rotational_constant_c": 0.0431715,
  "s0_rays_asymmetry_parameter": -0.581888939249488,
  "s1_rays_asymmetry_parameter": -0.5837712214913136,
  "s0_volume": 1093.47807,
  "s1_volume": 1090.79533,
  "delta_volume": -2.682739999999967,
  "s0_homo_lumo_gap": 2.0989880079211733,
  "s1_homo_lumo_gap": 1.586097004860342,
  "delta_gap": -0.5128910030608314,
  "s0_dihedral_avg": 91.95963403599433,
  "s1_dihedral_avg": 91.78107583169748,
  "delta_dihedral": -0.17855820429684854,
  "delta_dipole": {
    "element": [
      "C",
      "C",
      "N",
      "C",
      "C",
      "C",
      "C",
      "C",
      "C",
      "C",
      "Si",
      "C",
      "C",
      "C",
      "C",
      "C",
      "N",
      "C",
      "C",
      "C",
      "C",
      "C",
      "C",
      "C",
      "C",
      "C",
      "C",
      "C",
      "C",
      "C",
      "C",
      "C",
      "C",
      "C",
      "C",
      "C",
      "C",
      "C",
      "C",
      "C",
      "C",
      "C",
      "C",
      "C",
      "C",
      "C",
      "C",
      "C",
      "C",
      "C",
      "C",
      "C",
      "C",
      "H",
      "H",
      "H",
      "H",
      "H",
      "H",
      "H",
      "H",
      "H",
      "H",
      "H",
      "H",
      "H",
      "H",
      "H",
      "H",
      "H",
      "H",
      "H",
      "H",
      "H",
      "H",
      "H",
      "H",
      "H",
      "H",
      "H",
      "H",
      "H",
      "H",
      "H",
      "H",
      "H",
      "H",
      "H",
      "H",
      "H",
      "H",
      "H",
      "H",
      "H",
      "H",
      "H",
      "H",
      "H",
      "H",
      "H",
      "H",
      "H",
      "H",
      "H",
      "H"
    ],
    "charge_variation": [
      -5.4999999999999494e-05,
      0.00046599999999996644,
      0.00019599999999997397,
      -0.00010799999999999699,
      0.00010699999999999599,
      0.00020800000000004149,
      0.0003109999999999988,
      0.00027199999999999447,
      0.00027800000000000047,
      0.004088000000000008,
      -0.00619299999999999,
      0.004399,
      0.0003019999999999967,
      -0.0004090000000000066,
      0.0003119999999999998,
      2.000000000002e-06,
      -4.300000000001525e-05,
      0.0009419999999999984,
      0.0004619999999999902,
      -7.40000000000185e-05,
      0.0003670000000000062,
      0.0002360000000000001,
      0.0003049999999999997,
      -0.0036279999999999993,
      -0.0020690000000000014,
      6.699999999999762e-05,
      0.0009499999999999995,
      -0.0023220000000000046,
      0.0012519999999999996,
      -0.002256999999999995,
      0.005161000000000001,
      -0.005385000000000001,
      0.0031830000000000053,
      -0.002251999999999997,
      -0.0023960000000000023,
      -0.0020149999999999994,
      0.00235500000000001,
      0.005176,
      -0.005913000000000002,
      0.0027400000000000063,
      -0.0021550000000000007,
      -0.0022870000000000043,
      -0.0022439999999999995,
      0.0036310000000000092,
      -0.0017339999999999994,
      -0.002249000000000001,
      -0.00028800000000001047,
      0.0008370000000000009,
      -0.0031950000000000034,
      0.0017350000000000004,
      -0.00257700000000001,
      0.00037000000000000227,
      -0.00036900000000000127,
      0.0001549999999999989,
      -4.799999999999943e-05,
      -2.8000000000000247e-05,
      -0.00016799999999999975,
      -0.000196,
      -2.8000000000000247e-05,
      -0.0002660000000000006,
      -9.000000000002062e-06,
      5.999999999999062e-06,
      5.2999999999997494e-05,
      -0.00014400000000000003,
      -2.6999999999999247e-05,
      0.0001529999999999969,
      8.99999999999998e-05,
      3.0000000000002247e-05,
      -3.799999999999984e-05,
      1.4000000000000123e-05,
      -0.000183,
      -0.00017199999999999854,
      -0.0001010000000000004,
      -0.00017299999999999954,
      -9.000000000002062e-06,
      -0.000341000000000001,
      -0.00014000000000000123,
      -0.00012100000000000001,
      -0.0001239999999999991,
      -4.900000000000043e-05,
      -7.200000000000088e-05,
      0.00021000000000000185,
      0.00013300000000000117,
      -0.0005230000000000026,
      1.2000000000001593e-05,
      0.0006610000000000019,
      -0.00012200000000000058,
      0.0018600000000000005,
      0.0007789999999999984,
      -9.30000000000028e-05,
      0.0013839999999999998,
      0.0006260000000000016,
      0.0018409999999999989,
      0.001851000000000002,
      0.0005959999999999993,
      0.0014960000000000008,
      -9.10000000000008e-05,
      0.000843,
      -0.0004289999999999988,
      -0.00011699999999999905,
      0.0008550000000000016,
      -0.00020500000000000032,
      0.0018950000000000009,
      9.400000000000033e-05,
      -0.00012099999999999611
    ]
  },
  "excitation_energy": "2.4953",
  "exciting_path_mean_volume": 1091.767355,
  "s0_bonds_avg": 1.2798474692864867,
  "s1_bonds_avg": 1.2867973748934234,
  "s0_angles_avg": 116.11681743913063,
  "s1_angles_avg": 116.0999688989676,
  "delta_bonds": 0.006949905606936646,
  "delta_angles": -0.01684854016302495
}