{
  "s0_rotational_constant_a": 0.0390875,
  "s0_rotational_constant_b": 0.042177,
  "s0_rotational_constant_c": 0.1653295,
  "s1_rotational_constant_a": 0.039564,
  "s1_rotational_constant_b": 0.0422699,
  "s1_rotational_constant_c": 0.1628697,
  "s0_rays_asymmetry_parameter": 0.951054324234407,
  "s1_rays_asymmetry_parameter": 0.9561107069665069,
  "s0_volume": 753.26867,
  "s1_volume": 750.04159,
  "delta_volume": -3.227080000000001,
  "s0_homo_lumo_gap": 2.2603678270438863,
  "s1_homo_lumo_gap": 1.5039376806979958,
  "delta_gap": -0.7564301463458905,
  "s0_dihedral_avg": 2.941154285261659,
  "s1_dihedral_avg": -12.073220305646867,
  "delta_dihedral": -15.014374590908526,
  "delta_dipole": null,
  "excitation_energy": "2.1751",
  "exciting_path_mean_volume": 750.9433583333334,
  "s0_bonds_avg": 1.289230063538108,
  "s1_bonds_avg": 1.2910237590368923,
  "s0_angles_avg": 119.99711979502979,
  "s1_angles_avg": 119.99620783720589
}