{
  "charge": {
    "element": [
      "C",
      "O",
      "C",
      "C",
      "C",
      "C",
      "C",
      "N",
      "C",
      "C",
      "C",
      "C",
      "C",
      "C",
      "C",
      "N",
      "C",
      "C",
      "C",
      "C",
      "C",
      "C",
      "C",
      "C",
      "C",
      "N",
      "C",
      "C",
      "C",
      "C",
      "C",
      "H",
      "H",
      "H",
      "H",
      "H",
      "H",
      "H",
      "H",
      "H",
      "H",
      "H",
      "H",
      "H",
      "H",
      "H",
      "H",
      "H",
      "H",
      "H",
      "H",
      "H",
      "H",
      "H"
    ],
    "charge_variation": [
      -0.029946000000000028,
      0.10101700000000002,
      0.018934000000000006,
      -0.09063799999999998,
      0.005235999999999998,
      0.034375,
      -0.009009999999999962,
      0.025873000000000035,
      -0.013802000000000002,
      0.005146999999999992,
      0.0005850000000000022,
      0.007064999999999995,
      -0.0020479999999999943,
      -0.0008019999999999972,
      0.0021729999999999805,
      -0.0009979999999999434,
      0.0017730000000000246,
      -0.001477000000000006,
      0.003915000000000002,
      0.002268000000000006,
      0.026215,
      -0.063799,
      0.035071000000000005,
      -0.055421,
      -0.0032179999999999986,
      0.06371199999999999,
      -0.0026410000000000045,
      -0.0006700000000000039,
      -0.03236499999999998,
      0.011842,
      -0.010246999999999992,
      0.011141,
      0.016951,
      -0.003083999999999999,
      1.7999999999997185e-05,
      -0.005657000000000002,
      0.0035490000000000035,
      0.001471,
      0.0008110000000000027,
      0.0007089999999999978,
      0.0010040000000000049,
      0.0034159999999999954,
      -0.0016400000000000026,
      -0.034385,
      -0.0023200000000000026,
      -0.0035039999999999932,
      0.0037680000000000005,
      -0.004216,
      -0.0025580000000000012,
      -0.0007550000000000005,
      0.0036620000000000003,
      -0.0043890000000000005,
      -0.005599,
      -0.006506999999999999
    ]
  },
  "ground_state": {
    "HOMO-LUMO": 1.8357042862198583,
    "structure": {
      "bonds": 1.2648242898229822,
      "angles": 118.29000775457062,
      "DA": 92.0912402341338
    },
    "rotational_constant": {
      "A": 0.0386864,
      "B": 0.0410981,
      "C": 0.5333931
    },
    "rays_asymmetry_parameter": 0.9902499804429574,
    "volume": 589.15745
  },
  "excited_state": {
    "HOMO-LUMO": 0.6548282901019369,
    "structure": {
      "bonds": 1.2764875365791228,
      "angles": 118.39965832271832,
      "DA": 90.707136614331
    },
    "rotational_constant": {
      "A": 0.0401798,
      "B": 0.0406858,
      "C": 0.6475902
    },
    "rays_asymmetry_parameter": 0.9983339106475622,
    "excited_energy": "0.7539",
    "volume": 589.83727
  },
  "exciting_path_mean_volume": 589.7848049999999
}