{
  "s0_rotational_constant_a": 0.123612,
  "s0_rotational_constant_b": 0.2180473,
  "s0_rotational_constant_c": 0.2460483,
  "s1_rotational_constant_a": 0.1270559,
  "s1_rotational_constant_b": 0.2100575,
  "s1_rotational_constant_c": 0.2675708,
  "s0_rays_asymmetry_parameter": -0.5426029698708635,
  "s1_rays_asymmetry_parameter": -0.18139215129498737,
  "s0_volume": 461.64177,
  "s1_volume": 461.89364,
  "delta_volume": 0.2518699999999967,
  "s0_homo_lumo_gap": 2.2238011725844555,
  "s1_homo_lumo_gap": 1.6938812869810498,
  "delta_gap": -0.5299198856034057,
  "s0_dihedral_avg": 90.39003284955265,
  "s1_dihedral_avg": 90.535485724765,
  "delta_dihedral": 0.1454528752123423,
  "delta_dipole": {
    "element": [
      "C",
      "O",
      "C",
      "C",
      "C",
      "C",
      "C",
      "C",
      "C",
      "N",
      "C",
      "C",
      "C",
      "C",
      "C",
      "C",
      "C",
      "C",
      "C",
      "C",
      "C",
      "C",
      "C",
      "C",
      "H",
      "H",
      "H",
      "H",
      "H",
      "H",
      "H",
      "H",
      "H",
      "H",
      "H",
      "H",
      "H",
      "H",
      "H",
      "H",
      "H"
    ],
    "charge_variation": [
      -0.0049659999999999704,
      0.020571000000000006,
      0.004971000000000059,
      -0.01332999999999998,
      -0.000957000000000003,
      -0.021247000000000002,
      0.007926000000000002,
      -0.0004839999999999983,
      0.007986999999999966,
      -0.01433899999999999,
      0.0031940000000000024,
      0.004137999999999996,
      -0.0007650000000000001,
      0.0028719999999999996,
      -0.0019860000000000017,
      -0.010809,
      -0.002006000000000001,
      -0.006194999999999999,
      0.0006069999999999999,
      0.0008369999999999975,
      0.002419000000000001,
      0.003377999999999999,
      0.00012400000000000258,
      -0.022396,
      0.004603999999999999,
      0.0006839999999999997,
      0.003508999999999999,
      -0.0007430000000000006,
      -0.0022579999999999996,
      0.0031729999999999953,
      -0.0007669999999999969,
      -6.899999999999962e-05,
      -0.0012240000000000029,
      0.009409999999999998,
      0.015011999999999998,
      0.00017900000000000554,
      0.004011999999999998,
      1.2999999999999123e-05,
      0.005962999999999996,
      -0.0011700000000000044,
      0.00013200000000000017
    ]
  },
  "excitation_energy": "2.0757",
  "exciting_path_mean_volume": 461.69779166666666,
  "s0_bonds_avg": 1.2767657765934886,
  "s1_bonds_avg": 1.275273005195814,
  "s0_angles_avg": 119.86293083251684,
  "s1_angles_avg": 119.8323112938771,
  "delta_bonds": -0.0014927713976744528,
  "delta_angles": -0.03061953863974054
}