{
  "s0_rotational_constant_a": 0.0105921,
  "s0_rotational_constant_b": 0.0119204,
  "s0_rotational_constant_c": 0.0374792,
  "s1_rotational_constant_a": 0.0105024,
  "s1_rotational_constant_b": 0.011936,
  "s1_rotational_constant_c": 0.0373835,
  "s0_rays_asymmetry_parameter": 0.9011942530060885,
  "s1_rays_asymmetry_parameter": 0.8933376982340753,
  "s0_volume": 1502.20474,
  "s1_volume": 1502.07406,
  "delta_volume": -0.13067999999998392,
  "s0_homo_lumo_gap": 1.8640177286703992,
  "s1_homo_lumo_gap": 1.5504528162337543,
  "delta_gap": -0.31356491243664486,
  "s0_dihedral_avg": 91.1501734458558,
  "s1_dihedral_avg": 91.04765633731026,
  "delta_dihedral": -0.10251710854554119,
  "delta_dipole": {
    "element": [
      "C",
      "C",
      "C",
      "C",
      "C",
      "C",
      "C",
      "C",
      "C",
      "C",
      "C",
      "C",
      "N",
      "C",
      "C",
      "C",
      "C",
      "C",
      "C",
      "C",
      "C",
      "C",
      "C",
      "C",
      "C",
      "C",
      "C",
      "N",
      "C",
      "C",
      "C",
      "C",
      "C",
      "C",
      "C",
      "C",
      "C",
      "C",
      "C",
      "C",
      "C",
      "C",
      "C",
      "C",
      "C",
      "C",
      "C",
      "C",
      "C",
      "C",
      "C",
      "C",
      "C",
      "C",
      "C",
      "C",
      "C",
      "C",
      "C",
      "C",
      "C",
      "C",
      "C",
      "C",
      "C",
      "C",
      "C",
      "C",
      "C",
      "C",
      "C",
      "C",
      "C",
      "C",
      "C",
      "C",
      "C",
      "C",
      "C",
      "C",
      "H",
      "H",
      "H",
      "H",
      "H",
      "H",
      "H",
      "H",
      "H",
      "H",
      "H",
      "H",
      "H",
      "H",
      "H",
      "H",
      "H",
      "H",
      "H",
      "H",
      "H",
      "H",
      "H",
      "H",
      "H",
      "H",
      "H",
      "H",
      "H",
      "H",
      "H",
      "H",
      "H",
      "H",
      "H",
      "H",
      "H",
      "H",
      "H",
      "H",
      "H",
      "H",
      "H",
      "H",
      "H",
      "H",
      "H",
      "H",
      "H",
      "H",
      "H",
      "H",
      "H",
      "H",
      "H",
      "H",
      "H",
      "H",
      "H",
      "H",
      "H",
      "H"
    ],
    "charge_variation": [
      0.001001999999999989,
      -0.0010479999999999934,
      0.000682000000000002,
      0.0006459999999999938,
      0.0036759999999999987,
      -0.0003569999999999962,
      -0.0066930000000000045,
      0.006051999999999995,
      -0.010421999999999997,
      0.0010700000000000015,
      0.006869999999999987,
      0.0005850000000000022,
      -0.0010960000000000414,
      0.00024200000000001998,
      0.000124000000000013,
      0.0006539999999999983,
      0.0009709999999999996,
      4.500000000000337e-05,
      0.0005180000000000046,
      0.0016030000000000003,
      -9.399999999999686e-05,
      0.0020669999999999994,
      -0.0006509999999999988,
      0.0009619999999999906,
      -0.002018999999999993,
      0.001820000000000016,
      -0.012380000000000002,
      0.03365399999999996,
      -0.0018960000000000088,
      -0.013571,
      0.005742999999999998,
      -0.011876999999999999,
      0.0033420000000000047,
      -0.004496,
      -0.008663000000000004,
      0.005301,
      -0.016478999999999994,
      0.007944999999999997,
      -0.01675399999999999,
      0.0022919999999999607,
      0.006001000000000006,
      0.006281000000000002,
      -0.005737999999999993,
      0.004092999999999999,
      -0.0013050000000000006,
      3.400000000000625e-05,
      0.0005649999999999961,
      0.0012159999999999949,
      -0.0027720000000000106,
      -0.002373,
      0.0035579999999999987,
      -0.003588000000000001,
      -0.0006569999999999909,
      0.0006260000000000016,
      0.00018999999999999573,
      -9.500000000001174e-05,
      0.00033400000000000096,
      0.00031000000000000125,
      1.1999999999998123e-05,
      -0.00026899999999999147,
      0.00037399999999999933,
      0.00014200000000000323,
      0.0002599999999999998,
      -1.000000000001e-06,
      -0.000797000000000006,
      0.0008900000000000019,
      -0.00012099999999999958,
      -9.299999999999586e-05,
      -0.0001910000000000002,
      0.00020399999999999585,
      0.0003009999999999957,
      -0.00032199999999998896,
      0.00018900000000000167,
      0.00014000000000000123,
      0.00034,
      -0.0002329999999999971,
      0.0003099999999999978,
      0.000791,
      0.005047999999999997,
      -0.0036439999999999945,
      -0.00020799999999999985,
      -0.00023899999999999963,
      -0.00032400000000000137,
      -8.599999999999927e-05,
      -0.0001449999999999993,
      -9.99999999999994e-05,
      -9.499999999999786e-05,
      -0.00010800000000000046,
      -9.800000000000086e-05,
      0.0009569999999999995,
      0.002232999999999999,
      -0.0010620000000000004,
      0.00021200000000000385,
      0.0003479999999999976,
      0.0002679999999999974,
      0.00014999999999999736,
      0.0003059999999999938,
      6.300000000000056e-05,
      0.0007750000000000014,
      0.000900999999999999,
      0.0012669999999999973,
      -0.0007990000000000011,
      -7.199999999999915e-05,
      0.00029799999999999965,
      0.000677999999999998,
      0.0004580000000000001,
      0.0006999999999999992,
      -0.00015200000000000283,
      -0.0012870000000000034,
      -0.0001229999999999981,
      0.0013750000000000012,
      -9.30000000000028e-05,
      0.00013200000000000017,
      9.900000000000186e-05,
      1.9000000000001654e-05,
      -0.00010599999999999846,
      -0.0002720000000000014,
      0.00010000000000000113,
      -0.0002909999999999996,
      -0.0002129999999999979,
      0.0010820000000000066,
      0.001467000000000003,
      0.00045399999999999954,
      0.00011699999999999905,
      -8.89999999999988e-05,
      -2.9999999999998778e-05,
      0.00010800000000000046,
      -7.799999999999821e-05,
      7.000000000000062e-06,
      -0.00013099999999999917,
      -3.599999999999784e-05,
      0.00012099999999999958,
      4.000000000000531e-06,
      0.0002020000000000008,
      -1.0999999999997123e-05,
      -6.399999999999809e-05,
      4.200000000000037e-05,
      2.3000000000002185e-05,
      -0.00016599999999999948,
      0.0001429999999999973,
      9.89999999999984e-05,
      0.0018880000000000008
    ]
  },
  "excitation_energy": "1.8672",
  "exciting_path_mean_volume": 1501.970395,
  "s0_bonds_avg": 1.2864861649923873,
  "s1_bonds_avg": 1.2899520694996776,
  "delta_bonds": 0.0034659045072902295,
  "s0_angles_avg": 118.08100004589738,
  "s1_angles_avg": 118.07670286243389,
  "delta_angles": -0.004297183463492615
}