{
  "s0_rotational_constant_a": 0.0339421,
  "s0_rotational_constant_b": 0.0366311,
  "s0_rotational_constant_c": 0.2572286,
  "s1_rotational_constant_a": 0.0325981,
  "s1_rotational_constant_b": 0.0357319,
  "s1_rotational_constant_c": 0.2806523,
  "s0_rays_asymmetry_parameter": 0.9759143521887799,
  "s1_rays_asymmetry_parameter": 0.9747329414297359,
  "s0_volume": 638.62194,
  "s1_volume": 638.95139,
  "delta_volume": 0.3294499999999516,
  "s0_homo_lumo_gap": 1.6424245645649282,
  "s1_homo_lumo_gap": 0.768465740383252,
  "delta_gap": -0.8739588241816763,
  "s0_dihedral_avg": 90.05248908849624,
  "s1_dihedral_avg": 90.05824128320259,
  "delta_dihedral": 0.0057521947063463585,
  "delta_dipole": {
    "element": [
      "O",
      "C",
      "C",
      "C",
      "C",
      "C",
      "N",
      "C",
      "C",
      "C",
      "C",
      "C",
      "C",
      "S",
      "C",
      "C",
      "C",
      "C",
      "C",
      "C",
      "C",
      "C",
      "C",
      "C",
      "C",
      "C",
      "S",
      "C",
      "C",
      "C",
      "C",
      "C",
      "C",
      "C",
      "C",
      "H",
      "H",
      "H",
      "H",
      "H",
      "H",
      "H",
      "H",
      "H",
      "H",
      "H",
      "H",
      "H",
      "H",
      "H",
      "H",
      "H",
      "H",
      "H"
    ],
    "charge_variation": [
      -0.03103900000000004,
      -0.006816000000000044,
      0.012268000000000001,
      -0.0046650000000000025,
      0.00315,
      -0.030798999999999965,
      0.06517399999999995,
      -0.008679999999999966,
      0.0008900000000000019,
      0.003183,
      -0.007216,
      0.0017040000000000041,
      -0.010230000000000003,
      -0.021275000000000016,
      -0.007391000000000002,
      0.0011440000000000061,
      -0.006947999999999996,
      -0.0010950000000000005,
      -0.0018990000000000118,
      -0.007695000000000007,
      0.005256000000000011,
      -0.013199,
      -0.0020479999999999943,
      0.00869799999999999,
      -0.0006959999999999952,
      0.003134999999999999,
      0.027852000000000002,
      -0.006163000000000002,
      0.0016620000000000038,
      0.003127999999999999,
      0.004825000000000003,
      0.0015219999999999956,
      0.0006449999999999997,
      -0.005214,
      0.019618,
      -0.0023889999999999988,
      -0.001797,
      0.0031240000000000018,
      0.00047799999999999926,
      -5.000000000000143e-05,
      0.00027599999999999847,
      0.000567000000000005,
      -0.0001789999999999986,
      -0.0011259999999999985,
      -0.000905000000000003,
      -0.0013309999999999989,
      -0.006085,
      0.005016,
      0.001683999999999998,
      0.0006900000000000031,
      0.001342000000000003,
      0.001579999999999998,
      0.0014250000000000027,
      0.006895999999999999
    ]
  },
  "excitation_energy": "0.8837",
  "exciting_path_mean_volume": 638.6421166666668,
  "s0_bonds_avg": 1.3257198854845,
  "s1_bonds_avg": 1.3275249082315,
  "delta_bonds": 0.0018050227469998958,
  "s0_angles_avg": 119.5475328703921,
  "s1_angles_avg": 119.51323140728972,
  "delta_angles": -0.03430146310238058
}