{
  "charge": {
    "element": [
      "O",
      "C",
      "C",
      "C",
      "C",
      "C",
      "N",
      "C",
      "C",
      "C",
      "C",
      "C",
      "C",
      "S",
      "C",
      "C",
      "C",
      "C",
      "C",
      "C",
      "C",
      "C",
      "C",
      "C",
      "C",
      "C",
      "S",
      "C",
      "C",
      "C",
      "C",
      "C",
      "C",
      "C",
      "C",
      "H",
      "H",
      "H",
      "H",
      "H",
      "H",
      "H",
      "H",
      "H",
      "H",
      "H",
      "H",
      "H",
      "H",
      "H",
      "H",
      "H",
      "H",
      "H"
    ],
    "charge_variation": [
      -0.03103900000000004,
      -0.006816000000000044,
      0.012268000000000001,
      -0.0046650000000000025,
      0.00315,
      -0.030798999999999965,
      0.06517399999999995,
      -0.008679999999999966,
      0.0008900000000000019,
      0.003183,
      -0.007216,
      0.0017040000000000041,
      -0.010230000000000003,
      -0.021275000000000016,
      -0.007391000000000002,
      0.0011440000000000061,
      -0.006947999999999996,
      -0.0010950000000000005,
      -0.0018990000000000118,
      -0.007695000000000007,
      0.005256000000000011,
      -0.013199,
      -0.0020479999999999943,
      0.00869799999999999,
      -0.0006959999999999952,
      0.003134999999999999,
      0.027852000000000002,
      -0.006163000000000002,
      0.0016620000000000038,
      0.003127999999999999,
      0.004825000000000003,
      0.0015219999999999956,
      0.0006449999999999997,
      -0.005214,
      0.019618,
      -0.0023889999999999988,
      -0.001797,
      0.0031240000000000018,
      0.00047799999999999926,
      -5.000000000000143e-05,
      0.00027599999999999847,
      0.000567000000000005,
      -0.0001789999999999986,
      -0.0011259999999999985,
      -0.000905000000000003,
      -0.0013309999999999989,
      -0.006085,
      0.005016,
      0.001683999999999998,
      0.0006900000000000031,
      0.001342000000000003,
      0.001579999999999998,
      0.0014250000000000027,
      0.006895999999999999
    ]
  },
  "ground_state": {
    "HOMO-LUMO": 1.6424245645649282,
    "charge": {
      "element": [
        "O",
        "C",
        "C",
        "C",
        "C",
        "C",
        "N",
        "C",
        "C",
        "C",
        "C",
        "C",
        "C",
        "S",
        "C",
        "C",
        "C",
        "C",
        "C",
        "C",
        "C",
        "C",
        "C",
        "C",
        "C",
        "C",
        "S",
        "C",
        "C",
        "C",
        "C",
        "C",
        "C",
        "C",
        "C",
        "H",
        "H",
        "H",
        "H",
        "H",
        "H",
        "H",
        "H",
        "H",
        "H",
        "H",
        "H",
        "H",
        "H",
        "H",
        "H",
        "H",
        "H",
        "H"
      ],
      "charge": [
        -0.729947,
        0.712142,
        -0.050803,
        -0.042447,
        -0.116452,
        0.416884,
        -0.55182,
        0.368274,
        -0.179456,
        -0.010383,
        -0.076424,
        -0.046225,
        0.039315,
        -0.192373,
        0.040307,
        -0.04608,
        -0.076778,
        -0.012418,
        -0.182754,
        0.369976,
        -0.118233,
        0.011985,
        -0.040252,
        -0.065685,
        -0.060921,
        0.111988,
        -0.139125,
        0.105405,
        -0.061982,
        -0.026747,
        -0.035928,
        -0.046138,
        0.018962,
        0.0154,
        -0.027688,
        0.031673,
        0.043265,
        0.042383,
        0.03154,
        0.035045,
        0.037841,
        0.037971,
        0.035029,
        0.030381,
        0.03977,
        0.043184,
        0.05044,
        0.029875,
        0.040993,
        0.039104,
        0.032456,
        0.033775,
        0.038728,
        0.052968
      ]
    },
    "structure": {
      "bonds": 1.3257198854845,
      "angles": 119.5475328703921,
      "DA": 90.05248908849624
    },
    "rotational_constant": {
      "A": 0.0339421,
      "B": 0.0366311,
      "C": 0.2572286
    },
    "rays_asymmetry_parameter": 0.9759143521887799,
    "volume": 638.62194
  },
  "excited_state": {
    "HOMO-LUMO": 0.768465740383252,
    "charge": {
      "element": [
        "O",
        "C",
        "C",
        "C",
        "C",
        "C",
        "N",
        "C",
        "C",
        "C",
        "C",
        "C",
        "C",
        "S",
        "C",
        "C",
        "C",
        "C",
        "C",
        "C",
        "C",
        "C",
        "C",
        "C",
        "C",
        "C",
        "S",
        "C",
        "C",
        "C",
        "C",
        "C",
        "C",
        "C",
        "C",
        "H",
        "H",
        "H",
        "H",
        "H",
        "H",
        "H",
        "H",
        "H",
        "H",
        "H",
        "H",
        "H",
        "H",
        "H",
        "H",
        "H",
        "H",
        "H"
      ],
      "charge": [
        -0.760986,
        0.705326,
        -0.038535,
        -0.047112,
        -0.113302,
        0.386085,
        -0.486646,
        0.359594,
        -0.178566,
        -0.0072,
        -0.08364,
        -0.044521,
        0.029085,
        -0.213648,
        0.032916,
        -0.044936,
        -0.083726,
        -0.013513,
        -0.184653,
        0.362281,
        -0.112977,
        -0.001214,
        -0.0423,
        -0.056987,
        -0.061617,
        0.115123,
        -0.111273,
        0.099242,
        -0.06032,
        -0.023619,
        -0.031103,
        -0.044616,
        0.019607,
        0.010186,
        -0.00807,
        0.029284,
        0.041468,
        0.045507,
        0.032018,
        0.034995,
        0.038117,
        0.038538,
        0.03485,
        0.029255,
        0.038865,
        0.041853,
        0.044355,
        0.034891,
        0.042677,
        0.039794,
        0.033798,
        0.035355,
        0.040153,
        0.059864
      ]
    },
    "structure": {
      "bonds": 1.3275249082315,
      "angles": 119.51323140728972,
      "DA": 90.05824128320259
    },
    "rotational_constant": {
      "A": 0.0325981,
      "B": 0.0357319,
      "C": 0.2806523
    },
    "rays_asymmetry_parameter": 0.9747329414297359,
    "excited_energy": "0.8837",
    "volume": 638.95139
  },
  "exciting_path_mean_volume": 638.6421166666668
}