{
  "charge": {
    "element": [
      "C",
      "S",
      "C",
      "C",
      "C",
      "C",
      "C",
      "C",
      "C",
      "C",
      "C",
      "C",
      "C",
      "C",
      "S",
      "C",
      "C",
      "C",
      "C",
      "C",
      "C",
      "C",
      "C",
      "C",
      "C",
      "C",
      "C",
      "S",
      "C",
      "C",
      "C",
      "C",
      "C",
      "H",
      "H",
      "H",
      "H",
      "H",
      "H",
      "H",
      "H",
      "H",
      "H",
      "H",
      "H",
      "H",
      "H",
      "H",
      "H",
      "H",
      "H",
      "H",
      "H",
      "H",
      "H",
      "H",
      "H"
    ],
    "charge_variation": [
      0.041994000000000004,
      -0.26907,
      0.092655,
      0.021474,
      -0.00913,
      0.014170000000000002,
      -0.0031620000000000016,
      0.0023859999999999992,
      -6.500000000000256e-05,
      0.0023899999999999998,
      0.0012819999999999984,
      0.005071000000000006,
      -0.005201000000000001,
      0.004353999999999997,
      -0.001986999999999999,
      -0.007450999999999992,
      0.009777000000000001,
      -0.008574000000000005,
      -0.0001290000000000041,
      -0.006420000000000002,
      -0.0002730000000000024,
      -0.005877,
      0.01185,
      -0.037678,
      0.01761100000000001,
      -0.064428,
      0.034076999999999996,
      0.06955899999999998,
      0.011303,
      -0.039441,
      0.017672999999999994,
      -0.010409000000000002,
      0.018965,
      0.02817,
      0.026492999999999996,
      0.027699,
      0.004313000000000004,
      -0.0015259999999999996,
      -0.00033199999999999896,
      -0.0001020000000000014,
      0.000730999999999999,
      0.0003370000000000005,
      -0.0017450000000000035,
      0.0027420000000000014,
      0.0004860000000000038,
      -0.0007780000000000009,
      -0.0001789999999999986,
      0.0022819999999999993,
      0.001126000000000002,
      0.0004080000000000056,
      0.0009230000000000002,
      0.001976000000000002,
      -0.0035429999999999975,
      0.0001999999999999988,
      0.0011950000000000016,
      -0.0010550000000000004,
      0.0028800000000000006
    ]
  },
  "ground_state": {
    "HOMO-LUMO": 2.8892527860239148,
    "charge": {
      "element": [
        "C",
        "S",
        "C",
        "C",
        "C",
        "C",
        "C",
        "C",
        "C",
        "C",
        "C",
        "C",
        "C",
        "C",
        "S",
        "C",
        "C",
        "C",
        "C",
        "C",
        "C",
        "C",
        "C",
        "C",
        "C",
        "C",
        "C",
        "S",
        "C",
        "C",
        "C",
        "C",
        "C",
        "H",
        "H",
        "H",
        "H",
        "H",
        "H",
        "H",
        "H",
        "H",
        "H",
        "H",
        "H",
        "H",
        "H",
        "H",
        "H",
        "H",
        "H",
        "H",
        "H",
        "H",
        "H",
        "H",
        "H"
      ],
      "charge": [
        0.009636,
        -0.267673,
        0.117828,
        -0.020692,
        -0.071824,
        0.083661,
        0.022487,
        -0.054988,
        -0.033468,
        -0.022642,
        -0.062282,
        0.046955,
        0.013873,
        -0.055978,
        -0.014363,
        -0.055958,
        0.013866,
        0.046954,
        -0.062283,
        -0.022642,
        -0.033468,
        -0.054988,
        0.022486,
        0.083664,
        -0.071831,
        -0.020665,
        0.117791,
        -0.267717,
        0.009766,
        -0.020088,
        -0.072195,
        -0.072196,
        -0.02008,
        0.023438,
        0.039415,
        0.023783,
        0.037209,
        0.033655,
        0.031999,
        0.029623,
        0.029635,
        0.031031,
        0.042972,
        0.04297,
        0.031031,
        0.029635,
        0.029623,
        0.031998,
        0.033656,
        0.037214,
        0.023755,
        0.023415,
        0.039403,
        0.037382,
        0.034414,
        0.034415,
        0.037387
      ]
    },
    "structure": {
      "bonds": 1.3193127795316395,
      "angles": 118.08356316391274,
      "DA": 90.54916630490625
    },
    "rotational_constant": {
      "A": 0.0494087,
      "B": 0.0544071,
      "C": 0.1814318
    },
    "rays_asymmetry_parameter": 0.9242799176810724,
    "volume": 675.90603
  },
  "excited_state": {
    "HOMO-LUMO": 0.47517058602580686,
    "charge": {
      "element": [
        "C",
        "S",
        "C",
        "C",
        "C",
        "C",
        "C",
        "C",
        "C",
        "C",
        "C",
        "C",
        "C",
        "C",
        "S",
        "C",
        "C",
        "C",
        "C",
        "C",
        "C",
        "C",
        "C",
        "C",
        "C",
        "C",
        "C",
        "S",
        "C",
        "C",
        "C",
        "C",
        "C",
        "H",
        "H",
        "H",
        "H",
        "H",
        "H",
        "H",
        "H",
        "H",
        "H",
        "H",
        "H",
        "H",
        "H",
        "H",
        "H",
        "H",
        "H",
        "H",
        "H",
        "H",
        "H",
        "H",
        "H"
      ],
      "charge": [
        0.05163,
        -0.536743,
        0.210483,
        0.000782,
        -0.080954,
        0.097831,
        0.019325,
        -0.052602,
        -0.033533,
        -0.020252,
        -0.061,
        0.052026,
        0.008672,
        -0.051624,
        -0.01635,
        -0.063409,
        0.023643,
        0.03838,
        -0.062412,
        -0.029062,
        -0.033741,
        -0.060865,
        0.034336,
        0.045986,
        -0.05422,
        -0.085093,
        0.151868,
        -0.198158,
        0.021069,
        -0.059529,
        -0.054522,
        -0.082605,
        -0.001115,
        0.051608,
        0.065908,
        0.051482,
        0.041522,
        0.032129,
        0.031667,
        0.029521,
        0.030366,
        0.031368,
        0.041227,
        0.045712,
        0.031517,
        0.028857,
        0.029444,
        0.03428,
        0.034782,
        0.037622,
        0.024678,
        0.025391,
        0.03586,
        0.037582,
        0.035609,
        0.03336,
        0.040267
      ]
    },
    "structure": {
      "bonds": 1.3354240504234423,
      "angles": 118.32258495117438,
      "DA": 90.52369044236333
    },
    "rotational_constant": {
      "A": 0.0490195,
      "B": 0.0543012,
      "C": 0.166052
    },
    "rays_asymmetry_parameter": 0.909739602247239,
    "excited_energy": "0.5473",
    "volume": 680.08385
  },
  "exciting_path_mean_volume": 676.3325466666666
}