{
  "s0_rotational_constant_a": 0.045858,
  "s0_rotational_constant_b": 0.0628456,
  "s0_rotational_constant_c": 0.141276,
  "s1_rotational_constant_a": 0.0466881,
  "s1_rotational_constant_b": 0.0624909,
  "s1_rotational_constant_c": 0.1375082,
  "s0_rays_asymmetry_parameter": 0.6439330105430843,
  "s1_rays_asymmetry_parameter": 0.651997740588262,
  "s0_volume": 667.8664,
  "s1_volume": 667.55045,
  "delta_volume": -0.3159500000000435,
  "s0_homo_lumo_gap": 1.7938803928546654,
  "s1_homo_lumo_gap": 1.1653355761433848,
  "delta_gap": -0.6285448167112806,
  "s0_dihedral_avg": 90.40142601544265,
  "s1_dihedral_avg": 90.42107028270429,
  "delta_dihedral": 0.019644267261639925,
  "delta_dipole": {
    "element": [
      "C",
      "O",
      "C",
      "C",
      "C",
      "C",
      "C",
      "C",
      "C",
      "C",
      "C",
      "O",
      "C",
      "C",
      "C",
      "C",
      "C",
      "C",
      "C",
      "C",
      "C",
      "C",
      "C",
      "C",
      "C",
      "C",
      "C",
      "C",
      "C",
      "C",
      "C",
      "N",
      "C",
      "C",
      "C",
      "C",
      "H",
      "H",
      "H",
      "H",
      "H",
      "H",
      "H",
      "H",
      "H",
      "H",
      "H",
      "H",
      "H",
      "H",
      "H",
      "H",
      "H",
      "H",
      "H",
      "H",
      "H",
      "H",
      "H",
      "H",
      "H"
    ],
    "charge_variation": [
      0.0018519999999999648,
      0.0008380000000000054,
      0.002897999999999956,
      8.700000000000374e-05,
      0.012832,
      -0.014280000000000001,
      -0.005085000000000006,
      -0.005409999999999998,
      -0.005508000000000006,
      -0.0033380000000000076,
      0.005166999999999922,
      0.005769999999999997,
      -0.0029980000000000007,
      -0.007192000000000004,
      0.010966000000000004,
      -0.013792000000000006,
      0.014685000000000002,
      0.010106,
      -0.003035999999999997,
      0.0011970000000000036,
      -0.0008219999999999998,
      0.0018359999999999974,
      0.0009780000000000032,
      0.0012879999999999975,
      -0.004052,
      -0.002933999999999992,
      0.00028299999999999853,
      -0.0016229999999999994,
      1.2000000000012001e-05,
      -0.002815999999999985,
      -0.0008139999999999814,
      -0.0044359999999999955,
      -0.0009259999999999824,
      -0.0029800000000000104,
      0.0018449999999999994,
      -0.002478000000000001,
      0.00043900000000000015,
      0.00016599999999999997,
      0.0006189999999999998,
      -2.1000000000000185e-05,
      -0.0017070000000000002,
      0.0006579999999999989,
      0.00024500000000000216,
      0.000789999999999999,
      0.0008490000000000008,
      0.000603,
      0.0009740000000000026,
      -0.0025620000000000018,
      0.0020789999999999975,
      0.00015300000000000036,
      0.0008759999999999983,
      0.00019199999999999773,
      0.0010389999999999983,
      0.0019690000000000055,
      0.0010340000000000002,
      0.0006560000000000038,
      -0.00034400000000000056,
      -0.0003839999999999989,
      0.0005240000000000036,
      0.0010620000000000004,
      0.0019719999999999946
    ]
  },
  "excitation_energy": "1.6948",
  "exciting_path_mean_volume": 667.2758283333333,
  "s0_bonds_avg": 1.2904360388516667,
  "s1_bonds_avg": 1.2901062653666664,
  "s0_angles_avg": 118.70585223937415,
  "s1_angles_avg": 118.69855233265103,
  "delta_bonds": -0.00032977348500029535,
  "delta_angles": -0.00729990672311942
}