{
  "s0_rotational_constant_a": 0.11459,
  "s0_rotational_constant_b": 0.1520487,
  "s0_rotational_constant_c": 0.2721937,
  "s1_rotational_constant_a": 0.1134632,
  "s1_rotational_constant_b": 0.1590063,
  "s1_rotational_constant_c": 0.2786434,
  "s0_rays_asymmetry_parameter": 0.5246469467404634,
  "s1_rays_asymmetry_parameter": 0.44856465847601584,
  "s0_volume": 480.71957,
  "s1_volume": 477.47048,
  "delta_volume": -3.249089999999967,
  "s0_homo_lumo_gap": 1.5522161137549415,
  "s1_homo_lumo_gap": 1.2501180774823122,
  "delta_gap": -0.3020980362726293,
  "s0_dihedral_avg": 91.69249957396302,
  "s1_dihedral_avg": 91.68972704090352,
  "delta_dihedral": -0.0027725330594989828,
  "delta_dipole": {
    "element": [
      "C",
      "C",
      "C",
      "N",
      "C",
      "C",
      "C",
      "C",
      "C",
      "C",
      "C",
      "C",
      "Br",
      "C",
      "C",
      "C",
      "C",
      "C",
      "C",
      "N",
      "B",
      "F",
      "F",
      "C",
      "C",
      "H",
      "H",
      "H",
      "H",
      "H",
      "H",
      "H",
      "H",
      "H",
      "H",
      "H",
      "H",
      "H",
      "H",
      "H",
      "H",
      "H",
      "H"
    ],
    "charge_variation": [
      0.0019559999999999994,
      -0.000685000000000005,
      0.015156999999999976,
      -0.01343799999999995,
      0.026531,
      -0.004466999999999999,
      -0.004849999999999999,
      0.0021829999999999974,
      -0.005387999999999997,
      0.008416,
      -0.0055589999999999945,
      0.008071999999999996,
      0.022685999999999998,
      0.035767999999999994,
      -0.03669900000000001,
      -0.024088,
      -0.013110999999999984,
      0.003127999999999999,
      -0.0018239999999999923,
      -0.035104000000000024,
      0.004601999999999995,
      -0.0017119999999999358,
      -0.003037999999999985,
      -0.00452000000000001,
      0.009145000000000014,
      0.0009279999999999983,
      -0.0011970000000000001,
      0.001169,
      -0.0006629999999999987,
      0.002599999999999998,
      0.0027529999999999985,
      -5.100000000000243e-05,
      0.001910999999999996,
      0.001018999999999999,
      0.0069150000000000045,
      0.0036349999999999993,
      -0.0019889999999999977,
      -0.001967,
      -0.00028500000000000053,
      -0.0022369999999999994,
      -0.00011199999999999925,
      0.0036829999999999988,
      0.0007250000000000034
    ]
  },
  "excitation_energy": "1.9337",
  "exciting_path_mean_volume": 479.3069666666667,
  "s0_bonds_avg": 1.3018839012849999,
  "s1_bonds_avg": 1.3040022198236958,
  "delta_bonds": 0.002118318538695929,
  "s0_angles_avg": 116.0851751154344,
  "s1_angles_avg": 116.07169292336624,
  "delta_angles": -0.013482192068153154
}