{
  "s0_rotational_constant_a": 0.0230569,
  "s0_rotational_constant_b": 0.0246825,
  "s0_rotational_constant_c": 0.1588941,
  "s1_rotational_constant_a": 0.0234286,
  "s1_rotational_constant_b": 0.024727,
  "s1_rotational_constant_c": 0.155078,
  "s0_rays_asymmetry_parameter": 0.9760654666026685,
  "s1_rays_asymmetry_parameter": 0.9802748816173867,
  "s0_volume": 839.79042,
  "s1_volume": 838.35933,
  "delta_volume": -1.4310900000000402,
  "s0_homo_lumo_gap": 2.1771554224174983,
  "s1_homo_lumo_gap": 1.3652875285420651,
  "delta_gap": -0.8118678938754331,
  "s0_dihedral_avg": -2.0640529109109473,
  "s1_dihedral_avg": 9.579162928786506,
  "delta_dihedral": 11.643215839697453,
  "delta_dipole": null,
  "excitation_energy": "1.8019",
  "exciting_path_mean_volume": 838.5538783333333,
  "s0_bonds_avg": 1.2908903128662652,
  "s1_bonds_avg": 1.2892557297426506,
  "s0_angles_avg": 119.99730123166492,
  "s1_angles_avg": 119.99890126935952
}