{
  "s0_rotational_constant_a": 0.2062394,
  "s0_rotational_constant_b": 0.2733412,
  "s0_rotational_constant_c": 0.5790123,
  "s1_rotational_constant_a": 0.2145574,
  "s1_rotational_constant_b": 0.2913908,
  "s1_rotational_constant_c": 0.5710551,
  "s0_rays_asymmetry_parameter": 0.6399856320027554,
  "s1_rays_asymmetry_parameter": 0.5689543018089598,
  "s0_volume": 355.5455,
  "s1_volume": 354.55975,
  "delta_volume": -0.9857499999999959,
  "s0_homo_lumo_gap": 1.8102072217545446,
  "s1_homo_lumo_gap": 0.5460235811749867,
  "delta_gap": -1.264183640579558,
  "s0_dihedral_avg": 93.43914325257057,
  "s1_dihedral_avg": 91.98832244205211,
  "delta_dihedral": -1.450820810518465,
  "delta_dipole": {
    "element": [
      "F",
      "B",
      "F",
      "N",
      "C",
      "C",
      "C",
      "C",
      "C",
      "N",
      "C",
      "C",
      "O",
      "C",
      "C",
      "C",
      "C",
      "C",
      "C",
      "N",
      "H",
      "H",
      "H",
      "H",
      "H",
      "H",
      "H",
      "H",
      "H",
      "H",
      "H",
      "H",
      "H",
      "H"
    ],
    "charge_variation": [
      -0.0014979999999999993,
      0.001790999999999987,
      -0.001518999999999937,
      -0.017088999999999965,
      0.008560000000000012,
      -0.0006289999999999907,
      0.009970000000000007,
      0.03595200000000001,
      0.005108999999999975,
      0.03384000000000009,
      -0.012721999999999983,
      -0.048673999999999995,
      0.034638999999999975,
      -0.048980000000000024,
      -0.012445999999999985,
      0.0062520000000000076,
      -0.03949100000000001,
      0.009924000000000016,
      0.0019489999999999785,
      -0.020689999999999986,
      -0.00031899999999999984,
      0.0005049999999999985,
      0.0027749999999999997,
      0.00122,
      0.010575999999999999,
      0.008346,
      0.0031859999999999996,
      0.008374,
      0.0032039999999999994,
      0.001062,
      0.010530999999999999,
      0.003358,
      0.0009619999999999976,
      0.0019719999999999946
    ]
  },
  "excitation_energy": "0.6283",
  "exciting_path_mean_volume": 356.34993333333335,
  "s0_bonds_avg": 1.288453889597838,
  "s1_bonds_avg": 1.2815381182910812,
  "s0_angles_avg": 114.77054420007643,
  "s1_angles_avg": 115.1614638969244,
  "delta_bonds": -0.006915771306756691,
  "delta_angles": 0.39091969684797334
}