{
  "charge": {
    "element": [
      "C",
      "C",
      "C",
      "C",
      "C",
      "C",
      "C",
      "C",
      "C",
      "C",
      "C",
      "C",
      "C",
      "C",
      "C",
      "C",
      "C",
      "C",
      "C",
      "C",
      "C",
      "C",
      "C",
      "C",
      "C",
      "N",
      "C",
      "C",
      "C",
      "C",
      "C",
      "C",
      "C",
      "H",
      "H",
      "H",
      "H",
      "H",
      "H",
      "H",
      "H",
      "H",
      "H",
      "H",
      "H",
      "H",
      "H",
      "H",
      "H",
      "H",
      "H",
      "H",
      "H",
      "H",
      "H"
    ],
    "charge_variation": [
      -0.00032200000000000284,
      0.006333999999999996,
      -0.006409999999999999,
      -0.0008749999999999999,
      -0.007831999999999999,
      0.0026139999999999913,
      0.002601,
      -0.008707,
      -0.001824,
      0.005941999999999996,
      -0.009180000000000021,
      0.009574,
      -0.0006309999999999996,
      0.0035120000000000012,
      -0.005105,
      0.0027310000000000043,
      -0.004643999999999995,
      0.006837999999999997,
      -0.0008030000000000016,
      0.006076999999999992,
      -0.0019679999999999997,
      0.006755000000000001,
      -0.001548,
      0.006565000000000001,
      0.0024120000000000252,
      -0.008434999999999998,
      -0.003925999999999985,
      -0.003365,
      0.0015589999999999979,
      -0.0005019999999999998,
      -0.0023049999999999998,
      -0.0005460000000000048,
      -0.00264,
      -0.00012300000000000158,
      -0.0005059999999999995,
      -0.0005950000000000018,
      0.0015310000000000046,
      0.0009710000000000031,
      0.00042299999999999977,
      0.0029899999999999996,
      0.0009740000000000026,
      0.00010500000000000093,
      -0.00010000000000000286,
      0.0013089999999999977,
      -0.00016300000000000342,
      0.0001250000000000001,
      3.799999999999984e-05,
      0.0002710000000000004,
      0.0004989999999999994,
      0.0002459999999999962,
      0.0010849999999999957,
      -0.0003439999999999971,
      0.00027999999999999553,
      -1.3000000000006062e-05,
      -0.0009510000000000005
    ]
  },
  "ground_state": {
    "HOMO-LUMO": 1.9669719905748932,
    "charge": {
      "element": [
        "C",
        "C",
        "C",
        "C",
        "C",
        "C",
        "C",
        "C",
        "C",
        "C",
        "C",
        "C",
        "C",
        "C",
        "C",
        "C",
        "C",
        "C",
        "C",
        "C",
        "C",
        "C",
        "C",
        "C",
        "C",
        "N",
        "C",
        "C",
        "C",
        "C",
        "C",
        "C",
        "C",
        "H",
        "H",
        "H",
        "H",
        "H",
        "H",
        "H",
        "H",
        "H",
        "H",
        "H",
        "H",
        "H",
        "H",
        "H",
        "H",
        "H",
        "H",
        "H",
        "H",
        "H",
        "H"
      ],
      "charge": [
        -0.066449,
        0.025288,
        -0.039381,
        0.00487,
        0.031135,
        -0.076106,
        -0.002799,
        -0.002482,
        0.002209,
        -0.062206,
        0.282277,
        -0.018437,
        -0.059229,
        0.014744,
        0.019872,
        -0.043062,
        0.042119,
        0.027587,
        0.02238,
        -0.068143,
        -0.002329,
        -0.003398,
        -0.000334,
        -0.062062,
        0.216933,
        -0.209582,
        0.263381,
        -0.039496,
        -0.038515,
        0.003181,
        0.013783,
        -0.042682,
        -0.021513,
        0.029845,
        0.035921,
        0.030842,
        0.058008,
        0.026173,
        0.040566,
        0.040916,
        0.041449,
        0.035018,
        0.048042,
        0.044968,
        0.044415,
        0.049215,
        0.02892,
        0.040909,
        0.040687,
        0.040971,
        0.033056,
        0.045742,
        0.044185,
        0.042847,
        0.045752
      ]
    },
    "structure": {
      "bonds": 1.2997125839536068,
      "angles": 119.37521174387831,
      "DA": 90.13199800466013
    },
    "rotational_constant": {
      "A": 0.0738314,
      "B": 0.108286,
      "C": 0.1948681
    },
    "rays_asymmetry_parameter": 0.4306751588567765,
    "volume": 601.2898
  },
  "excited_state": {
    "HOMO-LUMO": 1.669641388341029,
    "charge": {
      "element": [
        "C",
        "C",
        "C",
        "C",
        "C",
        "C",
        "C",
        "C",
        "C",
        "C",
        "C",
        "C",
        "C",
        "C",
        "C",
        "C",
        "C",
        "C",
        "C",
        "C",
        "C",
        "C",
        "C",
        "C",
        "C",
        "N",
        "C",
        "C",
        "C",
        "C",
        "C",
        "C",
        "C",
        "H",
        "H",
        "H",
        "H",
        "H",
        "H",
        "H",
        "H",
        "H",
        "H",
        "H",
        "H",
        "H",
        "H",
        "H",
        "H",
        "H",
        "H",
        "H",
        "H",
        "H",
        "H"
      ],
      "charge": [
        -0.066771,
        0.031622,
        -0.045791,
        0.003995,
        0.023303,
        -0.073492,
        -0.000198,
        -0.011189,
        0.000385,
        -0.056264,
        0.273097,
        -0.008863,
        -0.05986,
        0.018256,
        0.014767,
        -0.040331,
        0.037475,
        0.034425,
        0.021577,
        -0.062066,
        -0.004297,
        0.003357,
        -0.001882,
        -0.055497,
        0.219345,
        -0.218017,
        0.259455,
        -0.042861,
        -0.036956,
        0.002679,
        0.011478,
        -0.043228,
        -0.024153,
        0.029722,
        0.035415,
        0.030247,
        0.059539,
        0.027144,
        0.040989,
        0.043906,
        0.042423,
        0.035123,
        0.047942,
        0.046277,
        0.044252,
        0.04934,
        0.028958,
        0.04118,
        0.041186,
        0.041217,
        0.034141,
        0.045398,
        0.044465,
        0.042834,
        0.044801
      ]
    },
    "structure": {
      "bonds": 1.3029248618442624,
      "angles": 119.37457137928375,
      "DA": 90.03900115240614
    },
    "rotational_constant": {
      "A": 0.0734585,
      "B": 0.108088,
      "C": 0.1939004
    },
    "rays_asymmetry_parameter": 0.4249592542130272,
    "excited_energy": "2.0838",
    "volume": 601.92547
  },
  "exciting_path_mean_volume": 601.4389116666666
}