{
  "s0_rotational_constant_a": 0.0527648,
  "s0_rotational_constant_b": 0.0641191,
  "s0_rotational_constant_c": 0.2515708,
  "s1_rotational_constant_a": 0.0543845,
  "s1_rotational_constant_b": 0.063578,
  "s1_rotational_constant_c": 0.2504321,
  "s0_rays_asymmetry_parameter": 0.8857750772109494,
  "s1_rays_asymmetry_parameter": 0.9062115527045473,
  "s0_volume": 582.46973,
  "s1_volume": 587.93508,
  "delta_volume": 5.465349999999944,
  "s0_homo_lumo_gap": 1.3816279631326949,
  "s1_homo_lumo_gap": 0.7477061774370544,
  "delta_gap": -0.6339217856956405,
  "s0_dihedral_avg": 7.9498474774869745,
  "s1_dihedral_avg": 18.968197526152252,
  "delta_dihedral": 11.018350048665278,
  "delta_dipole": null,
  "excitation_energy": "0.8599",
  "exciting_path_mean_volume": 585.8315016666667,
  "s0_bonds_avg": 1.291596244217931,
  "s1_bonds_avg": 1.2882231057925864,
  "s0_angles_avg": 119.33941557368877,
  "s1_angles_avg": 119.34065101393453
}