{
  "s0_rotational_constant_a": 0.0101708,
  "s0_rotational_constant_b": 0.0110638,
  "s0_rotational_constant_c": 0.0734348,
  "s1_rotational_constant_a": 0.010353,
  "s1_rotational_constant_b": 0.0112252,
  "s1_rotational_constant_c": 0.07471,
  "s0_rays_asymmetry_parameter": 0.9717690945877593,
  "s1_rays_asymmetry_parameter": 0.9728949453827868,
  "s0_volume": 1182.86097,
  "s1_volume": 1184.10476,
  "delta_volume": 1.24378999999999,
  "s0_homo_lumo_gap": 1.0316025206244683,
  "s1_homo_lumo_gap": 0.8483338662233146,
  "delta_gap": -0.1832686544011537,
  "s0_dihedral_avg": 90.19336815596618,
  "s1_dihedral_avg": 90.22339338400549,
  "delta_dihedral": 0.03002522803930674,
  "delta_dipole": {
    "element": [
      "C",
      "C",
      "C",
      "C",
      "C",
      "C",
      "C",
      "C",
      "N",
      "C",
      "C",
      "C",
      "C",
      "C",
      "C",
      "C",
      "C",
      "C",
      "C",
      "C",
      "C",
      "C",
      "C",
      "C",
      "C",
      "C",
      "N",
      "C",
      "C",
      "C",
      "C",
      "C",
      "C",
      "C",
      "C",
      "C",
      "C",
      "C",
      "C",
      "C",
      "C",
      "C",
      "N",
      "S",
      "N",
      "C",
      "C",
      "C",
      "N",
      "C",
      "C",
      "C",
      "C",
      "C",
      "C",
      "C",
      "C",
      "C",
      "C",
      "C",
      "C",
      "C",
      "C",
      "C",
      "C",
      "H",
      "H",
      "H",
      "H",
      "H",
      "H",
      "H",
      "H",
      "H",
      "H",
      "H",
      "H",
      "H",
      "H",
      "H",
      "H",
      "H",
      "H",
      "H",
      "H",
      "H",
      "H",
      "H",
      "H",
      "H",
      "H",
      "H",
      "H",
      "H",
      "H",
      "H",
      "H",
      "H",
      "H",
      "H",
      "H",
      "H",
      "H",
      "H",
      "H",
      "H",
      "H",
      "H"
    ],
    "charge_variation": [
      0.00020300000000000873,
      6.499999999999562e-05,
      -0.0002909999999999996,
      -0.0004860000000000003,
      0.0016509999999999997,
      -0.0011419999999999972,
      0.0014490000000000058,
      -0.0027439999999999687,
      0.005230999999999986,
      -0.013515000000000055,
      0.0022740000000000017,
      -0.005617999999999998,
      0.0032119999999999996,
      0.0017490000000000006,
      -0.002443999999999995,
      0.002343999999999999,
      0.0008039999999999992,
      0.001472000000000001,
      0.0006909999999999972,
      -0.0005999999999999964,
      0.003216,
      -0.008151000000000002,
      0.008004000000000004,
      -0.0018449999999999994,
      0.007726000000000011,
      -0.003593000000000013,
      -0.0005859999999999754,
      0.0022360000000000158,
      -0.0033090000000000064,
      0.0012100000000000001,
      -0.0036650000000000016,
      0.0014830000000000008,
      -0.00536600000000001,
      0.0022600000000000398,
      -0.005193999999999976,
      0.001553999999999999,
      -0.003839999999999996,
      0.001274,
      -0.0034470000000000056,
      0.007800000000000001,
      -0.0030829999999999955,
      0.009894000000000014,
      -0.021552999999999933,
      0.04300000000000004,
      -0.03554899999999994,
      0.00838300000000003,
      0.0002489999999999992,
      0.0017459999999999976,
      0.014508000000000076,
      0.004597000000000018,
      -0.0009679999999999966,
      -0.004174000000000001,
      0.0016100000000000003,
      -0.0028490000000000043,
      0.0006889999999999952,
      0.000595,
      -0.004524,
      0.0027340000000000003,
      -0.005079,
      0.002699,
      -0.004387000000000002,
      0.0015090000000000017,
      -0.0012309999999999821,
      0.0032910000000000023,
      0.0009689999999999976,
      0.0001559999999999999,
      -0.0002030000000000018,
      0.0003060000000000007,
      -0.00019600000000000173,
      0.00021300000000000138,
      0.00017099999999999754,
      0.00013000000000000164,
      -0.00018599999999999867,
      0.00023799999999999863,
      0.0003259999999999999,
      -3.500000000000031e-05,
      -0.002475000000000005,
      -0.0008869999999999989,
      -0.001243000000000001,
      0.00019500000000000073,
      0.0003999999999999976,
      -0.000451,
      0.0007230000000000014,
      -0.0006290000000000046,
      0.0005740000000000051,
      -0.000559999999999998,
      4.200000000000037e-05,
      -0.0005990000000000023,
      -0.0007040000000000032,
      -0.00048000000000000126,
      -0.0006219999999999976,
      4.300000000000137e-05,
      -0.0005850000000000022,
      0.0005679999999999991,
      -0.000338999999999999,
      0.00041400000000000117,
      -0.0004410000000000004,
      -0.0003849999999999999,
      0.00023000000000000104,
      0.00023199999999999957,
      0.00012200000000000058,
      9.800000000000086e-05,
      -0.0001810000000000006,
      0.00013300000000000117,
      -1.6999999999999654e-05,
      -0.0001979999999999968,
      0.0006550000000000028,
      0.0003029999999999977
    ]
  },
  "excitation_energy": "1.0140",
  "exciting_path_mean_volume": 1183.0298166666669,
  "s0_bonds_avg": 1.2980287579026892,
  "s1_bonds_avg": 1.3040948161315966,
  "s0_angles_avg": 118.4454545448633,
  "s1_angles_avg": 118.43838038756361,
  "delta_bonds": 0.006066058228907378,
  "delta_angles": -0.007074157299683748
}