{
  "s0_rotational_constant_a": 0.0101708,
  "s0_rotational_constant_b": 0.0110638,
  "s0_rotational_constant_c": 0.0734348,
  "s1_rotational_constant_a": 0.010353,
  "s1_rotational_constant_b": 0.0112252,
  "s1_rotational_constant_c": 0.07471,
  "s0_rays_asymmetry_parameter": 0.9717690945877593,
  "s1_rays_asymmetry_parameter": 0.9728949453827868,
  "s0_volume": 1182.86097,
  "s1_volume": 1184.10476,
  "delta_volume": 1.24378999999999,
  "s0_homo_lumo_gap": 1.0316025206244683,
  "s1_homo_lumo_gap": 0.8483338662233146,
  "delta_gap": -0.1832686544011537,
  "s0_dihedral_avg": 3.439932222179396,
  "s1_dihedral_avg": 4.71735935638791,
  "delta_dihedral": 1.2774271342085144,
  "delta_dipole": null,
  "excitation_energy": "1.0140",
  "exciting_path_mean_volume": 1183.0298166666669,
  "s0_bonds_avg": 1.2980287579026892,
  "s1_bonds_avg": 1.3040948161315966,
  "s0_angles_avg": 118.4454545448633,
  "s1_angles_avg": 118.43838038756361
}