{
  "s0_rotational_constant_a": 0.03078,
  "s0_rotational_constant_b": 0.0370654,
  "s0_rotational_constant_c": 0.140462,
  "s1_rotational_constant_a": 0.0319373,
  "s1_rotational_constant_b": 0.034228,
  "s1_rotational_constant_c": 0.1446168,
  "s0_rays_asymmetry_parameter": 0.8853886690614686,
  "s1_rays_asymmetry_parameter": 0.9593413176309799,
  "s0_volume": 698.39083,
  "s1_volume": 698.06435,
  "delta_volume": -0.3264800000000605,
  "s0_homo_lumo_gap": 1.3424816697070825,
  "s1_homo_lumo_gap": 0.48727420851691816,
  "delta_gap": -0.8552074611901643,
  "s0_dihedral_avg": 0.8870859988669744,
  "s1_dihedral_avg": -5.03573799802554,
  "delta_dihedral": -5.9228239968925145,
  "delta_dipole": null,
  "excitation_energy": "0.5628",
  "exciting_path_mean_volume": 699.1103133333332,
  "s0_bonds_avg": 1.266030919276406,
  "s1_bonds_avg": 1.270457980984844,
  "s0_angles_avg": 122.01403048870027,
  "s1_angles_avg": 121.15715763745094
}