{"charge": {"element": ["C", "C", "C", "O", "O", "C", "C", "C", "C", "C", "C", "C", "C", "C", "C", "C", "N", "C", "C", "C", "C", "C", "C", "C", "C", "C", "C", "C", "C", "C", "C", "C", "C", "N", "C", "N", "C", "C", "H", "H", "H", "H", "H", "H", "H", "H", "H", "H", "H", "H", "H", "H", "H", "H", "H", "H", "H", "H", "H", "H", "H"], "charge_variation": [0.0009839999999999988, -0.0046690000000000065, 0.0006439999999998669, -0.007429999999999937, 0.009262000000000048, 0.0008330000000000282, 0.004139999999999991, 0.0012080000000000007, -0.0019430000000000003, -0.0029509999999999814, 0.02663299999999999, -0.0022959999999999994, 0.028205000000000004, -0.014686, 0.04586299999999999, -0.006119999999999959, -0.003074999999999939, 0.01274599999999998, -0.04739399999999999, 0.012257, -0.028355000000000005, 0.005951, -0.024373000000000006, 0.016078000000000037, -0.024788000000000004, 0.006614, -0.031558, 0.009638, -0.04971700000000001, 0.04453699999999999, -0.012591999999999999, 0.0015379999999999977, 0.0027929999999999344, 0.0006350000000000522, 0.0019330000000000735, -0.0015279999999999738, 0.0031690000000000017, 0.005404999999999993, 0.001118000000000001, -0.001011999999999999, 0.0020650000000000043, 0.004053000000000001, 0.0009199999999999972, 0.002593000000000005, 0.005859999999999997, 0.004906000000000001, 0.0017479999999999996, -0.0017370000000000024, -0.0031560000000000026, -0.0006970000000000032, -0.002094000000000002, 0.0034350000000000006, 0.0042220000000000035, -0.0020939999999999986, -0.0010690000000000005, -0.004716999999999999, -0.002123, 0.0017100000000000032, 0.0030770000000000033, 0.003242000000000002, 0.0021599999999999953]}, "ground_state": {"HOMO-LUMO": 1.3424816697070825, "structure": {"bonds": 1.266030919276406, "angles": 122.01403048870027, "DA": 0.8870859988669744}, "rotational_constant": {"A": 0.03078, "B": 0.0370654, "C": 0.140462}, "rays_asymmetry_parameter": 0.8853886690614686, "volume": 698.39083}, "excited_state": {"HOMO-LUMO": 0.48727420851691816, "structure": {"bonds": 1.270457980984844, "angles": 121.15715763745094, "DA": -5.03573799802554}, "rotational_constant": {"A": 0.0319373, "B": 0.034228, "C": 0.1446168}, "rays_asymmetry_parameter": 0.9593413176309799, "excited_energy": "0.5628", "volume": 698.06435}, "exciting_path_mean_volume": 699.1103133333332}