{
  "s0_rotational_constant_a": 0.0158988,
  "s0_rotational_constant_b": 0.0207356,
  "s0_rotational_constant_c": 0.0412558,
  "s1_rotational_constant_a": 0.0157636,
  "s1_rotational_constant_b": 0.0206725,
  "s1_rotational_constant_c": 0.0409813,
  "s0_rays_asymmetry_parameter": 0.6185037662184013,
  "s1_rays_asymmetry_parameter": 0.6106782141115168,
  "s0_volume": 1114.02879,
  "s1_volume": 1113.7751,
  "delta_volume": -0.25369000000000597,
  "s0_homo_lumo_gap": 0.8620756138807133,
  "s1_homo_lumo_gap": 0.38605603275211253,
  "delta_gap": -0.47601958112860077,
  "s0_dihedral_avg": 91.16575729490492,
  "s1_dihedral_avg": 91.14902804343865,
  "delta_dihedral": -0.016729251466273354,
  "delta_dipole": {
    "element": [
      "C",
      "C",
      "C",
      "C",
      "C",
      "C",
      "C",
      "C",
      "C",
      "N",
      "C",
      "C",
      "C",
      "C",
      "C",
      "C",
      "C",
      "C",
      "C",
      "N",
      "C",
      "C",
      "C",
      "C",
      "C",
      "C",
      "C",
      "C",
      "C",
      "C",
      "C",
      "C",
      "C",
      "C",
      "C",
      "C",
      "C",
      "C",
      "C",
      "N",
      "C",
      "C",
      "C",
      "C",
      "O",
      "C",
      "C",
      "C",
      "C",
      "C",
      "C",
      "C",
      "C",
      "C",
      "N",
      "C",
      "C",
      "C",
      "C",
      "C",
      "C",
      "C",
      "H",
      "H",
      "H",
      "H",
      "H",
      "H",
      "H",
      "H",
      "H",
      "H",
      "H",
      "H",
      "H",
      "H",
      "H",
      "H",
      "H",
      "H",
      "H",
      "H",
      "H",
      "H",
      "H",
      "H",
      "H",
      "H",
      "H",
      "H",
      "H",
      "H",
      "H",
      "H",
      "H",
      "H",
      "H",
      "H",
      "H",
      "H",
      "H",
      "H",
      "H",
      "H"
    ],
    "charge_variation": [
      -5.0000000000050004e-06,
      -0.0003100000000000047,
      1.9000000000005124e-05,
      -0.0013210000000000027,
      0.0010669999999999985,
      -0.0008790000000000048,
      0.0011729999999999996,
      -0.001802999999999999,
      -0.0007889999999999842,
      0.00628799999999996,
      0.0009239999999999804,
      0.0014729999999999882,
      0.0026690000000000004,
      0.0017850000000000019,
      0.0017420000000000005,
      -0.0015620000000000078,
      0.0008780000000000003,
      -0.003494000000000025,
      -0.012505000000000044,
      0.06659100000000007,
      -0.010940999999999979,
      -0.007610000000000006,
      0.00403,
      -0.010457000000000008,
      0.005749000000000004,
      -0.012702999999999992,
      0.0054439999999999905,
      -0.004539000000000001,
      -0.004525000000000001,
      -0.012608000000000008,
      0.005608000000000002,
      -0.010094000000000006,
      0.004175,
      -0.007102999999999998,
      -0.011333000000000037,
      -0.0012020000000000086,
      0.004429,
      0.0032000000000000015,
      -0.009114999999999984,
      -0.007345000000000046,
      0.004371999999999987,
      0.007986,
      0.005045000000000001,
      -0.0006900000000000794,
      -0.004083000000000059,
      0.0017079999999999977,
      -0.006717999999999999,
      0.0024959999999999982,
      -0.003824000000000001,
      0.0015520000000000013,
      -0.0018649999999999986,
      0.002803,
      -0.0025140000000000023,
      0.014672999999999992,
      -0.010678999999999994,
      -0.00920700000000002,
      -0.0006310000000000482,
      -0.0019889999999999908,
      0.001007,
      -0.001014000000000001,
      0.0011079999999999979,
      -0.0012490000000000001,
      0.00010599999999999846,
      -0.00024799999999999996,
      0.00014199999999999977,
      9.999999999999593e-06,
      7.499999999999868e-05,
      4.300000000000137e-05,
      8.700000000000374e-05,
      0.0003860000000000044,
      -0.00010599999999999846,
      -0.0002519999999999953,
      0.00013399999999999523,
      0.0019329999999999972,
      0.00035600000000000215,
      0.0007689999999999989,
      -0.0003110000000000057,
      0.00020799999999999985,
      0.000452000000000001,
      0.00048200000000000326,
      0.0009149999999999991,
      0.0008800000000000023,
      9.800000000000086e-05,
      0.0008809999999999998,
      0.00019299999999999873,
      0.0009169999999999977,
      0.0004879999999999954,
      0.00047699999999999826,
      0.00035199999999999815,
      -0.0002030000000000018,
      0.0010830000000000006,
      0.002923999999999996,
      0.004064999999999999,
      -0.0026370000000000005,
      -0.0006299999999999986,
      -0.00023799999999999516,
      -0.00047799999999999926,
      -0.001349000000000003,
      0.0027389999999999984,
      0.0020509999999999973,
      -0.0003140000000000018,
      -0.00021699999999999844,
      0.0003589999999999982,
      9.30000000000028e-05
    ]
  },
  "excitation_energy": "0.4440",
  "exciting_path_mean_volume": 1113.71893,
  "s0_bonds_avg": 1.304345839758261,
  "s1_bonds_avg": 1.3042208619554783,
  "delta_bonds": -0.00012497780278275528,
  "s0_angles_avg": 118.02745022804964,
  "s1_angles_avg": 117.99849113786628,
  "delta_angles": -0.0289590901833634
}