{
  "s0_rotational_constant_a": 0.0695322,
  "s0_rotational_constant_b": 0.0795595,
  "s0_rotational_constant_c": 0.3919931,
  "s1_rotational_constant_a": 0.0695926,
  "s1_rotational_constant_b": 0.0793651,
  "s1_rotational_constant_c": 0.3965873,
  "s0_rays_asymmetry_parameter": 0.937807653579085,
  "s1_rays_asymmetry_parameter": 0.9402283890228191,
  "s0_volume": 530.69737,
  "s1_volume": 530.73854,
  "delta_volume": 0.04116999999996551,
  "s0_homo_lumo_gap": 1.4135033754215613,
  "s1_homo_lumo_gap": 0.6517207503346598,
  "delta_gap": -0.7617826250869015,
  "s0_dihedral_avg": 90.02214041875833,
  "s1_dihedral_avg": 90.01075473083108,
  "delta_dihedral": -0.011385687927244703,
  "delta_dipole": {
    "element": [
      "N",
      "C",
      "C",
      "C",
      "C",
      "C",
      "N",
      "C",
      "C",
      "C",
      "C",
      "C",
      "C",
      "N",
      "C",
      "C",
      "C",
      "C",
      "C",
      "N",
      "C",
      "C",
      "C",
      "C",
      "C",
      "C",
      "C",
      "C",
      "C",
      "C",
      "H",
      "H",
      "H",
      "H",
      "H",
      "H",
      "H",
      "H",
      "H",
      "H",
      "H",
      "H",
      "H",
      "H",
      "H",
      "H"
    ],
    "charge_variation": [
      -0.02384200000000003,
      0.017392999999999992,
      -0.022954,
      0.0052819999999999985,
      0.008897000000000002,
      -0.022280000000000022,
      0.07663900000000001,
      -0.016874999999999973,
      -0.008831000000000006,
      0.002599000000000004,
      -0.008018999999999998,
      -0.0006950000000000012,
      -0.01844800000000002,
      0.04236799999999996,
      -0.006819999999999993,
      -0.001017000000000004,
      0.0006890000000000021,
      0.0011690000000000034,
      -0.0014819999999999833,
      0.00259100000000001,
      0.00136,
      -0.0009920000000000068,
      -0.018527000000000016,
      -0.0005580000000000029,
      -0.008022999999999995,
      0.002601000000000006,
      -0.008681999999999995,
      -0.016959999999999975,
      0.008970000000000006,
      0.005984,
      0.005087999999999995,
      0.00010899999999999799,
      -0.0010539999999999994,
      -0.001129999999999999,
      0.0011609999999999954,
      -0.00033299999999999996,
      -0.00010999999999999899,
      0.00017100000000000448,
      0.0003439999999999971,
      -5.4999999999999494e-05,
      -0.00028600000000000153,
      0.0011779999999999985,
      -0.001115999999999999,
      -0.001017000000000004,
      0.00015799999999999842,
      0.005351000000000002
    ]
  },
  "excitation_energy": "0.7495",
  "exciting_path_mean_volume": 530.7229083333333,
  "s0_bonds_avg": 1.2989625267387999,
  "s1_bonds_avg": 1.2991096379448,
  "s0_angles_avg": 121.51498764926966,
  "s1_angles_avg": 121.49304336571615,
  "delta_bonds": 0.00014711120600008343,
  "delta_angles": -0.02194428355350908
}