{
  "s0_rotational_constant_a": 0.0695322,
  "s0_rotational_constant_b": 0.0795595,
  "s0_rotational_constant_c": 0.3919931,
  "s1_rotational_constant_a": 0.0695926,
  "s1_rotational_constant_b": 0.0793651,
  "s1_rotational_constant_c": 0.3965873,
  "s0_rays_asymmetry_parameter": 0.937807653579085,
  "s1_rays_asymmetry_parameter": 0.9402283890228191,
  "s0_volume": 530.69737,
  "s1_volume": 530.73854,
  "delta_volume": 0.04116999999996551,
  "s0_homo_lumo_gap": 1.4135033754215613,
  "s1_homo_lumo_gap": 0.6517207503346598,
  "delta_gap": -0.7617826250869015,
  "s0_dihedral_avg": 5.993525283580124,
  "s1_dihedral_avg": 5.641758307322291,
  "delta_dihedral": -0.3517669762578324,
  "delta_dipole": null,
  "excitation_energy": "0.7495",
  "exciting_path_mean_volume": 530.7229083333333,
  "s0_bonds_avg": 1.2989625267387999,
  "s1_bonds_avg": 1.2991096379448,
  "s0_angles_avg": 121.51498764926966,
  "s1_angles_avg": 121.49304336571615
}