{
  "s0_rotational_constant_a": 0.01368,
  "s0_rotational_constant_b": 0.0204214,
  "s0_rotational_constant_c": 0.0333776,
  "s1_rotational_constant_a": 0.0136847,
  "s1_rotational_constant_b": 0.0203721,
  "s1_rotational_constant_c": 0.0331868,
  "s0_rays_asymmetry_parameter": 0.31551051904800576,
  "s1_rays_asymmetry_parameter": 0.3141866773321848,
  "s0_volume": 1326.4808,
  "s1_volume": 1328.07063,
  "delta_volume": 1.5898299999998926,
  "s0_homo_lumo_gap": 1.4207443240386577,
  "s1_homo_lumo_gap": 0.46087916846211296,
  "delta_gap": -0.9598651555765447,
  "s0_dihedral_avg": 90.01969801147433,
  "s1_dihedral_avg": 90.08216438572397,
  "delta_dihedral": 0.06246637424963808,
  "delta_dipole": {
    "element": [
      "C",
      "C",
      "C",
      "C",
      "C",
      "N",
      "C",
      "C",
      "C",
      "C",
      "C",
      "C",
      "C",
      "N",
      "C",
      "C",
      "C",
      "C",
      "C",
      "C",
      "C",
      "C",
      "C",
      "C",
      "C",
      "C",
      "C",
      "C",
      "C",
      "C",
      "C",
      "C",
      "C",
      "C",
      "C",
      "C",
      "C",
      "C",
      "C",
      "C",
      "C",
      "C",
      "C",
      "C",
      "C",
      "C",
      "C",
      "C",
      "C",
      "C",
      "C",
      "C",
      "C",
      "N",
      "C",
      "C",
      "C",
      "C",
      "C",
      "C",
      "O",
      "C",
      "C",
      "C",
      "C",
      "C",
      "C",
      "C",
      "C",
      "C",
      "C",
      "N",
      "C",
      "C",
      "H",
      "H",
      "H",
      "H",
      "H",
      "H",
      "H",
      "H",
      "H",
      "H",
      "H",
      "H",
      "H",
      "H",
      "H",
      "H",
      "H",
      "H",
      "H",
      "H",
      "H",
      "H",
      "H",
      "H",
      "H",
      "H",
      "H",
      "H",
      "H",
      "H",
      "H",
      "H",
      "H",
      "H",
      "H",
      "H",
      "H",
      "H",
      "H",
      "H",
      "H",
      "H",
      "H",
      "H",
      "H",
      "H"
    ],
    "charge_variation": [
      -0.0036060000000000016,
      -0.00012099999999999611,
      -0.004979999999999998,
      0.004789000000000002,
      0.0005809999999999427,
      0.008411999999999975,
      -0.012384000000000062,
      -0.006444999999999999,
      0.010973,
      0.005662,
      0.0048870000000000025,
      0.0054519999999999985,
      0.0103,
      0.003457999999999961,
      0.00039400000000000546,
      0.004688000000000001,
      0.0032650000000000005,
      -0.002265000000000003,
      -0.005045000000000008,
      0.001999,
      -0.00027600000000000004,
      0.0011039999999999939,
      0.00010200000000000486,
      -0.0004469999999999995,
      -0.001016000000000003,
      -0.00016100000000000142,
      0.0012069999999999997,
      -0.0005210000000000002,
      0.0002929999999999877,
      -0.00010600000000000886,
      -0.0001020000000000014,
      -0.0003449999999999981,
      -0.0001260000000000011,
      -2.2999999999995246e-05,
      -0.000836,
      0.00021200000000000385,
      0.00023200000000000998,
      -5.000000000000143e-05,
      -0.0005510000000000029,
      0.00027399999999999994,
      7.899999999999574e-05,
      -0.00010299999999999979,
      -0.0009300000000000003,
      -0.0001709999999999906,
      0.00027599999999999847,
      -0.00016900000000000248,
      0.0010919999999999992,
      -0.0004180000000000017,
      -0.001605,
      0.005985999999999998,
      0.0005439999999999959,
      0.002454999999999999,
      -0.006262999999999963,
      0.04283799999999993,
      -0.017519000000000007,
      0.003797999999999996,
      -0.00021700000000000191,
      -0.006282999999999997,
      0.002587000000000006,
      -0.011651000000000022,
      0.021374999999999977,
      -0.003791999999999962,
      -0.005370000000000014,
      -0.010518,
      -0.0023250000000000007,
      -0.010291000000000022,
      -0.009577000000000002,
      0.0032210000000000016,
      0.0012230000000000019,
      -0.0013929999999999915,
      -0.0038720000000000004,
      -0.030193999999999943,
      0.0014449999999999984,
      -3.099999999999631e-05,
      -0.0001799999999999996,
      -0.0011629999999999974,
      -0.0029459999999999972,
      0.004458999999999998,
      0.0016219999999999984,
      0.007228000000000002,
      0.0016610000000000028,
      0.004131999999999997,
      0.001577000000000002,
      -0.0011019999999999988,
      -0.0002439999999999977,
      -0.0004159999999999997,
      -0.000619999999999999,
      -0.0003970000000000015,
      0.00027599999999999847,
      1.9999999999999185e-05,
      -0.00013300000000000117,
      -0.00017700000000000007,
      -0.00011599999999999805,
      1.5000000000001124e-05,
      -0.00017199999999999854,
      -0.00013900000000000023,
      1.5000000000001124e-05,
      -0.0002160000000000009,
      -5.300000000000096e-05,
      -0.0002249999999999995,
      -0.0002970000000000021,
      0.0005300000000000027,
      0.00037500000000000033,
      -0.00028600000000000153,
      0.0004319999999999949,
      8.199999999999874e-05,
      -0.0023099999999999996,
      0.008078000000000002,
      -0.0007780000000000009,
      -0.0021059999999999968,
      -0.0015150000000000025,
      -0.0005460000000000048,
      -0.001018000000000005,
      -0.003023000000000005,
      -0.0005150000000000016,
      0.000890999999999996,
      -0.0013250000000000033,
      -0.002030000000000004,
      0.0003999999999999976,
      -0.0008499999999999966
    ]
  },
  "excitation_energy": "0.5301",
  "exciting_path_mean_volume": 1327.003565,
  "s0_bonds_avg": 1.2913275818291667,
  "s1_bonds_avg": 1.2978350958975,
  "s0_angles_avg": 119.92104911672622,
  "s1_angles_avg": 119.91192998471585,
  "delta_bonds": 0.0065075140683332755,
  "delta_angles": -0.009119132010368958
}