{
  "s0_rotational_constant_a": 0.076232,
  "s0_rotational_constant_b": 0.0830121,
  "s0_rotational_constant_c": 0.3220847,
  "s1_rotational_constant_a": 0.0761477,
  "s1_rotational_constant_b": 0.0951327,
  "s1_rotational_constant_c": 0.2934549,
  "s0_rays_asymmetry_parameter": 0.9448442095612535,
  "s1_rays_asymmetry_parameter": 0.825270400612589,
  "s0_volume": 541.01487,
  "s1_volume": 539.54341,
  "delta_volume": -1.4714599999999791,
  "s0_homo_lumo_gap": 2.097836966483732,
  "s1_homo_lumo_gap": 0.029235908283385292,
  "delta_gap": -2.068601058200347,
  "s0_dihedral_avg": 90.01237317352135,
  "s1_dihedral_avg": 90.27526811713719,
  "delta_dihedral": 0.26289494361583365,
  "delta_dipole": {
    "element": [
      "O",
      "C",
      "C",
      "C",
      "C",
      "C",
      "C",
      "C",
      "C",
      "C",
      "C",
      "C",
      "C",
      "C",
      "C",
      "C",
      "C",
      "C",
      "C",
      "C",
      "C",
      "C",
      "C",
      "C",
      "C",
      "C",
      "C",
      "C",
      "C",
      "C",
      "H",
      "H",
      "H",
      "H",
      "H",
      "H",
      "H",
      "H",
      "H",
      "H",
      "H",
      "H",
      "H",
      "H",
      "H",
      "H",
      "H",
      "H"
    ],
    "charge_variation": [
      0.07353600000000005,
      -0.04900100000000007,
      -0.01274800000000001,
      -0.0022159999999999958,
      -0.005603000000000004,
      0.014782,
      0.006765999999999994,
      0.01185499999999999,
      0.222111,
      -0.154633,
      0.047247,
      -0.12687600000000002,
      0.035055,
      -0.144152,
      -0.0008719999999999978,
      0.005975000000000001,
      -0.005287,
      0.013769000000000003,
      -7.600000000000662e-05,
      0.010479000000000002,
      -0.0007959999999999981,
      0.008200999999999993,
      0.004382999999999998,
      0.011859000000000008,
      -0.003834999999999998,
      0.017398000000000004,
      0.004422000000000002,
      0.014411000000000007,
      -0.006733,
      -0.0020820000000000005,
      0.005950000000000004,
      -0.0013619999999999986,
      0.0006410000000000027,
      0.006769999999999998,
      -0.005854999999999999,
      -0.009166,
      -0.0033630000000000014,
      -0.008546000000000002,
      -0.0009499999999999995,
      0.008631,
      0.002832000000000001,
      0.0017179999999999973,
      0.0021800000000000014,
      0.0022090000000000026,
      0.001475000000000004,
      0.002700000000000001,
      0.002142000000000005,
      0.004652000000000003
    ]
  },
  "excitation_energy": "0.0345",
  "exciting_path_mean_volume": 540.390605,
  "s0_bonds_avg": 1.3093334653860376,
  "s1_bonds_avg": 1.1739918547790564,
  "s0_angles_avg": 119.99598013587526,
  "s1_angles_avg": 119.95477327467829,
  "delta_bonds": -0.13534161060698113,
  "delta_angles": -0.0412068611969687
}