{"charge": {"element": ["C", "C", "C", "C", "N", "C", "C", "C", "C", "C", "C", "C", "C", "C", "C", "C", "C", "C", "C", "C", "C", "C", "C", "C", "N", "S", "N", "C", "C", "C", "C", "C", "H", "H", "H", "H", "H", "H", "H", "H", "H", "H", "H", "H", "H", "H", "H", "H", "H", "H", "H"], "charge_variation": [-0.014272000000000007, 0.0037530000000000003, -0.014477999999999991, -0.0003249999999999642, 0.042022000000000004, -0.0016149999999999776, -0.014965000000000006, 0.003011, -0.014188999999999993, 0.004996, -0.016249000000000013, -0.020672000000000024, 0.015619000000000008, -0.017653000000000002, 0.020023000000000006, -0.005149999999999998, 0.006697999999999999, 0.0025470000000000007, 0.006882999999999997, 9.299999999999933e-05, 0.0009400000000000033, -1.7999999999997185e-05, -0.0011879999999999946, 0.00876300000000002, -0.017768999999999924, 0.05989100000000003, -0.04002300000000003, 0.010784000000000016, -0.0030640000000000042, 0.019987999999999992, -0.019420999999999994, 0.0048259999999999996, -0.00042400000000000077, -0.00022300000000000098, 0.002271000000000002, 0.0020830000000000015, -0.00026400000000000035, -0.0006630000000000039, -0.0005629999999999975, 0.001241000000000006, -0.0011390000000000011, -0.006547999999999998, -0.004508999999999999, 0.0003569999999999997, 0.0006950000000000012, 0.00017500000000000154, 9.199999999999486e-05, 1.2000000000001593e-05, -0.0006190000000000015, -0.0009730000000000016, -0.000784]}, "ground_state": {"HOMO-LUMO": 1.081750375590449, "charge": {"element": ["C", "C", "C", "C", "N", "C", "C", "C", "C", "C", "C", "C", "C", "C", "C", "C", "C", "C", "C", "C", "C", "C", "C", "C", "N", "S", "N", "C", "C", "C", "C", "C", "H", "H", "H", "H", "H", "H", "H", "H", "H", "H", "H", "H", "H", "H", "H", "H", "H", "H", "H"], "charge": [-0.08183, -0.007067, -0.143656, 0.39335, -0.528266, 0.392169, -0.144336, -0.007797, -0.081517, -0.007951, -0.141094, 0.38583, -0.133358, -0.023666, 0.033571, -0.015674, 0.013374, -0.062997, -0.03419, -0.029293, -0.058421, 0.062247, -0.154535, 0.389433, -0.777182, 0.855981, -0.780949, 0.345557, -0.040601, -0.138845, -0.143746, -0.007866, 0.031952, 0.028932, 0.039493, 0.039179, 0.02892, 0.03194, 0.029063, 0.040308, 0.039385, 0.03795, 0.03843, 0.030754, 0.031325, 0.033721, 0.055779, 0.0306, 0.038583, 0.038238, 0.028773]}, "structure": {"bonds": 1.3027118742982144, "angles": 119.55358361652245, "DA": -13.704191378002662}, "rotational_constant": {"A": 0.0616023, "B": 0.0636264, "C": 0.2089262}, "rays_asymmetry_parameter": 0.9725217700590332, "volume": 583.5703}, "excited_state": {"HOMO-LUMO": 0.7417468848885989, "charge": {"element": ["C", "C", "C", "C", "N", "C", "C", "C", "C", "C", "C", "C", "C", "C", "C", "C", "C", "C", "C", "C", "C", "C", "C", "C", "N", "S", "N", "C", "C", "C", "C", "C", "H", "H", "H", "H", "H", "H", "H", "H", "H", "H", "H", "H", "H", "H", "H", "H", "H", "H", "H"], "charge": [-0.096102, -0.003314, -0.158134, 0.393025, -0.486244, 0.390554, -0.159301, -0.004786, -0.095706, -0.002955, -0.157343, 0.365158, -0.117739, -0.041319, 0.053594, -0.020824, 0.020072, -0.06045, -0.027307, -0.0292, -0.057481, 0.062229, -0.155723, 0.398196, -0.794951, 0.915872, -0.820972, 0.356341, -0.043665, -0.118857, -0.163167, -0.00304, 0.031528, 0.028709, 0.041764, 0.041262, 0.028656, 0.031277, 0.0285, 0.041549, 0.038246, 0.031402, 0.033921, 0.031111, 0.03202, 0.033896, 0.055871, 0.030612, 0.037964, 0.037265, 0.027989]}, "structure": {"bonds": 1.3021540650426786, "angles": 119.52118603630664, "DA": -10.087009172507841}, "rotational_constant": {"A": 0.0582836, "B": 0.0700246, "C": 0.2086818}, "rays_asymmetry_parameter": 0.8438678122477528, "excited_energy": "0.8538", "volume": 586.37234}, "exciting_path_mean_volume": 584.9124216666667}