{
  "s0_rotational_constant_a": 0.1392389,
  "s0_rotational_constant_b": 0.2146834,
  "s0_rotational_constant_c": 0.2431501,
  "s1_rotational_constant_a": 0.1390827,
  "s1_rotational_constant_b": 0.2150024,
  "s1_rotational_constant_c": 0.2464572,
  "s0_rays_asymmetry_parameter": -0.4520956355041611,
  "s1_rays_asymmetry_parameter": -0.41411042659104386,
  "s0_volume": 461.44992,
  "s1_volume": 463.26702,
  "delta_volume": 1.8170999999999822,
  "s0_homo_lumo_gap": 2.074715455623352,
  "s1_homo_lumo_gap": 0.7793094759109218,
  "delta_gap": -1.29540597971243,
  "s0_dihedral_avg": 0.8085633703285728,
  "s1_dihedral_avg": -6.888664908557946,
  "delta_dihedral": -7.697228278886518,
  "delta_dipole": null,
  "excitation_energy": "0.9564",
  "exciting_path_mean_volume": 462.0674650000001,
  "s0_bonds_avg": 1.2464700493224998,
  "s1_bonds_avg": 1.2696658015125002,
  "s0_angles_avg": 115.40160361742583,
  "s1_angles_avg": 115.29249047676956
}