{"charge": {"element": ["C", "O", "C", "O", "C", "C", "C", "O", "O", "C", "C", "C", "O", "O", "C", "N", "C", "C", "C", "C", "C", "C", "C", "O", "O", "C", "H", "H", "H", "H", "H", "H", "H", "H", "H", "H", "H", "H", "H", "H", "H", "H", "H"], "charge_variation": [-0.001452999999999982, 0.0009730000000000016, 0.002478999999999898, -0.002607000000000026, 0.013898999999999995, -0.09177000000000002, -0.01000599999999996, -0.009677999999999964, -0.007010000000000072, -0.0040739999999999665, 0.013552000000000008, -0.007439999999999891, 0.015980999999999912, 0.005789999999999962, -0.004280000000000006, 0.051114999999999966, -0.03877000000000003, 0.06777699999999999, -0.01752, 0.0019569999999999865, 0.0038359999999999506, -0.020304000000000044, 0.010849000000000109, -0.0027249999999999774, 0.012188000000000088, -0.0007050000000000112, 0.001891, 0.00019699999999999926, -0.0032629999999999985, -0.001141999999999999, -0.0009620000000000002, -0.00023700000000000023, -0.004990999999999999, -0.0003610000000000002, 0.003286, -0.0031399999999999996, 0.014085, -0.005178000000000002, 0.010587000000000006, 0.006505999999999991, 0.0028710000000000003, -0.00017400000000000054, -0.0020310000000000003]}, "ground_state": {"HOMO-LUMO": 2.074715455623352, "charge": {"element": ["C", "O", "C", "O", "C", "C", "C", "O", "O", "C", "C", "C", "O", "O", "C", "N", "C", "C", "C", "C", "C", "C", "C", "O", "O", "C", "H", "H", "H", "H", "H", "H", "H", "H", "H", "H", "H", "H", "H", "H", "H", "H", "H"], "charge": [0.326273, -0.517363, 1.092959, -0.848182, 0.073938, -0.314938, 1.031483, -0.879394, -0.513064, 0.327453, 0.218659, 1.029804, -0.849486, -0.481996, 0.330407, -0.306756, 0.306835, -0.155465, 0.057629, -0.150243, 0.408552, -0.368405, 1.05303, -0.862067, -0.542788, 0.326741, -0.003086, -0.016717, 0.023118, -0.010533, 0.003117, 0.007495, 0.024269, 0.005058, -0.002764, 0.008057, 0.024819, 0.047002, 0.036492, 0.057153, 0.014811, -0.017329, 0.005425]}, "structure": {"bonds": 1.2464700493224998, "angles": 115.40160361742583, "DA": 0.8085633703285728}, "rotational_constant": {"A": 0.1392389, "B": 0.2146834, "C": 0.2431501}, "rays_asymmetry_parameter": -0.4520956355041611, "volume": 461.44992}, "excited_state": {"HOMO-LUMO": 0.7793094759109218, "charge": {"element": ["C", "O", "C", "O", "C", "C", "C", "O", "O", "C", "C", "C", "O", "O", "C", "N", "C", "C", "C", "C", "C", "C", "C", "O", "O", "C", "H", "H", "H", "H", "H", "H", "H", "H", "H", "H", "H", "H", "H", "H", "H", "H", "H"], "charge": [0.32482, -0.51639, 1.095438, -0.850789, 0.087837, -0.406708, 1.021477, -0.889072, -0.520074, 0.323379, 0.232211, 1.022364, -0.833505, -0.476206, 0.326127, -0.255641, 0.268065, -0.087688, 0.040109, -0.148286, 0.412388, -0.388709, 1.063879, -0.864792, -0.5306, 0.326036, -0.001195, -0.01652, 0.019855, -0.011675, 0.002155, 0.007258, 0.019278, 0.004697, 0.000522, 0.004917, 0.038904, 0.041824, 0.047079, 0.063659, 0.017682, -0.017503, 0.003394]}, "structure": {"bonds": 1.2696658015125002, "angles": 115.29249047676956, "DA": -6.888664908557946}, "rotational_constant": {"A": 0.1390827, "B": 0.2150024, "C": 0.2464572}, "rays_asymmetry_parameter": -0.41411042659104386, "excited_energy": "0.9564", "volume": 463.26702}, "exciting_path_mean_volume": 462.0674650000001}