{
  "s0_rotational_constant_a": 0.0490149,
  "s0_rotational_constant_b": 0.0875953,
  "s0_rotational_constant_c": 0.0982405,
  "s1_rotational_constant_a": 0.0504522,
  "s1_rotational_constant_b": 0.0834897,
  "s1_rotational_constant_c": 0.1036727,
  "s0_rays_asymmetry_parameter": -0.5674933368003643,
  "s1_rays_asymmetry_parameter": -0.2415328679738069,
  "s0_volume": 627.32514,
  "s1_volume": 623.42888,
  "delta_volume": -3.896259999999984,
  "s0_homo_lumo_gap": 2.1473263060174173,
  "s1_homo_lumo_gap": 1.2410893411006785,
  "delta_gap": -0.9062369649167388,
  "s0_dihedral_avg": 4.929565735488933,
  "s1_dihedral_avg": 8.309415916850618,
  "delta_dihedral": 3.379850181361685,
  "delta_dipole": null,
  "excitation_energy": "2.0519",
  "exciting_path_mean_volume": 624.8039633333333,
  "s0_bonds_avg": 1.285536452625574,
  "s1_bonds_avg": 1.2858621133563939,
  "s0_angles_avg": 119.2177814084308,
  "s1_angles_avg": 119.21291723548254
}