{
  "s0_rotational_constant_a": 0.0490149,
  "s0_rotational_constant_b": 0.0875953,
  "s0_rotational_constant_c": 0.0982405,
  "s1_rotational_constant_a": 0.0504522,
  "s1_rotational_constant_b": 0.0834897,
  "s1_rotational_constant_c": 0.1036727,
  "s0_rays_asymmetry_parameter": -0.5674933368003643,
  "s1_rays_asymmetry_parameter": -0.2415328679738069,
  "s0_volume": 627.32514,
  "s1_volume": 623.42888,
  "delta_volume": -3.896259999999984,
  "s0_homo_lumo_gap": 2.1473263060174173,
  "s1_homo_lumo_gap": 1.2410893411006785,
  "delta_gap": -0.9062369649167388,
  "s0_dihedral_avg": 87.58075690863463,
  "s1_dihedral_avg": 87.93049591720548,
  "delta_dihedral": 0.3497390085708503,
  "delta_dipole": {
    "element": [
      "C",
      "C",
      "C",
      "C",
      "C",
      "C",
      "C",
      "C",
      "C",
      "C",
      "C",
      "C",
      "C",
      "C",
      "C",
      "C",
      "C",
      "N",
      "N",
      "N",
      "N",
      "C",
      "C",
      "C",
      "C",
      "C",
      "C",
      "C",
      "N",
      "N",
      "N",
      "N",
      "C",
      "C",
      "C",
      "C",
      "H",
      "H",
      "H",
      "H",
      "H",
      "H",
      "H",
      "H",
      "H",
      "H",
      "H",
      "H",
      "H",
      "H",
      "H",
      "H",
      "H",
      "H",
      "H",
      "H"
    ],
    "charge_variation": [
      0.0022699999999999977,
      -0.0010250000000000016,
      0.0005129999999999996,
      -0.0005560000000000009,
      0.0034050000000000018,
      0.0033290000000000004,
      -0.000685000000000005,
      -0.0014180000000000026,
      3.0000000000002247e-05,
      0.0023460000000000043,
      -0.001056999999999999,
      0.0005119999999999986,
      -0.004234000000000002,
      -0.0009039999999999951,
      -0.002142000000000005,
      -0.003105,
      -0.00032399999999999096,
      0.004064999999999985,
      0.001892999999999992,
      -0.0027309999999999834,
      -0.0017169999999999998,
      -0.00021099999999999938,
      -0.005181999999999999,
      -0.004244000000000012,
      -0.0008439999999999975,
      -0.002135999999999999,
      -0.0031330000000000004,
      -0.0005109999999999282,
      0.0044359999999999955,
      0.0019669999999999965,
      -0.003244999999999998,
      -0.001403999999999999,
      -0.0002249999999999995,
      -0.005175999999999993,
      -0.0014269999999999977,
      6.499999999999909e-05,
      0.0009459999999999989,
      -0.00017499999999999807,
      0.002297999999999998,
      0.0018789999999999987,
      0.0005270000000000032,
      0.0009300000000000003,
      -0.00017700000000000007,
      0.002328,
      0.0021940000000000015,
      0.0002950000000000001,
      0.0008889999999999731,
      -0.0004200000000000037,
      0.003040000000000001,
      0.0021680000000000033,
      0.0003020000000000002,
      0.0008709999999999551,
      -0.00044199999999999795,
      0.003023000000000005,
      0.0018170000000000061,
      0.000513000000000003
    ]
  },
  "excitation_energy": "2.0519",
  "exciting_path_mean_volume": 624.8039633333333,
  "s0_bonds_avg": 1.285536452625574,
  "s1_bonds_avg": 1.2858621133563939,
  "s0_angles_avg": 119.2177814084308,
  "s1_angles_avg": 119.21291723548254,
  "delta_bonds": 0.0003256607308199655,
  "delta_angles": -0.004864172948259693
}