{
  "s0_rotational_constant_a": 0.2406569,
  "s0_rotational_constant_b": 0.2851059,
  "s0_rotational_constant_c": 1.1960747,
  "s1_rotational_constant_a": 0.2485938,
  "s1_rotational_constant_b": 0.2695746,
  "s1_rotational_constant_c": 1.1741605,
  "s0_rays_asymmetry_parameter": 0.9069537955018214,
  "s1_rays_asymmetry_parameter": 0.954663883218789,
  "s0_volume": 329.81947,
  "s1_volume": 331.1993,
  "delta_volume": 1.37982999999997,
  "s0_homo_lumo_gap": 2.508647192986212,
  "s1_homo_lumo_gap": 1.5355328157574135,
  "delta_gap": -0.9731143772287987,
  "s0_dihedral_avg": 1.5327098484578807,
  "s1_dihedral_avg": -0.09257247264939919,
  "delta_dihedral": -1.62528232110728,
  "delta_dipole": null,
  "excitation_energy": "1.7676",
  "exciting_path_mean_volume": 330.387235,
  "s0_bonds_avg": 1.2819724217441937,
  "s1_bonds_avg": 1.277998814580968,
  "s0_angles_avg": 119.78097809285924,
  "s1_angles_avg": 119.82831142254678
}