{
  "s0_rotational_constant_a": 0.0165597,
  "s0_rotational_constant_b": 0.019115,
  "s0_rotational_constant_c": 0.0953423,
  "s1_rotational_constant_a": 0.0161283,
  "s1_rotational_constant_b": 0.018495,
  "s1_rotational_constant_c": 0.0955035,
  "s0_rays_asymmetry_parameter": 0.935130346040877,
  "s1_rays_asymmetry_parameter": 0.9403667644301998,
  "s0_volume": 1064.45523,
  "s1_volume": 1061.6557,
  "delta_volume": -2.7995300000000043,
  "s0_homo_lumo_gap": 2.189816878229355,
  "s1_homo_lumo_gap": 1.5855990365788957,
  "delta_gap": -0.6042178416504593,
  "s0_dihedral_avg": 15.22724926744625,
  "s1_dihedral_avg": 20.395503814040932,
  "delta_dihedral": 5.168254546594682,
  "delta_dipole": null,
  "excitation_energy": "2.4591",
  "exciting_path_mean_volume": 1062.6826183333335,
  "s0_bonds_avg": 1.2649289225866975,
  "s1_bonds_avg": 1.274777974620367,
  "s0_angles_avg": 114.30922599243992,
  "s1_angles_avg": 114.27181331754042
}