{
  "s0_rotational_constant_a": 0.1544492,
  "s0_rotational_constant_b": 0.1906605,
  "s0_rotational_constant_c": 0.4914209,
  "s1_rotational_constant_a": 0.1512006,
  "s1_rotational_constant_b": 0.189862,
  "s1_rotational_constant_c": 0.4938707,
  "s0_rays_asymmetry_parameter": 0.7850780940951421,
  "s1_rays_asymmetry_parameter": 0.7743520663168452,
  "s0_volume": 385.63064,
  "s1_volume": 385.40718,
  "delta_volume": -0.2234600000000455,
  "s0_homo_lumo_gap": 1.5899065982703147,
  "s1_homo_lumo_gap": 1.3609554766072964,
  "delta_gap": -0.22895112166301823,
  "s0_dihedral_avg": 90.11873002780229,
  "s1_dihedral_avg": 90.03093162917523,
  "delta_dihedral": -0.08779839862705785,
  "delta_dipole": {
    "element": [
      "O",
      "C",
      "C",
      "C",
      "C",
      "C",
      "C",
      "C",
      "C",
      "C",
      "C",
      "C",
      "N",
      "B",
      "F",
      "F",
      "N",
      "C",
      "C",
      "C",
      "C",
      "C",
      "H",
      "H",
      "H",
      "H",
      "H",
      "H",
      "H",
      "H",
      "H",
      "H",
      "H",
      "H",
      "H"
    ],
    "charge_variation": [
      0.0007289999999999797,
      -0.0003449999999999842,
      -0.0009150000000000061,
      0.008852000000000002,
      -0.00041500000000000044,
      0.013257000000000005,
      -0.0011670000000000014,
      0.009072000000000004,
      0.024168999999999996,
      0.0011459999999999804,
      0.012601000000000001,
      0.02563299999999996,
      -0.004127999999999965,
      0.005886999999999976,
      -0.004361999999999977,
      -0.003954000000000013,
      -0.06811800000000001,
      0.00893499999999997,
      -0.045897999999999994,
      -0.05821100000000001,
      0.04528499999999999,
      -0.0005519999999999969,
      0.0005970000000000142,
      -0.00033000000000000043,
      0.0008730000000000005,
      0.0018939999999999999,
      0.001231000000000003,
      0.006441999999999996,
      0.0032080000000000025,
      0.0010659999999999975,
      0.0013260000000000008,
      -0.0010870000000000046,
      0.007844000000000004,
      0.007443999999999999,
      0.0019939999999999958
    ]
  },
  "excitation_energy": "1.7693",
  "exciting_path_mean_volume": 385.3335650000001,
  "s0_bonds_avg": 1.2932253122510526,
  "s1_bonds_avg": 1.2983342376718419,
  "s0_angles_avg": 117.7743306256508,
  "s1_angles_avg": 117.75895028983777,
  "delta_bonds": 0.005108925420789223,
  "delta_angles": -0.015380335813034662
}