{
  "s0_rotational_constant_a": 0.0152303,
  "s0_rotational_constant_b": 0.0162777,
  "s0_rotational_constant_c": 0.1189208,
  "s1_rotational_constant_a": 0.0153809,
  "s1_rotational_constant_b": 0.0163939,
  "s1_rotational_constant_c": 0.1167905,
  "s0_rays_asymmetry_parameter": 0.9797975706549781,
  "s1_rays_asymmetry_parameter": 0.9800216153105821,
  "s0_volume": 895.9008,
  "s1_volume": 897.85333,
  "delta_volume": 1.9525300000000243,
  "s0_homo_lumo_gap": 0.8163877043425494,
  "s1_homo_lumo_gap": 0.4899137125223989,
  "delta_gap": -0.32647399182015047,
  "s0_dihedral_avg": 90.44066878000135,
  "s1_dihedral_avg": 90.48390322029226,
  "delta_dihedral": 0.04323444029091661,
  "delta_dipole": {
    "element": [
      "C",
      "O",
      "C",
      "C",
      "C",
      "C",
      "C",
      "C",
      "C",
      "C",
      "C",
      "C",
      "C",
      "C",
      "C",
      "C",
      "C",
      "C",
      "C",
      "C",
      "C",
      "C",
      "C",
      "C",
      "S",
      "C",
      "S",
      "N",
      "C",
      "C",
      "O",
      "O",
      "C",
      "O",
      "C",
      "C",
      "C",
      "C",
      "C",
      "C",
      "C",
      "C",
      "O",
      "C",
      "C",
      "C",
      "C",
      "C",
      "H",
      "H",
      "H",
      "H",
      "H",
      "H",
      "H",
      "H",
      "H",
      "H",
      "H",
      "H",
      "H",
      "H",
      "H",
      "H",
      "H",
      "H",
      "H",
      "H",
      "H",
      "H",
      "H",
      "H",
      "H",
      "H",
      "H",
      "H",
      "H",
      "H",
      "H"
    ],
    "charge_variation": [
      -0.002261000000000013,
      0.008133000000000001,
      0.005369000000000068,
      -0.005375999999999992,
      0.00038799999999999946,
      -0.004828,
      -0.0005170000000000001,
      -0.009820999999999996,
      0.004119999999999999,
      -0.00655399999999999,
      0.0012659999999999998,
      -0.006183000000000001,
      -7.499999999999868e-05,
      -0.004070000000000004,
      -0.0005150000000000016,
      0.003495000000000005,
      -0.0033390000000000017,
      -0.0007969999999999991,
      -0.0009979999999999989,
      0.009831999999999994,
      -0.005169,
      0.0034150000000000014,
      -0.0003699999999999988,
      0.01167,
      0.010874999999999996,
      -0.017032000000000047,
      0.010924999999999963,
      0.003683999999999965,
      0.005442000000000002,
      0.004057999999999895,
      -0.005101000000000022,
      -0.005271000000000026,
      -0.0012249999999999206,
      -0.011662000000000061,
      -0.0028980000000000013,
      0.0102,
      -0.0013890000000000013,
      0.001682999999999997,
      -0.004593999999999999,
      0.002060999999999997,
      -0.008849999999999997,
      0.005118999999999985,
      0.00939899999999999,
      -0.0026860000000000217,
      -0.007646000000000014,
      0.004229,
      0.0035139999999999998,
      -0.008044999999999997,
      0.00013900000000000023,
      0.001934,
      0.0014649999999999993,
      -0.0010920000000000027,
      0.0017110000000000007,
      0.0004320000000000018,
      -0.000841999999999999,
      -0.00021699999999999844,
      -0.0005600000000000015,
      0.0013960000000000014,
      -0.0003989999999999966,
      -0.00281,
      -0.001687000000000001,
      0.0016760000000000039,
      0.004362000000000005,
      0.002812000000000002,
      -0.001336999999999998,
      0.0026479999999999837,
      0.0009209999999999982,
      -0.002591000000000003,
      -0.0032489999999999984,
      -0.0006550000000000028,
      0.0002939999999999991,
      -0.0004269999999999968,
      0.0019509999999999996,
      0.00204,
      0.000699,
      -0.00032999999999999696,
      0.00030400000000000565,
      0.0006009999999999974,
      -0.0007949999999999971
    ]
  },
  "excitation_energy": "0.6421",
  "exciting_path_mean_volume": 896.6891766666668,
  "s0_bonds_avg": 1.2947903465972619,
  "s1_bonds_avg": 1.2976426736245241,
  "delta_bonds": 0.002852327027262236,
  "s0_angles_avg": 118.2293439000996,
  "s1_angles_avg": 118.22133091681768,
  "delta_angles": -0.008012983281915353
}