{
  "s0_rotational_constant_a": 0.0917786,
  "s0_rotational_constant_b": 0.1128948,
  "s0_rotational_constant_c": 0.1840833,
  "s1_rotational_constant_a": 0.0900295,
  "s1_rotational_constant_b": 0.1133067,
  "s1_rotational_constant_c": 0.1786763,
  "s0_rays_asymmetry_parameter": 0.5424675016548455,
  "s1_rays_asymmetry_parameter": 0.47483270687718027,
  "s0_volume": 631.16981,
  "s1_volume": 633.40758,
  "delta_volume": 2.2377700000000686,
  "s0_homo_lumo_gap": 2.1091677857402487,
  "s1_homo_lumo_gap": 1.349341658983183,
  "delta_gap": -0.7598261267570656,
  "s0_dihedral_avg": 91.67629928088341,
  "s1_dihedral_avg": 91.37304894538572,
  "delta_dihedral": -0.30325033549769387,
  "delta_dipole": {
    "element": [
      "C",
      "C",
      "C",
      "C",
      "C",
      "C",
      "C",
      "C",
      "C",
      "C",
      "C",
      "C",
      "N",
      "C",
      "C",
      "C",
      "C",
      "C",
      "C",
      "C",
      "C",
      "N",
      "C",
      "C",
      "C",
      "C",
      "C",
      "C",
      "C",
      "C",
      "H",
      "H",
      "H",
      "H",
      "H",
      "H",
      "H",
      "H",
      "H",
      "H",
      "H",
      "H",
      "H",
      "H",
      "H",
      "H",
      "H",
      "H",
      "H",
      "H",
      "H",
      "H",
      "H",
      "H",
      "H",
      "H",
      "H",
      "H",
      "H",
      "H",
      "H",
      "H"
    ],
    "charge_variation": [
      0.003822999999999993,
      0.0010120000000000007,
      0.002478000000000001,
      -0.01626100000000001,
      0.007925999999999989,
      0.005133,
      -0.006591,
      0.0008099999999999982,
      -0.0006620000000000098,
      0.0009609999999999896,
      -0.0015120000000000064,
      0.007324000000000004,
      0.07042400000000004,
      0.025027999999999995,
      -0.05033800000000002,
      0.020776000000000003,
      -0.0006150000000000044,
      -0.032665,
      0.00479099999999999,
      0.010994000000000004,
      -0.005340999999999985,
      -0.04350699999999996,
      -0.023414999999999964,
      -0.008391,
      0.02137,
      -0.0024390000000000037,
      0.00552699999999999,
      0.002606000000000011,
      0.0034239999999999965,
      -0.011556999999999998,
      -0.002509000000000001,
      -0.0019959999999999978,
      0.003771,
      7.899999999999921e-05,
      -0.0012980000000000023,
      0.004990999999999999,
      -0.006760000000000002,
      0.005195999999999999,
      -0.0009790000000000007,
      0.00018900000000000167,
      0.0006139999999999965,
      -3.500000000000031e-05,
      -0.0002579999999999978,
      2.6999999999999247e-05,
      0.0005089999999999956,
      -0.0025499999999999967,
      -0.00589400000000001,
      0.0004190000000000027,
      -0.0008789999999999978,
      0.000900999999999999,
      -0.00034500000000000156,
      -0.002144,
      -0.00046599999999999767,
      -3.200000000000078e-05,
      0.001341999999999996,
      0.009391000000000004,
      -0.0003599999999999992,
      -0.00011800000000000005,
      0.000622000000000001,
      1.4999999999997654e-05,
      -0.0005859999999999997,
      0.008028
    ]
  },
  "excitation_energy": "1.8393",
  "exciting_path_mean_volume": 631.7964916666666,
  "s0_bonds_avg": 1.2747747039416242,
  "s1_bonds_avg": 1.2759859471345805,
  "delta_bonds": 0.0012112431929562906,
  "s0_angles_avg": 114.9153374442622,
  "s1_angles_avg": 115.00231162847727,
  "delta_angles": 0.08697418421506597
}