{
  "s0_rotational_constant_a": 0.0313278,
  "s0_rotational_constant_b": 0.035275,
  "s0_rotational_constant_c": 0.1480461,
  "s1_rotational_constant_a": 0.0318166,
  "s1_rotational_constant_b": 0.0339479,
  "s1_rotational_constant_c": 0.1519989,
  "s0_rays_asymmetry_parameter": 0.9323636482025527,
  "s1_rays_asymmetry_parameter": 0.9645322148103339,
  "s0_volume": 829.48715,
  "s1_volume": 826.53764,
  "delta_volume": -2.949510000000032,
  "s0_homo_lumo_gap": 1.1835780863008503,
  "s1_homo_lumo_gap": 0.43572496740369715,
  "delta_gap": -0.7478531188971531,
  "s0_dihedral_avg": 90.07956838453964,
  "s1_dihedral_avg": 90.14878077277864,
  "delta_dihedral": 0.069212388238995,
  "delta_dipole": {
    "element": [
      "S",
      "C",
      "S",
      "C",
      "C",
      "C",
      "C",
      "C",
      "C",
      "C",
      "C",
      "C",
      "C",
      "C",
      "C",
      "C",
      "C",
      "C",
      "C",
      "C",
      "C",
      "C",
      "C",
      "C",
      "C",
      "C",
      "C",
      "C",
      "C",
      "C",
      "N",
      "C",
      "C",
      "C",
      "C",
      "C",
      "C",
      "C",
      "C",
      "C",
      "C",
      "C",
      "C",
      "H",
      "H",
      "H",
      "H",
      "H",
      "H",
      "H",
      "H",
      "H",
      "H",
      "H",
      "H",
      "H",
      "H",
      "H",
      "H",
      "H",
      "H",
      "H",
      "H",
      "H",
      "H",
      "H",
      "H",
      "H",
      "H",
      "H",
      "H",
      "H"
    ],
    "charge_variation": [
      0.04762600000000006,
      -0.01888500000000004,
      -0.020895999999999998,
      -0.009687000000000001,
      0.004157000000000001,
      -0.0074740000000000015,
      0.002918000000000004,
      0.0032169999999999976,
      -0.0069139999999999965,
      0.007592,
      0.000905000000000003,
      -0.0024879999999999902,
      0.00036399999999999974,
      -0.00029499999999999665,
      -0.0004480000000000005,
      8.400000000000074e-05,
      -0.0058929999999999955,
      0.010425000000000004,
      0.012303,
      -0.011719,
      -0.0055720000000000006,
      -0.0032140000000000085,
      0.0034069999999999934,
      -0.002815999999999999,
      0.0008729999999999988,
      -0.0022939999999999974,
      0.00024099999999999816,
      -0.00508900000000001,
      0.011931000000000004,
      0.003165000000000001,
      0.006928999999999963,
      0.003922000000000037,
      -0.010011000000000006,
      0.0001820000000000016,
      -0.005035999999999999,
      0.0046700000000000005,
      -0.0036639999999999937,
      -0.004448999999999995,
      0.003025,
      -0.004616000000000002,
      0.0013100000000000021,
      -0.0061460000000000126,
      0.00747800000000004,
      0.0072489999999999985,
      -0.009446000000000003,
      -0.00945,
      -0.0003039999999999987,
      0.0001329999999999977,
      5.300000000000096e-05,
      1.5999999999998654e-05,
      0.00033199999999999896,
      0.0016570000000000057,
      0.006322999999999999,
      0.013550000000000003,
      -0.0021469999999999996,
      -0.00016299999999999995,
      0.0014009999999999995,
      0.0008029999999999982,
      0.0004180000000000017,
      -5.3999999999998494e-05,
      -0.00027499999999999747,
      0.0007640000000000008,
      0.001017000000000004,
      0.001357999999999998,
      -0.007487999999999995,
      0.0001460000000000003,
      0.0003249999999999989,
      -0.0006340000000000026,
      -0.0006460000000000007,
      -0.0003999999999999976,
      -0.0007769999999999999,
      -0.0028810000000000016
    ]
  },
  "excitation_energy": "0.5334",
  "exciting_path_mean_volume": 827.3713899999999,
  "s0_bonds_avg": 1.3114846249431895,
  "s1_bonds_avg": 1.3115334784447976,
  "delta_bonds": 4.8853501608103755e-05,
  "s0_angles_avg": 119.40011008537816,
  "s1_angles_avg": 119.41109181191786,
  "delta_angles": 0.010981726539696979
}