{
  "s0_rotational_constant_a": 0.044826,
  "s0_rotational_constant_b": 0.0495103,
  "s0_rotational_constant_c": 0.2271159,
  "s1_rotational_constant_a": 0.045277,
  "s1_rotational_constant_b": 0.051299,
  "s1_rotational_constant_c": 0.2236078,
  "s0_rays_asymmetry_parameter": 0.9486060390619557,
  "s1_rays_asymmetry_parameter": 0.932462591991961,
  "s0_volume": 623.04371,
  "s1_volume": 624.57085,
  "delta_volume": 1.5271399999999176,
  "s0_homo_lumo_gap": 1.207469679257676,
  "s1_homo_lumo_gap": 0.4580410213716841,
  "delta_gap": -0.7494286578859919,
  "s0_dihedral_avg": 89.9471959476058,
  "s1_dihedral_avg": 90.20708005418057,
  "delta_dihedral": 0.25988410657475924,
  "delta_dipole": {
    "element": [
      "N",
      "C",
      "C",
      "C",
      "N",
      "C",
      "C",
      "C",
      "C",
      "C",
      "C",
      "C",
      "N",
      "C",
      "C",
      "C",
      "C",
      "C",
      "C",
      "C",
      "C",
      "C",
      "C",
      "C",
      "C",
      "C",
      "C",
      "C",
      "C",
      "C",
      "C",
      "C",
      "C",
      "C",
      "H",
      "H",
      "H",
      "H",
      "H",
      "H",
      "H",
      "H",
      "H",
      "H",
      "H",
      "H",
      "H",
      "H",
      "H",
      "H",
      "H",
      "H",
      "H",
      "H",
      "H"
    ],
    "charge_variation": [
      0.0066709999999999825,
      -9.199999999998099e-05,
      0.006032999999999997,
      -0.00042199999999992244,
      0.005754000000000037,
      0.0006090000000000123,
      0.026316999999999997,
      -0.0025230000000000044,
      0.025972,
      -0.012022999999999999,
      0.043461,
      -0.010477000000000014,
      -0.010947999999999958,
      0.016278000000000015,
      -0.04571800000000001,
      0.008295,
      -0.02996399999999999,
      0.004994,
      -0.02343200000000001,
      0.013815000000000022,
      -0.025239999999999985,
      0.005174,
      -0.028592999999999993,
      0.013411,
      -0.044669000000000014,
      0.045419,
      -0.018406000000000002,
      -0.0018330000000000013,
      0.0032909999999999953,
      0.002805999999999996,
      0.010347,
      0.0034769999999999975,
      0.006872999999999997,
      -6.0000000000001025e-05,
      0.007050000000000001,
      -0.0012170000000000028,
      0.0011480000000000032,
      -0.003485999999999996,
      -0.004761999999999999,
      -0.0013659999999999992,
      -0.002399000000000002,
      0.0046609999999999985,
      0.0036459999999999965,
      -0.0026190000000000033,
      -0.0009369999999999934,
      -0.0025120000000000003,
      -0.0018219999999999972,
      0.00012000000000000205,
      -0.0014810000000000031,
      0.0030209999999999994,
      0.0009970000000000014,
      0.0025179999999999994,
      0.0032130000000000006,
      0.0015480000000000008,
      7.999999999999674e-05
    ]
  },
  "excitation_energy": "0.5415",
  "exciting_path_mean_volume": 624.4787516666667,
  "s0_bonds_avg": 1.2851441941091528,
  "s1_bonds_avg": 1.2895845272852544,
  "delta_bonds": 0.004440333176101596,
  "s0_angles_avg": 120.60023376618314,
  "s1_angles_avg": 120.56739423782011,
  "delta_angles": -0.03283952836302717
}