{
  "s0_rotational_constant_a": 0.0441708,
  "s0_rotational_constant_b": 0.0511466,
  "s0_rotational_constant_c": 0.279556,
  "s1_rotational_constant_a": 0.0439751,
  "s1_rotational_constant_b": 0.0506459,
  "s1_rotational_constant_c": 0.2692326,
  "s0_rays_asymmetry_parameter": 0.9407286439419301,
  "s1_rays_asymmetry_parameter": 0.9407717834034383,
  "s0_volume": 589.59177,
  "s1_volume": 593.01199,
  "delta_volume": 3.420219999999972,
  "s0_homo_lumo_gap": 0.9215052710762777,
  "s1_homo_lumo_gap": 0.5780894731343516,
  "delta_gap": -0.3434157979419261,
  "s0_dihedral_avg": 90.3788262186405,
  "s1_dihedral_avg": 90.59250886015892,
  "delta_dihedral": 0.21368264151841743,
  "delta_dipole": {
    "element": [
      "C",
      "O",
      "C",
      "C",
      "C",
      "C",
      "N",
      "C",
      "C",
      "C",
      "C",
      "C",
      "C",
      "C",
      "C",
      "C",
      "C",
      "C",
      "C",
      "C",
      "C",
      "C",
      "N",
      "C",
      "C",
      "C",
      "C",
      "C",
      "C",
      "C",
      "H",
      "H",
      "H",
      "H",
      "H",
      "H",
      "H",
      "H",
      "H",
      "H",
      "H",
      "H",
      "H",
      "H",
      "H",
      "H",
      "H",
      "H",
      "H",
      "H",
      "H",
      "H",
      "H",
      "H",
      "H"
    ],
    "charge_variation": [
      -0.0068789999999999685,
      0.02362700000000001,
      0.015938999999999925,
      -0.04067899999999999,
      0.034018999999999994,
      -0.015268000000000004,
      -0.14639000000000002,
      0.034364000000000006,
      0.0029740000000000183,
      -0.002505,
      -0.004433000000000006,
      -0.004857,
      -0.003731000000000012,
      0.022943999999999964,
      0.013862999999999986,
      -0.00846,
      0.010742999999999999,
      0.0018869999999999998,
      0.026426000000000005,
      0.0007389999999999897,
      0.010162000000000004,
      0.012987000000000026,
      -0.02322099999999999,
      0.007647999999999988,
      0.011473000000000011,
      0.012148000000000006,
      -0.021977,
      0.033736,
      0.019155999999999992,
      -0.033025,
      0.0005500000000000001,
      0.0058709999999999995,
      0.004171,
      0.00044600000000000195,
      0.0021689999999999973,
      0.003806000000000004,
      -0.0025529999999999997,
      -0.0022240000000000038,
      -0.0037709999999999966,
      -0.002467999999999998,
      0.002367000000000001,
      -0.0012549999999999992,
      0.0035659999999999997,
      0.0015140000000000015,
      0.0017199999999999993,
      0.0033089999999999994,
      0.0008099999999999982,
      0.0007349999999999995,
      0.0008090000000000007,
      0.004034000000000003,
      0.0016030000000000003,
      -0.0015620000000000009,
      0.0008410000000000015,
      -0.005091999999999999,
      -0.002803
    ]
  },
  "excitation_energy": "0.6746",
  "exciting_path_mean_volume": 591.8266383333333,
  "s0_bonds_avg": 1.2620831305537932,
  "s1_bonds_avg": 1.266693722022414,
  "delta_bonds": 0.0046105914686207505,
  "s0_angles_avg": 118.61257683239275,
  "s1_angles_avg": 118.59827726869726,
  "delta_angles": -0.014299563695487905
}