{
  "s0_rotational_constant_a": 0.1334674,
  "s0_rotational_constant_b": 0.1479515,
  "s0_rotational_constant_c": 1.176977,
  "s1_rotational_constant_a": 0.1329066,
  "s1_rotational_constant_b": 0.148273,
  "s1_rotational_constant_c": 1.1622589,
  "s0_rays_asymmetry_parameter": 0.9722396420694165,
  "s1_rays_asymmetry_parameter": 0.9701435553211472,
  "s0_volume": 360.71211,
  "s1_volume": 360.53914,
  "delta_volume": -0.17297000000002072,
  "s0_homo_lumo_gap": 2.3015468106675336,
  "s1_homo_lumo_gap": 0.8091059386532029,
  "delta_gap": -1.4924408720143307,
  "s0_dihedral_avg": 89.99148001474641,
  "s1_dihedral_avg": 90.01813687616487,
  "delta_dihedral": 0.026656861418459243,
  "delta_dipole": {
    "element": [
      "O",
      "C",
      "C",
      "C",
      "N",
      "C",
      "C",
      "C",
      "C",
      "C",
      "C",
      "C",
      "O",
      "N",
      "C",
      "C",
      "C",
      "C",
      "C",
      "C",
      "H",
      "H",
      "H",
      "H",
      "H",
      "H",
      "H",
      "H",
      "H",
      "H",
      "H",
      "H"
    ],
    "charge_variation": [
      -0.010042999999999913,
      -0.00842900000000002,
      0.07225099999999995,
      -0.005126000000000019,
      -0.007705000000000073,
      0.00472800000000001,
      -0.0022729999999999972,
      0.006031,
      0.0030929999999999985,
      0.005756,
      -0.0023050000000000015,
      -0.01143800000000006,
      0.05945100000000003,
      -0.05475999999999992,
      0.027624000000000037,
      -0.024182999999999982,
      0.006732,
      -0.040294,
      0.007255000000000001,
      -0.03698800000000001,
      -0.007415000000000005,
      0.0014190000000000036,
      -0.002038999999999999,
      0.0015299999999999966,
      0.002487000000000003,
      0.0012910000000000005,
      -0.00010599999999999499,
      0.014070000000000006,
      -0.0026689999999999978,
      0.0016670000000000018,
      -0.002803,
      0.0031840000000000063
    ]
  },
  "excitation_energy": "0.9986",
  "exciting_path_mean_volume": 360.41372499999994,
  "s0_bonds_avg": 1.2705189579338236,
  "s1_bonds_avg": 1.2810886459476472,
  "s0_angles_avg": 119.9988269970527,
  "s1_angles_avg": 119.99168624527263,
  "delta_bonds": 0.01056968801382352,
  "delta_angles": -0.0071407517800707865
}