{
  "s0_rotational_constant_a": 0.1334674,
  "s0_rotational_constant_b": 0.1479515,
  "s0_rotational_constant_c": 1.176977,
  "s1_rotational_constant_a": 0.1329066,
  "s1_rotational_constant_b": 0.148273,
  "s1_rotational_constant_c": 1.1622589,
  "s0_rays_asymmetry_parameter": 0.9722396420694165,
  "s1_rays_asymmetry_parameter": 0.9701435553211472,
  "s0_volume": 360.71211,
  "s1_volume": 360.53914,
  "delta_volume": -0.17297000000002072,
  "s0_homo_lumo_gap": 2.3015468106675336,
  "s1_homo_lumo_gap": 0.8091059386532029,
  "delta_gap": -1.4924408720143307,
  "s0_dihedral_avg": 14.608941247541091,
  "s1_dihedral_avg": 4.208554054546874,
  "delta_dihedral": -10.400387192994216,
  "delta_dipole": null,
  "excitation_energy": "0.9986",
  "exciting_path_mean_volume": 360.41372499999994,
  "s0_bonds_avg": 1.2705189579338236,
  "s1_bonds_avg": 1.2810886459476472,
  "s0_angles_avg": 119.9988269970527,
  "s1_angles_avg": 119.99168624527263
}