{
  "s0_rotational_constant_a": 0.0472618,
  "s0_rotational_constant_b": 0.0636928,
  "s0_rotational_constant_c": 0.0751296,
  "s1_rotational_constant_a": 0.0468633,
  "s1_rotational_constant_b": 0.0627468,
  "s1_rotational_constant_c": 0.0757212,
  "s0_rays_asymmetry_parameter": -0.17921041488743242,
  "s1_rays_asymmetry_parameter": -0.10080775108375908,
  "s0_volume": 919.37967,
  "s1_volume": 917.46107,
  "delta_volume": -1.9186000000000831,
  "s0_homo_lumo_gap": 2.0881088975975524,
  "s1_homo_lumo_gap": 1.3120049224273078,
  "delta_gap": -0.7761039751702445,
  "s0_dihedral_avg": -2.1310982885137966,
  "s1_dihedral_avg": -1.7456669753756775,
  "delta_dihedral": 0.38543131313811907,
  "delta_dipole": null,
  "excitation_energy": "1.5205",
  "exciting_path_mean_volume": 918.174005,
  "s0_bonds_avg": 1.28717455430022,
  "s1_bonds_avg": 1.296055191083956,
  "s0_angles_avg": 119.95240724135853,
  "s1_angles_avg": 119.8972737888668
}