{
  "s0_rotational_constant_a": 0.0472618,
  "s0_rotational_constant_b": 0.0636928,
  "s0_rotational_constant_c": 0.0751296,
  "s1_rotational_constant_a": 0.0468633,
  "s1_rotational_constant_b": 0.0627468,
  "s1_rotational_constant_c": 0.0757212,
  "s0_rays_asymmetry_parameter": -0.17921041488743242,
  "s1_rays_asymmetry_parameter": -0.10080775108375908,
  "s0_volume": 919.37967,
  "s1_volume": 917.46107,
  "delta_volume": -1.9186000000000831,
  "s0_homo_lumo_gap": 2.0881088975975524,
  "s1_homo_lumo_gap": 1.3120049224273078,
  "delta_gap": -0.7761039751702445,
  "s0_dihedral_avg": 90.03404361695219,
  "s1_dihedral_avg": 90.04557829910962,
  "delta_dihedral": 0.01153468215743203,
  "delta_dipole": {
    "element": [
      "C",
      "C",
      "C",
      "C",
      "C",
      "C",
      "C",
      "C",
      "C",
      "C",
      "C",
      "C",
      "C",
      "C",
      "C",
      "C",
      "C",
      "C",
      "C",
      "N",
      "C",
      "C",
      "C",
      "C",
      "C",
      "C",
      "C",
      "C",
      "C",
      "C",
      "C",
      "C",
      "C",
      "C",
      "N",
      "C",
      "C",
      "C",
      "C",
      "C",
      "C",
      "C",
      "C",
      "C",
      "C",
      "C",
      "C",
      "C",
      "C",
      "C",
      "H",
      "H",
      "H",
      "H",
      "H",
      "H",
      "H",
      "H",
      "H",
      "H",
      "H",
      "H",
      "H",
      "H",
      "H",
      "H",
      "H",
      "H",
      "H",
      "H",
      "H",
      "H",
      "H",
      "H",
      "H",
      "H",
      "H",
      "H",
      "H",
      "H",
      "H",
      "H",
      "H",
      "H"
    ],
    "charge_variation": [
      -0.001564999999999997,
      -0.0009849999999999998,
      -0.0020509999999999973,
      0.0007749999999999979,
      -0.0012049999999999995,
      0.009654,
      0.010433000000000012,
      -0.0010959999999999998,
      -0.004234000000000002,
      -0.0019839999999999997,
      0.0006690000000000029,
      -0.008638999999999994,
      0.012295,
      -0.004684999999999995,
      0.001054999999999997,
      -0.0025519999999999987,
      0.0008159999999999973,
      -0.001726,
      -0.0034460000000000046,
      -0.026915000000000022,
      0.0031050000000000244,
      0.0012770000000000004,
      0.0010300000000000031,
      -0.0010299999999999997,
      0.001675999999999997,
      0.0012129999999999988,
      0.007502000000000002,
      0.007695000000000007,
      0.0010689999999999936,
      0.004650000000000001,
      -0.00030900000000000025,
      0.0018830000000000027,
      -0.000789999999999999,
      0.0014829999999999982,
      -0.01979299999999995,
      -0.0032280000000000086,
      0.0020629999999999954,
      0.004793000000000002,
      -0.0005750000000000026,
      0.0013209999999999958,
      -0.0017099999999999997,
      0.0016660000000000008,
      0.0024399999999999977,
      -0.0017630000000000007,
      -0.0008190000000000003,
      -0.002795000000000006,
      0.00018699999999999967,
      -0.003378999999999993,
      -0.0014110000000000025,
      -0.00036299999999999874,
      -0.0002030000000000018,
      4.000000000000184e-05,
      0.0009979999999999989,
      0.003131999999999996,
      -0.0003569999999999997,
      0.0002470000000000007,
      0.0005989999999999988,
      -0.0002700000000000029,
      0.00032000000000000084,
      0.0010410000000000003,
      -0.0004949999999999989,
      -0.00026600000000000235,
      -0.00029699999999999865,
      6.499999999999909e-05,
      0.0009600000000000025,
      -0.000337999999999998,
      0.0008620000000000017,
      0.001473000000000002,
      -8.700000000000027e-05,
      0.0004249999999999983,
      0.00015899999999999942,
      -0.0003689999999999978,
      0.0024349999999999997,
      -0.0001239999999999991,
      0.0007699999999999999,
      0.0001010000000000004,
      -0.00023199999999999957,
      0.000669999999999997,
      0.0004410000000000004,
      0.0003860000000000009,
      0.0005329999999999988,
      0.0008030000000000016,
      0.004742999999999997,
      0.00013200000000000017
    ]
  },
  "excitation_energy": "1.5205",
  "exciting_path_mean_volume": 918.174005,
  "s0_bonds_avg": 1.28717455430022,
  "s1_bonds_avg": 1.296055191083956,
  "s0_angles_avg": 119.95240724135853,
  "s1_angles_avg": 119.8972737888668,
  "delta_bonds": 0.008880636783735962,
  "delta_angles": -0.05513345249173085
}