{
  "charge": {
    "element": [
      "O",
      "P",
      "C",
      "C",
      "C",
      "C",
      "C",
      "C",
      "C",
      "C",
      "C",
      "C",
      "C",
      "C",
      "C",
      "C",
      "C",
      "C",
      "C",
      "C",
      "C",
      "C",
      "C",
      "C",
      "C",
      "C",
      "C",
      "C",
      "H",
      "H",
      "H",
      "H",
      "H",
      "H",
      "H",
      "H",
      "H",
      "H",
      "H",
      "H",
      "H",
      "H",
      "H",
      "H",
      "H",
      "H",
      "H"
    ],
    "charge_variation": [
      0.030279,
      -0.068743,
      0.0048799999999999955,
      0.002020999999999995,
      -0.0021130000000000003,
      -0.0014410000000000013,
      -0.00016299999999999995,
      -0.004685,
      -0.015627000000000002,
      0.007622999999999991,
      -0.0037849999999999967,
      0.000987,
      -0.0009390000000000023,
      0.00017900000000000207,
      -0.005998000000000003,
      0.024029000000000002,
      -0.0019529999999999964,
      0.0072469999999999965,
      -0.0020149999999999994,
      0.006170999999999999,
      -0.0017199999999999993,
      0.0006459999999999938,
      0.014192999999999997,
      0.002366999999999994,
      0.0048319999999999995,
      -0.002260000000000005,
      0.00878,
      -0.011507999999999997,
      0.002041000000000001,
      -0.00022600000000000398,
      -0.00011800000000000005,
      -0.0008789999999999978,
      -0.002116,
      -0.001118000000000001,
      0.0002699999999999994,
      0.0006190000000000015,
      0.000563000000000001,
      0.0013049999999999971,
      0.0048960000000000045,
      0.001358999999999999,
      0.0005180000000000011,
      0.0005280000000000007,
      0.0018490000000000034,
      -0.0003809999999999994,
      0.0018110000000000001,
      0.00033600000000000296,
      -0.0025400000000000006
    ]
  },
  "ground_state": {
    "HOMO-LUMO": 2.0884517610044506,
    "charge": {
      "element": [
        "O",
        "P",
        "C",
        "C",
        "C",
        "C",
        "C",
        "C",
        "C",
        "C",
        "C",
        "C",
        "C",
        "C",
        "C",
        "C",
        "C",
        "C",
        "C",
        "C",
        "C",
        "C",
        "C",
        "C",
        "C",
        "C",
        "C",
        "C",
        "H",
        "H",
        "H",
        "H",
        "H",
        "H",
        "H",
        "H",
        "H",
        "H",
        "H",
        "H",
        "H",
        "H",
        "H",
        "H",
        "H",
        "H",
        "H"
      ],
      "charge": [
        -0.495966,
        0.120523,
        0.086493,
        -0.050147,
        -0.018653,
        -0.01629,
        -0.026245,
        -0.004007,
        0.008776,
        0.067391,
        -0.044984,
        -0.014957,
        -0.034918,
        -0.01897,
        -0.075307,
        0.025499,
        0.067485,
        -0.049552,
        -0.017732,
        -0.033511,
        -0.021503,
        -0.065883,
        0.054995,
        -0.068757,
        -0.006267,
        -0.038332,
        -0.006534,
        0.045332,
        0.02814,
        0.031294,
        0.029365,
        0.032816,
        0.04764,
        0.053488,
        0.02961,
        0.026482,
        0.027051,
        0.030351,
        0.035321,
        0.030494,
        0.029012,
        0.028883,
        0.03016,
        0.039847,
        0.029842,
        0.033116,
        0.03911
      ]
    },
    "structure": {
      "bonds": 1.317313198082157,
      "angles": 119.21830235666418,
      "DA": 90.01350307999675
    },
    "rotational_constant": {
      "A": 0.1127909,
      "B": 0.1638606,
      "C": 0.2088699
    },
    "rays_asymmetry_parameter": -0.06307725933866916,
    "volume": 537.01478
  },
  "excited_state": {
    "HOMO-LUMO": 1.2450077800366488,
    "charge": {
      "element": [
        "O",
        "P",
        "C",
        "C",
        "C",
        "C",
        "C",
        "C",
        "C",
        "C",
        "C",
        "C",
        "C",
        "C",
        "C",
        "C",
        "C",
        "C",
        "C",
        "C",
        "C",
        "C",
        "C",
        "C",
        "C",
        "C",
        "C",
        "C",
        "H",
        "H",
        "H",
        "H",
        "H",
        "H",
        "H",
        "H",
        "H",
        "H",
        "H",
        "H",
        "H",
        "H",
        "H",
        "H",
        "H",
        "H",
        "H"
      ],
      "charge": [
        -0.465687,
        0.05178,
        0.091373,
        -0.048126,
        -0.020766,
        -0.017731,
        -0.026408,
        -0.008692,
        -0.006851,
        0.075014,
        -0.048769,
        -0.01397,
        -0.035857,
        -0.018791,
        -0.081305,
        0.049528,
        0.065532,
        -0.042305,
        -0.019747,
        -0.02734,
        -0.023223,
        -0.065237,
        0.069188,
        -0.06639,
        -0.001435,
        -0.040592,
        0.002246,
        0.033824,
        0.030181,
        0.031068,
        0.029247,
        0.031937,
        0.045524,
        0.05237,
        0.02988,
        0.027101,
        0.027614,
        0.031656,
        0.040217,
        0.031853,
        0.02953,
        0.029411,
        0.032009,
        0.039466,
        0.031653,
        0.033452,
        0.03657
      ]
    },
    "structure": {
      "bonds": 1.31250951604451,
      "angles": 119.18595752494379,
      "DA": 90.34723336618983
    },
    "rotational_constant": {
      "A": 0.1071308,
      "B": 0.1597537,
      "C": 0.2248599
    },
    "rays_asymmetry_parameter": 0.10603410711540309,
    "excited_energy": "1.8013",
    "volume": 534.15804
  },
  "exciting_path_mean_volume": 535.4258066666666
}