{
  "s0_rotational_constant_a": 0.0391149,
  "s0_rotational_constant_b": 0.0398776,
  "s0_rotational_constant_c": 0.4887214,
  "s1_rotational_constant_a": 0.0439146,
  "s1_rotational_constant_b": 0.0466615,
  "s1_rotational_constant_c": 0.4120981,
  "s0_rays_asymmetry_parameter": 0.9966072554556039,
  "s1_rays_asymmetry_parameter": 0.9850786360605513,
  "s0_volume": 571.93648,
  "s1_volume": 577.67895,
  "delta_volume": 5.742470000000026,
  "s0_homo_lumo_gap": 1.579427495254742,
  "s1_homo_lumo_gap": 0.08621109886766609,
  "delta_gap": -1.493216396387076,
  "s0_dihedral_avg": 94.91740740051075,
  "s1_dihedral_avg": 90.14979947752771,
  "delta_dihedral": -4.767607922983046,
  "delta_dipole": {
    "element": [
      "C",
      "C",
      "C",
      "N",
      "C",
      "C",
      "C",
      "C",
      "C",
      "C",
      "C",
      "C",
      "C",
      "N",
      "C",
      "C",
      "C",
      "C",
      "N",
      "C",
      "C",
      "C",
      "C",
      "C",
      "O",
      "C",
      "C",
      "Br",
      "H",
      "H",
      "H",
      "H",
      "H",
      "H",
      "H",
      "H",
      "H",
      "H",
      "H",
      "H",
      "H",
      "H",
      "H",
      "H",
      "H",
      "H",
      "H",
      "H",
      "H",
      "H",
      "H",
      "H"
    ],
    "charge_variation": [
      0.008256999999999987,
      -0.004589999999999999,
      0.014644999999999991,
      -0.04620099999999999,
      -0.007657999999999998,
      0.032738,
      -0.009600000000000001,
      0.020184000000000007,
      -0.00266799999999999,
      0.018012,
      0.02606,
      0.006128000000000022,
      0.03185399999999999,
      -0.024216000000000015,
      -0.01136799999999999,
      0.013937999999999992,
      -0.044265,
      -0.011768,
      0.07611499999999993,
      -0.004056999999999977,
      -0.0046760000000000135,
      -0.036248,
      -0.015736000000000007,
      0.019615999999999967,
      0.015675999999999912,
      0.022505999999999998,
      -0.02275900000000003,
      -0.07783499999999999,
      -0.0028779999999999986,
      0.003721000000000002,
      0.006784999999999999,
      0.0021870000000000014,
      0.002529,
      0.007882,
      0.0009100000000000011,
      0.008908,
      -0.005150999999999999,
      0.0008060000000000012,
      -0.00997,
      -5.999999999999062e-06,
      -0.002910999999999997,
      -0.003388,
      0.005301999999999999,
      -0.0009910000000000006,
      -0.0006239999999999996,
      -0.00317,
      0.0057,
      -0.0028369999999999992,
      -0.0007249999999999965,
      -0.0007920000000000149,
      -0.0070199999999999985,
      0.013648
    ]
  },
  "excitation_energy": "0.0992",
  "exciting_path_mean_volume": 573.2903600000001,
  "s0_bonds_avg": 1.6598270705025862,
  "s1_bonds_avg": 1.3369775024866073,
  "delta_bonds": -0.32284956801597886,
  "s0_angles_avg": 104.68856691253795,
  "s1_angles_avg": 114.54756927714912,
  "delta_angles": 9.859002364611172
}