{
  "charge": {
    "element": [
      "C",
      "C",
      "O",
      "C",
      "C",
      "C",
      "C",
      "N",
      "C",
      "C",
      "C",
      "C",
      "C",
      "C",
      "C",
      "C",
      "C",
      "C",
      "C",
      "C",
      "C",
      "C",
      "H",
      "H",
      "H",
      "H",
      "H",
      "H",
      "H",
      "H",
      "H",
      "H",
      "H",
      "H",
      "H",
      "H",
      "H"
    ],
    "charge_variation": [
      0.0011239999999999861,
      -0.0019890000000000185,
      -0.025441999999999965,
      0.023385999999999997,
      -0.009864999999999999,
      0.03232099999999999,
      -0.007640000000000036,
      0.021077999999999986,
      0.008413000000000004,
      -0.028531,
      0.015096,
      -0.029915999999999998,
      0.011495000000000002,
      -0.017987000000000003,
      -0.0048809999999999965,
      0.004174999999999998,
      -0.015936000000000006,
      0.009084000000000002,
      -0.020025000000000015,
      -0.001436999999999966,
      0.024678000000000005,
      0.007799,
      -0.00145,
      -0.0015389999999999987,
      0.003959999999999998,
      0.009815999999999998,
      -0.0011050000000000018,
      -0.006869,
      -0.0013179999999999997,
      0.001460000000000003,
      0.00026199999999999835,
      0.000788000000000004,
      0.0007059999999999983,
      -0.0003980000000000025,
      -0.005630000000000003,
      0.0010530000000000053,
      0.005267000000000001
    ]
  },
  "ground_state": {
    "HOMO-LUMO": 2.3942723142662525,
    "charge": {
      "element": [
        "C",
        "C",
        "O",
        "C",
        "C",
        "C",
        "C",
        "N",
        "C",
        "C",
        "C",
        "C",
        "C",
        "C",
        "C",
        "C",
        "C",
        "C",
        "C",
        "C",
        "C",
        "C",
        "H",
        "H",
        "H",
        "H",
        "H",
        "H",
        "H",
        "H",
        "H",
        "H",
        "H",
        "H",
        "H",
        "H",
        "H"
      ],
      "charge": [
        -0.176139,
        0.742505,
        -0.703148,
        -0.068398,
        -0.036693,
        -0.130767,
        0.392224,
        -0.425514,
        0.314332,
        -0.152204,
        -0.021543,
        -0.075626,
        -0.038565,
        -0.043502,
        -0.042715,
        -0.038244,
        -0.075927,
        -0.022745,
        -0.153687,
        0.314706,
        -0.132087,
        0.019295,
        0.025567,
        0.025611,
        0.048841,
        0.03393,
        0.046531,
        0.041599,
        0.030206,
        0.032475,
        0.034271,
        0.034364,
        0.032411,
        0.029593,
        0.040437,
        0.046887,
        0.051718
      ]
    },
    "structure": {
      "bonds": 1.29070834451625,
      "angles": 119.03922204147607,
      "DA": 89.94105549005651
    },
    "rotational_constant": {
      "A": 0.1323838,
      "B": 0.1716339,
      "C": 0.4979712
    },
    "rays_asymmetry_parameter": 0.7852765166414378,
    "volume": 411.54914
  },
  "excited_state": {
    "HOMO-LUMO": 1.5622734403572678,
    "charge": {
      "element": [
        "C",
        "C",
        "O",
        "C",
        "C",
        "C",
        "C",
        "N",
        "C",
        "C",
        "C",
        "C",
        "C",
        "C",
        "C",
        "C",
        "C",
        "C",
        "C",
        "C",
        "C",
        "C",
        "H",
        "H",
        "H",
        "H",
        "H",
        "H",
        "H",
        "H",
        "H",
        "H",
        "H",
        "H",
        "H",
        "H",
        "H"
      ],
      "charge": [
        -0.175015,
        0.740516,
        -0.72859,
        -0.045012,
        -0.046558,
        -0.098446,
        0.384584,
        -0.404436,
        0.322745,
        -0.180735,
        -0.006447,
        -0.105542,
        -0.02707,
        -0.061489,
        -0.047596,
        -0.034069,
        -0.091863,
        -0.013661,
        -0.173712,
        0.313269,
        -0.107409,
        0.027094,
        0.024117,
        0.024072,
        0.052801,
        0.043746,
        0.045426,
        0.03473,
        0.028888,
        0.033935,
        0.034533,
        0.035152,
        0.033117,
        0.029195,
        0.034807,
        0.04794,
        0.056985
      ]
    },
    "structure": {
      "bonds": 1.28799922286475,
      "angles": 119.04134024908232,
      "DA": 90.05980976285956
    },
    "rotational_constant": {
      "A": 0.135952,
      "B": 0.1690039,
      "C": 0.4962484
    },
    "rays_asymmetry_parameter": 0.8165293908015733,
    "excited_energy": "1.7967",
    "volume": 416.80295
  },
  "exciting_path_mean_volume": 414.5107133333334
}