{
  "s0_rotational_constant_a": 0.0466935,
  "s0_rotational_constant_b": 0.0630006,
  "s0_rotational_constant_c": 0.1547997,
  "s1_rotational_constant_a": 0.0483718,
  "s1_rotational_constant_b": 0.0629238,
  "s1_rotational_constant_c": 0.1552572,
  "s0_rays_asymmetry_parameter": 0.6983133252301903,
  "s1_rays_asymmetry_parameter": 0.7277083680278128,
  "s0_volume": 699.07804,
  "s1_volume": 702.26903,
  "delta_volume": 3.190990000000056,
  "s0_homo_lumo_gap": 1.106036533579021,
  "s1_homo_lumo_gap": 0.07136456912137534,
  "delta_gap": -1.0346719644576456,
  "s0_dihedral_avg": 90.45649871451852,
  "s1_dihedral_avg": 90.88990648540128,
  "delta_dihedral": 0.4334077708827664,
  "delta_dipole": {
    "element": [
      "C",
      "O",
      "C",
      "C",
      "C",
      "C",
      "C",
      "C",
      "C",
      "C",
      "C",
      "C",
      "C",
      "C",
      "C",
      "C",
      "C",
      "C",
      "C",
      "C",
      "C",
      "C",
      "N",
      "C",
      "N",
      "C",
      "C",
      "C",
      "C",
      "C",
      "C",
      "O",
      "C",
      "C",
      "C",
      "C",
      "C",
      "H",
      "H",
      "H",
      "H",
      "H",
      "H",
      "H",
      "H",
      "H",
      "H",
      "H",
      "H",
      "H",
      "H",
      "H",
      "H",
      "H",
      "H",
      "H",
      "H",
      "H",
      "H",
      "H",
      "H",
      "H",
      "H"
    ],
    "charge_variation": [
      -0.0026450000000000085,
      0.005666000000000004,
      7.00000000000145e-05,
      -0.0067919999999999925,
      0.0023929999999999993,
      0.001666,
      -0.005356,
      -0.03033899999999999,
      0.012497999999999995,
      -0.016590000000000008,
      0.0006519999999999998,
      -0.016152,
      0.001058,
      -0.010634999999999992,
      -0.005739999999999995,
      0.006270000000000005,
      -0.014288000000000002,
      -0.002052,
      0.040553000000000006,
      0.015396999999999994,
      0.019697999999999993,
      4.499999999996174e-05,
      0.010692000000000035,
      0.015170999999999935,
      -0.0043480000000000185,
      -0.021262999999999997,
      0.025014999999999996,
      -0.00912,
      0.0033020000000000063,
      -0.021329000000000015,
      0.004954000000000014,
      0.012050000000000005,
      -0.008572000000000024,
      0.0009679999999999966,
      0.005520000000000001,
      -0.000725,
      -0.008256999999999987,
      0.0013550000000000003,
      -0.0003570000000000001,
      0.0018270000000000005,
      -0.0016109999999999944,
      -0.0003569999999999962,
      -0.0011450000000000002,
      -0.003079000000000002,
      -0.0016320000000000015,
      -0.002182,
      0.0014199999999999977,
      -0.004421000000000001,
      -0.014127,
      0.005939,
      -0.003132000000000003,
      0.004472,
      -0.006853999999999999,
      -0.0010569999999999954,
      0.0004850000000000028,
      -0.0022049999999999986,
      -0.002871,
      0.011589000000000002,
      0.0044399999999999995,
      0.00884,
      0.005967999999999998,
      0.0007379999999999956,
      -0.0014759999999999981
    ]
  },
  "excitation_energy": "0.0822",
  "exciting_path_mean_volume": 700.722925,
  "s0_bonds_avg": 1.2775951580550002,
  "s1_bonds_avg": 1.2666431986133333,
  "delta_bonds": -0.010951959441666936,
  "s0_angles_avg": 119.86842464564846,
  "s1_angles_avg": 119.23852781831098,
  "delta_angles": -0.6298968273374754
}