{
  "s0_rotational_constant_a": 0.0089958,
  "s0_rotational_constant_b": 0.0098015,
  "s0_rotational_constant_c": 0.0675744,
  "s1_rotational_constant_a": 0.0090606,
  "s1_rotational_constant_b": 0.0098731,
  "s1_rotational_constant_c": 0.0671937,
  "s0_rays_asymmetry_parameter": 0.9724916607771439,
  "s1_rays_asymmetry_parameter": 0.972046906151573,
  "s0_volume": 1408.51506,
  "s1_volume": 1407.31893,
  "delta_volume": -1.1961300000000392,
  "s0_homo_lumo_gap": 1.6069490865036395,
  "s1_homo_lumo_gap": 1.0392135440299621,
  "delta_gap": -0.5677355424736774,
  "s0_dihedral_avg": 91.92584139449309,
  "s1_dihedral_avg": 91.614965954011,
  "delta_dihedral": -0.3108754404820928,
  "delta_dipole": {
    "element": [
      "C",
      "C",
      "C",
      "C",
      "C",
      "C",
      "C",
      "C",
      "C",
      "C",
      "C",
      "C",
      "C",
      "N",
      "C",
      "C",
      "C",
      "C",
      "C",
      "C",
      "C",
      "C",
      "C",
      "C",
      "C",
      "C",
      "C",
      "C",
      "C",
      "C",
      "C",
      "C",
      "C",
      "C",
      "C",
      "C",
      "C",
      "C",
      "C",
      "C",
      "C",
      "C",
      "C",
      "C",
      "C",
      "C",
      "C",
      "C",
      "C",
      "C",
      "C",
      "C",
      "C",
      "C",
      "C",
      "C",
      "C",
      "N",
      "C",
      "C",
      "C",
      "C",
      "C",
      "C",
      "N",
      "C",
      "C",
      "C",
      "C",
      "C",
      "C",
      "C",
      "C",
      "C",
      "C",
      "H",
      "H",
      "H",
      "H",
      "H",
      "H",
      "H",
      "H",
      "H",
      "H",
      "H",
      "H",
      "H",
      "H",
      "H",
      "H",
      "H",
      "H",
      "H",
      "H",
      "H",
      "H",
      "H",
      "H",
      "H",
      "H",
      "H",
      "H",
      "H",
      "H",
      "H",
      "H",
      "H",
      "H",
      "H",
      "H",
      "H",
      "H",
      "H",
      "H",
      "H",
      "H",
      "H",
      "H",
      "H",
      "H",
      "H",
      "H",
      "H",
      "H",
      "H",
      "H",
      "H",
      "H",
      "H",
      "H",
      "H",
      "H",
      "H",
      "H",
      "H"
    ],
    "charge_variation": [
      0.00011400000000000299,
      -0.0010889999999999928,
      0.0005319999999999908,
      0.0008369999999999905,
      0.002787999999999999,
      0.0010879999999999918,
      -0.0072510000000000005,
      0.0065729999999999955,
      -0.011734000000000001,
      0.010019999999999994,
      0.002030000000000004,
      0.005823999999999996,
      -0.021741999999999984,
      0.08913300000000002,
      0.010146000000000044,
      -0.042973999999999984,
      0.019819,
      -0.04789,
      0.017332,
      -0.041331999999999994,
      0.003962,
      -0.003380000000000008,
      -0.00022500000000000298,
      -0.0003139999999999983,
      0.00042400000000000077,
      -0.0016819999999999995,
      -0.0006400000000000017,
      0.0017759999999999998,
      -0.0009849999999999998,
      -0.0007820000000000014,
      -0.00036499999999999727,
      -0.0001999999999999988,
      0.0027669999999999986,
      -0.004161,
      0.004902000000000004,
      -0.003972999999999997,
      0.006855,
      -0.009260000000000004,
      -0.01331600000000005,
      0.00913,
      -0.00017000000000000348,
      0.005844000000000002,
      -0.00750300000000001,
      0.005842,
      -0.0014009999999999995,
      0.0012049999999999977,
      0.0009359999999999924,
      0.0002899999999999986,
      -0.00268199999999999,
      -0.002451000000000002,
      0.004154999999999999,
      -0.0037970000000000018,
      -0.0004060000000000036,
      -6.500000000000256e-05,
      -0.00020900000000000085,
      -0.000929000000000001,
      -0.00028399999999995096,
      -0.00022400000000000198,
      0.0017089999999999606,
      -0.000907000000000005,
      0.0005330000000000057,
      0.00047900000000000026,
      -0.0014360000000000206,
      0.0028800000000000214,
      -0.003346999999999989,
      0.0009489999999999776,
      -0.0003550000000000081,
      0.0003369999999999996,
      -0.00021000000000000185,
      -0.0009160000000000001,
      0.0007449999999999957,
      0.0011220000000000015,
      -0.0012599999999999972,
      0.005190999999999994,
      -0.0018640000000000045,
      0.00038000000000000186,
      7.700000000000068e-05,
      3.300000000000178e-05,
      9.299999999999933e-05,
      8.499999999999827e-05,
      -0.00011700000000000252,
      -0.00019399999999999973,
      -0.0002470000000000007,
      -5.9000000000000025e-05,
      0.0009069999999999981,
      0.0010490000000000013,
      0.0017160000000000022,
      0.0004549999999999971,
      -0.0024949999999999972,
      -0.0007530000000000002,
      0.0016739999999999984,
      -0.0015270000000000006,
      0.00035400000000000015,
      -6.399999999999809e-05,
      -0.0002620000000000018,
      0.000673,
      0.0016100000000000003,
      -0.0013140000000000027,
      -0.00020399999999999932,
      -0.00046599999999999767,
      -1.8999999999998185e-05,
      0.0006290000000000046,
      0.0014929999999999995,
      0.0026450000000000015,
      0.0007399999999999976,
      0.00022000000000000491,
      -0.00010500000000000093,
      -0.000817,
      -7.800000000000168e-05,
      0.0021950000000000025,
      0.0008120000000000002,
      0.000336999999999997,
      0.0006700000000000005,
      -0.0017249999999999974,
      0.0004289999999999988,
      -0.00027699999999999947,
      -0.0002599999999999998,
      -0.0012250000000000004,
      -0.00019399999999999973,
      0.000732,
      0.0012770000000000004,
      0.002034000000000001,
      0.0004180000000000017,
      0.0004359999999999989,
      9.399999999999686e-05,
      0.00011399999999999952,
      0.0001910000000000002,
      0.00027900000000000147,
      4.699999999999843e-05,
      -3.699999999999537e-05,
      0.0001860000000000056,
      9.699999999999986e-05,
      -0.00013799999999999923,
      0.00035199999999999815,
      0.0006019999999999984,
      0.0018869999999999998
    ]
  },
  "excitation_energy": "1.1990",
  "exciting_path_mean_volume": 1407.8189833333333,
  "s0_bonds_avg": 1.269702860154865,
  "s1_bonds_avg": 1.2825009343894593,
  "delta_bonds": 0.012798074234594337,
  "s0_angles_avg": 117.21284765323733,
  "s1_angles_avg": 117.2140092356423,
  "delta_angles": 0.0011615824049613366
}