{
  "s0_rotational_constant_a": 0.017166,
  "s0_rotational_constant_b": 0.0191134,
  "s0_rotational_constant_c": 0.0783665,
  "s1_rotational_constant_a": 0.0171116,
  "s1_rotational_constant_b": 0.018469,
  "s1_rotational_constant_c": 0.0729587,
  "s0_rays_asymmetry_parameter": 0.9363599970588476,
  "s1_rays_asymmetry_parameter": 0.9513887023677149,
  "s0_volume": 1160.30559,
  "s1_volume": 1147.77363,
  "delta_volume": -12.531960000000026,
  "s0_homo_lumo_gap": 2.4639144029386912,
  "s1_homo_lumo_gap": 1.6206745073321382,
  "delta_gap": -0.843239895606553,
  "s0_dihedral_avg": 89.99181471759174,
  "s1_dihedral_avg": 90.18072081250568,
  "delta_dihedral": 0.18890609491394628,
  "delta_dipole": {
    "element": [
      "C",
      "C",
      "C",
      "C",
      "C",
      "C",
      "C",
      "C",
      "C",
      "C",
      "C",
      "C",
      "C",
      "C",
      "C",
      "C",
      "C",
      "C",
      "C",
      "C",
      "C",
      "C",
      "N",
      "C",
      "C",
      "C",
      "C",
      "C",
      "C",
      "C",
      "C",
      "C",
      "C",
      "C",
      "C",
      "C",
      "C",
      "C",
      "C",
      "C",
      "C",
      "C",
      "C",
      "C",
      "C",
      "C",
      "C",
      "N",
      "C",
      "C",
      "C",
      "C",
      "C",
      "C",
      "C",
      "C",
      "C",
      "C",
      "C",
      "C",
      "C",
      "C",
      "C",
      "C",
      "H",
      "H",
      "H",
      "H",
      "H",
      "H",
      "H",
      "H",
      "H",
      "H",
      "H",
      "H",
      "H",
      "H",
      "H",
      "H",
      "H",
      "H",
      "H",
      "H",
      "H",
      "H",
      "H",
      "H",
      "H",
      "H",
      "H",
      "H",
      "H",
      "H",
      "H",
      "H",
      "H",
      "H",
      "H",
      "H",
      "H",
      "H",
      "H",
      "H",
      "H",
      "H"
    ],
    "charge_variation": [
      -0.005088000000000002,
      -0.003987000000000001,
      -0.0031719999999999943,
      -0.0010970000000000008,
      -0.0022450000000000005,
      0.0010339999999999967,
      -0.001232999999999998,
      -0.0030670000000000003,
      -0.0034820000000000025,
      -0.003278000000000003,
      0.0026149999999999993,
      -0.002124999999999988,
      -0.000345000000000005,
      0.002675999999999998,
      0.0013549999999999986,
      -0.004470000000000002,
      -0.0013950000000000004,
      -0.0012550000000000026,
      0.007231000000000001,
      -0.0020669999999999994,
      0.0006239999999999996,
      -0.0031050000000000244,
      0.005698999999999954,
      -0.00019400000000002748,
      -0.001825000000000021,
      -9.10000000000008e-05,
      -0.00019799999999998985,
      0.00048200000000000326,
      0.0008809999999999998,
      -0.002250000000000002,
      -0.00015199999999999936,
      -0.001579999999999998,
      -0.000895,
      0.00018799999999999373,
      0.00193500000000002,
      0.0017559999999999937,
      -0.0018260000000000012,
      -0.00035400000000000015,
      0.002800000000000004,
      0.002158,
      -0.005063000000000005,
      -0.0017230000000000023,
      -0.0023120000000000016,
      0.010355999999999997,
      -0.0016719999999999999,
      0.003014000000000003,
      -0.014234000000000024,
      0.038158000000000025,
      0.0017739999999999978,
      -0.012636000000000008,
      0.006079000000000001,
      -0.013576000000000005,
      0.004006000000000003,
      -0.008117,
      -0.0015990000000000032,
      0.0027620000000000006,
      -0.008503999999999998,
      0.004656,
      -0.012276000000000009,
      -0.003251000000000004,
      0.003818000000000002,
      -0.003173000000000002,
      -0.002780999999999992,
      0.002399000000000002,
      0.005390000000000002,
      0.0022980000000000014,
      0.0016600000000000018,
      0.001410999999999999,
      0.0022010000000000016,
      0.004427,
      -0.0020230000000000005,
      0.0011520000000000037,
      0.001358999999999999,
      -0.0002899999999999986,
      0.0025959999999999976,
      0.0013829999999999988,
      0.0014789999999999942,
      0.002466000000000003,
      -0.0003889999999999935,
      -0.00010499999999999746,
      -0.00015199999999999936,
      -0.00034,
      -4.599999999999743e-05,
      0.00017400000000000054,
      -0.00016000000000000042,
      -0.0011920000000000056,
      -0.0005949999999999983,
      -0.0011069999999999969,
      0.0019050000000000004,
      -0.000681000000000001,
      0.003105,
      0.0013360000000000004,
      0.002685,
      0.0024170000000000025,
      -0.001007000000000001,
      0.0001570000000000009,
      0.0009269999999999973,
      0.0006990000000000052,
      0.0006350000000000036,
      0.0003130000000000008,
      0.00038799999999999946,
      0.0004299999999999998,
      -0.0006010000000000043,
      -0.00022900000000000004,
      0.0012560000000000036,
      -0.0021009999999999987
    ]
  },
  "excitation_energy": "1.8693",
  "exciting_path_mean_volume": 1156.1007616666666,
  "s0_bonds_avg": 1.2853804762775214,
  "s1_bonds_avg": 1.2760104250732476,
  "delta_bonds": -0.00937005120427381,
  "s0_angles_avg": 119.99671753091116,
  "s1_angles_avg": 119.99878555045295,
  "delta_angles": 0.002068019541795252
}