{
  "s0_rotational_constant_a": 0.0231527,
  "s0_rotational_constant_b": 0.0277427,
  "s0_rotational_constant_c": 0.0479056,
  "s1_rotational_constant_a": 0.0210199,
  "s1_rotational_constant_b": 0.0274071,
  "s1_rotational_constant_c": 0.0434987,
  "s0_rays_asymmetry_parameter": 0.6291343640543128,
  "s1_rays_asymmetry_parameter": 0.43171343666032,
  "s0_volume": 1206.71091,
  "s1_volume": 1201.83925,
  "delta_volume": -4.87166000000002,
  "s0_homo_lumo_gap": 1.9912989656357145,
  "s1_homo_lumo_gap": 1.5281394834039181,
  "delta_gap": -0.46315948223179637,
  "s0_dihedral_avg": 90.7701961241108,
  "s1_dihedral_avg": 90.90448422291662,
  "delta_dihedral": 0.13428809880582548,
  "delta_dipole": {
    "element": [
      "C",
      "C",
      "C",
      "C",
      "C",
      "C",
      "C",
      "C",
      "C",
      "C",
      "C",
      "C",
      "C",
      "C",
      "C",
      "C",
      "C",
      "C",
      "C",
      "C",
      "C",
      "C",
      "C",
      "C",
      "C",
      "C",
      "C",
      "O",
      "C",
      "C",
      "C",
      "C",
      "C",
      "C",
      "C",
      "C",
      "C",
      "C",
      "C",
      "C",
      "C",
      "C",
      "C",
      "C",
      "C",
      "C",
      "C",
      "C",
      "C",
      "C",
      "C",
      "C",
      "C",
      "N",
      "C",
      "C",
      "C",
      "C",
      "C",
      "C",
      "C",
      "C",
      "C",
      "C",
      "H",
      "H",
      "H",
      "H",
      "H",
      "H",
      "H",
      "H",
      "H",
      "H",
      "H",
      "H",
      "H",
      "H",
      "H",
      "H",
      "H",
      "H",
      "H",
      "H",
      "H",
      "H",
      "H",
      "H",
      "H",
      "H",
      "H",
      "H",
      "H",
      "H",
      "H",
      "H",
      "H",
      "H",
      "H",
      "H",
      "H",
      "H",
      "H",
      "H",
      "H",
      "H",
      "H",
      "H",
      "H",
      "H",
      "H",
      "H",
      "H"
    ],
    "charge_variation": [
      -0.0021050000000000096,
      -0.008189999999999996,
      0.000892999999999998,
      -0.013760000000000022,
      -0.01071099999999997,
      -0.007210000000000001,
      0.004350000000000007,
      -0.0008530000000000065,
      -0.004291999999999997,
      0.00033199999999999896,
      -0.0029770000000000005,
      -0.0008029999999999982,
      -0.0003019999999999967,
      0.0015099999999999975,
      -5.1999999999996493e-05,
      -0.0005440000000000028,
      -0.0012739999999999974,
      -0.0011530000000000012,
      0.0007749999999999979,
      -0.00010699999999999599,
      -0.0023619999999999995,
      -0.0013820000000000013,
      0.0015200000000000005,
      0.0009800000000000017,
      0.003897000000000001,
      0.003285000000000003,
      -0.00665300000000002,
      -0.02704899999999999,
      0.012455000000000008,
      -0.0004359999999999989,
      0.003026000000000001,
      -0.0033159999999999995,
      -0.0012479999999999991,
      0.0021760000000000043,
      0.004247000000000001,
      0.0015480000000000008,
      0.0020529999999999993,
      0.0020550000000000013,
      -0.0018309999999999993,
      -0.0003580000000000111,
      0.0012499999999999976,
      -0.0028599999999999945,
      -0.0020799999999999985,
      0.0014230000000000076,
      -0.0021919999999999856,
      -0.004795000000000001,
      -0.0020719999999999905,
      0.0019819999999999977,
      -0.006970000000000004,
      0.0006630000000000108,
      0.003162999999999999,
      -0.011818999999999996,
      -0.011942999999999981,
      0.05943000000000004,
      -0.004169000000000034,
      -0.009056999999999996,
      0.0019399999999999973,
      0.001342999999999997,
      -6.50000000000095e-05,
      -0.00037800000000000333,
      5.6000000000000494e-05,
      -0.0003569999999999962,
      0.0020710000000000034,
      -0.0026450000000000085,
      0.0012529999999999972,
      0.0006290000000000011,
      0.0011339999999999996,
      0.0014760000000000016,
      0.001794999999999998,
      0.0018030000000000025,
      -0.001469999999999999,
      0.0016600000000000018,
      0.0016419999999999976,
      5.099999999999896e-05,
      -3.200000000000078e-05,
      0.00030000000000000165,
      0.0005429999999999983,
      0.0003160000000000003,
      -1.5999999999998654e-05,
      -0.0009169999999999977,
      -0.00031799999999999884,
      0.002811999999999995,
      0.001912000000000004,
      0.0032320000000000057,
      0.002520999999999999,
      -0.0010270000000000001,
      0.002884000000000001,
      0.0012939999999999965,
      0.0009409999999999974,
      0.0006560000000000003,
      0.0027690000000000006,
      0.0017220000000000013,
      0.0019349999999999992,
      0.0037820000000000006,
      0.0016910000000000015,
      0.00021900000000000044,
      0.0005329999999999988,
      -0.0004039999999999981,
      0.0003130000000000008,
      0.0002449999999999952,
      0.0014999999999999944,
      0.0002539999999999973,
      3.599999999999784e-05,
      9.400000000000033e-05,
      0.0005049999999999985,
      -0.0001539999999999979,
      0.0004139999999999977,
      -0.00014899999999999983,
      6.0000000000001025e-05,
      2.5999999999998247e-05,
      0.0004930000000000004,
      0.0007699999999999999,
      0.00020699999999999885
    ]
  },
  "excitation_energy": "1.7578",
  "exciting_path_mean_volume": 1204.9215433333331,
  "s0_bonds_avg": 1.2949521773439836,
  "s1_bonds_avg": 1.2866914662388618,
  "delta_bonds": -0.008260711105121832,
  "s0_angles_avg": 117.88847822764734,
  "s1_angles_avg": 117.88686848908006,
  "delta_angles": -0.0016097385672821929
}