{
  "s0_rotational_constant_a": 0.0179438,
  "s0_rotational_constant_b": 0.0202072,
  "s0_rotational_constant_c": 0.1142265,
  "s1_rotational_constant_a": 0.0182517,
  "s1_rotational_constant_b": 0.0203633,
  "s1_rotational_constant_c": 0.1120968,
  "s0_rays_asymmetry_parameter": 0.9529842848195988,
  "s1_rays_asymmetry_parameter": 0.9549981831763191,
  "s0_volume": 993.5687,
  "s1_volume": 987.49415,
  "delta_volume": -6.074550000000045,
  "s0_homo_lumo_gap": 2.1149964636575054,
  "s1_homo_lumo_gap": 1.3245738595420642,
  "delta_gap": -0.7904226041154412,
  "s0_dihedral_avg": 90.0756223872529,
  "s1_dihedral_avg": 90.2186166295216,
  "delta_dihedral": 0.14299424226869917,
  "delta_dipole": {
    "element": [
      "C",
      "C",
      "C",
      "C",
      "C",
      "C",
      "C",
      "C",
      "C",
      "C",
      "C",
      "C",
      "C",
      "C",
      "C",
      "C",
      "C",
      "C",
      "C",
      "C",
      "C",
      "C",
      "C",
      "C",
      "C",
      "C",
      "C",
      "C",
      "C",
      "C",
      "C",
      "C",
      "C",
      "C",
      "C",
      "C",
      "C",
      "C",
      "C",
      "C",
      "C",
      "C",
      "C",
      "C",
      "C",
      "C",
      "C",
      "C",
      "C",
      "C",
      "C",
      "C",
      "H",
      "H",
      "H",
      "H",
      "H",
      "H",
      "H",
      "H",
      "H",
      "H",
      "H",
      "H",
      "H",
      "H",
      "H",
      "H",
      "H",
      "H",
      "H",
      "H",
      "H",
      "H",
      "H",
      "H",
      "H",
      "H",
      "H",
      "H",
      "H",
      "H",
      "H",
      "H",
      "H",
      "H",
      "H",
      "H",
      "H",
      "H"
    ],
    "charge_variation": [
      -0.0021799999999999944,
      0.0011699999999999974,
      -0.0009539999999999965,
      -0.0004989999999999994,
      -0.0004819999999999998,
      -0.0016450000000000006,
      -0.0015490000000000087,
      -0.0005929999999999963,
      0.001507999999999999,
      -0.0020499999999999963,
      0.0004049999999999991,
      -0.0018500000000000044,
      0.0005519999999999969,
      -0.0006350000000000036,
      0.0006079999999999974,
      0.001573999999999999,
      -7.300000000000362e-05,
      -0.0014279999999999987,
      -0.0009519999999999945,
      0.0002990000000000076,
      0.0007279999999999995,
      -0.0016369999999999996,
      0.0006509999999999988,
      -0.0019790000000000085,
      -0.0004620000000000006,
      -0.000445999999999995,
      0.0005579999999999995,
      -0.002457000000000001,
      2.4999999999997247e-05,
      -0.0021830000000000044,
      -0.00039900000000000005,
      -0.0008540000000000006,
      0.0005520000000000004,
      -0.00148100000000001,
      0.0011770000000000114,
      -0.002357999999999999,
      -0.0005730000000000006,
      -0.0002030000000000018,
      0.0005409999999999998,
      -0.001675999999999997,
      -0.00042099999999999776,
      0.0001820000000000016,
      -0.0011709999999999984,
      -0.001223999999999996,
      -8.300000000001362e-05,
      -0.0019929999999999948,
      0.0003119999999999998,
      -0.0020599999999999993,
      0.0014279999999999987,
      -0.0024200000000000055,
      -0.0019969999999999988,
      -6.899999999999962e-05,
      0.001344999999999999,
      -0.0006089999999999984,
      0.0011359999999999981,
      0.001587000000000005,
      -0.000678999999999999,
      0.0016889999999999995,
      -0.000840999999999998,
      0.0021769999999999984,
      0.0013890000000000013,
      2.000000000002e-06,
      0.001018999999999999,
      0.0017719999999999993,
      0.0020659999999999984,
      0.0001360000000000007,
      0.00019000000000000267,
      0.0003020000000000002,
      0.0010289999999999952,
      0.0020930000000000046,
      0.00013000000000000164,
      0.000281,
      0.00032199999999999937,
      0.0008479999999999981,
      0.0019410000000000018,
      0.00031000000000000125,
      4.900000000000043e-05,
      0.0003809999999999994,
      0.0008840000000000028,
      0.0009119999999999961,
      0.001126000000000002,
      -0.00018800000000000067,
      0.0024859999999999986,
      0.002414000000000003,
      -0.0008069999999999987,
      0.0013940000000000029,
      -0.0006439999999999987,
      0.001416000000000004,
      0.0023599999999999975,
      -0.0006549999999999993
    ]
  },
  "excitation_energy": "1.7566",
  "exciting_path_mean_volume": 989.710995,
  "s0_bonds_avg": 1.2858182785051546,
  "s1_bonds_avg": 1.2825544020560824,
  "s0_angles_avg": 119.99797041698719,
  "s1_angles_avg": 119.99799245382547,
  "delta_bonds": -0.0032638764490722227,
  "delta_angles": 2.2036838288386207e-05
}