{
  "s0_rotational_constant_a": 0.0250826,
  "s0_rotational_constant_b": 0.0317231,
  "s0_rotational_constant_c": 0.1054323,
  "s1_rotational_constant_a": 0.0247077,
  "s1_rotational_constant_b": 0.0304875,
  "s1_rotational_constant_c": 0.1061206,
  "s0_rays_asymmetry_parameter": 0.8347100238084274,
  "s1_rays_asymmetry_parameter": 0.8580126736671952,
  "s0_volume": 748.27044,
  "s1_volume": 751.27024,
  "delta_volume": 2.9997999999999365,
  "s0_homo_lumo_gap": 1.698967094183363,
  "s1_homo_lumo_gap": 0.7623322949931972,
  "delta_gap": -0.9366347991901658,
  "s0_dihedral_avg": 89.99894621531915,
  "s1_dihedral_avg": 90.02215100602196,
  "delta_dihedral": 0.023204790702806122,
  "delta_dipole": {
    "element": [
      "O",
      "C",
      "C",
      "C",
      "C",
      "C",
      "N",
      "C",
      "C",
      "C",
      "C",
      "C",
      "C",
      "O",
      "C",
      "C",
      "C",
      "C",
      "C",
      "C",
      "C",
      "C",
      "C",
      "C",
      "C",
      "C",
      "C",
      "C",
      "C",
      "C",
      "C",
      "Br",
      "C",
      "C",
      "C",
      "N",
      "C",
      "C",
      "C",
      "C",
      "C",
      "C",
      "H",
      "H",
      "H",
      "H",
      "H",
      "H",
      "H",
      "H",
      "H",
      "H",
      "H",
      "H",
      "H",
      "H",
      "H",
      "H",
      "H",
      "H",
      "H",
      "H",
      "H",
      "H",
      "H"
    ],
    "charge_variation": [
      -0.028189999999999937,
      -0.005857000000000001,
      0.017583999999999995,
      -0.007291000000000001,
      0.011332999999999996,
      -0.014402000000000026,
      0.04112200000000005,
      -0.007282999999999984,
      -0.009301999999999977,
      0.001465000000000001,
      -0.013652999999999998,
      -0.0035519999999999996,
      -0.009134000000000031,
      0.019241000000000008,
      -0.008834000000000009,
      -0.0024290000000000145,
      -0.014267999999999996,
      8.99999999999998e-05,
      -0.011954999999999993,
      -0.005149000000000015,
      0.008400999999999992,
      -0.003712,
      0.011357999999999993,
      0.017006,
      0.0027589999999999837,
      -0.0006810000000000427,
      0.015885000000000003,
      -0.021158999999999997,
      -0.005396000000000005,
      0.006732000000000002,
      0.0011609999999999954,
      -0.0024009999999999865,
      0.005492999999999998,
      0.00020100000000000673,
      0.0009770000000000056,
      0.009576999999999947,
      -0.0023259999999999947,
      -0.002257000000000009,
      0.0035039999999999993,
      0.00024099999999999816,
      0.0032799999999999995,
      -0.004910000000000012,
      -0.004306999999999998,
      -0.0014390000000000028,
      -0.00281,
      -0.0011579999999999993,
      -0.0005900000000000002,
      -0.0014209999999999987,
      -0.0012710000000000013,
      -0.0005679999999999991,
      -0.0021979999999999986,
      -0.005545000000000001,
      -0.0013770000000000032,
      -0.0015450000000000012,
      0.004487000000000005,
      0.004345000000000002,
      0.013673000000000005,
      0.0014850000000000002,
      0.0027649999999999966,
      0.001794000000000004,
      0.0008439999999999975,
      0.0004849999999999993,
      0.001340000000000001,
      0.0003079999999999958,
      -0.000562
    ]
  },
  "excitation_energy": "0.8767",
  "exciting_path_mean_volume": 749.662425,
  "s0_bonds_avg": 1.3082756979737502,
  "s1_bonds_avg": 1.3052768813134723,
  "delta_bonds": -0.002998816660277903,
  "s0_angles_avg": 119.96931661338988,
  "s1_angles_avg": 119.96817555337418,
  "delta_angles": -0.0011410600156978035
}