{
  "s0_rotational_constant_a": 0.0597194,
  "s0_rotational_constant_b": 0.1060852,
  "s0_rotational_constant_c": 0.1262113,
  "s1_rotational_constant_a": 0.0593607,
  "s1_rotational_constant_b": 0.1067723,
  "s1_rotational_constant_c": 0.1243498,
  "s0_rays_asymmetry_parameter": -0.39463002260425717,
  "s1_rays_asymmetry_parameter": -0.45906313520267233,
  "s0_volume": 619.46114,
  "s1_volume": 619.07259,
  "delta_volume": -0.3885500000000093,
  "s0_homo_lumo_gap": 1.9179615713556029,
  "s1_homo_lumo_gap": 1.4864570892225233,
  "delta_gap": -0.43150448213307957,
  "s0_dihedral_avg": 0.9898178060331421,
  "s1_dihedral_avg": 1.4988119215133473,
  "delta_dihedral": 0.5089941154802052,
  "delta_dipole": null,
  "excitation_energy": "1.9070",
  "exciting_path_mean_volume": 619.110595,
  "s0_bonds_avg": 1.2604100876616395,
  "s1_bonds_avg": 1.277808039416393,
  "s0_angles_avg": 118.55913549622873,
  "s1_angles_avg": 118.53722998860681
}