{
  "charge": {
    "element": [
      "C",
      "O",
      "C",
      "C",
      "C",
      "C",
      "N",
      "C",
      "C",
      "C",
      "C",
      "O",
      "C",
      "C",
      "C",
      "C",
      "C",
      "C",
      "C",
      "C",
      "C",
      "C",
      "C",
      "C",
      "C",
      "C",
      "C",
      "C",
      "O",
      "S",
      "S",
      "C",
      "C",
      "C",
      "C",
      "H",
      "H",
      "H",
      "H",
      "H",
      "H",
      "H",
      "H",
      "H",
      "H",
      "H",
      "H",
      "H",
      "H",
      "H",
      "H",
      "H",
      "H",
      "H",
      "H",
      "H",
      "H",
      "H"
    ],
    "charge_variation": [
      -0.005040999999999962,
      0.009897999999999962,
      -0.009241999999999972,
      -0.007684999999999997,
      -0.010653999999999997,
      0.0033259999999999956,
      -0.007171999999999956,
      0.012514999999999998,
      -0.03096800000000001,
      -0.0035640000000000116,
      -0.019430999999999976,
      0.012070999999999943,
      -0.006120000000000014,
      0.0025349999999999817,
      -0.05319299999999999,
      -0.008880999999999972,
      0.05426099999999999,
      -0.019408,
      0.039737999999999996,
      -0.019889000000000004,
      0.022821000000000008,
      -0.005944000000000005,
      0.014644000000000004,
      -0.013610999999999998,
      0.009261000000000005,
      0.006549999999999993,
      0.008877,
      -0.007645000000000013,
      -0.02143000000000006,
      0.024168000000000002,
      0.021099999999999994,
      -0.019620000000000005,
      0.05329900000000001,
      -0.039805999999999994,
      -0.0024769999999999792,
      -0.000732,
      0.002940999999999999,
      0.0036630000000000013,
      -0.002252999999999998,
      0.004263000000000003,
      0.003931000000000004,
      -0.0035710000000000047,
      0.004052,
      -0.0008380000000000002,
      0.0034329999999999986,
      -0.004712000000000001,
      -0.0021790000000000004,
      0.0015940000000000051,
      0.0032270000000000007,
      0.0004390000000000019,
      0.004184,
      0.0007150000000000004,
      0.0025130000000000013,
      -0.0026450000000000015,
      0.0035559999999999967,
      0.0011439999999999992,
      -0.0016160000000000063,
      -0.004390999999999999
    ]
  },
  "ground_state": {
    "HOMO-LUMO": 1.249582013266766,
    "charge": {
      "element": [
        "C",
        "O",
        "C",
        "C",
        "C",
        "C",
        "N",
        "C",
        "C",
        "C",
        "C",
        "O",
        "C",
        "C",
        "C",
        "C",
        "C",
        "C",
        "C",
        "C",
        "C",
        "C",
        "C",
        "C",
        "C",
        "C",
        "C",
        "C",
        "O",
        "S",
        "S",
        "C",
        "C",
        "C",
        "C",
        "H",
        "H",
        "H",
        "H",
        "H",
        "H",
        "H",
        "H",
        "H",
        "H",
        "H",
        "H",
        "H",
        "H",
        "H",
        "H",
        "H",
        "H",
        "H",
        "H",
        "H",
        "H",
        "H"
      ],
      "charge": [
        0.326852,
        -0.50672,
        0.479807,
        -0.201616,
        -0.108876,
        0.320006,
        -0.523447,
        0.321127,
        -0.109077,
        -0.20143,
        0.478965,
        -0.507218,
        0.32688,
        -0.140811,
        -0.101441,
        0.402082,
        -0.150167,
        -0.036523,
        0.002487,
        0.111304,
        -0.113194,
        -0.072734,
        0.052315,
        0.10892,
        -0.117825,
        -0.065937,
        -0.029879,
        0.671948,
        -0.672052,
        -0.01132,
        -0.091829,
        -0.035966,
        -0.145545,
        -0.101202,
        -0.140137,
        0.002369,
        -0.011883,
        -0.013147,
        0.041676,
        0.038264,
        0.038414,
        0.041647,
        -0.012859,
        0.002285,
        -0.012339,
        0.046535,
        0.039948,
        0.03981,
        0.033126,
        0.048281,
        0.044804,
        0.05043,
        0.039722,
        -0.036557,
        0.034366,
        0.040582,
        0.039898,
        0.046879
      ]
    },
    "structure": {
      "bonds": 1.3014463060464514,
      "angles": 118.12707531511073,
      "DA": 90.56016460345191
    },
    "rotational_constant": {
      "A": 0.0286069,
      "B": 0.0337305,
      "C": 0.1645608
    },
    "rays_asymmetry_parameter": 0.9246273920792267,
    "volume": 667.57783
  },
  "excited_state": {
    "HOMO-LUMO": 0.32120314722363963,
    "charge": {
      "element": [
        "C",
        "O",
        "C",
        "C",
        "C",
        "C",
        "N",
        "C",
        "C",
        "C",
        "C",
        "O",
        "C",
        "C",
        "C",
        "C",
        "C",
        "C",
        "C",
        "C",
        "C",
        "C",
        "C",
        "C",
        "C",
        "C",
        "C",
        "C",
        "O",
        "S",
        "S",
        "C",
        "C",
        "C",
        "C",
        "H",
        "H",
        "H",
        "H",
        "H",
        "H",
        "H",
        "H",
        "H",
        "H",
        "H",
        "H",
        "H",
        "H",
        "H",
        "H",
        "H",
        "H",
        "H",
        "H",
        "H",
        "H",
        "H"
      ],
      "charge": [
        0.321811,
        -0.496822,
        0.470565,
        -0.209301,
        -0.11953,
        0.323332,
        -0.530619,
        0.333642,
        -0.140045,
        -0.204994,
        0.459534,
        -0.495147,
        0.32076,
        -0.138276,
        -0.154634,
        0.393201,
        -0.095906,
        -0.055931,
        0.042225,
        0.091415,
        -0.090373,
        -0.078678,
        0.066959,
        0.095309,
        -0.108564,
        -0.059387,
        -0.021002,
        0.664303,
        -0.693482,
        0.012848,
        -0.070729,
        -0.055586,
        -0.092246,
        -0.141008,
        -0.142614,
        0.001637,
        -0.008942,
        -0.009484,
        0.039423,
        0.042527,
        0.042345,
        0.038076,
        -0.008807,
        0.001447,
        -0.008906,
        0.041823,
        0.037769,
        0.041404,
        0.036353,
        0.04872,
        0.048988,
        0.051145,
        0.042235,
        -0.039202,
        0.037922,
        0.041726,
        0.038282,
        0.042488
      ]
    },
    "structure": {
      "bonds": 1.2978710326024194,
      "angles": 118.13217463948739,
      "DA": 91.10211624775638
    },
    "rotational_constant": {
      "A": 0.0298516,
      "B": 0.0338061,
      "C": 0.1559092
    },
    "rays_asymmetry_parameter": 0.9372588404031174,
    "excited_energy": "0.3721",
    "volume": 667.15622
  },
  "exciting_path_mean_volume": 668.1851149999999
}