{
  "s0_rotational_constant_a": 0.0506903,
  "s0_rotational_constant_b": 0.0575567,
  "s0_rotational_constant_c": 0.3358323,
  "s1_rotational_constant_a": 0.0508097,
  "s1_rotational_constant_b": 0.0574701,
  "s1_rotational_constant_c": 0.335167,
  "s0_rays_asymmetry_parameter": 0.9518387329821633,
  "s1_rays_asymmetry_parameter": 0.9531547106404514,
  "s0_volume": 567.31878,
  "s1_volume": 571.48333,
  "delta_volume": 4.164550000000077,
  "s0_homo_lumo_gap": 1.5679796670577755,
  "s1_homo_lumo_gap": 1.1729874166211287,
  "delta_gap": -0.39499225043664676,
  "s0_dihedral_avg": 3.8814126420645265,
  "s1_dihedral_avg": -6.513500805296209,
  "delta_dihedral": -10.394913447360736,
  "delta_dipole": null,
  "excitation_energy": "1.3993",
  "exciting_path_mean_volume": 569.3817766666667,
  "s0_bonds_avg": 1.3055861222371188,
  "s1_bonds_avg": 1.3076422888006778,
  "s0_angles_avg": 116.31579443167757,
  "s1_angles_avg": 116.3261563193499
}