{
  "charge": {
    "element": [
      "F",
      "B",
      "F",
      "N",
      "C",
      "C",
      "C",
      "C",
      "C",
      "C",
      "C",
      "C",
      "C",
      "C",
      "C",
      "C",
      "C",
      "C",
      "C",
      "O",
      "C",
      "C",
      "C",
      "C",
      "C",
      "C",
      "C",
      "C",
      "C",
      "C",
      "C",
      "N",
      "H",
      "H",
      "H",
      "H",
      "H",
      "H",
      "H",
      "H",
      "H",
      "H",
      "H",
      "H",
      "H",
      "H",
      "H",
      "H",
      "H",
      "H",
      "H",
      "H",
      "H"
    ],
    "charge_variation": [
      -0.0008429999999999271,
      -0.0003009999999999957,
      -0.0009600000000000719,
      -0.01930599999999999,
      0.008536999999999961,
      0.0025469999999999937,
      -0.005185000000000023,
      0.02390500000000001,
      -0.0028529999999999944,
      0.0014809999999999997,
      -0.003390999999999998,
      0.010561000000000001,
      -0.0024089999999999945,
      -0.019285999999999998,
      0.013857000000000001,
      -0.039091,
      0.016839999999999997,
      -0.042764999999999984,
      0.021089999999999998,
      0.03342299999999998,
      -0.00010700000000002374,
      -0.0018630000000000035,
      4.200000000000037e-05,
      -0.002140999999999997,
      0.0038290000000000025,
      0.004954,
      -0.004263000000000003,
      0.024059999999999998,
      -0.006668000000000007,
      0.001931000000000016,
      0.007661999999999947,
      -0.01912799999999998,
      0.0008500000000000035,
      0.0009919999999999998,
      0.0017680000000000057,
      -0.002035000000000002,
      -0.001576000000000001,
      -0.0027570000000000025,
      0.0021650000000000003,
      -0.0005119999999999986,
      0.000379,
      -0.0008330000000000004,
      0.000725,
      0.00018599999999999867,
      0.0005690000000000001,
      0.0019320000000000032,
      -9.299999999999933e-05,
      -0.0001989999999999978,
      -0.006929999999999999,
      -0.0019850000000000007,
      0.0014839999999999992,
      0.0008519999999999986,
      0.0008599999999999997
    ]
  },
  "ground_state": {
    "HOMO-LUMO": 1.5679796670577755,
    "structure": {
      "bonds": 1.3055861222371188,
      "angles": 116.31579443167757,
      "DA": 89.55506555728269
    },
    "rotational_constant": {
      "A": 0.0506903,
      "B": 0.0575567,
      "C": 0.3358323
    },
    "rays_asymmetry_parameter": 0.9518387329821633,
    "volume": 567.31878
  },
  "excited_state": {
    "HOMO-LUMO": 1.1729874166211287,
    "structure": {
      "bonds": 1.3076422888006778,
      "angles": 116.3261563193499,
      "DA": 89.77436182221905
    },
    "rotational_constant": {
      "A": 0.0508097,
      "B": 0.0574701,
      "C": 0.335167
    },
    "rays_asymmetry_parameter": 0.9531547106404514,
    "excited_energy": "1.3993",
    "volume": 571.48333
  },
  "exciting_path_mean_volume": 569.3817766666667
}