{
  "s0_rotational_constant_a": 0.0146676,
  "s0_rotational_constant_b": 0.0150541,
  "s0_rotational_constant_c": 0.1902828,
  "s1_rotational_constant_a": 0.0147675,
  "s1_rotational_constant_b": 0.0151735,
  "s1_rotational_constant_c": 0.189025,
  "s0_rays_asymmetry_parameter": 0.9955983308961867,
  "s1_rays_asymmetry_parameter": 0.995340229258425,
  "s0_volume": 944.98191,
  "s1_volume": 945.41152,
  "delta_volume": 0.42961000000002514,
  "s0_homo_lumo_gap": 1.3070878257902931,
  "s1_homo_lumo_gap": 1.0468817113366051,
  "delta_gap": -0.260206114453688,
  "s0_dihedral_avg": 88.68119277099248,
  "s1_dihedral_avg": 88.6362289086746,
  "delta_dihedral": -0.04496386231788563,
  "delta_dipole": {
    "element": [
      "C",
      "C",
      "C",
      "C",
      "C",
      "C",
      "C",
      "C",
      "C",
      "C",
      "C",
      "C",
      "C",
      "C",
      "C",
      "C",
      "C",
      "C",
      "C",
      "C",
      "C",
      "C",
      "C",
      "C",
      "C",
      "C",
      "C",
      "C",
      "C",
      "C",
      "C",
      "C",
      "C",
      "C",
      "C",
      "C",
      "C",
      "C",
      "C",
      "C",
      "C",
      "S",
      "C",
      "N",
      "S",
      "N",
      "C",
      "S",
      "C",
      "C",
      "C",
      "H",
      "H",
      "H",
      "H",
      "H",
      "H",
      "H",
      "H",
      "H",
      "H",
      "H",
      "H",
      "H",
      "H",
      "H",
      "H",
      "H",
      "H",
      "H",
      "H",
      "H",
      "H",
      "H",
      "H",
      "H",
      "H",
      "H",
      "H",
      "H",
      "H",
      "H",
      "H",
      "H",
      "H",
      "H",
      "H"
    ],
    "charge_variation": [
      -7.100000000000162e-05,
      -3.799999999999637e-05,
      -0.0005659999999999971,
      0.0011520000000000002,
      0.0006560000000000038,
      -0.000676999999999997,
      -6.700000000000456e-05,
      -9.199999999999486e-05,
      0.0005860000000000032,
      -0.0015220000000000095,
      0.000677000000000004,
      -0.0012509999999999986,
      0.0008819999999999939,
      -0.004089000000000009,
      0.002156000000000005,
      0.001587000000000005,
      0.00019099999999999673,
      -0.004782,
      -0.0006590000000000068,
      0.0008200000000000013,
      -0.0038770000000000002,
      0.0010669999999999985,
      0.00021599999999999397,
      0.0011039999999999939,
      -0.009366,
      0.0015109999999999985,
      -0.0011629999999999974,
      0.0003419999999999951,
      -0.0021859999999999935,
      0.0005039999999999975,
      -0.001468999999999998,
      -0.0002679999999999974,
      -0.00038000000000000533,
      -0.0006019999999999914,
      0.0013279999999999959,
      4.599999999999743e-05,
      -0.0004639999999999922,
      7.100000000000162e-05,
      7.100000000000162e-05,
      -0.0004930000000000004,
      -0.0001490000000000033,
      0.011173999999999996,
      0.0049220000000000375,
      -0.03495599999999999,
      0.057705000000000006,
      -0.03235699999999997,
      0.004508999999999985,
      0.0012950000000000045,
      -0.0023190000000000016,
      0.00038699999999999846,
      -0.00032000000000000084,
      8.199999999999874e-05,
      5.6000000000000494e-05,
      -0.0005239999999999967,
      -1.0000000000003062e-05,
      3.200000000000078e-05,
      -5.4999999999999494e-05,
      -3.099999999999978e-05,
      -0.00011399999999999952,
      0.0003899999999999945,
      -5.9999999999997555e-05,
      -7.499999999999868e-05,
      0.002898999999999999,
      0.0010879999999999987,
      0.000678999999999999,
      -0.00010800000000000393,
      0.0006400000000000017,
      0.0009540000000000035,
      0.00031899999999999984,
      -4.299999999999443e-05,
      1.4000000000000123e-05,
      0.0008209999999999988,
      6.700000000000109e-05,
      5.300000000000096e-05,
      -0.0007129999999999984,
      -2.9000000000001247e-05,
      -2.8000000000000247e-05,
      8.000000000000021e-05,
      -1.1999999999998123e-05,
      5.099999999999896e-05,
      -5.4999999999999494e-05,
      1.6999999999999654e-05,
      0.0010340000000000002,
      0.0011380000000000001,
      0.00018099999999999714,
      0.0004950000000000024,
      -5.000000000001531e-06
    ]
  },
  "excitation_energy": "1.4539",
  "exciting_path_mean_volume": 945.0059933333332,
  "s0_bonds_avg": 1.3188690497972917,
  "s1_bonds_avg": 1.328854399296875,
  "delta_bonds": 0.009985349499583407,
  "s0_angles_avg": 116.34233278029441,
  "s1_angles_avg": 116.29562471189372,
  "delta_angles": -0.046708068400690195
}