{
  "s0_rotational_constant_a": 0.2103361,
  "s0_rotational_constant_b": 0.2334893,
  "s0_rotational_constant_c": 0.3346236,
  "s1_rotational_constant_a": 0.2138325,
  "s1_rotational_constant_b": 0.237554,
  "s1_rotational_constant_c": 0.3352678,
  "s0_rays_asymmetry_parameter": 0.627425123202253,
  "s1_rays_asymmetry_parameter": 0.6093145897444978,
  "s0_volume": 425.28474,
  "s1_volume": 425.12557,
  "delta_volume": -0.15917000000001735,
  "s0_homo_lumo_gap": 2.043329848201482,
  "s1_homo_lumo_gap": 1.1974123526553488,
  "delta_gap": -0.845917495546133,
  "s0_dihedral_avg": 90.72289334903286,
  "s1_dihedral_avg": 90.3756750184022,
  "delta_dihedral": -0.3472183306306533,
  "delta_dipole": {
    "element": [
      "C",
      "O",
      "C",
      "O",
      "C",
      "C",
      "C",
      "C",
      "C",
      "C",
      "N",
      "C",
      "C",
      "C",
      "C",
      "C",
      "C",
      "C",
      "C",
      "C",
      "C",
      "C",
      "C",
      "H",
      "H",
      "H",
      "H",
      "H",
      "H",
      "H",
      "H",
      "H",
      "H",
      "H",
      "H",
      "H",
      "H",
      "H"
    ],
    "charge_variation": [
      0.01024400000000003,
      0.008820999999999968,
      -0.002618000000000009,
      -0.036627999999999994,
      0.007146,
      -0.011513999999999996,
      0.022427000000000002,
      -0.013218999999999998,
      -0.007781999999999997,
      -0.0037249999999999783,
      0.07183,
      -0.00505899999999998,
      -0.01718,
      0.008157999999999999,
      -0.016260999999999998,
      0.0064150000000000006,
      -0.004959999999999999,
      -0.004865999999999995,
      0.006398000000000001,
      -0.016268000000000005,
      0.008089999999999998,
      -0.017275999999999986,
      -0.005164999999999975,
      -0.0011130000000000003,
      -0.005395999999999998,
      -0.000776999999999999,
      0.007040999999999999,
      -0.0012539999999999982,
      0.010791000000000002,
      0.006340999999999999,
      -0.0017010000000000011,
      -0.0009100000000000011,
      0.0009890000000000003,
      0.00030000000000000165,
      0.00030799999999999925,
      0.0010000000000000009,
      -0.0009090000000000001,
      -0.0017199999999999993
    ]
  },
  "excitation_energy": "1.3773",
  "exciting_path_mean_volume": 425.01408833333335,
  "s0_bonds_avg": 1.2892282461273172,
  "s1_bonds_avg": 1.2897496790736585,
  "s0_angles_avg": 118.95742901219045,
  "s1_angles_avg": 118.96623716933948,
  "delta_bonds": 0.000521432946341216,
  "delta_angles": 0.008808157149033491
}