{
  "s0_rotational_constant_a": 0.0558462,
  "s0_rotational_constant_b": 0.0641307,
  "s0_rotational_constant_c": 0.1838166,
  "s1_rotational_constant_a": 0.0566254,
  "s1_rotational_constant_b": 0.0646905,
  "s1_rotational_constant_c": 0.189894,
  "s0_rays_asymmetry_parameter": 0.8705247463475929,
  "s1_rays_asymmetry_parameter": 0.8789647373799979,
  "s0_volume": 676.60139,
  "s1_volume": 670.7032,
  "delta_volume": -5.89819,
  "s0_homo_lumo_gap": 2.4033473099964358,
  "s1_homo_lumo_gap": 1.257802571617856,
  "delta_gap": -1.1455447383785797,
  "s0_dihedral_avg": 90.935314308867,
  "s1_dihedral_avg": 91.07697077810035,
  "delta_dihedral": 0.14165646923333952,
  "delta_dipole": {
    "element": [
      "O",
      "C",
      "O",
      "C",
      "N",
      "C",
      "C",
      "O",
      "O",
      "C",
      "C",
      "C",
      "C",
      "C",
      "C",
      "C",
      "C",
      "C",
      "C",
      "C",
      "C",
      "C",
      "C",
      "C",
      "C",
      "C",
      "C",
      "C",
      "C",
      "C",
      "C",
      "C",
      "C",
      "C",
      "C",
      "C",
      "H",
      "H",
      "H",
      "H",
      "H",
      "H",
      "H",
      "H",
      "H",
      "H",
      "H",
      "H",
      "H",
      "H",
      "H",
      "H",
      "H",
      "H",
      "H",
      "H",
      "H",
      "H",
      "H",
      "H",
      "H",
      "H",
      "H"
    ],
    "charge_variation": [
      -0.0009599999999999609,
      0.0007939999999999614,
      -0.0003130000000000077,
      -0.0003100000000000047,
      -0.0010080000000000089,
      -0.0021730000000000083,
      0.0006990000000000052,
      -0.0005229999999999402,
      -0.00033900000000008923,
      0.0010509999999999686,
      0.0005690000000000001,
      -0.0008309999999999984,
      -0.0020920000000000036,
      -0.005071000000000006,
      0.0012759999999999994,
      0.0037099999999999998,
      -0.0019650000000000084,
      -0.001342999999999997,
      -0.001344999999999999,
      -0.0002899999999999986,
      -0.00020299999999999832,
      -0.001672999999999994,
      -0.002355999999999997,
      -0.0007419999999999927,
      -0.0013699999999999997,
      0.00040499999999999564,
      0.0005579999999999995,
      -0.003474999999999992,
      -0.0011540000000000022,
      -0.0050000000000000044,
      0.0008529999999999996,
      -0.0016079999999999983,
      -0.0012920000000000015,
      -0.0028829999999999967,
      -0.0013649999999999912,
      -0.0010460000000000053,
      0.0003589999999999982,
      0.0005609999999999999,
      -0.00041199999999999917,
      0.0011230000000000007,
      0.0013889999999999996,
      0.00032999999999999696,
      0.0009989999999999999,
      -0.00034400000000000056,
      6.799999999999862e-05,
      0.002131000000000001,
      0.0025220000000000034,
      0.0011789999999999995,
      0.0014009999999999995,
      7.000000000000062e-05,
      0.002994,
      0.002932999999999998,
      1.4000000000000123e-05,
      0.0012850000000000014,
      0.00023199999999999957,
      0.0036689999999999987,
      0.003393,
      0.00018900000000000167,
      0.0012169999999999993,
      -0.0002889999999999976,
      0.0026440000000000005,
      0.003372999999999994,
      -0.0002149999999999999
    ]
  },
  "excitation_energy": "2.1361",
  "exciting_path_mean_volume": 672.8775449999999,
  "s0_bonds_avg": 1.2701650319049997,
  "s1_bonds_avg": 1.270655723305,
  "delta_bonds": 0.0004906914000002427,
  "s0_angles_avg": 117.66451909755246,
  "s1_angles_avg": 117.63618178304935,
  "delta_angles": -0.02833731450310495
}