{
  "s0_rotational_constant_a": 0.1762615,
  "s0_rotational_constant_b": 0.2248164,
  "s0_rotational_constant_c": 0.5899375,
  "s1_rotational_constant_a": 0.1869404,
  "s1_rotational_constant_b": 0.2315958,
  "s1_rotational_constant_c": 0.5359207,
  "s0_rays_asymmetry_parameter": 0.7652515495218479,
  "s1_rays_asymmetry_parameter": 0.744080683064345,
  "s0_volume": 364.01442,
  "s1_volume": 369.70439,
  "delta_volume": 5.689970000000017,
  "s0_homo_lumo_gap": 1.9835328373556709,
  "s1_homo_lumo_gap": 0.6675115150189943,
  "delta_gap": -1.3160213223366766,
  "s0_dihedral_avg": 1.7053964216026574,
  "s1_dihedral_avg": 0.018172726589037416,
  "delta_dihedral": -1.68722369501362,
  "delta_dipole": null,
  "excitation_energy": "0.7689",
  "exciting_path_mean_volume": 366.98124833333327,
  "s0_bonds_avg": 1.2840238835477777,
  "s1_bonds_avg": 1.2815393975327776,
  "s0_angles_avg": 118.93024373260647,
  "s1_angles_avg": 118.95912080548106
}