{
  "charge": {
    "element": [
      "F",
      "B",
      "F",
      "N",
      "C",
      "C",
      "C",
      "C",
      "C",
      "N",
      "C",
      "C",
      "C",
      "C",
      "C",
      "C",
      "C",
      "C",
      "C",
      "C",
      "N",
      "H",
      "H",
      "H",
      "H",
      "H",
      "H",
      "H",
      "H",
      "H",
      "H",
      "H",
      "H"
    ],
    "charge_variation": [
      0.0022929999999999895,
      -0.0024370000000000225,
      0.003666999999999976,
      -0.037750000000000006,
      0.046471999999999986,
      0.005687999999999999,
      0.03988400000000002,
      0.06228600000000001,
      -0.03476700000000005,
      -0.03285300000000002,
      0.06934900000000005,
      -0.08720099999999997,
      0.029888,
      -0.09681000000000001,
      0.034412,
      -0.095013,
      0.057276999999999995,
      0.020391000000000006,
      0.006574000000000024,
      0.038744999999999974,
      -0.027893999999999974,
      0.0006549999999999959,
      0.0028800000000000006,
      0.01471,
      -0.008441000000000032,
      -0.003934,
      -0.005641,
      0.0016750000000000029,
      -0.006871000000000002,
      -0.008485,
      0.006384000000000001,
      0.0037709999999999966,
      0.0010969999999999938
    ]
  },
  "ground_state": {
    "HOMO-LUMO": 1.9835328373556709,
    "charge": {
      "element": [
        "F",
        "B",
        "F",
        "N",
        "C",
        "C",
        "C",
        "C",
        "C",
        "N",
        "C",
        "C",
        "C",
        "C",
        "C",
        "C",
        "C",
        "C",
        "C",
        "C",
        "N",
        "H",
        "H",
        "H",
        "H",
        "H",
        "H",
        "H",
        "H",
        "H",
        "H",
        "H",
        "H"
      ],
      "charge": [
        -0.516132,
        0.731986,
        -0.518547,
        -0.245695,
        0.242322,
        -0.143438,
        -0.156177,
        0.127215,
        0.397641,
        -0.58526,
        0.358376,
        -0.136975,
        -0.000274,
        -0.05798,
        0.000813,
        -0.122242,
        0.132046,
        -0.136464,
        -0.143996,
        0.250055,
        -0.255068,
        0.046696,
        0.04847,
        0.037013,
        0.321699,
        0.035017,
        0.034198,
        0.03584,
        0.03577,
        0.044026,
        0.045308,
        0.047507,
        0.046247
      ]
    },
    "structure": {
      "bonds": 1.2840238835477777,
      "angles": 118.93024373260647,
      "DA": 90.02580672586699
    },
    "rotational_constant": {
      "A": 0.1762615,
      "B": 0.2248164,
      "C": 0.5899375
    },
    "rays_asymmetry_parameter": 0.7652515495218479,
    "volume": 364.01442
  },
  "excited_state": {
    "HOMO-LUMO": 0.6675115150189943,
    "charge": {
      "element": [
        "F",
        "B",
        "F",
        "N",
        "C",
        "C",
        "C",
        "C",
        "C",
        "N",
        "C",
        "C",
        "C",
        "C",
        "C",
        "C",
        "C",
        "C",
        "C",
        "C",
        "N",
        "H",
        "H",
        "H",
        "H",
        "H",
        "H",
        "H",
        "H",
        "H",
        "H",
        "H",
        "H"
      ],
      "charge": [
        -0.513839,
        0.729549,
        -0.51488,
        -0.283445,
        0.288794,
        -0.13775,
        -0.116293,
        0.189501,
        0.362874,
        -0.618113,
        0.427725,
        -0.224176,
        0.029614,
        -0.15479,
        0.035225,
        -0.217255,
        0.189323,
        -0.116073,
        -0.137422,
        0.2888,
        -0.282962,
        0.047351,
        0.05135,
        0.051723,
        0.313258,
        0.031083,
        0.028557,
        0.037515,
        0.028899,
        0.035541,
        0.051692,
        0.051278,
        0.047344
      ]
    },
    "structure": {
      "bonds": 1.2815393975327776,
      "angles": 118.95912080548106,
      "DA": 90.21205537609721
    },
    "rotational_constant": {
      "A": 0.1869404,
      "B": 0.2315958,
      "C": 0.5359207
    },
    "rays_asymmetry_parameter": 0.744080683064345,
    "excited_energy": "0.7689",
    "volume": 369.70439
  },
  "exciting_path_mean_volume": 366.98124833333327
}