{
  "charge": {
    "element": [
      "C",
      "O",
      "C",
      "C",
      "C",
      "C",
      "C",
      "C",
      "C",
      "N",
      "N",
      "C",
      "C",
      "C",
      "C",
      "C",
      "C",
      "C",
      "O",
      "C",
      "C",
      "C",
      "C",
      "H",
      "H",
      "H",
      "H",
      "H",
      "H",
      "H",
      "H",
      "H",
      "H",
      "H",
      "H",
      "H",
      "H",
      "H",
      "H"
    ],
    "charge_variation": [
      -0.005041999999999991,
      0.02318300000000001,
      0.013441000000000036,
      -0.014869999999999994,
      0.004751999999999999,
      -0.007082000000000001,
      -0.0008659999999999987,
      -0.010688,
      0.014340999999999993,
      0.011172999999999988,
      -0.09628199999999998,
      -0.015241000000000005,
      0.030145000000000005,
      -0.005708999999999999,
      0.023201999999999987,
      0.0006890000000000021,
      -0.0032310000000000116,
      0.006832999999999978,
      -0.0021210000000000395,
      0.008101999999999998,
      -0.016543000000000002,
      0.010608999999999993,
      -0.030874999999999986,
      0.00128,
      0.005575000000000001,
      0.005526,
      -0.0011830000000000035,
      -0.0004880000000000023,
      0.0006979999999999972,
      0.009476,
      0.01613,
      0.007308999999999996,
      -0.0003559999999999952,
      0.005991999999999997,
      0.003842999999999999,
      0.008484999999999965,
      -0.0010259999999999991,
      0.0002040000000000028,
      0.0006130000000000024
    ]
  },
  "ground_state": {
    "HOMO-LUMO": 2.3992220645610662,
    "charge": {
      "element": [
        "C",
        "O",
        "C",
        "C",
        "C",
        "C",
        "C",
        "C",
        "C",
        "N",
        "N",
        "C",
        "C",
        "C",
        "C",
        "C",
        "C",
        "C",
        "O",
        "C",
        "C",
        "C",
        "C",
        "H",
        "H",
        "H",
        "H",
        "H",
        "H",
        "H",
        "H",
        "H",
        "H",
        "H",
        "H",
        "H",
        "H",
        "H",
        "H"
      ],
      "charge": [
        0.326351,
        -0.489348,
        0.529963,
        -0.139271,
        -0.025255,
        0.009322,
        -0.021094,
        0.009821,
        0.469895,
        -0.543538,
        -0.623032,
        0.475281,
        -0.161601,
        -0.026892,
        -0.11614,
        0.016627,
        -0.184362,
        0.582425,
        -0.566251,
        -0.05968,
        -0.087215,
        0.105272,
        -0.295553,
        0.001299,
        -0.009567,
        -0.008903,
        0.046696,
        0.037206,
        0.053044,
        0.010531,
        0.018518,
        0.026269,
        0.038395,
        0.03191,
        0.050814,
        0.408988,
        0.025353,
        0.03508,
        0.048643
      ]
    },
    "structure": {
      "bonds": 1.2652944738902439,
      "angles": 118.37054692627771,
      "DA": 90.43203833192536
    },
    "rotational_constant": {
      "A": 0.066918,
      "B": 0.0684269,
      "C": 1.0766898
    },
    "rays_asymmetry_parameter": 0.9970114039627567,
    "volume": 435.17378
  },
  "excited_state": {
    "HOMO-LUMO": 1.5258863810157348,
    "charge": {
      "element": [
        "C",
        "O",
        "C",
        "C",
        "C",
        "C",
        "C",
        "C",
        "C",
        "N",
        "N",
        "C",
        "C",
        "C",
        "C",
        "C",
        "C",
        "C",
        "O",
        "C",
        "C",
        "C",
        "C",
        "H",
        "H",
        "H",
        "H",
        "H",
        "H",
        "H",
        "H",
        "H",
        "H",
        "H",
        "H",
        "H",
        "H",
        "H",
        "H"
      ],
      "charge": [
        0.321309,
        -0.466165,
        0.543404,
        -0.154141,
        -0.020503,
        0.00224,
        -0.02196,
        -0.000867,
        0.484236,
        -0.532365,
        -0.719314,
        0.46004,
        -0.131456,
        -0.032601,
        -0.092938,
        0.017316,
        -0.187593,
        0.589258,
        -0.568372,
        -0.051578,
        -0.103758,
        0.115881,
        -0.326428,
        0.002579,
        -0.003992,
        -0.003377,
        0.045513,
        0.036718,
        0.053742,
        0.020007,
        0.034648,
        0.033578,
        0.038039,
        0.037902,
        0.054657,
        0.417473,
        0.024327,
        0.035284,
        0.049256
      ]
    },
    "structure": {
      "bonds": 1.284111233604878,
      "angles": 118.26483621307611,
      "DA": 90.61934344386086
    },
    "rotational_constant": {
      "A": 0.0663569,
      "B": 0.0668314,
      "C": 1.042982
    },
    "rays_asymmetry_parameter": 0.9990282862891808,
    "excited_energy": "1.7589",
    "volume": 437.90934
  },
  "exciting_path_mean_volume": 436.2251366666667
}