{"charge": {"element": ["O", "S", "O", "C", "C", "C", "C", "C", "F", "C", "C", "C", "C", "C", "C", "C", "F", "C", "C", "C", "S", "C", "C", "C", "C", "C", "F", "C", "C", "C", "C", "C", "C", "C", "F", "C", "C", "C", "H", "H", "H", "H", "H", "H", "H", "H", "H", "H", "H", "H", "H", "H", "H", "H"], "charge_variation": [-0.03530999999999995, 0.030218999999999996, -0.014692999999999956, -0.016541, 0.008721, 0.0034029999999999998, 0.004470000000000002, -0.0011009999999999076, -0.0001000000000000445, 0.00423599999999999, -0.004807999999999996, 0.0033840000000000016, 0.003659999999999999, -0.001805000000000001, 0.005185999999999996, 0.0013769999999999616, -0.0003529999999999922, 0.0028849999999999987, -0.0001999999999999988, 0.017354, -0.013981, -0.009320000000000002, 0.006291, 0.0012299999999999985, 0.0009029999999999871, -0.0007929999999999326, -0.0006049999999999667, -0.0016289999999999916, 0.0003030000000000012, 0.026274, -0.023457, 0.012624000000000003, -0.012605000000000005, 0.018841999999999914, 0.018157999999999952, -0.014546000000000003, 0.013562000000000001, -0.038600999999999996, 0.0010690000000000005, 0.0008410000000000015, 0.0005089999999999956, 0.0006339999999999957, 0.0019419999999999993, -9.10000000000008e-05, 0.0003630000000000022, 0.004498999999999996, 0.0004410000000000039, -0.0007619999999999988, -0.0002030000000000018, 0.0010459999999999983, -0.0004490000000000015, -0.001229000000000001, -5.6000000000000494e-05, -0.0011810000000000015]}, "ground_state": {"HOMO-LUMO": 1.7259308521115142, "structure": {"bonds": 1.3399114125696607, "angles": 119.01858535822898, "DA": 1.1538673153373133}, "rotational_constant": {"A": 0.0387796, "B": 0.0545828, "C": 0.1205405}, "rays_asymmetry_parameter": 0.613428912842202, "volume": 640.85853}, "excited_state": {"HOMO-LUMO": 1.147797840766764, "structure": {"bonds": 1.344310398186949, "angles": 118.92545904278535, "DA": 1.8528603400511032}, "rotational_constant": {"A": 0.0397463, "B": 0.056725, "C": 0.1172118}, "rays_asymmetry_parameter": 0.5616448612608194, "excited_energy": "1.4928", "volume": 639.5284}, "exciting_path_mean_volume": 639.89767}