{
  "s0_rotational_constant_a": 0.0336921,
  "s0_rotational_constant_b": 0.0466122,
  "s0_rotational_constant_c": 0.0988571,
  "s1_rotational_constant_a": 0.0339377,
  "s1_rotational_constant_b": 0.0462026,
  "s1_rotational_constant_c": 0.097195,
  "s0_rays_asymmetry_parameter": 0.6034650502570399,
  "s1_rays_asymmetry_parameter": 0.6122218305239079,
  "s0_volume": 850.98564,
  "s1_volume": 835.87656,
  "delta_volume": -15.109079999999949,
  "s0_homo_lumo_gap": 2.7082590031161446,
  "s1_homo_lumo_gap": 1.108237934342354,
  "delta_gap": -1.6000210687737906,
  "s0_dihedral_avg": 90.40257175595032,
  "s1_dihedral_avg": 90.83952285187696,
  "delta_dihedral": 0.43695109592664494,
  "delta_dipole": {
    "element": [
      "C",
      "S",
      "C",
      "C",
      "C",
      "C",
      "C",
      "C",
      "C",
      "C",
      "C",
      "C",
      "S",
      "C",
      "C",
      "C",
      "C",
      "C",
      "S",
      "C",
      "C",
      "C",
      "C",
      "C",
      "S",
      "C",
      "C",
      "C",
      "C",
      "C",
      "C",
      "C",
      "C",
      "S",
      "C",
      "C",
      "C",
      "C",
      "C",
      "S",
      "C",
      "C",
      "H",
      "H",
      "H",
      "H",
      "H",
      "H",
      "H",
      "H",
      "H",
      "H",
      "H",
      "H",
      "H",
      "H",
      "H",
      "H",
      "H",
      "H",
      "H",
      "H",
      "H",
      "H",
      "H",
      "H",
      "H",
      "H"
    ],
    "charge_variation": [
      0.004533000000000002,
      0.07183699999999998,
      0.029272999999999993,
      -0.062386,
      0.014702000000000007,
      -0.025927999999999993,
      -0.0010279999999999998,
      4.9e-05,
      0.0049889999999999934,
      0.005223000000000005,
      -0.0044319999999999984,
      -0.005438999999999998,
      -0.0027649999999999966,
      -0.018059,
      0.01628199999999999,
      -0.007490999999999998,
      0.0009919999999999998,
      -0.005398,
      0.0004159999999999997,
      0.008796,
      -0.025685000000000006,
      0.018344,
      -0.054331000000000004,
      0.029526999999999984,
      0.059116999999999975,
      0.005174999999999999,
      -0.037786,
      0.020645999999999998,
      -0.024453000000000003,
      0.01120800000000001,
      0.011188000000000003,
      0.0019570000000000004,
      -0.014039,
      0.008314000000000002,
      0.00549,
      -0.04388499999999999,
      0.023431000000000007,
      -0.009343999999999998,
      -0.035327,
      0.035847000000000004,
      0.019816,
      -0.045434999999999996,
      0.0007789999999999984,
      0.0012650000000000022,
      -0.003006999999999996,
      -5.000000000000143e-05,
      -0.0018799999999999997,
      -0.0018330000000000013,
      -0.00043899999999999495,
      0.00013200000000000017,
      -0.00048100000000000226,
      -0.0005900000000000002,
      0.00022699999999999804,
      -0.001571000000000003,
      0.0010530000000000053,
      0.000845000000000002,
      -0.0027519999999999975,
      0.0010930000000000002,
      0.001023000000000003,
      -0.00026500000000000135,
      0.008377000000000002,
      0.000681000000000001,
      0.0007010000000000002,
      0.007834,
      -0.0003960000000000005,
      0.003929999999999996,
      -0.00016200000000000242,
      0.0015469999999999998
    ]
  },
  "excitation_energy": "1.4211",
  "exciting_path_mean_volume": 844.0495583333333,
  "s0_bonds_avg": 1.355949200270946,
  "s1_bonds_avg": 1.3390964145394595,
  "s0_angles_avg": 117.74531926579297,
  "s1_angles_avg": 117.78981898788147,
  "delta_bonds": -0.016852785731486408,
  "delta_angles": 0.044499722088502836
}