{
  "s0_rotational_constant_a": 0.0100787,
  "s0_rotational_constant_b": 0.0104865,
  "s0_rotational_constant_c": 0.0831586,
  "s1_rotational_constant_a": 0.0100747,
  "s1_rotational_constant_b": 0.010528,
  "s1_rotational_constant_c": 0.0835685,
  "s0_rays_asymmetry_parameter": 0.9888396125336789,
  "s1_rays_asymmetry_parameter": 0.9876642655570947,
  "s0_volume": 1256.19827,
  "s1_volume": 1261.66212,
  "delta_volume": 5.463849999999866,
  "s0_homo_lumo_gap": 0.4079639159976014,
  "s1_homo_lumo_gap": 0.2277701477059253,
  "delta_gap": -0.1801937682916761,
  "s0_dihedral_avg": 90.06482481956593,
  "s1_dihedral_avg": 90.00531551310435,
  "delta_dihedral": -0.05950930646157815,
  "delta_dipole": {
    "element": [
      "C",
      "C",
      "C",
      "C",
      "C",
      "C",
      "B",
      "C",
      "C",
      "C",
      "C",
      "C",
      "C",
      "C",
      "C",
      "C",
      "C",
      "C",
      "C",
      "C",
      "C",
      "C",
      "C",
      "C",
      "C",
      "C",
      "C",
      "N",
      "C",
      "C",
      "C",
      "C",
      "C",
      "C",
      "C",
      "C",
      "C",
      "C",
      "C",
      "C",
      "C",
      "C",
      "C",
      "C",
      "C",
      "C",
      "C",
      "C",
      "C",
      "C",
      "C",
      "C",
      "C",
      "C",
      "C",
      "C",
      "C",
      "C",
      "C",
      "C",
      "C",
      "C",
      "C",
      "C",
      "H",
      "H",
      "H",
      "H",
      "H",
      "H",
      "H",
      "H",
      "H",
      "H",
      "H",
      "H",
      "H",
      "H",
      "H",
      "H",
      "H",
      "H",
      "H",
      "H",
      "H",
      "H",
      "H",
      "H",
      "H",
      "H",
      "H",
      "H",
      "H",
      "H",
      "H",
      "H",
      "H",
      "H",
      "H",
      "H",
      "H",
      "H",
      "H",
      "H",
      "H",
      "H",
      "H",
      "H",
      "H",
      "H",
      "H",
      "H",
      "H",
      "H",
      "H",
      "H",
      "H",
      "H"
    ],
    "charge_variation": [
      0.00022300000000000098,
      0.005204,
      -8.500000000000174e-05,
      0.004479999999999998,
      0.0005570000000000019,
      0.0006200000000000094,
      0.00991300000000006,
      -0.00786899999999996,
      -0.00015799999999999994,
      0.001908000000000007,
      0.0009419999999999984,
      -0.003390000000000004,
      0.0019799999999999957,
      0.000677000000000004,
      -0.0012989999999999946,
      0.005916999999999999,
      -0.010739,
      -0.0022689999999999932,
      0.001352000000000006,
      0.0013179999999999997,
      -0.0009339999999999973,
      0.001076999999999998,
      -0.0014220000000000066,
      0.016285,
      -0.008029000000000001,
      0.014377999999999988,
      -0.012924999999999964,
      0.009642999999999957,
      0.003383999999999998,
      -0.01325800000000002,
      0.0042109999999999995,
      -0.010694000000000009,
      0.0011910000000000002,
      -0.008496000000000004,
      0.0036470000000000113,
      -0.009052000000000004,
      0.0015179999999999994,
      -0.010625999999999997,
      0.0037860000000000003,
      -0.014482999999999996,
      0.015547000000000005,
      -0.007821999999999996,
      -0.0025239999999999985,
      0.000895999999999994,
      0.0010949999999999988,
      0.001013,
      0.0016310000000000005,
      -0.0014229999999999937,
      0.00017700000000001048,
      0.0008500000000000035,
      0.002355999999999997,
      -0.00033600000000000014,
      0.0004899999999999904,
      0.0045439999999999925,
      0.0004979999999999984,
      -0.00017799999999998373,
      0.0051139999999999936,
      0.00010699999999999599,
      -8.500000000000174e-05,
      0.002600999999999992,
      0.00033900000000000596,
      0.002476000000000006,
      0.0005190000000000056,
      5.4999999999999494e-05,
      0.00033000000000000043,
      0.0004399999999999994,
      0.0004889999999999999,
      0.0007740000000000004,
      0.0001250000000000001,
      0.0006540000000000018,
      0.0003969999999999998,
      -0.0003860000000000044,
      -0.0010780000000000026,
      -0.0019339999999999982,
      -0.0013170000000000057,
      -0.0006519999999999998,
      -0.0005390000000000013,
      -0.0003610000000000002,
      -0.0007629999999999998,
      0.0008640000000000037,
      -0.000785999999999995,
      -0.000449999999999999,
      -0.0009219999999999992,
      -0.0013549999999999986,
      -0.0005140000000000006,
      -0.0003939999999999985,
      0.00136,
      0.0013699999999999962,
      -0.0004730000000000012,
      -0.00047499999999999626,
      -0.001191000000000001,
      -0.0005350000000000008,
      -0.0005030000000000034,
      -0.0001480000000000023,
      -0.0003569999999999997,
      -0.0005940000000000008,
      -0.00033299999999999996,
      0.00021200000000000038,
      0.0009890000000000038,
      -0.0010379999999999973,
      -0.0015539999999999998,
      -0.0011259999999999985,
      -0.0004730000000000012,
      0.00010399999999999993,
      0.0006630000000000039,
      0.00042299999999999977,
      0.0007690000000000023,
      0.0004299999999999998,
      0.0002669999999999999,
      0.0006490000000000003,
      0.0007600000000000037,
      0.00046400000000000087,
      -0.00037500000000000033,
      0.0005399999999999988,
      -0.0004580000000000001,
      0.00040399999999999464,
      0.0004249999999999983,
      0.0007559999999999963
    ]
  },
  "excitation_energy": "0.3203",
  "exciting_path_mean_volume": 1258.0657883333333,
  "s0_bonds_avg": 1.2760030301638887,
  "s1_bonds_avg": 1.2739381059131745,
  "delta_bonds": -0.0020649242507142507,
  "s0_angles_avg": 118.1928470502731,
  "s1_angles_avg": 118.19006684078147,
  "delta_angles": -0.0027802094916324904
}