{
  "s0_rotational_constant_a": 0.0366985,
  "s0_rotational_constant_b": 0.0382703,
  "s0_rotational_constant_c": 0.7844551,
  "s1_rotational_constant_a": 0.0398666,
  "s1_rotational_constant_b": 0.0404042,
  "s1_rotational_constant_c": 0.8965065,
  "s0_rays_asymmetry_parameter": 0.9957959582035116,
  "s1_rays_asymmetry_parameter": 0.9987448635068247,
  "s0_volume": 564.20004,
  "s1_volume": 565.61017,
  "delta_volume": 1.4101300000000947,
  "s0_homo_lumo_gap": 1.924729041934603,
  "s1_homo_lumo_gap": 0.8788704785423911,
  "delta_gap": -1.045858563392212,
  "s0_dihedral_avg": 9.004816453548129,
  "s1_dihedral_avg": 11.148135312826282,
  "delta_dihedral": 2.1433188592781534,
  "delta_dipole": null,
  "excitation_energy": "1.0107",
  "exciting_path_mean_volume": 564.6611983333333,
  "s0_bonds_avg": 1.2712631686758928,
  "s1_bonds_avg": 1.258236626357857,
  "s0_angles_avg": 116.64420746732691,
  "s1_angles_avg": 116.78035430171934
}