{
  "s0_rotational_constant_a": 0.0121867,
  "s0_rotational_constant_b": 0.013983,
  "s0_rotational_constant_c": 0.0771841,
  "s1_rotational_constant_a": 0.0121028,
  "s1_rotational_constant_b": 0.0139045,
  "s1_rotational_constant_c": 0.0781304,
  "s0_rays_asymmetry_parameter": 0.9447270198500246,
  "s1_rays_asymmetry_parameter": 0.9454258522193748,
  "s0_volume": 1243.42073,
  "s1_volume": 1247.57419,
  "delta_volume": 4.1534599999999955,
  "s0_homo_lumo_gap": 1.6871219798164998,
  "s1_homo_lumo_gap": 1.160451133164171,
  "delta_gap": -0.5266708466523289,
  "s0_dihedral_avg": 92.38972774286128,
  "s1_dihedral_avg": 92.29848981552938,
  "delta_dihedral": -0.09123792733190328,
  "delta_dipole": {
    "element": [
      "C",
      "C",
      "C",
      "C",
      "C",
      "C",
      "C",
      "C",
      "C",
      "C",
      "C",
      "C",
      "C",
      "N",
      "C",
      "C",
      "C",
      "C",
      "C",
      "C",
      "C",
      "C",
      "C",
      "C",
      "C",
      "C",
      "C",
      "C",
      "C",
      "C",
      "C",
      "C",
      "C",
      "C",
      "C",
      "C",
      "C",
      "C",
      "C",
      "C",
      "C",
      "C",
      "C",
      "C",
      "C",
      "C",
      "C",
      "N",
      "C",
      "C",
      "C",
      "C",
      "C",
      "C",
      "N",
      "C",
      "C",
      "C",
      "C",
      "C",
      "C",
      "C",
      "C",
      "C",
      "C",
      "H",
      "H",
      "H",
      "H",
      "H",
      "H",
      "H",
      "H",
      "H",
      "H",
      "H",
      "H",
      "H",
      "H",
      "H",
      "H",
      "H",
      "H",
      "H",
      "H",
      "H",
      "H",
      "H",
      "H",
      "H",
      "H",
      "H",
      "H",
      "H",
      "H",
      "H",
      "H",
      "H",
      "H",
      "H",
      "H",
      "H",
      "H",
      "H",
      "H",
      "H",
      "H",
      "H",
      "H",
      "H",
      "H",
      "H",
      "H",
      "H",
      "H",
      "H",
      "H",
      "H",
      "H",
      "H",
      "H",
      "H"
    ],
    "charge_variation": [
      0.0012409999999999921,
      -0.001791000000000001,
      0.0010239999999999971,
      0.0004610000000000031,
      0.0020900000000000016,
      0.004242999999999997,
      -0.006215999999999999,
      0.007518999999999998,
      -0.014148,
      0.027049000000000004,
      -0.011242000000000002,
      0.027236999999999997,
      -0.024770999999999987,
      0.06151399999999996,
      0.022397,
      -0.054424,
      0.022139000000000002,
      -0.051394999999999996,
      0.019331999999999995,
      -0.051054,
      0.007293999999999995,
      -0.00554700000000001,
      -0.0017330000000000123,
      -0.0004000000000000002,
      0.004602000000000009,
      -0.0033450000000000008,
      0.009308999999999998,
      -0.01206800000000001,
      -0.01179800000000003,
      0.02571799999999999,
      -0.009186,
      0.005838999999999997,
      -0.006108000000000002,
      0.010481999999999998,
      -0.002449999999999994,
      0.0005230000000000096,
      0.002602999999999994,
      0.0012999999999999956,
      -0.0044369999999999965,
      -2.4000000000003185e-05,
      0.003819999999999997,
      -0.002155000000000004,
      -0.0014180000000000026,
      -0.0009079999999999921,
      0.0018980000000000004,
      -0.00017099999999999928,
      -0.0005079999999999529,
      -0.0006340000000000234,
      0.0025069999999999815,
      -0.00024099999999999122,
      0.0004760000000000042,
      0.0003449999999999981,
      -0.0007820000000000049,
      0.004571999999999993,
      -0.00852200000000003,
      0.0013880000000000003,
      0.0017179999999999973,
      0.0002889999999999993,
      0.0007459999999999967,
      0.0003709999999999998,
      0.0012850000000000084,
      -3.100000000000325e-05,
      0.00018699999999999967,
      0.004791000000000004,
      -5.999999999992123e-06,
      -0.0003620000000000012,
      -0.0002669999999999999,
      1.2999999999999123e-05,
      -0.0002030000000000018,
      0.00028000000000000073,
      -3.399999999999931e-05,
      -7.000000000000062e-06,
      2.9999999999998778e-05,
      0.00045500000000000054,
      0.0013159999999999977,
      -0.0007270000000000054,
      0.0019660000000000025,
      -0.0004989999999999994,
      -0.0016689999999999969,
      -0.0024460000000000003,
      0.0011150000000000049,
      -0.0027690000000000006,
      -0.003504,
      0.0033079999999999984,
      -0.0004819999999999998,
      -0.0019769999999999996,
      0.0020949999999999996,
      0.0005950000000000018,
      0.0012180000000000003,
      0.001225999999999998,
      -0.0001270000000000021,
      -0.0003270000000000009,
      -0.0025560000000000027,
      0.0008770000000000002,
      0.0007089999999999944,
      0.0028390000000000012,
      -0.003686999999999996,
      2.2999999999998716e-05,
      -1.1000000000000593e-05,
      0.0002710000000000004,
      -0.0013360000000000004,
      -0.0003459999999999991,
      0.0001480000000000023,
      -0.0014149999999999996,
      0.0003160000000000003,
      0.0007519999999999992,
      0.0017769999999999939,
      0.001804,
      0.00022300000000000098,
      0.0005010000000000014,
      -0.0002020000000000008,
      0.0001460000000000003,
      0.0004390000000000019,
      -0.00024400000000000116,
      -0.0003769999999999954,
      -0.0008900000000000019,
      -0.00024700000000000416,
      -0.00017500000000000154,
      -0.00021200000000000385,
      0.000513000000000003,
      4.699999999999843e-05,
      0.0012959999999999985
    ]
  },
  "excitation_energy": "1.3379",
  "exciting_path_mean_volume": 1245.4614033333335,
  "s0_bonds_avg": 1.2688358755841667,
  "s1_bonds_avg": 1.2842194518658334,
  "delta_bonds": 0.015383576281666755,
  "s0_angles_avg": 116.37987143882305,
  "s1_angles_avg": 116.37663620299709,
  "delta_angles": -0.003235235825954419
}