{
  "s0_rotational_constant_a": 0.0259655,
  "s0_rotational_constant_b": 0.0262666,
  "s0_rotational_constant_c": 0.1521484,
  "s1_rotational_constant_a": 0.0247174,
  "s1_rotational_constant_b": 0.0256789,
  "s1_rotational_constant_c": 0.1585889,
  "s0_rays_asymmetry_parameter": 0.9952275625302637,
  "s1_rays_asymmetry_parameter": 0.9856354787986987,
  "s0_volume": 763.41534,
  "s1_volume": 763.71529,
  "delta_volume": 0.2999499999999671,
  "s0_homo_lumo_gap": 1.6442368425728158,
  "s1_homo_lumo_gap": 0.7380488581427751,
  "delta_gap": -0.9061879844300407,
  "s0_dihedral_avg": 90.00690947856413,
  "s1_dihedral_avg": 89.99037256584724,
  "delta_dihedral": -0.016536912716887286,
  "delta_dipole": {
    "element": [
      "O",
      "C",
      "C",
      "C",
      "C",
      "C",
      "N",
      "C",
      "C",
      "C",
      "C",
      "C",
      "C",
      "S",
      "C",
      "C",
      "C",
      "C",
      "C",
      "C",
      "C",
      "C",
      "C",
      "C",
      "C",
      "C",
      "N",
      "C",
      "C",
      "C",
      "C",
      "C",
      "C",
      "S",
      "C",
      "C",
      "C",
      "C",
      "C",
      "C",
      "C",
      "C",
      "H",
      "H",
      "H",
      "H",
      "H",
      "H",
      "H",
      "H",
      "H",
      "H",
      "H",
      "H",
      "H",
      "H",
      "H",
      "H",
      "H",
      "H",
      "H",
      "H",
      "H",
      "H",
      "H",
      "H"
    ],
    "charge_variation": [
      -0.033499999999999974,
      -0.0070989999999999664,
      0.011867000000000003,
      -0.005708999999999999,
      0.0032309999999999978,
      -0.02982499999999999,
      0.06608600000000003,
      -0.008971000000000007,
      0.0005209999999999937,
      0.003396999999999999,
      -0.007236000000000006,
      0.002153000000000002,
      -0.010333000000000002,
      -0.021670000000000023,
      -0.007464999999999999,
      0.0015859999999999971,
      -0.006877999999999995,
      -0.0007120000000000008,
      -0.001906999999999992,
      -0.008203999999999989,
      0.005501000000000006,
      -0.011055,
      0.005666999999999998,
      0.018677,
      0.00039300000000000446,
      0.01285200000000003,
      0.016215999999999897,
      -0.0031869999999999954,
      -0.007903999999999994,
      0.0031789999999999995,
      -0.0003579999999999972,
      0.0035299999999999984,
      -0.002273000000000004,
      0.0020639999999999825,
      -0.0035700000000000037,
      0.0034590000000000037,
      -6.499999999999562e-05,
      0.005593,
      -0.0041150000000000075,
      -0.005001000000000033,
      0.006806999999999994,
      0.0006239999999999996,
      -0.0020370000000000006,
      -0.0013050000000000006,
      0.0027630000000000016,
      0.0004269999999999968,
      9.299999999999586e-05,
      0.0003480000000000011,
      0.0006260000000000016,
      -3.9999999999970615e-06,
      -0.001070999999999999,
      -0.0012090000000000017,
      -0.0012190000000000048,
      -0.004914000000000002,
      0.007515999999999995,
      0.0022059999999999996,
      -0.002924999999999997,
      -0.0004740000000000022,
      0.0013729999999999992,
      0.0007479999999999987,
      0.0005970000000000003,
      0.0014279999999999987,
      0.0007999999999999986,
      -0.0002370000000000011,
      0.001464,
      0.008637999999999996
    ]
  },
  "excitation_energy": "0.8488",
  "exciting_path_mean_volume": 763.140035,
  "s0_bonds_avg": 1.3236737026937608,
  "s1_bonds_avg": 1.3235518748692503,
  "delta_bonds": -0.0001218278245105342,
  "s0_angles_avg": 119.66049291595141,
  "s1_angles_avg": 119.65404305184771,
  "delta_angles": -0.00644986410370052
}