{
  "s0_rotational_constant_a": 0.009959,
  "s0_rotational_constant_b": 0.0122667,
  "s0_rotational_constant_c": 0.0431924,
  "s1_rotational_constant_a": 0.0096084,
  "s1_rotational_constant_b": 0.0115558,
  "s1_rotational_constant_c": 0.0437665,
  "s0_rays_asymmetry_parameter": 0.861121642684769,
  "s1_rays_asymmetry_parameter": 0.8859772645434026,
  "s0_volume": 1171.33338,
  "s1_volume": 1171.01544,
  "delta_volume": -0.3179400000001351,
  "s0_homo_lumo_gap": 2.1000927900100645,
  "s1_homo_lumo_gap": 1.4943756012389664,
  "delta_gap": -0.6057171887710981,
  "s0_dihedral_avg": -1.009838113918075,
  "s1_dihedral_avg": -1.15167071410191,
  "delta_dihedral": -0.14183260018383503,
  "delta_dipole": null,
  "excitation_energy": "1.7186",
  "exciting_path_mean_volume": 1170.9581283333334,
  "s0_bonds_avg": 1.2877994585472499,
  "s1_bonds_avg": 1.2768978831702498,
  "s0_angles_avg": 118.44994107707487,
  "s1_angles_avg": 118.44434350410579
}