{
  "s0_rotational_constant_a": 0.0579722,
  "s0_rotational_constant_b": 0.0932129,
  "s0_rotational_constant_c": 0.1322507,
  "s1_rotational_constant_a": 0.0604151,
  "s1_rotational_constant_b": 0.0878188,
  "s1_rotational_constant_c": 0.1385303,
  "s0_rays_asymmetry_parameter": 0.051119772208647156,
  "s1_rays_asymmetry_parameter": 0.2983772684445536,
  "s0_volume": 645.81621,
  "s1_volume": 642.1785,
  "delta_volume": -3.63770999999997,
  "s0_homo_lumo_gap": 2.0912028316740803,
  "s1_homo_lumo_gap": 1.1722880841165835,
  "delta_gap": -0.9189147475574968,
  "s0_dihedral_avg": -2.90134467084173,
  "s1_dihedral_avg": 2.0181408799945135,
  "delta_dihedral": 4.919485550836244,
  "delta_dipole": null,
  "excitation_energy": "1.9972",
  "exciting_path_mean_volume": 643.5403733333334,
  "s0_bonds_avg": 1.2839002851303507,
  "s1_bonds_avg": 1.2881363005963158,
  "s0_angles_avg": 127.91413357374516,
  "s1_angles_avg": 125.55863079266304
}