{"charge": {"element": ["C", "C", "C", "C", "C", "C", "C", "C", "C", "C", "C", "C", "C", "C", "C", "C", "C", "C", "C", "C", "C", "C", "C", "C", "C", "C", "C", "C", "C", "C", "C", "C", "C", "C", "H", "H", "H", "H", "H", "H", "H", "H", "H", "H", "H", "H", "H", "H", "H", "H", "H", "H", "H", "H"], "charge_variation": [-0.0019849999999999868, 0.003939999999999999, -0.0013229999999999908, 0.0001260000000000011, -0.0031290000000000068, -0.0023430000000000117, 0.0014920000000000003, 0.001121999999999998, -0.0008050000000000002, -0.004146000000000011, 0.0007180000000000034, -0.0016069999999999973, 0.003692000000000001, -0.0019839999999999858, 0.0002489999999999992, -0.0017840000000000078, -0.0015240000000000115, -0.0037449999999999983, 0.0015989999999999963, -0.0015209999999999946, 0.0033539999999999993, -0.001689999999999997, -0.0010810000000000056, -0.0008750000000000008, -0.0013920000000000043, -0.0011820000000000025, -0.0020809999999999995, -0.0014069999999999916, 0.004014, -0.002263000000000015, 0.0024219999999999936, -0.0038789999999999936, -0.0009269999999999973, 5.9999999999997555e-05, 0.00027399999999999647, -0.00031699999999999784, 0.002332999999999995, 0.0021870000000000014, -0.0001989999999999978, 0.00013299999999999423, -7.399999999999768e-05, 0.0028519999999999934, 0.0024290000000000006, -0.00022300000000000098, 0.0001330000000000081, -8.900000000000574e-05, 0.002562999999999996, 0.0023099999999999996, -0.0002050000000000038, 0.0002269999999999911, -8.099999999999774e-05, 0.0028439999999999993, 0.0028779999999999986, -8.99999999999998e-05]}, "ground_state": {"HOMO-LUMO": 2.0912028316740803, "charge": {"element": ["C", "C", "C", "C", "C", "C", "C", "C", "C", "C", "C", "C", "C", "C", "C", "C", "C", "C", "C", "C", "C", "C", "C", "C", "C", "C", "C", "C", "C", "C", "C", "C", "C", "C", "H", "H", "H", "H", "H", "H", "H", "H", "H", "H", "H", "H", "H", "H", "H", "H", "H", "H", "H", "H"], "charge": [-0.232028, 0.018197, 0.129635, -0.050628, -0.06444, 0.072316, -0.017602, -0.017282, 0.070914, -0.063383, -0.051574, 0.129954, 0.01841, -0.232072, -0.053256, -0.065327, 0.071526, -0.063908, -0.052126, 0.12982, 0.018762, -0.232345, -0.052006, -0.06602, 0.071469, -0.065949, -0.050885, 0.129826, 0.018082, -0.231781, -0.05338, -0.063672, -0.06601, -0.053207, 0.121369, 0.034448, 0.03307, 0.033296, 0.034365, 0.121522, 0.033343, 0.032648, 0.033015, 0.034301, 0.121526, 0.033355, 0.032855, 0.03319, 0.033457, 0.121425, 0.034247, 0.0327, 0.032564, 0.033273]}, "structure": {"bonds": 1.2839002851303507, "angles": 127.91413357374516, "DA": -2.90134467084173}, "rotational_constant": {"A": 0.0579722, "B": 0.0932129, "C": 0.1322507}, "rays_asymmetry_parameter": 0.051119772208647156, "volume": 645.81621}, "excited_state": {"HOMO-LUMO": 1.1722880841165835, "charge": {"element": ["C", "C", "C", "C", "C", "C", "C", "C", "C", "C", "C", "C", "C", "C", "C", "C", "C", "C", "C", "C", "C", "C", "C", "C", "C", "C", "C", "C", "C", "C", "C", "C", "C", "C", "H", "H", "H", "H", "H", "H", "H", "H", "H", "H", "H", "H", "H", "H", "H", "H", "H", "H", "H", "H"], "charge": [-0.234013, 0.022137, 0.128312, -0.050502, -0.067569, 0.069973, -0.01611, -0.01616, 0.070109, -0.067529, -0.050856, 0.128347, 0.022102, -0.234056, -0.053007, -0.067111, 0.070002, -0.067653, -0.050527, 0.128299, 0.022116, -0.234035, -0.053087, -0.066895, 0.070077, -0.067131, -0.052966, 0.128419, 0.022096, -0.234044, -0.050958, -0.067551, -0.066937, -0.053147, 0.121643, 0.034131, 0.035403, 0.035483, 0.034166, 0.121655, 0.033269, 0.0355, 0.035444, 0.034078, 0.121659, 0.033266, 0.035418, 0.0355, 0.033252, 0.121652, 0.034166, 0.035544, 0.035442, 0.033183]}, "structure": {"bonds": 1.2881363005963158, "angles": 125.55863079266304, "DA": 2.0181408799945135}, "rotational_constant": {"A": 0.0604151, "B": 0.0878188, "C": 0.1385303}, "rays_asymmetry_parameter": 0.2983772684445536, "excited_energy": "1.9972", "volume": 642.1785}, "exciting_path_mean_volume": 643.5403733333334}