{
  "s0_rotational_constant_a": 0.0361721,
  "s0_rotational_constant_b": 0.0386238,
  "s0_rotational_constant_c": 0.1574361,
  "s1_rotational_constant_a": 0.0365283,
  "s1_rotational_constant_b": 0.038993,
  "s1_rotational_constant_c": 0.1566561,
  "s0_rays_asymmetry_parameter": 0.9595642564982187,
  "s1_rays_asymmetry_parameter": 0.9589653685491618,
  "s0_volume": 771.92333,
  "s1_volume": 771.73786,
  "delta_volume": -0.18547000000000935,
  "s0_homo_lumo_gap": 1.5052465481481367,
  "s1_homo_lumo_gap": 1.1380425604990858,
  "delta_gap": -0.36720398764905093,
  "s0_dihedral_avg": 90.01284835634961,
  "s1_dihedral_avg": 90.17214554417188,
  "delta_dihedral": 0.15929718782227553,
  "delta_dipole": {
    "element": [
      "C",
      "C",
      "N",
      "C",
      "C",
      "C",
      "C",
      "C",
      "C",
      "C",
      "C",
      "C",
      "C",
      "C",
      "C",
      "C",
      "C",
      "C",
      "C",
      "C",
      "C",
      "C",
      "C",
      "C",
      "C",
      "C",
      "C",
      "C",
      "C",
      "C",
      "C",
      "C",
      "C",
      "C",
      "C",
      "C",
      "N",
      "B",
      "F",
      "F",
      "C",
      "C",
      "H",
      "H",
      "H",
      "H",
      "H",
      "H",
      "H",
      "H",
      "H",
      "H",
      "H",
      "H",
      "H",
      "H",
      "H",
      "H",
      "H",
      "H",
      "H",
      "H",
      "H",
      "H",
      "H",
      "H",
      "H",
      "H",
      "H",
      "H",
      "H"
    ],
    "charge_variation": [
      0.0004720000000000002,
      0.004398000000000013,
      -0.016876000000000002,
      0.023906999999999984,
      -0.003935999999999995,
      -0.0004270000000000003,
      0.001340999999999995,
      0.0005049999999999985,
      -0.0012770000000000004,
      -0.002611000000000002,
      -0.0005509999999999994,
      0.0012399999999999911,
      -0.001584000000000002,
      -0.0005719999999999996,
      -0.0006099999999999994,
      -0.0004190000000000027,
      -0.0006460000000000077,
      -0.001239000000000004,
      -0.0018250000000000072,
      0.0017830000000000033,
      0.00042400000000000077,
      -0.000508999999999999,
      -0.0005510000000000098,
      0.002340999999999996,
      -0.00506899999999999,
      0.0011059999999999993,
      -0.0027709999999999957,
      0.0004829999999999973,
      -0.003379000000000007,
      0.0022040000000000046,
      -0.001119000000000002,
      0.02397100000000002,
      -0.010199,
      4.999999999999449e-05,
      0.004587000000000008,
      0.00044099999999999695,
      -0.017257999999999996,
      0.0003969999999999807,
      -0.00141099999999994,
      -0.0018489999999999895,
      -0.008980999999999989,
      -0.00042599999999998195,
      0.0009389999999999954,
      0.0005070000000000005,
      -0.0013570000000000006,
      -0.001462999999999999,
      -0.0006480000000000027,
      0.001806000000000002,
      0.0003830000000000014,
      0.0005980000000000013,
      0.0005399999999999988,
      0.0009690000000000046,
      0.001187999999999998,
      0.00015099999999999836,
      -7.700000000000068e-05,
      0.00016099999999999795,
      0.0016289999999999985,
      0.0023440000000000023,
      2.3999999999999716e-05,
      0.0004310000000000008,
      0.000392,
      0.0023010000000000044,
      0.00040699999999999764,
      -0.0011629999999999974,
      0.002050000000000003,
      0.0011739999999999945,
      0.0005129999999999996,
      0.0009100000000000011,
      -0.0013430000000000004,
      0.002015999999999997,
      0.0010610000000000064
    ]
  },
  "excitation_energy": "1.3792",
  "exciting_path_mean_volume": 771.4673033333333,
  "s0_bonds_avg": 1.286715798547143,
  "s1_bonds_avg": 1.2927177653157145,
  "delta_bonds": 0.006001966768571565,
  "s0_angles_avg": 118.5288939035706,
  "s1_angles_avg": 118.52956901663156,
  "delta_angles": 0.0006751130609501388
}