{
  "s0_rotational_constant_a": 0.0496141,
  "s0_rotational_constant_b": 0.0538629,
  "s0_rotational_constant_c": 0.4005443,
  "s1_rotational_constant_a": 0.0522348,
  "s1_rotational_constant_b": 0.0558222,
  "s1_rotational_constant_c": 0.4053382,
  "s0_rays_asymmetry_parameter": 0.9757854980848043,
  "s1_rays_asymmetry_parameter": 0.9796807394094761,
  "s0_volume": 556.81426,
  "s1_volume": 558.40044,
  "delta_volume": 1.586180000000013,
  "s0_homo_lumo_gap": 1.4694581391995993,
  "s1_homo_lumo_gap": 0.3557833708335849,
  "delta_gap": -1.1136747683660144,
  "s0_dihedral_avg": 91.6890740781803,
  "s1_dihedral_avg": 92.02822542658886,
  "delta_dihedral": 0.33915134840856354,
  "delta_dipole": {
    "element": [
      "C",
      "C",
      "C",
      "N",
      "C",
      "C",
      "C",
      "C",
      "C",
      "C",
      "S",
      "C",
      "C",
      "C",
      "C",
      "C",
      "C",
      "N",
      "C",
      "N",
      "C",
      "C",
      "C",
      "C",
      "C",
      "C",
      "O",
      "C",
      "C",
      "C",
      "H",
      "H",
      "H",
      "H",
      "H",
      "H",
      "H",
      "H",
      "H",
      "H",
      "H",
      "H",
      "H",
      "H",
      "H",
      "H",
      "H",
      "H",
      "H"
    ],
    "charge_variation": [
      -0.0016110000000000013,
      -0.003806000000000004,
      -0.002943000000000029,
      0.0069349999999999135,
      0.028505999999999976,
      -0.024674,
      0.004921,
      -0.024953000000000003,
      0.0018699999999999967,
      -0.011243,
      -0.028506000000000004,
      0.032557,
      -0.0045540000000000025,
      0.017743000000000002,
      -0.011265999999999998,
      0.039809000000000004,
      0.014137000000000066,
      -0.005059000000000036,
      -0.014603000000000033,
      0.0025490000000000235,
      0.003644999999999954,
      0.0008500000000000035,
      0.005572999999999995,
      0.010005,
      -0.0036149999999999793,
      0.013239,
      0.0037109999999999643,
      -0.033807,
      0.03842899999999999,
      -0.03407100000000002,
      -0.0017420000000000005,
      -0.0013819999999999978,
      0.0011460000000000012,
      -0.000902,
      -0.0005320000000000012,
      0.0011149999999999999,
      0.0010050000000000024,
      -0.0013639999999999972,
      -0.0032390000000000023,
      -0.002114999999999999,
      -0.005419,
      -0.030205999999999997,
      0.02352,
      0.0016330000000000025,
      0.0019249999999999962,
      0.0022210000000000008,
      0.002904999999999998,
      -0.005010999999999998,
      -0.0033250000000000016
    ]
  },
  "excitation_energy": "0.4115",
  "exciting_path_mean_volume": 557.7347,
  "s0_bonds_avg": 1.301500447649434,
  "s1_bonds_avg": 1.2994406511381131,
  "delta_bonds": -0.0020597965113209327,
  "s0_angles_avg": 117.90930369328984,
  "s1_angles_avg": 117.78500440616665,
  "delta_angles": -0.12429928712319338
}