{
  "s0_rotational_constant_a": 0.2336564,
  "s0_rotational_constant_b": 0.3485129,
  "s0_rotational_constant_c": 0.5933878,
  "s1_rotational_constant_a": 0.2341249,
  "s1_rotational_constant_b": 0.3426086,
  "s1_rotational_constant_c": 0.5872661,
  "s0_rays_asymmetry_parameter": 0.36143189057168756,
  "s1_rays_asymmetry_parameter": 0.3856072301957404,
  "s0_volume": 341.85214,
  "s1_volume": 344.7905,
  "delta_volume": 2.9383599999999888,
  "s0_homo_lumo_gap": 2.1028193704363445,
  "s1_homo_lumo_gap": 1.693331617074755,
  "delta_gap": -0.4094877533615895,
  "s0_dihedral_avg": 90.64901562842236,
  "s1_dihedral_avg": 90.20574098938752,
  "delta_dihedral": -0.4432746390348399,
  "delta_dipole": {
    "element": [
      "F",
      "B",
      "F",
      "N",
      "C",
      "C",
      "C",
      "C",
      "C",
      "N",
      "C",
      "C",
      "C",
      "C",
      "C",
      "C",
      "C",
      "C",
      "N",
      "H",
      "H",
      "H",
      "H",
      "H",
      "H",
      "H",
      "H",
      "H",
      "H",
      "H",
      "H",
      "H",
      "H"
    ],
    "charge_variation": [
      0.004130000000000078,
      0.002785999999999955,
      -0.004039000000000015,
      -0.025999999999999968,
      0.043156,
      0.016818,
      0.02351600000000001,
      0.04244199999999998,
      0.0017860000000000098,
      -0.09920600000000002,
      0.01819599999999999,
      0.0001810000000000006,
      0.005417999999999999,
      0.003693000000000002,
      0.08067900000000001,
      -0.025286000000000003,
      -0.05096700000000001,
      0.028475000000000028,
      -0.06457600000000002,
      0.0014930000000000013,
      0.0021820000000000034,
      0.005195999999999999,
      -0.006349,
      -0.009566000000000002,
      -0.0032730000000000016,
      0.002146000000000002,
      0.004659,
      -0.004247000000000001,
      0.0017420000000000005,
      -0.015413,
      0.011450000000000002,
      0.010192,
      -0.0014149999999999996
    ]
  },
  "excitation_energy": "2.1557",
  "exciting_path_mean_volume": 343.01028333333335,
  "s0_bonds_avg": 1.2743067238916665,
  "s1_bonds_avg": 1.2898333650461113,
  "delta_bonds": 0.015526641154444798,
  "s0_angles_avg": 115.15324865132456,
  "s1_angles_avg": 114.84229751096413,
  "delta_angles": -0.31095114036043014
}