{
  "charge": {
    "element": [
      "F",
      "B",
      "F",
      "N",
      "C",
      "C",
      "C",
      "C",
      "C",
      "N",
      "C",
      "C",
      "C",
      "C",
      "C",
      "C",
      "C",
      "C",
      "N",
      "H",
      "H",
      "H",
      "H",
      "H",
      "H",
      "H",
      "H",
      "H",
      "H",
      "H",
      "H",
      "H",
      "H"
    ],
    "charge_variation": [
      0.004130000000000078,
      0.002785999999999955,
      -0.004039000000000015,
      -0.025999999999999968,
      0.043156,
      0.016818,
      0.02351600000000001,
      0.04244199999999998,
      0.0017860000000000098,
      -0.09920600000000002,
      0.01819599999999999,
      0.0001810000000000006,
      0.005417999999999999,
      0.003693000000000002,
      0.08067900000000001,
      -0.025286000000000003,
      -0.05096700000000001,
      0.028475000000000028,
      -0.06457600000000002,
      0.0014930000000000013,
      0.0021820000000000034,
      0.005195999999999999,
      -0.006349,
      -0.009566000000000002,
      -0.0032730000000000016,
      0.002146000000000002,
      0.004659,
      -0.004247000000000001,
      0.0017420000000000005,
      -0.015413,
      0.011450000000000002,
      0.010192,
      -0.0014149999999999996
    ]
  },
  "ground_state": {
    "HOMO-LUMO": 2.1028193704363445,
    "charge": {
      "element": [
        "F",
        "B",
        "F",
        "N",
        "C",
        "C",
        "C",
        "C",
        "C",
        "N",
        "C",
        "C",
        "C",
        "C",
        "C",
        "C",
        "C",
        "C",
        "N",
        "H",
        "H",
        "H",
        "H",
        "H",
        "H",
        "H",
        "H",
        "H",
        "H",
        "H",
        "H",
        "H",
        "H"
      ],
      "charge": [
        -0.520422,
        0.73455,
        -0.521235,
        -0.251485,
        0.245213,
        -0.152828,
        -0.153124,
        0.125287,
        0.423159,
        -0.565994,
        0.26414,
        -0.04843,
        -0.053042,
        0.265148,
        0.122262,
        -0.153935,
        -0.150446,
        0.236612,
        -0.248851,
        0.046526,
        0.047054,
        0.045011,
        -0.005562,
        0.028448,
        0.020052,
        0.025292,
        0.023551,
        0.020313,
        0.007311,
        0.008748,
        0.04368,
        0.046693,
        0.046305
      ]
    },
    "structure": {
      "bonds": 1.2743067238916665,
      "angles": 115.15324865132456,
      "DA": 90.64901562842236
    },
    "rotational_constant": {
      "A": 0.2336564,
      "B": 0.3485129,
      "C": 0.5933878
    },
    "rays_asymmetry_parameter": 0.36143189057168756,
    "volume": 341.85214
  },
  "excited_state": {
    "HOMO-LUMO": 1.693331617074755,
    "charge": {
      "element": [
        "F",
        "B",
        "F",
        "N",
        "C",
        "C",
        "C",
        "C",
        "C",
        "N",
        "C",
        "C",
        "C",
        "C",
        "C",
        "C",
        "C",
        "C",
        "N",
        "H",
        "H",
        "H",
        "H",
        "H",
        "H",
        "H",
        "H",
        "H",
        "H",
        "H",
        "H",
        "H",
        "H"
      ],
      "charge": [
        -0.516292,
        0.737336,
        -0.525274,
        -0.277485,
        0.288369,
        -0.13601,
        -0.129608,
        0.167729,
        0.424945,
        -0.6652,
        0.282336,
        -0.048249,
        -0.047624,
        0.268841,
        0.202941,
        -0.179221,
        -0.201413,
        0.265087,
        -0.313427,
        0.048019,
        0.049236,
        0.050207,
        -0.011911,
        0.018882,
        0.016779,
        0.027438,
        0.02821,
        0.016066,
        0.009053,
        -0.006665,
        0.05513,
        0.056885,
        0.04489
      ]
    },
    "structure": {
      "bonds": 1.2898333650461113,
      "angles": 114.84229751096413,
      "DA": 90.20574098938752
    },
    "rotational_constant": {
      "A": 0.2341249,
      "B": 0.3426086,
      "C": 0.5872661
    },
    "rays_asymmetry_parameter": 0.3856072301957404,
    "excited_energy": "2.1557",
    "volume": 344.7905
  },
  "exciting_path_mean_volume": 343.01028333333335
}