{
  "charge": {
    "element": [
      "C",
      "C",
      "C",
      "C",
      "C",
      "C",
      "O",
      "C",
      "C",
      "N",
      "C",
      "C",
      "N",
      "O",
      "C",
      "C",
      "C",
      "C",
      "C",
      "C",
      "O",
      "C",
      "C",
      "N",
      "C",
      "C",
      "N",
      "O",
      "H",
      "H",
      "H",
      "H",
      "H",
      "H",
      "H",
      "H",
      "H",
      "H",
      "H",
      "H"
    ],
    "charge_variation": [
      0.004531,
      -0.0032149999999999956,
      -0.011041999999999996,
      -0.0039839999999999876,
      0.018683000000000005,
      -0.028021000000000018,
      -0.01777099999999998,
      -0.02508200000000005,
      0.046745999999999996,
      -0.017838999999999938,
      0.046502000000000016,
      -0.025141999999999998,
      0.06953000000000009,
      -0.017817000000000083,
      0.01868499999999995,
      -0.027960999999999986,
      0.004579,
      -0.003220999999999974,
      -0.01110600000000006,
      -0.00379999999999997,
      0.027863999999999944,
      0.02261500000000005,
      -0.061846000000000005,
      0.025040000000000062,
      -0.062125,
      0.022573000000000065,
      -0.03569599999999995,
      0.027959999999999985,
      1.1999999999998123e-05,
      0.004871,
      0.003960999999999999,
      -0.008127999999999996,
      0.009454000000000004,
      0.009495999999999997,
      -0.008166,
      2.4999999999997247e-05,
      0.004906000000000001,
      0.0039920000000000025,
      -4.799999999999943e-05,
      -1.6000000000002124e-05
    ]
  },
  "ground_state": {
    "HOMO-LUMO": 2.5628495437956635,
    "charge": {
      "element": [
        "C",
        "C",
        "C",
        "C",
        "C",
        "C",
        "O",
        "C",
        "C",
        "N",
        "C",
        "C",
        "N",
        "O",
        "C",
        "C",
        "C",
        "C",
        "C",
        "C",
        "O",
        "C",
        "C",
        "N",
        "C",
        "C",
        "N",
        "O",
        "H",
        "H",
        "H",
        "H",
        "H",
        "H",
        "H",
        "H",
        "H",
        "H",
        "H",
        "H"
      ],
      "charge": [
        0.016993,
        -0.187315,
        0.5435,
        -0.260745,
        0.543509,
        -0.187351,
        -0.500498,
        0.903169,
        0.115029,
        -0.691489,
        0.115336,
        0.903254,
        -1.063101,
        -0.500547,
        0.543443,
        -0.187307,
        0.016926,
        -0.187208,
        0.54354,
        -0.260817,
        -0.500481,
        0.903145,
        0.114986,
        -0.691431,
        0.115258,
        0.903203,
        -1.063072,
        -0.500548,
        0.03144,
        0.043064,
        0.053597,
        0.042994,
        0.039622,
        0.039583,
        0.043032,
        0.031453,
        0.043022,
        0.053584,
        0.039629,
        0.039598
      ]
    },
    "structure": {
      "bonds": 1.2992583488251876,
      "angles": 119.381085886444,
      "DA": 90.57979166204136
    },
    "rotational_constant": {
      "A": 0.131895,
      "B": 0.1567574,
      "C": 0.3035586
    },
    "rays_asymmetry_parameter": 0.7103357962899534,
    "volume": 456.70547
  },
  "excited_state": {
    "HOMO-LUMO": 0.49400086202366955,
    "charge": {
      "element": [
        "C",
        "C",
        "C",
        "C",
        "C",
        "C",
        "O",
        "C",
        "C",
        "N",
        "C",
        "C",
        "N",
        "O",
        "C",
        "C",
        "C",
        "C",
        "C",
        "C",
        "O",
        "C",
        "C",
        "N",
        "C",
        "C",
        "N",
        "O",
        "H",
        "H",
        "H",
        "H",
        "H",
        "H",
        "H",
        "H",
        "H",
        "H",
        "H",
        "H"
      ],
      "charge": [
        0.021524,
        -0.19053,
        0.532458,
        -0.264729,
        0.562192,
        -0.215372,
        -0.518269,
        0.878087,
        0.161775,
        -0.709328,
        0.161838,
        0.878112,
        -0.993571,
        -0.518364,
        0.562128,
        -0.215268,
        0.021505,
        -0.190429,
        0.532434,
        -0.264617,
        -0.472617,
        0.92576,
        0.05314,
        -0.666391,
        0.053133,
        0.925776,
        -1.098768,
        -0.472588,
        0.031452,
        0.047935,
        0.057558,
        0.034866,
        0.049076,
        0.049079,
        0.034866,
        0.031478,
        0.047928,
        0.057576,
        0.039581,
        0.039582
      ]
    },
    "structure": {
      "bonds": 1.3053451045569764,
      "angles": 119.21843326697638,
      "DA": 90.17186355457886
    },
    "rotational_constant": {
      "A": 0.1279195,
      "B": 0.1550241,
      "C": 0.3220147
    },
    "rays_asymmetry_parameter": 0.7207081885590163,
    "excited_energy": "0.5682",
    "volume": 456.47197
  },
  "exciting_path_mean_volume": 455.96325333333334
}