{
  "s0_rotational_constant_a": 0.0416547,
  "s0_rotational_constant_b": 0.0667722,
  "s0_rotational_constant_c": 0.0922734,
  "s1_rotational_constant_a": 0.042993,
  "s1_rotational_constant_b": 0.063445,
  "s1_rotational_constant_c": 0.1002333,
  "s0_rays_asymmetry_parameter": 0.007580202573357291,
  "s1_rays_asymmetry_parameter": 0.28539857408154745,
  "s0_volume": 779.62841,
  "s1_volume": 775.82595,
  "delta_volume": -3.8024599999999964,
  "s0_homo_lumo_gap": 2.064549283495025,
  "s1_homo_lumo_gap": 1.2602461536765381,
  "delta_gap": -0.8043031298184871,
  "s0_dihedral_avg": 5.6395592658834435,
  "s1_dihedral_avg": -1.1100823420335164,
  "delta_dihedral": -6.74964160791696,
  "delta_dipole": null,
  "excitation_energy": "2.0080",
  "exciting_path_mean_volume": 776.937625,
  "s0_bonds_avg": 1.2996837276399997,
  "s1_bonds_avg": 1.2983800279400002,
  "s0_angles_avg": 119.99933022982519,
  "s1_angles_avg": 119.99797513916683
}