{"charge": {"element": ["C", "C", "C", "C", "C", "C", "C", "C", "C", "C", "C", "C", "C", "C", "C", "C", "C", "C", "C", "C", "C", "C", "C", "C", "C", "C", "C", "C", "C", "C", "C", "C", "C", "C", "C", "C", "C", "C", "C", "C", "C", "C", "H", "H", "H", "H", "H", "H", "H", "H", "H", "H", "H", "H", "H", "H", "H", "H", "H", "H", "H", "H", "H", "H", "H", "H", "H", "H", "H", "H"], "charge_variation": [-0.0018840000000000037, 0.0010030000000000039, -0.0015990000000000032, -0.00032599999999999296, -0.002259999999999998, -0.0015529999999999988, 0.005527, -0.0009590000000000015, -0.002352000000000007, -0.0001799999999999996, -0.0039949999999999986, 0.003257999999999997, -0.00091200000000001, -0.0013169999999999987, 0.003510000000000006, -0.0026669999999999958, 0.0005850000000000022, -0.004246, -0.002251000000000003, -0.00011299999999998811, -0.0039959999999999996, 0.003248000000000001, -0.000911000000000009, -0.0013039999999999996, 0.003476, -0.002682000000000004, 0.0006570000000000048, -0.004340999999999998, -0.001471, -0.0008710000000000037, -0.0014400000000000038, 0.001364000000000004, 0.0022000000000000006, -0.0018840000000000037, 0.0009929999999999939, -0.0016250000000000014, -0.00032600000000000684, -0.002362000000000003, -0.0010390000000000052, -0.0012650000000000022, 0.0013220000000000037, 0.0022030000000000036, 0.0004159999999999997, -7.099999999999815e-05, 0.0001799999999999996, 0.0025179999999999994, 0.002492000000000001, 0.00022300000000000098, 0.0001559999999999999, 0.000172000000000002, -0.000678999999999999, 0.0008759999999999948, 0.003124999999999996, 0.002471000000000001, 0.00022699999999999804, 0.00016400000000000095, 0.00017900000000000207, -0.0006710000000000015, 0.0008739999999999998, 0.003053, 0.0018469999999999945, 0.0004999999999999935, -0.0002970000000000021, 0.0004040000000000016, -8.099999999999774e-05, 0.00018599999999999867, 0.0025299999999999975, 0.0018320000000000003, 0.0004669999999999952, -0.0003060000000000007]}, "ground_state": {"HOMO-LUMO": 2.064549283495025, "structure": {"bonds": 1.2996837276399997, "angles": 119.99933022982519, "DA": 5.6395592658834435}, "rotational_constant": {"A": 0.0416547, "B": 0.0667722, "C": 0.0922734}, "rays_asymmetry_parameter": 0.007580202573357291, "volume": 779.62841}, "excited_state": {"HOMO-LUMO": 1.2602461536765381, "structure": {"bonds": 1.2983800279400002, "angles": 119.99797513916683, "DA": -1.1100823420335164}, "rotational_constant": {"A": 0.042993, "B": 0.063445, "C": 0.1002333}, "rays_asymmetry_parameter": 0.28539857408154745, "excited_energy": "2.0080", "volume": 775.82595}, "exciting_path_mean_volume": 776.937625}