{
  "s0_rotational_constant_a": 0.0121576,
  "s0_rotational_constant_b": 0.0125723,
  "s0_rotational_constant_c": 0.0763444,
  "s1_rotational_constant_a": 0.0123583,
  "s1_rotational_constant_b": 0.0126998,
  "s1_rotational_constant_c": 0.0758145,
  "s0_rays_asymmetry_parameter": 0.9870783400948483,
  "s1_rays_asymmetry_parameter": 0.9892366703332377,
  "s0_volume": 1030.79871,
  "s1_volume": 1030.06937,
  "delta_volume": -0.7293400000000929,
  "s0_homo_lumo_gap": 0.9798301461829491,
  "s1_homo_lumo_gap": 0.4989723814236826,
  "delta_gap": -0.48085776475926645,
  "s0_dihedral_avg": 0.01632929716123112,
  "s1_dihedral_avg": 0.09133745638198053,
  "delta_dihedral": 0.07500815922074941,
  "delta_dipole": null,
  "excitation_energy": "0.5825",
  "exciting_path_mean_volume": 1029.7691133333335,
  "s0_bonds_avg": 1.2740997301611112,
  "s1_bonds_avg": 1.30376897408,
  "s0_angles_avg": 121.46448326642681,
  "s1_angles_avg": 120.64032852198294
}