{
  "s0_rotational_constant_a": 0.0644136,
  "s0_rotational_constant_b": 0.0732266,
  "s0_rotational_constant_c": 0.1425654,
  "s1_rotational_constant_a": 0.0662862,
  "s1_rotational_constant_b": 0.0752906,
  "s1_rotational_constant_c": 0.1409661,
  "s0_rays_asymmetry_parameter": 0.7744645676747048,
  "s1_rays_asymmetry_parameter": 0.7588534532049455,
  "s0_volume": 710.98817,
  "s1_volume": 712.48545,
  "delta_volume": 1.4972800000000461,
  "s0_homo_lumo_gap": 2.1599224545136746,
  "s1_homo_lumo_gap": 1.31163484763891,
  "delta_gap": -0.8482876068747647,
  "s0_dihedral_avg": 90.00394721175053,
  "s1_dihedral_avg": 89.95784566384539,
  "delta_dihedral": -0.04610154790513832,
  "delta_dipole": {
    "element": [
      "C",
      "C",
      "C",
      "C",
      "N",
      "C",
      "C",
      "C",
      "C",
      "C",
      "C",
      "C",
      "C",
      "C",
      "C",
      "C",
      "C",
      "B",
      "C",
      "C",
      "C",
      "C",
      "C",
      "C",
      "C",
      "C",
      "C",
      "C",
      "C",
      "C",
      "N",
      "C",
      "C",
      "C",
      "C",
      "C",
      "C",
      "C",
      "H",
      "H",
      "H",
      "H",
      "H",
      "H",
      "H",
      "H",
      "H",
      "H",
      "H",
      "H",
      "H",
      "H",
      "H",
      "H",
      "H",
      "H",
      "H",
      "H",
      "H",
      "H",
      "H",
      "H",
      "H",
      "H",
      "H"
    ],
    "charge_variation": [
      -0.020559999999999995,
      0.006416000000000001,
      -0.022462999999999983,
      0.006349999999999967,
      0.03422300000000006,
      0.0023279999999999967,
      -0.021647,
      0.0052829999999999995,
      -0.016234,
      0.0032979999999999997,
      -0.014906000000000003,
      -0.01706000000000002,
      0.013862000000000013,
      -0.009655000000000004,
      0.016057000000000002,
      -0.006391999999999981,
      0.022992000000000012,
      0.02773700000000001,
      -0.0033139999999999836,
      0.0005520000000000108,
      0.0011800000000000005,
      0.0013659999999999992,
      0.00016600000000000295,
      -0.0002580000000000082,
      -0.004684999999999995,
      -0.0001880000000000076,
      0.003138000000000002,
      0.0006999999999999992,
      0.0014180000000000026,
      0.0004790000000000072,
      -0.046457000000000005,
      -0.002915999999999974,
      0.044823,
      -0.024497,
      -0.0012530000000000041,
      0.016778000000000015,
      -0.029605999999999993,
      0.007711,
      -0.0006870000000000001,
      -0.0015479999999999973,
      0.003041000000000002,
      -0.0014889999999999973,
      -0.001298999999999998,
      -0.0005000000000000004,
      -0.0007759999999999989,
      0.002687999999999996,
      0.0006589999999999999,
      0.0014809999999999997,
      -0.000782999999999999,
      -0.0003020000000000002,
      0.000453000000000002,
      0.0005929999999999998,
      0.00021000000000000185,
      -0.0005210000000000006,
      -0.00026199999999999835,
      0.0013109999999999997,
      0.0007160000000000014,
      -0.0008069999999999987,
      -0.0015519999999999978,
      0.006282999999999997,
      -0.0035640000000000047,
      0.015320999999999994,
      0.009637,
      -0.0017329999999999984,
      -0.0013340000000000019
    ]
  },
  "excitation_energy": "1.5185",
  "exciting_path_mean_volume": 711.1898133333334,
  "s0_bonds_avg": 1.2951001681571273,
  "s1_bonds_avg": 1.296801641613518,
  "delta_bonds": 0.001701473456390712,
  "s0_angles_avg": 119.44985583116619,
  "s1_angles_avg": 119.4405771643054,
  "delta_angles": -0.00927866686079426
}