{
  "charge": {
    "element": [
      "C",
      "C",
      "C",
      "C",
      "C",
      "O",
      "C",
      "C",
      "C",
      "C",
      "C",
      "C",
      "C",
      "N",
      "C",
      "C",
      "C",
      "C",
      "C",
      "C",
      "C",
      "C",
      "C",
      "C",
      "C",
      "C",
      "C",
      "C",
      "C",
      "H",
      "H",
      "H",
      "H",
      "H",
      "H",
      "H",
      "H",
      "H",
      "H",
      "H",
      "H",
      "H",
      "H",
      "H",
      "H",
      "H",
      "H",
      "H",
      "H"
    ],
    "charge_variation": [
      -0.001726,
      -0.0009849999999999998,
      0.005184000000000001,
      -0.007411,
      0.008489999999999998,
      -0.03256999999999999,
      0.03195199999999998,
      -0.021151000000000003,
      0.007760999999999997,
      -0.001331999999999999,
      0.007440000000000002,
      -0.0029720000000000007,
      0.013541000000000001,
      -0.065309,
      0.014422999999999964,
      0.0032279999999999948,
      -0.0043890000000000005,
      -0.0015530000000000006,
      -0.004848999999999999,
      0.0012820000000000054,
      0.03046299999999999,
      -0.0064930000000000005,
      0.001572000000000004,
      -0.002057,
      -0.000697,
      -0.002205,
      0.006020999999999999,
      0.0034019999999999884,
      -0.0012250000000000004,
      0.0015670000000000059,
      0.00022000000000000491,
      0.0011509999999999992,
      0.006978000000000005,
      -1.000000000001e-06,
      0.0028429999999999983,
      0.0006979999999999972,
      0.0029879999999999976,
      0.0005090000000000025,
      -0.0003259999999999999,
      0.00028299999999999853,
      -0.0006009999999999974,
      9.699999999999986e-05,
      -3.0000000000030003e-06,
      0.0006139999999999965,
      0.0012260000000000049,
      0.00017299999999999954,
      0.0018099999999999991,
      0.0012730000000000033,
      0.000670999999999998
    ]
  },
  "ground_state": {
    "HOMO-LUMO": 2.5007803825946207,
    "charge": {
      "element": [
        "C",
        "C",
        "C",
        "C",
        "C",
        "O",
        "C",
        "C",
        "C",
        "C",
        "C",
        "C",
        "C",
        "N",
        "C",
        "C",
        "C",
        "C",
        "C",
        "C",
        "C",
        "C",
        "C",
        "C",
        "C",
        "C",
        "C",
        "C",
        "C",
        "H",
        "H",
        "H",
        "H",
        "H",
        "H",
        "H",
        "H",
        "H",
        "H",
        "H",
        "H",
        "H",
        "H",
        "H",
        "H",
        "H",
        "H",
        "H",
        "H"
      ],
      "charge": [
        0.003301,
        0.002351,
        -0.054051,
        -0.000133,
        0.300442,
        -0.337632,
        0.724556,
        -0.060587,
        -0.069465,
        0.008195,
        0.019711,
        0.00704,
        -0.040494,
        -0.339243,
        0.288173,
        -0.111797,
        0.019601,
        -0.013356,
        0.018645,
        -0.127833,
        0.13693,
        0.009216,
        -0.067886,
        0.007729,
        0.001402,
        0.004288,
        -0.075531,
        -0.073706,
        0.006772,
        0.042855,
        0.04205,
        0.032964,
        0.032954,
        0.045964,
        0.04632,
        0.04684,
        0.037947,
        0.044736,
        0.046658,
        0.046194,
        0.046431,
        0.038809,
        0.031326,
        0.042104,
        0.041689,
        0.041869,
        0.029994,
        0.033942,
        0.041712
      ]
    },
    "structure": {
      "bonds": 1.2794131987377362,
      "angles": 119.88066050593622,
      "DA": 89.98828577503856
    },
    "rotational_constant": {
      "A": 0.0910278,
      "B": 0.1522156,
      "C": 0.2004484
    },
    "rays_asymmetry_parameter": -0.11839635315470783,
    "volume": 544.64707
  },
  "excited_state": {
    "HOMO-LUMO": 1.9345251392745313,
    "charge": {
      "element": [
        "C",
        "C",
        "C",
        "C",
        "C",
        "O",
        "C",
        "C",
        "C",
        "C",
        "C",
        "C",
        "C",
        "N",
        "C",
        "C",
        "C",
        "C",
        "C",
        "C",
        "C",
        "C",
        "C",
        "C",
        "C",
        "C",
        "C",
        "C",
        "C",
        "H",
        "H",
        "H",
        "H",
        "H",
        "H",
        "H",
        "H",
        "H",
        "H",
        "H",
        "H",
        "H",
        "H",
        "H",
        "H",
        "H",
        "H",
        "H",
        "H"
      ],
      "charge": [
        0.001575,
        0.001366,
        -0.048867,
        -0.007544,
        0.308932,
        -0.370202,
        0.756508,
        -0.081738,
        -0.061704,
        0.006863,
        0.027151,
        0.004068,
        -0.026953,
        -0.404552,
        0.302596,
        -0.108569,
        0.015212,
        -0.014909,
        0.013796,
        -0.126551,
        0.167393,
        0.002723,
        -0.066314,
        0.005672,
        0.000705,
        0.002083,
        -0.06951,
        -0.070304,
        0.005547,
        0.044422,
        0.04227,
        0.034115,
        0.039932,
        0.045963,
        0.049163,
        0.047538,
        0.040935,
        0.045245,
        0.046332,
        0.046477,
        0.04583,
        0.038906,
        0.031323,
        0.042718,
        0.042915,
        0.042042,
        0.031804,
        0.035215,
        0.042383
      ]
    },
    "structure": {
      "bonds": 1.2858965155901887,
      "angles": 119.87164821685276,
      "DA": 90.03590393929325
    },
    "rotational_constant": {
      "A": 0.0900062,
      "B": 0.152082,
      "C": 0.198762
    },
    "rays_asymmetry_parameter": -0.14156302468466064,
    "excited_energy": "2.5023",
    "volume": 543.46379
  },
  "exciting_path_mean_volume": 543.7879516666667
}