{
  "s0_rotational_constant_a": 0.0419397,
  "s0_rotational_constant_b": 0.0615538,
  "s0_rotational_constant_c": 0.1163673,
  "s1_rotational_constant_a": 0.0422683,
  "s1_rotational_constant_b": 0.0636845,
  "s1_rotational_constant_c": 0.1124259,
  "s0_rays_asymmetry_parameter": 0.472934771509494,
  "s1_rays_asymmetry_parameter": 0.3894831066056992,
  "s0_volume": 732.35713,
  "s1_volume": 729.5192,
  "delta_volume": -2.8379300000000285,
  "s0_homo_lumo_gap": 1.9558996794426244,
  "s1_homo_lumo_gap": 1.49252794843513,
  "delta_gap": -0.4633717310074945,
  "s0_dihedral_avg": 90.77501999795953,
  "s1_dihedral_avg": 89.1463778087081,
  "delta_dihedral": -1.628642189251437,
  "delta_dipole": {
    "element": [
      "C",
      "Si",
      "C",
      "C",
      "C",
      "C",
      "C",
      "C",
      "S",
      "C",
      "C",
      "C",
      "C",
      "C",
      "C",
      "C",
      "C",
      "C",
      "C",
      "C",
      "C",
      "C",
      "C",
      "C",
      "C",
      "C",
      "C",
      "C",
      "C",
      "C",
      "C",
      "C",
      "C",
      "C",
      "S",
      "C",
      "C",
      "H",
      "H",
      "H",
      "H",
      "H",
      "H",
      "H",
      "H",
      "H",
      "H",
      "H",
      "H",
      "H",
      "H",
      "H",
      "H",
      "H",
      "H",
      "H",
      "H",
      "H",
      "H",
      "H",
      "H",
      "H",
      "H"
    ],
    "charge_variation": [
      -0.0005490000000000009,
      0.018995000000000005,
      -0.0019510000000000013,
      -0.011095,
      -0.0031189999999999968,
      -0.001782999999999993,
      0.0010749999999999996,
      -0.000905000000000003,
      0.0012770000000000004,
      -0.0008860000000000001,
      8.199999999999874e-05,
      0.0011329999999999951,
      -0.00426399999999999,
      0.005678000000000001,
      -0.003363999999999992,
      0.001785999999999996,
      -0.0016219999999999984,
      -0.001010999999999998,
      -0.001787999999999998,
      0.0029659999999999964,
      0.004725,
      -0.004512000000000002,
      0.003494999999999998,
      -0.0017940000000000005,
      -0.0008150000000000032,
      -0.0015930000000000007,
      0.0024220000000000075,
      -0.007435999999999998,
      -0.004060999999999995,
      -0.00015999999999999348,
      0.0002400000000000041,
      0.0005300000000000027,
      0.0010510000000000103,
      -0.006381,
      0.005580000000000002,
      -0.0009379999999999944,
      -0.004483999999999988,
      0.0010760000000000006,
      -0.0006950000000000012,
      -0.000390999999999999,
      0.0001239999999999991,
      -0.0009979999999999989,
      0.0005760000000000001,
      0.0018579999999999985,
      -0.0003660000000000052,
      4.900000000000043e-05,
      0.00019900000000000473,
      0.0022880000000000053,
      0.0008039999999999992,
      0.00040799999999999864,
      0.0008909999999999994,
      0.00019900000000000126,
      0.00028399999999999953,
      0.0003980000000000025,
      0.0002009999999999998,
      0.001075999999999997,
      0.0003149999999999993,
      0.0007450000000000026,
      0.0013959999999999945,
      -0.0002489999999999992,
      -0.00011800000000000005,
      0.0009549999999999975,
      0.0024470000000000047
    ]
  },
  "excitation_energy": "2.3294",
  "exciting_path_mean_volume": 730.9135266666667,
  "s0_bonds_avg": 1.3301366996611592,
  "s1_bonds_avg": 1.3390961264250725,
  "delta_bonds": 0.008959426763913259,
  "s0_angles_avg": 117.86894182510034,
  "s1_angles_avg": 117.85864834195334,
  "delta_angles": -0.010293483146995186
}