{
  "s0_rotational_constant_a": 0.0969306,
  "s0_rotational_constant_b": 0.1075847,
  "s0_rotational_constant_c": 0.8041249,
  "s1_rotational_constant_a": 0.0950692,
  "s1_rotational_constant_b": 0.1053927,
  "s1_rotational_constant_c": 0.7984092,
  "s0_rays_asymmetry_parameter": 0.9698693838454298,
  "s1_rays_asymmetry_parameter": 0.9706443540819517,
  "s0_volume": 440.50356,
  "s1_volume": 443.11025,
  "delta_volume": 2.6066900000000146,
  "s0_homo_lumo_gap": 1.6298964445224202,
  "s1_homo_lumo_gap": 1.1174544292563366,
  "delta_gap": -0.5124420152660836,
  "s0_dihedral_avg": -0.6196214238606786,
  "s1_dihedral_avg": -3.9143881984493833,
  "delta_dihedral": -3.294766774588705,
  "delta_dipole": null,
  "excitation_energy": "1.3809",
  "exciting_path_mean_volume": 147.26896833333333,
  "s0_bonds_avg": 1.2547442127875,
  "s1_bonds_avg": 1.2626772976224998,
  "s0_angles_avg": 116.62384032549366,
  "s1_angles_avg": 116.61415351903732
}