{
  "s0_rotational_constant_a": 0.1379959,
  "s0_rotational_constant_b": 0.1766394,
  "s0_rotational_constant_c": 0.3832864,
  "s1_rotational_constant_a": 0.1492488,
  "s1_rotational_constant_b": 0.1576457,
  "s1_rotational_constant_c": 0.3939242,
  "s0_rays_asymmetry_parameter": 0.6849164562019321,
  "s1_rays_asymmetry_parameter": 0.9313629404508993,
  "s0_volume": 410.59263,
  "s1_volume": 416.52705,
  "delta_volume": 5.934419999999989,
  "s0_homo_lumo_gap": 1.6022496809186237,
  "s1_homo_lumo_gap": 1.6001625679575886,
  "delta_gap": -0.0020871129610351424,
  "s0_dihedral_avg": 90.26801802073153,
  "s1_dihedral_avg": 90.691776424654,
  "delta_dihedral": 0.4237584039224629,
  "delta_dipole": {
    "element": [
      "C",
      "O",
      "C",
      "C",
      "C",
      "C",
      "C",
      "O",
      "C",
      "C",
      "C",
      "C",
      "C",
      "C",
      "C",
      "N",
      "B",
      "F",
      "F",
      "N",
      "C",
      "C",
      "C",
      "C",
      "H",
      "H",
      "H",
      "H",
      "H",
      "H",
      "H",
      "H",
      "H",
      "H",
      "H",
      "H",
      "H"
    ],
    "charge_variation": [
      0.003012999999999988,
      0.04233500000000001,
      0.0199649999999999,
      -0.04031799999999999,
      0.015959,
      -0.045233999999999996,
      -0.009948000000000068,
      -0.0063149999999999595,
      0.013088000000000002,
      -0.03294999999999999,
      0.006627000000000008,
      0.026522000000000018,
      -0.0038789999999999936,
      0.001917000000000002,
      0.007703999999999989,
      -0.021912999999999988,
      0.0017639999999999878,
      -0.0048519999999999675,
      0.0025640000000000107,
      -0.022932000000000036,
      0.006616999999999984,
      0.004060000000000008,
      -0.011150999999999994,
      0.022456000000000004,
      0.001974,
      -0.00011399999999999952,
      0.0036439999999999997,
      0.0002160000000000009,
      0.001461000000000004,
      0.008053999999999999,
      -0.003294000000000002,
      0.003824999999999995,
      0.0003459999999999991,
      0.00034,
      0.0010620000000000004,
      0.0017259999999999984,
      0.005660999999999999
    ]
  },
  "excitation_energy": "1.8466",
  "exciting_path_mean_volume": 413.85937000000007,
  "s0_bonds_avg": 1.2948144934477501,
  "s1_bonds_avg": 1.2938199052762502,
  "delta_bonds": -0.0009945881714998883,
  "s0_angles_avg": 118.05734652247547,
  "s1_angles_avg": 118.09512753051855,
  "delta_angles": 0.037781008043083375
}