{
  "charge": {
    "element": [
      "C",
      "O",
      "C",
      "C",
      "C",
      "C",
      "C",
      "O",
      "C",
      "C",
      "C",
      "C",
      "C",
      "C",
      "C",
      "N",
      "B",
      "F",
      "F",
      "N",
      "C",
      "C",
      "C",
      "C",
      "H",
      "H",
      "H",
      "H",
      "H",
      "H",
      "H",
      "H",
      "H",
      "H",
      "H",
      "H",
      "H"
    ],
    "charge_variation": [
      0.003012999999999988,
      0.04233500000000001,
      0.0199649999999999,
      -0.04031799999999999,
      0.015959,
      -0.045233999999999996,
      -0.009948000000000068,
      -0.0063149999999999595,
      0.013088000000000002,
      -0.03294999999999999,
      0.006627000000000008,
      0.026522000000000018,
      -0.0038789999999999936,
      0.001917000000000002,
      0.007703999999999989,
      -0.021912999999999988,
      0.0017639999999999878,
      -0.0048519999999999675,
      0.0025640000000000107,
      -0.022932000000000036,
      0.006616999999999984,
      0.004060000000000008,
      -0.011150999999999994,
      0.022456000000000004,
      0.001974,
      -0.00011399999999999952,
      0.0036439999999999997,
      0.0002160000000000009,
      0.001461000000000004,
      0.008053999999999999,
      -0.003294000000000002,
      0.003824999999999995,
      0.0003459999999999991,
      0.00034,
      0.0010620000000000004,
      0.0017259999999999984,
      0.005660999999999999
    ]
  },
  "ground_state": {
    "HOMO-LUMO": 1.6022496809186237,
    "charge": {
      "element": [
        "C",
        "O",
        "C",
        "C",
        "C",
        "C",
        "C",
        "O",
        "C",
        "C",
        "C",
        "C",
        "C",
        "C",
        "C",
        "N",
        "B",
        "F",
        "F",
        "N",
        "C",
        "C",
        "C",
        "C",
        "H",
        "H",
        "H",
        "H",
        "H",
        "H",
        "H",
        "H",
        "H",
        "H",
        "H",
        "H",
        "H"
      ],
      "charge": [
        0.329264,
        -0.492256,
        0.522109,
        -0.223782,
        0.048676,
        -0.088119,
        0.67386,
        -0.674328,
        -0.048488,
        -0.09946,
        0.076913,
        0.201673,
        -0.131163,
        -0.14284,
        0.274413,
        -0.249858,
        0.733129,
        -0.517213,
        -0.519186,
        -0.248715,
        0.275687,
        -0.144819,
        -0.123615,
        0.205741,
        -0.005906,
        0.010145,
        -0.007702,
        0.049906,
        0.050807,
        -0.039816,
        0.033998,
        0.04322,
        0.048963,
        0.045224,
        0.044532,
        0.047588,
        0.041417
      ]
    },
    "structure": {
      "bonds": 1.2948144934477501,
      "angles": 118.05734652247547,
      "DA": 90.26801802073153
    },
    "rotational_constant": {
      "A": 0.1379959,
      "B": 0.1766394,
      "C": 0.3832864
    },
    "rays_asymmetry_parameter": 0.6849164562019321,
    "volume": 410.59263
  },
  "excited_state": {
    "HOMO-LUMO": 1.6001625679575886,
    "charge": {
      "element": [
        "C",
        "O",
        "C",
        "C",
        "C",
        "C",
        "C",
        "O",
        "C",
        "C",
        "C",
        "C",
        "C",
        "C",
        "C",
        "N",
        "B",
        "F",
        "F",
        "N",
        "C",
        "C",
        "C",
        "C",
        "H",
        "H",
        "H",
        "H",
        "H",
        "H",
        "H",
        "H",
        "H",
        "H",
        "H",
        "H",
        "H"
      ],
      "charge": [
        0.332277,
        -0.449921,
        0.542074,
        -0.2641,
        0.064635,
        -0.133353,
        0.663912,
        -0.680643,
        -0.0354,
        -0.13241,
        0.08354,
        0.228195,
        -0.135042,
        -0.140923,
        0.282117,
        -0.271771,
        0.734893,
        -0.522065,
        -0.516622,
        -0.271647,
        0.282304,
        -0.140759,
        -0.134766,
        0.228197,
        -0.003932,
        0.010031,
        -0.004058,
        0.050122,
        0.052268,
        -0.031762,
        0.030704,
        0.047045,
        0.049309,
        0.045564,
        0.045594,
        0.049314,
        0.047078
      ]
    },
    "structure": {
      "bonds": 1.2938199052762502,
      "angles": 118.09512753051855,
      "DA": 90.691776424654
    },
    "rotational_constant": {
      "A": 0.1492488,
      "B": 0.1576457,
      "C": 0.3939242
    },
    "rays_asymmetry_parameter": 0.9313629404508993,
    "excited_energy": "1.8466",
    "volume": 416.52705
  },
  "exciting_path_mean_volume": 413.85937000000007
}