{
  "s0_rotational_constant_a": 0.0370208,
  "s0_rotational_constant_b": 0.0544908,
  "s0_rotational_constant_c": 0.067158,
  "s1_rotational_constant_a": 0.0386057,
  "s1_rotational_constant_b": 0.0559283,
  "s1_rotational_constant_c": 0.0666952,
  "s0_rays_asymmetry_parameter": -0.1593645063244096,
  "s1_rays_asymmetry_parameter": -0.2333861407287425,
  "s0_volume": 1047.41402,
  "s1_volume": 1034.03525,
  "delta_volume": -13.378770000000031,
  "s0_homo_lumo_gap": 3.0975341422996845,
  "s1_homo_lumo_gap": 2.11439237098821,
  "delta_gap": -0.9831417713114745,
  "s0_dihedral_avg": 90.62910938264973,
  "s1_dihedral_avg": 91.1680006834485,
  "delta_dihedral": 0.5388913007987668,
  "delta_dipole": {
    "element": [
      "C",
      "Si",
      "C",
      "C",
      "C",
      "C",
      "C",
      "C",
      "C",
      "Si",
      "C",
      "C",
      "C",
      "C",
      "C",
      "C",
      "C",
      "C",
      "C",
      "C",
      "C",
      "C",
      "C",
      "C",
      "C",
      "C",
      "C",
      "C",
      "C",
      "C",
      "C",
      "C",
      "C",
      "C",
      "C",
      "C",
      "C",
      "C",
      "Si",
      "C",
      "C",
      "C",
      "C",
      "C",
      "C",
      "C",
      "C",
      "C",
      "C",
      "C",
      "C",
      "C",
      "H",
      "H",
      "H",
      "H",
      "H",
      "H",
      "H",
      "H",
      "H",
      "H",
      "H",
      "H",
      "H",
      "H",
      "H",
      "H",
      "H",
      "H",
      "H",
      "H",
      "H",
      "H",
      "H",
      "H",
      "H",
      "H",
      "H",
      "H",
      "H",
      "H",
      "H",
      "H",
      "H",
      "H",
      "H",
      "H",
      "H",
      "H",
      "H",
      "H",
      "H",
      "H",
      "H",
      "H"
    ],
    "charge_variation": [
      0.034014,
      0.025408,
      -0.048224,
      -0.000344000000000004,
      -0.0008959999999999975,
      -0.0030859999999999985,
      -0.010436999999999998,
      0.013309000000000001,
      -0.053364,
      0.023859000000000005,
      0.006532999999999997,
      0.005438000000000012,
      0.0018309999999999993,
      0.0008000000000000021,
      -0.0022930000000000034,
      -0.0030500000000000006,
      0.0016369999999999996,
      -0.041779,
      0.008154000000000002,
      0.003042999999999997,
      0.0006559999999999969,
      -0.003138000000000002,
      -0.003985000000000002,
      0.047735,
      -0.018998,
      0.007895,
      -0.0002649999999999979,
      0.004297000000000002,
      -0.005402999999999998,
      0.002568999999999988,
      0.008370000000000002,
      -0.005035999999999999,
      -0.007006000000000012,
      0.0014290000000000032,
      0.0032340000000000008,
      -0.0035429999999999975,
      0.00936200000000001,
      -0.0036769999999999997,
      0.007764000000000007,
      0.014885000000000002,
      0.0008229999999999904,
      -0.0004799999999999943,
      0.001113999999999997,
      -0.0007230000000000014,
      0.0007079999999999968,
      -0.002681999999999997,
      -0.04367700000000001,
      0.002378999999999999,
      -0.005306000000000002,
      -0.0012550000000000061,
      0.007590000000000003,
      0.003924000000000004,
      0.007237999999999998,
      0.0008819999999999974,
      0.005153000000000001,
      -0.0004159999999999997,
      -0.000336999999999997,
      0.000503,
      0.00027500000000000094,
      -0.00375,
      0.0008209999999999988,
      0.0017800000000000003,
      0.000621,
      -0.0020970000000000016,
      8.79999999999978e-05,
      0.0013479999999999985,
      0.002287000000000001,
      0.0003270000000000009,
      -0.0031610000000000006,
      -0.0011500000000000017,
      -7.300000000000015e-05,
      -0.0010380000000000007,
      -0.001414000000000002,
      0.011282,
      0.00029000000000000206,
      0.0025210000000000024,
      0.0004699999999999982,
      0.00037199999999999733,
      0.005871999999999995,
      0.00012900000000000064,
      0.0010249999999999981,
      0.0008520000000000021,
      -0.0042220000000000035,
      0.004305,
      -0.001801999999999998,
      -0.0004959999999999999,
      0.00028800000000000006,
      -0.000281,
      -0.0007059999999999983,
      -0.0005559999999999975,
      -0.0008069999999999987,
      -0.004123999999999999,
      -0.00036700000000000274,
      0.00016299999999999995,
      -0.0014829999999999982,
      -0.0007290000000000005
    ]
  },
  "excitation_energy": "2.5247",
  "exciting_path_mean_volume": 1040.8432033333331,
  "s0_bonds_avg": 1.3190716473096114,
  "s1_bonds_avg": 1.3151220345861168,
  "delta_bonds": -0.003949612723494589,
  "s0_angles_avg": 117.79587488834714,
  "s1_angles_avg": 117.65070911594289,
  "delta_angles": -0.14516577240425477
}