{
  "s0_rotational_constant_a": 0.0111743,
  "s0_rotational_constant_b": 0.0194868,
  "s0_rotational_constant_c": 0.0233772,
  "s1_rotational_constant_a": 0.0117679,
  "s1_rotational_constant_b": 0.0207069,
  "s1_rotational_constant_c": 0.0217761,
  "s0_rays_asymmetry_parameter": -0.3623810733514163,
  "s1_rays_asymmetry_parameter": -0.7863352051317922,
  "s0_volume": 1177.36133,
  "s1_volume": 1179.52067,
  "delta_volume": 2.1593400000001566,
  "s0_homo_lumo_gap": 0.908781229086971,
  "s1_homo_lumo_gap": 0.35123090670866874,
  "delta_gap": -0.5575503223783023,
  "s0_dihedral_avg": 90.0494565851326,
  "s1_dihedral_avg": 90.09673196382457,
  "delta_dihedral": 0.047275378691963965,
  "delta_dipole": {
    "element": [
      "N",
      "C",
      "C",
      "N",
      "C",
      "C",
      "C",
      "C",
      "C",
      "C",
      "C",
      "C",
      "C",
      "N",
      "C",
      "C",
      "C",
      "C",
      "C",
      "C",
      "C",
      "C",
      "C",
      "C",
      "C",
      "C",
      "C",
      "C",
      "C",
      "C",
      "C",
      "C",
      "N",
      "C",
      "C",
      "N",
      "C",
      "C",
      "C",
      "C",
      "C",
      "N",
      "C",
      "C",
      "C",
      "C",
      "C",
      "C",
      "C",
      "C",
      "C",
      "C",
      "C",
      "C",
      "C",
      "C",
      "C",
      "C",
      "C",
      "C",
      "C",
      "C",
      "C",
      "C",
      "N",
      "C",
      "C",
      "N",
      "H",
      "H",
      "H",
      "H",
      "H",
      "H",
      "H",
      "H",
      "H",
      "H",
      "H",
      "H",
      "H",
      "H",
      "H",
      "H",
      "H",
      "H",
      "H",
      "H",
      "H",
      "H",
      "H",
      "H",
      "H",
      "H",
      "H",
      "H",
      "H",
      "H",
      "H",
      "H",
      "H",
      "H",
      "H",
      "H"
    ],
    "charge_variation": [
      0.006977000000000011,
      -0.0018000000000000238,
      -0.0046439999999999815,
      0.003831000000000029,
      -0.006035000000000013,
      0.011137999999999995,
      0.004309000000000007,
      0.003950000000000009,
      -0.0022369999999999335,
      0.021056,
      -0.009082,
      0.029067999999999997,
      -0.011116000000000015,
      -0.004109999999999947,
      0.004715999999999998,
      -0.018295000000000006,
      0.002642,
      -0.008601999999999999,
      0.000823,
      -0.0024109999999999965,
      0.016623,
      -0.024244000000000016,
      0.006513000000000005,
      -0.010307999999999998,
      0.0011009999999999978,
      -0.012269000000000002,
      0.0008629999999999992,
      -0.009548000000000001,
      0.010960999999999999,
      -0.035630999999999996,
      0.027232000000000006,
      -0.011168,
      0.009559000000000095,
      -0.010384000000000004,
      -0.003394000000000008,
      0.0022809999999999775,
      0.0022729999999999695,
      0.005385000000000001,
      -0.0030799999999999994,
      0.010364999999999985,
      -0.001849000000000045,
      -0.004861000000000004,
      0.0032030000000000114,
      -0.0021100000000000008,
      0.0021649999999999994,
      -0.003990000000000007,
      0.0002959999999999998,
      -0.00728899999999999,
      0.0020060000000000078,
      -0.004927999999999988,
      0.0015010000000000023,
      -0.0011090000000000058,
      0.0001860000000000056,
      -0.0007179999999999964,
      0.00041199999999999917,
      -0.0007729999999999959,
      0.0008699999999999958,
      -0.002940999999999999,
      0.011169999999999985,
      -0.003012000000000001,
      0.00312599999999999,
      0.0017450000000000035,
      0.006870000000000001,
      -0.013091999999999993,
      -0.007781999999999956,
      0.019903000000000004,
      -0.002875000000000072,
      0.009989000000000026,
      0.002154999999999997,
      0.0005370000000000028,
      0.0008179999999999993,
      0.0004959999999999964,
      -0.0031860000000000013,
      -0.0007769999999999999,
      -0.00010999999999999899,
      -0.0003839999999999989,
      0.0034450000000000036,
      -0.002352,
      -0.0024300000000000016,
      -0.0017219999999999978,
      -0.001297999999999997,
      -0.001693,
      -0.00039300000000000446,
      0.003835999999999999,
      -0.0005780000000000021,
      -0.000786000000000002,
      0.0004910000000000053,
      2.9000000000001247e-05,
      0.00102,
      -9.999999999975306e-07,
      0.0008589999999999987,
      -0.0001349999999999997,
      -0.0007570000000000007,
      -0.0008220000000000033,
      -0.0003490000000000021,
      -0.00019199999999999773,
      8.000000000001062e-06,
      -5.8000000000002494e-05,
      7.399999999999768e-05,
      0.001119999999999996,
      0.0004180000000000017,
      0.0007139999999999994,
      0.0007360000000000005,
      0.0018489999999999965
    ]
  },
  "excitation_energy": "0.4648",
  "exciting_path_mean_volume": 1177.84594,
  "s0_bonds_avg": 1.296617462757913,
  "s1_bonds_avg": 1.3029708078353046,
  "s0_angles_avg": 120.8548625657285,
  "s1_angles_avg": 120.53104899893198,
  "delta_bonds": 0.006353345077391603,
  "delta_angles": -0.32381356679651674
}