{
  "s0_rotational_constant_a": 0.0111743,
  "s0_rotational_constant_b": 0.0194868,
  "s0_rotational_constant_c": 0.0233772,
  "s1_rotational_constant_a": 0.0117679,
  "s1_rotational_constant_b": 0.0207069,
  "s1_rotational_constant_c": 0.0217761,
  "s0_rays_asymmetry_parameter": -0.3623810733514163,
  "s1_rays_asymmetry_parameter": -0.7863352051317922,
  "s0_volume": 1177.36133,
  "s1_volume": 1179.52067,
  "delta_volume": 2.1593400000001566,
  "s0_homo_lumo_gap": 0.908781229086971,
  "s1_homo_lumo_gap": 0.35123090670866874,
  "delta_gap": -0.5575503223783023,
  "s0_dihedral_avg": 2.7843287545787376,
  "s1_dihedral_avg": 6.299505834209945,
  "delta_dihedral": 3.515177079631207,
  "delta_dipole": null,
  "excitation_energy": "0.4648",
  "exciting_path_mean_volume": 1177.84594,
  "s0_bonds_avg": 1.296617462757913,
  "s1_bonds_avg": 1.3029708078353046,
  "s0_angles_avg": 120.8548625657285,
  "s1_angles_avg": 120.53104899893198
}