{
  "s0_rotational_constant_a": 0.0282697,
  "s0_rotational_constant_b": 0.0376935,
  "s0_rotational_constant_c": 0.086354,
  "s1_rotational_constant_a": 0.0280249,
  "s1_rotational_constant_b": 0.0384827,
  "s1_rotational_constant_c": 0.0868057,
  "s0_rays_asymmetry_parameter": 0.6755130043746761,
  "s1_rays_asymmetry_parameter": 0.6441763296858837,
  "s0_volume": 936.35776,
  "s1_volume": 930.00207,
  "delta_volume": -6.355689999999981,
  "s0_homo_lumo_gap": 2.102522766377997,
  "s1_homo_lumo_gap": 1.1701519906688498,
  "delta_gap": -0.9323707757091473,
  "s0_dihedral_avg": 90.06392857467549,
  "s1_dihedral_avg": 90.313863182326,
  "delta_dihedral": 0.24993460765051623,
  "delta_dipole": {
    "element": [
      "C",
      "C",
      "C",
      "C",
      "C",
      "C",
      "C",
      "C",
      "C",
      "C",
      "C",
      "C",
      "C",
      "C",
      "C",
      "C",
      "C",
      "C",
      "N",
      "C",
      "C",
      "C",
      "C",
      "C",
      "C",
      "C",
      "C",
      "C",
      "C",
      "C",
      "C",
      "C",
      "C",
      "N",
      "C",
      "C",
      "C",
      "C",
      "C",
      "C",
      "C",
      "C",
      "C",
      "C",
      "C",
      "C",
      "C",
      "C",
      "C",
      "C",
      "H",
      "H",
      "H",
      "H",
      "H",
      "H",
      "H",
      "H",
      "H",
      "H",
      "H",
      "H",
      "H",
      "H",
      "H",
      "H",
      "H",
      "H",
      "H",
      "H",
      "H",
      "H",
      "H",
      "H",
      "H",
      "H",
      "H",
      "H",
      "H",
      "H",
      "H",
      "H",
      "H",
      "H"
    ],
    "charge_variation": [
      -0.004903000000000005,
      0.001080000000000001,
      -0.0011210000000000109,
      -8.199999999999874e-05,
      -0.005205000000000001,
      0.003837,
      -0.0001260000000000011,
      -0.006003000000000008,
      -0.0005340000000000032,
      -0.002579999999999999,
      -0.0023889999999999988,
      0.006108999999999996,
      -0.006336000000000008,
      0.0007090000000000013,
      -0.0005789999999999979,
      0.0022910000000000014,
      -0.006963000000000004,
      -0.008255999999999986,
      -0.025031000000000025,
      0.007447999999999955,
      0.002695999999999997,
      0.0019209999999999922,
      -0.001288000000000001,
      0.0047129999999999984,
      -0.0008150000000000032,
      0.003765000000000001,
      0.010245000000000004,
      -0.0021799999999999944,
      0.006622999999999997,
      -0.0006870000000000001,
      0.002263999999999995,
      -0.0013609999999999976,
      0.0006219999999999976,
      -0.021593000000000084,
      -0.003471000000000002,
      -0.0003960000000000005,
      0.007845999999999999,
      -0.0002889999999999976,
      -0.00027599999999999847,
      -0.0021080000000000022,
      -0.0005320000000000047,
      0.013479000000000005,
      0.0025109999999999993,
      -0.002686000000000008,
      6.0000000000001025e-05,
      -0.0020829999999999946,
      -0.0009049999999999996,
      -0.0038680000000000103,
      -0.0025120000000000003,
      -0.0008699999999999992,
      0.0008640000000000002,
      -1.4000000000000123e-05,
      0.0015979999999999987,
      0.0012700000000000003,
      -0.0004630000000000016,
      -0.0014170000000000016,
      0.0034699999999999974,
      0.009676999999999998,
      0.002411,
      -0.0015200000000000005,
      -0.0009999999999999974,
      -0.000674000000000001,
      -0.0004369999999999999,
      0.00010600000000000193,
      -0.0002669999999999999,
      0.001903999999999996,
      0.002931000000000003,
      0.0002479999999999982,
      0.0007129999999999984,
      0.000282000000000001,
      -3.299999999999831e-05,
      0.003349999999999999,
      9.800000000000086e-05,
      0.001621000000000001,
      -0.00025299999999999975,
      0.0009849999999999998,
      0.006449000000000003,
      0.001305000000000004,
      0.00023899999999999963,
      0.00024199999999999916,
      -4.9999999999980616e-06,
      0.002656000000000002,
      0.0030419999999999996,
      0.0004290000000000023
    ]
  },
  "excitation_energy": "1.3530",
  "exciting_path_mean_volume": 934.1269599999999,
  "s0_bonds_avg": 1.2908810030503297,
  "s1_bonds_avg": 1.289255673693187,
  "s0_angles_avg": 119.95217570361937,
  "s1_angles_avg": 119.89117924464873,
  "delta_bonds": -0.0016253293571426575,
  "delta_angles": -0.060996458970649314
}