{
  "s0_rotational_constant_a": 0.1602087,
  "s0_rotational_constant_b": 0.1712724,
  "s0_rotational_constant_c": 0.8404052,
  "s1_rotational_constant_a": 0.148389,
  "s1_rotational_constant_b": 0.1531352,
  "s1_rotational_constant_c": 1.0980807,
  "s0_rays_asymmetry_parameter": 0.9674691063538257,
  "s1_rays_asymmetry_parameter": 0.9900047562803803,
  "s0_volume": 389.14822,
  "s1_volume": 387.69121,
  "delta_volume": -1.4570099999999684,
  "s0_homo_lumo_gap": 2.911960683885498,
  "s1_homo_lumo_gap": 0.18847691282021506,
  "delta_gap": -2.723483771065283,
  "s0_dihedral_avg": 8.823001730565576,
  "s1_dihedral_avg": -21.36186271350529,
  "delta_dihedral": -30.184864444070865,
  "delta_dipole": null,
  "excitation_energy": "0.2235",
  "exciting_path_mean_volume": 388.56548,
  "s0_bonds_avg": 1.2537737743300001,
  "s1_bonds_avg": 1.1749857248568423,
  "s0_angles_avg": 115.19051695154424,
  "s1_angles_avg": 114.66997611348916
}