{
  "s0_rotational_constant_a": 0.1602087,
  "s0_rotational_constant_b": 0.1712724,
  "s0_rotational_constant_c": 0.8404052,
  "s1_rotational_constant_a": 0.148389,
  "s1_rotational_constant_b": 0.1531352,
  "s1_rotational_constant_c": 1.0980807,
  "s0_rays_asymmetry_parameter": 0.9674691063538257,
  "s1_rays_asymmetry_parameter": 0.9900047562803803,
  "s0_volume": 389.14822,
  "s1_volume": 387.69121,
  "delta_volume": -1.4570099999999684,
  "s0_homo_lumo_gap": 2.911960683885498,
  "s1_homo_lumo_gap": 0.18847691282021506,
  "delta_gap": -2.723483771065283,
  "s0_dihedral_avg": 93.36569677854659,
  "s1_dihedral_avg": 96.52472114492818,
  "delta_dihedral": 3.159024366381587,
  "delta_dipole": {
    "element": [
      "C",
      "C",
      "C",
      "C",
      "N",
      "C",
      "C",
      "C",
      "O",
      "N",
      "C",
      "C",
      "C",
      "C",
      "C",
      "C",
      "C",
      "C",
      "O",
      "H",
      "H",
      "H",
      "H",
      "H",
      "H",
      "H",
      "H",
      "H",
      "H",
      "H",
      "H",
      "H",
      "H",
      "H",
      "H",
      "H",
      "H"
    ],
    "charge_variation": [
      0.0003610000000000002,
      0.002832000000000001,
      0.003136,
      0.0035450000000000204,
      -0.038925999999999905,
      0.017683000000000004,
      0.07715,
      0.0010080000000000089,
      0.04570300000000005,
      -0.09465599999999996,
      0.016181999999999974,
      0.176491,
      -0.09336000000000001,
      0.038107,
      -0.071418,
      0.033957,
      -0.07927200000000001,
      0.013421000000000016,
      0.050651,
      -0.000508999999999999,
      0.0008839999999999994,
      -0.00041099999999999817,
      0.0016040000000000013,
      0.0007220000000000004,
      -0.00038000000000000186,
      0.0010570000000000024,
      -0.005248,
      0.0008019999999999972,
      0.0026029999999999665,
      0.0007820000000000049,
      0.000197000000000001,
      -0.038347000000000006,
      -0.02418,
      -0.010241,
      -0.0005399999999999988,
      -0.009783,
      -0.021608999999999996
    ]
  },
  "excitation_energy": "0.2235",
  "exciting_path_mean_volume": 388.56548,
  "s0_bonds_avg": 1.2537737743300001,
  "s1_bonds_avg": 1.1749857248568423,
  "s0_angles_avg": 115.19051695154424,
  "s1_angles_avg": 114.66997611348916,
  "delta_bonds": -0.07878804947315787,
  "delta_angles": -0.5205408380550836
}