{
  "charge": {
    "element": [
      "C",
      "C",
      "C",
      "C",
      "N",
      "C",
      "C",
      "C",
      "O",
      "N",
      "C",
      "C",
      "C",
      "C",
      "C",
      "C",
      "C",
      "C",
      "O",
      "H",
      "H",
      "H",
      "H",
      "H",
      "H",
      "H",
      "H",
      "H",
      "H",
      "H",
      "H",
      "H",
      "H",
      "H",
      "H",
      "H",
      "H"
    ],
    "charge_variation": [
      0.0003610000000000002,
      0.002832000000000001,
      0.003136,
      0.0035450000000000204,
      -0.038925999999999905,
      0.017683000000000004,
      0.07715,
      0.0010080000000000089,
      0.04570300000000005,
      -0.09465599999999996,
      0.016181999999999974,
      0.176491,
      -0.09336000000000001,
      0.038107,
      -0.071418,
      0.033957,
      -0.07927200000000001,
      0.013421000000000016,
      0.050651,
      -0.000508999999999999,
      0.0008839999999999994,
      -0.00041099999999999817,
      0.0016040000000000013,
      0.0007220000000000004,
      -0.00038000000000000186,
      0.0010570000000000024,
      -0.005248,
      0.0008019999999999972,
      0.0026029999999999665,
      0.0007820000000000049,
      0.000197000000000001,
      -0.038347000000000006,
      -0.02418,
      -0.010241,
      -0.0005399999999999988,
      -0.009783,
      -0.021608999999999996
    ]
  },
  "ground_state": {
    "HOMO-LUMO": 2.911960683885498,
    "charge": {
      "element": [
        "C",
        "C",
        "C",
        "C",
        "N",
        "C",
        "C",
        "C",
        "O",
        "N",
        "C",
        "C",
        "C",
        "C",
        "C",
        "C",
        "C",
        "C",
        "O",
        "H",
        "H",
        "H",
        "H",
        "H",
        "H",
        "H",
        "H",
        "H",
        "H",
        "H",
        "H",
        "H",
        "H",
        "H",
        "H",
        "H",
        "H"
      ],
      "charge": [
        -0.078148,
        -0.020344,
        -0.056863,
        0.261986,
        -0.627457,
        0.360045,
        -0.441777,
        0.983134,
        -0.773205,
        -0.611009,
        0.260023,
        0.023936,
        -0.0528,
        -0.023445,
        -0.041589,
        -0.025448,
        -0.058059,
        0.937973,
        -0.80661,
        0.020893,
        0.027768,
        0.021972,
        0.02026,
        0.022872,
        0.018064,
        0.022441,
        -0.005907,
        0.017156,
        0.333286,
        0.074671,
        0.014334,
        0.019543,
        0.047819,
        0.030835,
        0.028526,
        0.030299,
        0.044826
      ]
    },
    "structure": {
      "bonds": 1.2537737743300001,
      "angles": 115.19051695154424,
      "DA": 93.36569677854659
    },
    "rotational_constant": {
      "A": 0.1602087,
      "B": 0.1712724,
      "C": 0.8404052
    },
    "rays_asymmetry_parameter": 0.9674691063538257,
    "volume": 389.14822
  },
  "excited_state": {
    "HOMO-LUMO": 0.18847691282021506,
    "charge": {
      "element": [
        "C",
        "C",
        "C",
        "C",
        "N",
        "C",
        "C",
        "C",
        "O",
        "N",
        "C",
        "C",
        "C",
        "C",
        "C",
        "C",
        "C",
        "C",
        "O",
        "H",
        "H",
        "H",
        "H",
        "H",
        "H",
        "H",
        "H",
        "H",
        "H",
        "H",
        "H",
        "H",
        "H",
        "H",
        "H",
        "H",
        "H"
      ],
      "charge": [
        -0.077787,
        -0.017512,
        -0.053727,
        0.265531,
        -0.666383,
        0.377728,
        -0.364627,
        0.984142,
        -0.727502,
        -0.705665,
        0.276205,
        0.200427,
        -0.14616,
        0.014662,
        -0.113007,
        0.008509,
        -0.137331,
        0.951394,
        -0.755959,
        0.020384,
        0.028652,
        0.021561,
        0.021864,
        0.023594,
        0.017684,
        0.023498,
        -0.011155,
        0.017958,
        0.335889,
        0.075453,
        0.014531,
        -0.018804,
        0.023639,
        0.020594,
        0.027986,
        0.020516,
        0.023217
      ]
    },
    "structure": {
      "bonds": 1.1749857248568423,
      "angles": 114.66997611348916,
      "DA": 96.52472114492818
    },
    "rotational_constant": {
      "A": 0.148389,
      "B": 0.1531352,
      "C": 1.0980807
    },
    "rays_asymmetry_parameter": 0.9900047562803803,
    "excited_energy": "0.2235",
    "volume": 387.69121
  },
  "exciting_path_mean_volume": 388.56548
}