{"charge": {"element": ["C", "O", "C", "C", "C", "C", "C", "N", "C", "C", "C", "C", "Br", "C", "C", "C", "C", "C", "C", "C", "N", "C", "C", "C", "C", "C", "H", "H", "H", "H", "H", "H", "H", "H", "H", "H", "H", "H", "H", "H", "H", "H", "H", "H", "H"], "charge_variation": [-0.01789799999999997, 0.044451999999999936, -0.004354999999999998, -0.06436100000000002, -0.016502000000000003, 0.015895999999999997, 0.0029209999999999514, -0.0019740000000000313, -8.299999999999974e-05, 0.0022819999999999993, 0.004677000000000001, 0.001344999999999985, 0.006699999999999998, 0.006815000000000002, -0.001687999999999995, 0.016243999999999995, -0.03415199999999999, 0.03292700000000001, -0.05451700000000001, 8.000000000008e-06, 0.07689900000000005, -0.0021629999999999983, -0.0005529999999999979, -0.027243000000000017, 0.007739999999999999, -0.005186999999999997, -0.004963999999999998, -0.005986, 0.029296, 0.014572999999999996, -0.002248, 0.0016569999999999988, 0.0014950000000000033, 0.0023200000000000026, -0.008502, 0.000793000000000002, -0.0017490000000000006, -0.00326, -0.005764, 0.006227, -0.004265, 0.008432, -0.0030629999999999998, -0.005274000000000001, -0.007944]}, "ground_state": {"HOMO-LUMO": 2.0063931189536537, "charge": {"element": ["C", "O", "C", "C", "C", "C", "C", "N", "C", "C", "C", "C", "Br", "C", "C", "C", "C", "C", "C", "C", "N", "C", "C", "C", "C", "C", "H", "H", "H", "H", "H", "H", "H", "H", "H", "H", "H", "H", "H", "H", "H", "H", "H", "H", "H"], "charge": [0.339043, -0.576445, 0.476263, -0.079688, -0.054204, 0.022311, 0.626633, -0.746833, 0.033038, -0.048819, -0.072481, 0.188863, -0.115706, -0.076651, -0.06524, -0.047649, -0.115535, 0.093391, -0.227019, 0.446002, -0.652185, 0.240139, 0.241414, -0.146663, -0.016883, -0.063351, -0.014538, 0.013611, -0.030463, 0.035963, 0.050455, 0.043099, 0.040641, 0.034774, 0.032138, 0.037037, 0.047813, 0.006219, 0.01208, -0.005605, 0.00449, -0.006885, 0.013678, 0.041816, 0.041929]}, "structure": {"bonds": 1.285192138728511, "angles": 118.08264295896905, "DA": 13.768158798445315}, "rotational_constant": {"A": 0.0456869, "B": 0.0469657, "C": 0.7288392}, "rays_asymmetry_parameter": 0.9962561788930521, "volume": 514.64943}, "excited_state": {"HOMO-LUMO": 0.9455002672828008, "charge": {"element": ["C", "O", "C", "C", "C", "C", "C", "N", "C", "C", "C", "C", "Br", "C", "C", "C", "C", "C", "C", "C", "N", "C", "C", "C", "C", "C", "H", "H", "H", "H", "H", "H", "H", "H", "H", "H", "H", "H", "H", "H", "H", "H", "H", "H", "H"], "charge": [0.321145, -0.531993, 0.471908, -0.144049, -0.070706, 0.038207, 0.629554, -0.748807, 0.032955, -0.046537, -0.067804, 0.190208, -0.109006, -0.069836, -0.066928, -0.031405, -0.149687, 0.126318, -0.281536, 0.44601, -0.575286, 0.237976, 0.240861, -0.173906, -0.009143, -0.068538, -0.019502, 0.007625, -0.001167, 0.050536, 0.048207, 0.044756, 0.042136, 0.037094, 0.023636, 0.03783, 0.046064, 0.002959, 0.006316, 0.000622, 0.000225, 0.001547, 0.010615, 0.036542, 0.033985]}, "structure": {"bonds": 1.2861974624376598, "angles": 118.46877930783558, "DA": 5.824038109746258}, "rotational_constant": {"A": 0.0474612, "B": 0.0481049, "C": 0.6017637}, "rays_asymmetry_parameter": 0.9976774414692338, "excited_energy": "1.0885", "volume": 517.11331}, "exciting_path_mean_volume": 516.1769583333333}