{
  "s0_rotational_constant_a": 0.0622464,
  "s0_rotational_constant_b": 0.0793516,
  "s0_rotational_constant_c": 0.2188068,
  "s1_rotational_constant_a": 0.064804,
  "s1_rotational_constant_b": 0.0797548,
  "s1_rotational_constant_c": 0.2137431,
  "s0_rays_asymmetry_parameter": 0.7814875281361061,
  "s1_rays_asymmetry_parameter": 0.7992360635991489,
  "s0_volume": 583.15546,
  "s1_volume": 578.93374,
  "delta_volume": -4.221720000000005,
  "s0_homo_lumo_gap": 2.263883537533661,
  "s1_homo_lumo_gap": 1.2488228157229213,
  "delta_gap": -1.0150607218107397,
  "s0_dihedral_avg": 90.07679880192072,
  "s1_dihedral_avg": 90.53019194341294,
  "delta_dihedral": 0.45339314149222787,
  "delta_dipole": {
    "element": [
      "O",
      "C",
      "O",
      "C",
      "C",
      "C",
      "C",
      "C",
      "C",
      "C",
      "C",
      "C",
      "C",
      "C",
      "C",
      "C",
      "C",
      "C",
      "C",
      "C",
      "O",
      "O",
      "C",
      "C",
      "C",
      "C",
      "C",
      "C",
      "C",
      "C",
      "C",
      "C",
      "H",
      "H",
      "H",
      "H",
      "H",
      "H",
      "H",
      "H",
      "H",
      "H",
      "H",
      "H",
      "H",
      "H",
      "H",
      "H",
      "H",
      "H",
      "H",
      "H"
    ],
    "charge_variation": [
      -0.0019419999999999993,
      -0.0009470000000000312,
      -0.0031769999999999854,
      0.0006589999999999999,
      0.0007710000000000009,
      -0.004971000000000003,
      -0.004600999999999994,
      0.004428,
      0.004583,
      -0.0013760000000000022,
      -0.0020739999999999925,
      6.199999999999956e-05,
      0.0018219999999999972,
      -0.0012129999999999988,
      0.0009799999999999948,
      -0.004463999999999996,
      -0.005126999999999993,
      0.0009829999999999978,
      0.0005830000000000002,
      -0.0009139999999998594,
      -0.00206699999999993,
      -0.002925999999999984,
      -0.0013829999999999988,
      -0.001797999999999994,
      -0.0014269999999999977,
      0.0011049999999999949,
      -0.0012189999999999979,
      0.0017619999999999997,
      0.0003280000000000019,
      -0.0022080000000000016,
      -0.0018480000000000024,
      -0.0014170000000000016,
      0.0003189999999999582,
      0.0004190000000000027,
      0.002674999999999997,
      0.002787999999999999,
      0.00042400000000000077,
      0.0012889999999999985,
      0.000283000000000002,
      0.0035910000000000004,
      0.002579999999999999,
      0.00037800000000000333,
      0.0003309999999999702,
      0.00028099999999999653,
      0.0025579999999999978,
      0.0035349999999999965,
      0.00028699999999999906,
      0.0012810000000000009,
      0.00041400000000000117,
      0.002740999999999997,
      0.002580000000000006,
      0.00027299999999999547
    ]
  },
  "excitation_energy": "2.1117",
  "exciting_path_mean_volume": 580.4173616666666,
  "s0_bonds_avg": 1.2839893961740003,
  "s1_bonds_avg": 1.2833098366920002,
  "delta_bonds": -0.0006795594820001583,
  "s0_angles_avg": 119.63019651264473,
  "s1_angles_avg": 119.6170784440562,
  "delta_angles": -0.013118068588525489
}