{
  "s0_rotational_constant_a": 0.0791683,
  "s0_rotational_constant_b": 0.1191731,
  "s0_rotational_constant_c": 0.1393925,
  "s1_rotational_constant_a": 0.0891904,
  "s1_rotational_constant_b": 0.1150544,
  "s1_rotational_constant_c": 0.1494877,
  "s0_rays_asymmetry_parameter": -0.3285290630676706,
  "s1_rays_asymmetry_parameter": 0.1421174745801222,
  "s0_volume": 647.21449,
  "s1_volume": 648.31008,
  "delta_volume": 1.0955900000000156,
  "s0_homo_lumo_gap": 2.805917930180777,
  "s1_homo_lumo_gap": 0.9614706270850326,
  "delta_gap": -1.8444473030957442,
  "s0_dihedral_avg": -10.307689318651343,
  "s1_dihedral_avg": -13.618161328308812,
  "delta_dihedral": -3.3104720096574685,
  "delta_dipole": null,
  "excitation_energy": "1.1160",
  "exciting_path_mean_volume": 647.7525433333334,
  "s0_bonds_avg": 1.2613522402647694,
  "s1_bonds_avg": 1.2618041574227694,
  "s0_angles_avg": 116.33031925575536,
  "s1_angles_avg": 116.40384015828512
}