{
  "s0_rotational_constant_a": 0.0791683,
  "s0_rotational_constant_b": 0.1191731,
  "s0_rotational_constant_c": 0.1393925,
  "s1_rotational_constant_a": 0.0891904,
  "s1_rotational_constant_b": 0.1150544,
  "s1_rotational_constant_c": 0.1494877,
  "s0_rays_asymmetry_parameter": -0.3285290630676706,
  "s1_rays_asymmetry_parameter": 0.1421174745801222,
  "s0_volume": 647.21449,
  "s1_volume": 648.31008,
  "delta_volume": 1.0955900000000156,
  "s0_homo_lumo_gap": 2.805917930180777,
  "s1_homo_lumo_gap": 0.9614706270850326,
  "delta_gap": -1.8444473030957442,
  "s0_dihedral_avg": 92.12113651449684,
  "s1_dihedral_avg": 92.2431653633442,
  "delta_dihedral": 0.1220288488473642,
  "delta_dipole": {
    "element": [
      "C",
      "C",
      "O",
      "C",
      "O",
      "C",
      "C",
      "C",
      "O",
      "O",
      "C",
      "C",
      "N",
      "C",
      "C",
      "C",
      "C",
      "C",
      "C",
      "C",
      "C",
      "C",
      "C",
      "C",
      "C",
      "C",
      "N",
      "C",
      "C",
      "C",
      "C",
      "C",
      "C",
      "C",
      "H",
      "H",
      "H",
      "H",
      "H",
      "H",
      "H",
      "H",
      "H",
      "H",
      "H",
      "H",
      "H",
      "H",
      "H",
      "H",
      "H",
      "H",
      "H",
      "H",
      "H",
      "H",
      "H",
      "H",
      "H",
      "H",
      "H",
      "H"
    ],
    "charge_variation": [
      0.0036570000000000075,
      0.003390000000000004,
      -0.045906,
      -0.013052999999999981,
      0.05165900000000001,
      0.061905000000000016,
      -0.015064000000000022,
      -0.03341100000000008,
      -0.009487000000000023,
      0.013587000000000071,
      0.004418000000000033,
      0.0019649999999999945,
      -0.06291499999999994,
      0.020475999999999994,
      0.0034520000000000106,
      -0.000844000000000001,
      0.0016329999999999956,
      0.006346,
      0.024181000000000008,
      -0.011780000000000013,
      -0.011583,
      0.018988000000000005,
      0.025421,
      0.010328999999999998,
      -0.002806,
      -0.04247000000000001,
      0.181404,
      0.021552000000000016,
      -0.10593099999999998,
      0.037066,
      -0.07982900000000001,
      0.034019,
      -0.08182900000000001,
      -0.026966999999999963,
      -0.0016539999999999992,
      0.001634,
      -0.0003949999999999995,
      -0.0032909999999999997,
      -0.00103,
      -0.008477000000000002,
      0.0014490000000000002,
      0.003715000000000003,
      -0.0014310000000000017,
      0.0006370000000000021,
      -0.007079999999999996,
      -0.0006999999999999992,
      -0.00014699999999999783,
      -0.0015300000000000001,
      -0.009285999999999996,
      0.022841,
      0.004999,
      0.0006889999999999986,
      0.0007799999999999994,
      -0.0008499999999999966,
      -0.011490999999999998,
      0.0044500000000000026,
      -0.003983,
      0.002717999999999998,
      -0.0026580000000000006,
      -0.0019330000000000042,
      0.017526999999999997,
      0.012924999999999999
    ]
  },
  "excitation_energy": "1.1160",
  "exciting_path_mean_volume": 647.7525433333334,
  "s0_bonds_avg": 1.2613522402647694,
  "s1_bonds_avg": 1.2618041574227694,
  "s0_angles_avg": 116.33031925575536,
  "s1_angles_avg": 116.40384015828512,
  "delta_bonds": 0.00045191715799997034,
  "delta_angles": 0.07352090252976495
}