{
  "charge": {
    "element": [
      "C",
      "O",
      "C",
      "C",
      "C",
      "C",
      "C",
      "N",
      "C",
      "C",
      "C",
      "C",
      "C",
      "C",
      "C",
      "C",
      "C",
      "C",
      "C",
      "C",
      "C",
      "C",
      "C",
      "C",
      "C",
      "N",
      "C",
      "C",
      "C",
      "C",
      "C",
      "H",
      "H",
      "H",
      "H",
      "H",
      "H",
      "H",
      "H",
      "H",
      "H",
      "H",
      "H",
      "H",
      "H",
      "H",
      "H",
      "H",
      "H",
      "H",
      "H",
      "H",
      "H",
      "H",
      "H"
    ],
    "charge_variation": [
      -0.02908299999999997,
      0.10292800000000007,
      0.018847000000000003,
      -0.08808200000000001,
      -0.010877999999999999,
      0.030817,
      -0.005596999999999963,
      0.019419999999999993,
      -0.011622,
      0.0007759999999999989,
      0.0027729999999999977,
      0.007752999999999996,
      -0.003472000000000003,
      0.0006260000000000016,
      0.0026380000000000015,
      0.0044399999999999995,
      0.0026750000000000003,
      0.00032200000000000284,
      -0.000785000000000001,
      0.005410000000000005,
      0.030902,
      -0.06396700000000001,
      0.03645700000000002,
      -0.054209000000000035,
      -0.0019180000000000308,
      0.06356600000000001,
      7.499999999999174e-05,
      -0.0018289999999999973,
      -0.03425700000000001,
      0.01176,
      -0.01280500000000001,
      0.012650000000000002,
      -0.004185000000000001,
      0.015602000000000001,
      0.0029700000000000004,
      -0.00136,
      0.0021060000000000037,
      0.0013039999999999996,
      0.0006409999999999992,
      0.0019299999999999977,
      0.0006320000000000006,
      0.0013239999999999988,
      0.002361000000000002,
      -0.005632999999999999,
      -0.031678,
      -0.0018689999999999957,
      -0.003393,
      -0.0006350000000000019,
      0.003615,
      -0.004372,
      0.0037560000000000007,
      -0.0028129999999999995,
      -0.004257,
      -0.005489000000000001,
      -0.006892000000000002
    ]
  },
  "ground_state": {
    "HOMO-LUMO": 1.898870066095344,
    "charge": {
      "element": [
        "C",
        "O",
        "C",
        "C",
        "C",
        "C",
        "C",
        "N",
        "C",
        "C",
        "C",
        "C",
        "C",
        "C",
        "C",
        "C",
        "C",
        "C",
        "C",
        "C",
        "C",
        "C",
        "C",
        "C",
        "C",
        "N",
        "C",
        "C",
        "C",
        "C",
        "C",
        "H",
        "H",
        "H",
        "H",
        "H",
        "H",
        "H",
        "H",
        "H",
        "H",
        "H",
        "H",
        "H",
        "H",
        "H",
        "H",
        "H",
        "H",
        "H",
        "H",
        "H",
        "H",
        "H",
        "H"
      ],
      "charge": [
        0.343186,
        -0.597381,
        0.467675,
        -0.079892,
        -0.041173,
        -0.005482,
        0.62267,
        -0.760478,
        0.051048,
        -0.072188,
        -0.059834,
        0.059905,
        0.068356,
        -0.068314,
        -0.023147,
        -0.039108,
        -0.022296,
        -0.066734,
        -0.056285,
        -0.062086,
        -0.045141,
        -0.102722,
        0.093828,
        -0.222513,
        0.446128,
        -0.648275,
        0.241909,
        0.240483,
        -0.146301,
        -0.027072,
        -0.065188,
        -0.018932,
        0.008273,
        -0.017319,
        0.046095,
        0.035687,
        0.034917,
        0.033054,
        0.028842,
        0.029706,
        0.029255,
        0.033851,
        0.037118,
        0.047621,
        0.054062,
        0.040774,
        0.049449,
        0.015644,
        -0.008302,
        0.004733,
        -0.007919,
        0.012307,
        0.007311,
        0.041684,
        0.038514
      ]
    },
    "structure": {
      "bonds": 1.2732891834281033,
      "angles": 118.3657888321932,
      "DA": 91.50416343923736
    },
    "rotational_constant": {
      "A": 0.0390997,
      "B": 0.0411903,
      "C": 0.5308588
    },
    "rays_asymmetry_parameter": 0.9914974628837575,
    "volume": 598.5102
  },
  "excited_state": {
    "HOMO-LUMO": 0.800852726644314,
    "charge": {
      "element": [
        "C",
        "O",
        "C",
        "C",
        "C",
        "C",
        "C",
        "N",
        "C",
        "C",
        "C",
        "C",
        "C",
        "C",
        "C",
        "C",
        "C",
        "C",
        "C",
        "C",
        "C",
        "C",
        "C",
        "C",
        "C",
        "N",
        "C",
        "C",
        "C",
        "C",
        "C",
        "H",
        "H",
        "H",
        "H",
        "H",
        "H",
        "H",
        "H",
        "H",
        "H",
        "H",
        "H",
        "H",
        "H",
        "H",
        "H",
        "H",
        "H",
        "H",
        "H",
        "H",
        "H",
        "H",
        "H"
      ],
      "charge": [
        0.314103,
        -0.494453,
        0.486522,
        -0.167974,
        -0.052051,
        0.025335,
        0.617073,
        -0.741058,
        0.039426,
        -0.071412,
        -0.057061,
        0.067658,
        0.064884,
        -0.067688,
        -0.020509,
        -0.034668,
        -0.019621,
        -0.066412,
        -0.05707,
        -0.056676,
        -0.014239,
        -0.166689,
        0.130285,
        -0.276722,
        0.44421,
        -0.584709,
        0.241984,
        0.238654,
        -0.180558,
        -0.015312,
        -0.077993,
        -0.006282,
        0.004088,
        -0.001717,
        0.049065,
        0.034327,
        0.037023,
        0.034358,
        0.029483,
        0.031636,
        0.029887,
        0.035175,
        0.039479,
        0.041988,
        0.022384,
        0.038905,
        0.046056,
        0.015009,
        -0.004687,
        0.000361,
        -0.004163,
        0.009494,
        0.003054,
        0.036195,
        0.031622
      ]
    },
    "structure": {
      "bonds": 1.2667465484850002,
      "angles": 118.56307931002814,
      "DA": 90.70049172278476
    },
    "rotational_constant": {
      "A": 0.0405396,
      "B": 0.0408717,
      "C": 0.6368811
    },
    "rays_asymmetry_parameter": 0.9988862086572878,
    "excited_energy": "0.9220",
    "volume": 599.36396
  },
  "exciting_path_mean_volume": 599.202525
}