{
  "s0_rotational_constant_a": 0.132731,
  "s0_rotational_constant_b": 0.1625869,
  "s0_rotational_constant_c": 0.4587045,
  "s1_rotational_constant_a": 0.1275197,
  "s1_rotational_constant_b": 0.1470857,
  "s1_rotational_constant_c": 0.4924815,
  "s0_rays_asymmetry_parameter": 0.8168200789327966,
  "s1_rays_asymmetry_parameter": 0.8927778194868614,
  "s0_volume": 431.38268,
  "s1_volume": 434.21356,
  "delta_volume": 2.830879999999979,
  "s0_homo_lumo_gap": 2.1479576100682136,
  "s1_homo_lumo_gap": 1.4649437710087834,
  "delta_gap": -0.6830138390594302,
  "s0_dihedral_avg": -7.309143015012364,
  "s1_dihedral_avg": -3.7169628977805935,
  "delta_dihedral": 3.592180117231771,
  "delta_dipole": null,
  "excitation_energy": "1.6951",
  "exciting_path_mean_volume": 432.580845,
  "s0_bonds_avg": 1.3094998922657144,
  "s1_bonds_avg": 1.3150310518609527,
  "s0_angles_avg": 120.00288798535429,
  "s1_angles_avg": 119.99286537580753
}