{
  "s0_rotational_constant_a": 0.0168783,
  "s0_rotational_constant_b": 0.0221743,
  "s0_rotational_constant_c": 0.0647434,
  "s1_rotational_constant_a": 0.0164934,
  "s1_rotational_constant_b": 0.0209294,
  "s1_rotational_constant_c": 0.0651962,
  "s0_rays_asymmetry_parameter": 0.7787114202205782,
  "s1_rays_asymmetry_parameter": 0.8178338822408566,
  "s0_volume": 773.77068,
  "s1_volume": 775.59007,
  "delta_volume": 1.8193899999999985,
  "s0_homo_lumo_gap": 1.7250845781468716,
  "s1_homo_lumo_gap": 0.8937741521898306,
  "delta_gap": -0.831310425957041,
  "s0_dihedral_avg": 90.00220958363055,
  "s1_dihedral_avg": 89.96856699657296,
  "delta_dihedral": -0.03364258705758516,
  "delta_dipole": {
    "element": [
      "O",
      "C",
      "C",
      "C",
      "C",
      "C",
      "N",
      "C",
      "C",
      "C",
      "C",
      "C",
      "C",
      "O",
      "C",
      "C",
      "C",
      "C",
      "C",
      "C",
      "C",
      "C",
      "C",
      "C",
      "C",
      "C",
      "C",
      "C",
      "C",
      "C",
      "C",
      "Br",
      "C",
      "C",
      "C",
      "N",
      "C",
      "C",
      "C",
      "C",
      "Br",
      "C",
      "C",
      "H",
      "H",
      "H",
      "H",
      "H",
      "H",
      "H",
      "H",
      "H",
      "H",
      "H",
      "H",
      "H",
      "H",
      "H",
      "H",
      "H",
      "H",
      "H",
      "H",
      "H",
      "H"
    ],
    "charge_variation": [
      -0.046725000000000017,
      -0.013630999999999949,
      0.019032,
      0.009404999999999998,
      0.007307999999999995,
      -0.008676000000000017,
      0.04481299999999999,
      -0.00708700000000001,
      -0.011858000000000007,
      0.0015650000000000039,
      -0.013777999999999992,
      -0.0028640000000000054,
      -0.008927000000000018,
      0.019565,
      -0.009299999999999975,
      -0.0023320000000000007,
      -0.013824000000000003,
      0.001906000000000005,
      -0.012474000000000013,
      -0.006952000000000014,
      0.005321000000000006,
      -0.007209,
      0.010249999999999995,
      -0.005011999999999996,
      0.0131,
      -0.0036650000000000293,
      0.006740999999999997,
      0.013175,
      -0.0016450000000000006,
      0.006645999999999999,
      -0.0016019999999999923,
      0.0010959999999999859,
      0.006097000000000005,
      -0.0032979999999999954,
      0.004583000000000004,
      0.0026109999999999745,
      0.0019050000000000455,
      -0.007751999999999995,
      0.005985999999999998,
      -0.003835000000000005,
      -0.0013400000000000079,
      0.0057849999999999985,
      -0.004378000000000007,
      0.003957999999999996,
      -0.000564000000000002,
      -0.004253,
      -0.0015349999999999947,
      -0.00028600000000000153,
      -0.0011759999999999965,
      -0.0011520000000000002,
      -0.0001490000000000033,
      -0.0013010000000000035,
      -0.005302000000000001,
      -0.0010570000000000024,
      0.0012340000000000025,
      0.005592999999999997,
      0.0016209999999999974,
      0.008910999999999995,
      0.0014129999999999976,
      0.001335999999999997,
      0.002147000000000003,
      4.900000000000043e-05,
      0.00021899999999999697,
      0.0004989999999999994,
      0.0010690000000000005
    ]
  },
  "excitation_energy": "1.0278",
  "exciting_path_mean_volume": 774.6909599999999,
  "s0_bonds_avg": 1.3169820560630554,
  "s1_bonds_avg": 1.3100581425020836,
  "s0_angles_avg": 119.96914181270661,
  "s1_angles_avg": 119.96188272877676,
  "delta_bonds": -0.006923913560971773,
  "delta_angles": -0.00725908392985275
}