{
  "s0_rotational_constant_a": 0.0521014,
  "s0_rotational_constant_b": 0.0609144,
  "s0_rotational_constant_c": 0.1229395,
  "s1_rotational_constant_a": 0.051954,
  "s1_rotational_constant_b": 0.0607987,
  "s1_rotational_constant_c": 0.1237031,
  "s0_rays_asymmetry_parameter": 0.7511790971242878,
  "s1_rays_asymmetry_parameter": 0.7534547471675603,
  "s0_volume": 570.71819,
  "s1_volume": 570.99485,
  "delta_volume": 0.2766599999999926,
  "s0_homo_lumo_gap": 2.017024605705625,
  "s1_homo_lumo_gap": 1.6307155071055646,
  "delta_gap": -0.38630909860006035,
  "s0_dihedral_avg": 3.0120677768924913,
  "s1_dihedral_avg": 2.964182829164432,
  "delta_dihedral": -0.0478849477280594,
  "delta_dipole": null,
  "excitation_energy": "2.4397",
  "exciting_path_mean_volume": 570.8323616666668,
  "s0_bonds_avg": 1.35124288596,
  "s1_bonds_avg": 1.351888151164375,
  "s0_angles_avg": 119.99995740523823,
  "s1_angles_avg": 120.00000882452758
}