{
  "s0_rotational_constant_a": 0.0249823,
  "s0_rotational_constant_b": 0.0292585,
  "s0_rotational_constant_c": 0.126394,
  "s1_rotational_constant_a": 0.0255071,
  "s1_rotational_constant_b": 0.0293224,
  "s1_rotational_constant_c": 0.1314083,
  "s0_rays_asymmetry_parameter": 0.9156665355180911,
  "s1_rays_asymmetry_parameter": 0.9279460478257093,
  "s0_volume": 786.09555,
  "s1_volume": 787.77283,
  "delta_volume": 1.677279999999996,
  "s0_homo_lumo_gap": 1.1145319268832585,
  "s1_homo_lumo_gap": 0.8149563856756603,
  "delta_gap": -0.2995755412075982,
  "s0_dihedral_avg": 91.00235556657464,
  "s1_dihedral_avg": 90.63006226460801,
  "delta_dihedral": -0.37229330196662147,
  "delta_dipole": {
    "element": [
      "C",
      "O",
      "C",
      "C",
      "C",
      "C",
      "C",
      "C",
      "C",
      "C",
      "C",
      "C",
      "C",
      "C",
      "C",
      "C",
      "C",
      "C",
      "C",
      "C",
      "S",
      "C",
      "S",
      "N",
      "C",
      "C",
      "O",
      "O",
      "C",
      "O",
      "C",
      "C",
      "C",
      "C",
      "C",
      "C",
      "O",
      "C",
      "C",
      "C",
      "C",
      "C",
      "H",
      "H",
      "H",
      "H",
      "H",
      "H",
      "H",
      "H",
      "H",
      "H",
      "H",
      "H",
      "H",
      "H",
      "H",
      "H",
      "H",
      "H",
      "H",
      "H",
      "H",
      "H",
      "H",
      "H",
      "H",
      "H",
      "H"
    ],
    "charge_variation": [
      -0.002803,
      0.007263999999999993,
      0.0021339999999999693,
      -0.008138000000000006,
      0.0018939999999999999,
      -0.003711,
      -0.008219,
      -0.011864,
      0.00639300000000001,
      -0.0022030000000000105,
      0.0002999999999999982,
      -0.007061000000000005,
      0.0016620000000000003,
      -0.008243999999999987,
      0.005891000000000007,
      0.005712000000000009,
      0.0017929999999999995,
      0.0019390000000000032,
      -0.000500999999999998,
      0.01235399999999999,
      0.012743000000000004,
      -0.018320000000000003,
      0.02761899999999995,
      -0.003393000000000035,
      0.00603999999999999,
      -0.0023119999999998697,
      0.005336000000000007,
      -0.008120999999999934,
      0.0004030000000000422,
      -0.007025000000000059,
      -0.009280999999999998,
      0.006141000000000001,
      -0.004092999999999999,
      -0.005984000000000003,
      -0.0027409999999999934,
      0.00273000000000001,
      0.005114999999999981,
      -0.0029649999999999954,
      -0.006290999999999991,
      0.004233999999999998,
      0.0007969999999999991,
      -0.00791900000000001,
      0.0020820000000000005,
      0.0002989999999999998,
      0.0019939999999999992,
      -0.0007240000000000024,
      -0.0007650000000000018,
      0.0020399999999999967,
      -0.00048000000000000126,
      -0.00033500000000000196,
      -0.0015289999999999991,
      -0.0008820000000000008,
      -4.600000000000437e-05,
      0.0004180000000000017,
      0.0057849999999999985,
      0.0015000000000000013,
      -0.0020240000000000015,
      0.001635000000000053,
      0.0009979999999999989,
      -0.0008480000000000015,
      0.002301000000000001,
      -0.0017100000000000032,
      5.3999999999999795e-05,
      0.0023349999999999985,
      0.0019249999999999996,
      -0.0008649999999999977,
      0.00026299999999999935,
      -3.500000000000031e-05,
      -0.0006839999999999971
    ]
  },
  "excitation_energy": "1.0446",
  "exciting_path_mean_volume": 786.61942,
  "s0_bonds_avg": 1.28463291231,
  "s1_bonds_avg": 1.29806929626,
  "delta_bonds": 0.01343638395000002,
  "s0_angles_avg": 117.98254661417751,
  "s1_angles_avg": 117.94141018671688,
  "delta_angles": -0.04113642746062851
}