{
  "s0_rotational_constant_a": 0.0441423,
  "s0_rotational_constant_b": 0.0532178,
  "s0_rotational_constant_c": 0.2267624,
  "s1_rotational_constant_a": 0.0438226,
  "s1_rotational_constant_b": 0.052887,
  "s1_rotational_constant_c": 0.2262475,
  "s0_rays_asymmetry_parameter": 0.9006078739415869,
  "s1_rays_asymmetry_parameter": 0.9006232153614995,
  "s0_volume": 653.1793,
  "s1_volume": 653.20832,
  "delta_volume": 0.029019999999945867,
  "s0_homo_lumo_gap": 1.8180332150738878,
  "s1_homo_lumo_gap": 0.9363409162699678,
  "delta_gap": -0.88169229880392,
  "s0_dihedral_avg": 93.13992422917488,
  "s1_dihedral_avg": 93.69012587830449,
  "delta_dihedral": 0.5502016491296047,
  "delta_dipole": {
    "element": [
      "C",
      "C",
      "C",
      "C",
      "C",
      "C",
      "C",
      "C",
      "C",
      "C",
      "C",
      "C",
      "C",
      "N",
      "C",
      "N",
      "C",
      "C",
      "C",
      "C",
      "C",
      "C",
      "O",
      "C",
      "C",
      "C",
      "N",
      "C",
      "C",
      "C",
      "C",
      "C",
      "H",
      "H",
      "H",
      "H",
      "H",
      "H",
      "H",
      "H",
      "H",
      "H",
      "H",
      "H",
      "H",
      "H",
      "H",
      "H",
      "H",
      "H",
      "H",
      "H",
      "H",
      "H",
      "H",
      "H",
      "H",
      "H",
      "H",
      "H",
      "H",
      "H",
      "H"
    ],
    "charge_variation": [
      0.006631999999999999,
      0.0018719999999999848,
      -0.0015660000000000049,
      0.02334,
      -0.004390000000000005,
      0.019558000000000002,
      -0.001232000000000004,
      -0.025416999999999995,
      -0.005954000000000015,
      0.0040839999999999765,
      0.0008680000000000077,
      -0.04317499999999999,
      0.01162300000000005,
      -0.03647299999999998,
      0.003997999999999946,
      -0.028795999999999933,
      0.006592000000000042,
      0.0028970000000000384,
      -0.007411000000000001,
      -0.0007010000000000072,
      0.0020040000000000058,
      0.0018589999999999995,
      0.044052000000000036,
      -0.001681000000000002,
      0.026611999999999997,
      0.004003000000000034,
      -0.044638000000000067,
      -0.0019079999999999653,
      -0.0005450000000000038,
      -0.006326999999999999,
      0.0010030000000000039,
      0.002137,
      -0.0022400000000000024,
      0.0024699999999999965,
      0.00042100000000000123,
      -0.0014059999999999993,
      -0.0007300000000000015,
      0.004316999999999998,
      0.004499999999999997,
      0.005173999999999998,
      0.00503,
      0.0026159999999999933,
      0.006403999999999993,
      0.002929000000000001,
      -0.0018069999999999996,
      -0.0014769999999999991,
      -0.0008319999999999994,
      0.0030310000000000024,
      0.0009830000000000012,
      -0.0011959999999999991,
      0.0026569999999999996,
      0.0011750000000000024,
      0.003127999999999999,
      0.004054,
      -0.0020879999999999996,
      0.005300000000000003,
      0.0008619999999999999,
      -0.0004369999999999999,
      -0.001115999999999999,
      0.0030740000000000003,
      0.002492000000000001,
      -0.0009799999999999982,
      0.0007699999999999999
    ]
  },
  "excitation_energy": "1.3113",
  "exciting_path_mean_volume": 652.80479,
  "s0_bonds_avg": 1.267240527196667,
  "s1_bonds_avg": 1.278740425368333,
  "delta_bonds": 0.011499898171666079,
  "s0_angles_avg": 115.12595676168318,
  "s1_angles_avg": 114.4476272533795,
  "delta_angles": -0.6783295083036904
}