{
  "s0_rotational_constant_a": 0.0085029,
  "s0_rotational_constant_b": 0.0087464,
  "s0_rotational_constant_c": 0.0806117,
  "s1_rotational_constant_a": 0.0090009,
  "s1_rotational_constant_b": 0.0094251,
  "s1_rotational_constant_c": 0.0664058,
  "s0_rays_asymmetry_parameter": 0.9932463166770213,
  "s1_rays_asymmetry_parameter": 0.9852207738363797,
  "s0_volume": 1211.71138,
  "s1_volume": 1207.79129,
  "delta_volume": -3.920090000000073,
  "s0_homo_lumo_gap": 2.328175868603239,
  "s1_homo_lumo_gap": 1.246969720642785,
  "delta_gap": -1.081206147960454,
  "s0_dihedral_avg": 94.04690719201415,
  "s1_dihedral_avg": 93.05199016405302,
  "delta_dihedral": -0.9949170279611224,
  "delta_dipole": {
    "element": [
      "C",
      "C",
      "C",
      "C",
      "C",
      "C",
      "C",
      "C",
      "C",
      "C",
      "O",
      "N",
      "C",
      "N",
      "C",
      "O",
      "N",
      "C",
      "C",
      "C",
      "C",
      "C",
      "C",
      "C",
      "C",
      "C",
      "C",
      "C",
      "C",
      "C",
      "C",
      "C",
      "C",
      "N",
      "C",
      "O",
      "N",
      "C",
      "N",
      "C",
      "O",
      "C",
      "C",
      "C",
      "C",
      "C",
      "C",
      "C",
      "C",
      "C",
      "N",
      "C",
      "C",
      "C",
      "C",
      "C",
      "C",
      "C",
      "C",
      "C",
      "C",
      "N",
      "H",
      "H",
      "H",
      "H",
      "H",
      "H",
      "H",
      "H",
      "H",
      "H",
      "H",
      "H",
      "H",
      "H",
      "H",
      "H",
      "H",
      "H",
      "H",
      "H",
      "H",
      "H",
      "H",
      "H",
      "H",
      "H",
      "H",
      "H",
      "H",
      "H",
      "H",
      "H",
      "H",
      "H",
      "H",
      "H",
      "H",
      "H",
      "H",
      "H",
      "H",
      "H",
      "H",
      "H",
      "H",
      "H",
      "H",
      "H",
      "H",
      "H",
      "H",
      "H",
      "H",
      "H",
      "H",
      "H"
    ],
    "charge_variation": [
      -8.900000000000574e-05,
      9.400000000000033e-05,
      0.00012199999999999711,
      -5.8999999999996555e-05,
      2.7000000000002716e-05,
      8.100000000000468e-05,
      0.0,
      0.00021399999999999197,
      -0.0006379999999999719,
      7.80000000000225e-05,
      6.300000000003525e-05,
      -0.0005669999999999842,
      -0.0004269999999999552,
      0.0006969999999999477,
      -0.002715000000000023,
      -0.0007139999999999924,
      0.009820000000000051,
      -0.003782999999999981,
      -0.00037399999999998546,
      -0.0030569999999999972,
      0.0006710000000000049,
      -0.0010570000000000024,
      -0.0013890000000000013,
      -0.001340999999999995,
      -0.0054540000000000005,
      0.0009779999999999997,
      -0.003126999999999998,
      -0.0001010000000000004,
      -0.0035659999999999997,
      0.00033299999999999996,
      -0.001348000000000002,
      0.0024430000000000007,
      -0.0039020000000000166,
      0.050900000000000056,
      0.011965000000000003,
      -0.012398999999999938,
      -0.04092700000000005,
      0.009555999999999898,
      -0.01952300000000018,
      -0.00023200000000000998,
      -0.002641999999999922,
      0.0008830000000000227,
      0.0012270000000000336,
      -0.0005350000000000008,
      -0.00016900000000000248,
      0.0005490000000000078,
      0.0003449999999999981,
      -8.400000000000074e-05,
      8.000000000001062e-06,
      0.0004040000000000016,
      0.007172999999999985,
      -0.005534999999999998,
      -0.004270000000000003,
      -0.0011670000000000014,
      -0.0016079999999999983,
      -0.0008009999999999996,
      0.0022910000000000014,
      -0.0006200000000000008,
      -0.004714999999999997,
      -0.006044000000000001,
      0.002021999999999996,
      0.00033199999999999896,
      -0.00011999999999999858,
      -2.2999999999998716e-05,
      8.900000000000227e-05,
      6.899999999999962e-05,
      -0.00014099999999999877,
      -0.0001789999999999986,
      3.400000000000104e-05,
      0.00021400000000000238,
      -0.0001370000000000017,
      -4.099999999999937e-05,
      0.0,
      -9.79999999999974e-05,
      4.099999999999937e-05,
      6.600000000000009e-05,
      -3.700000000000231e-05,
      -7.000000000000062e-06,
      -0.00011900000000003574,
      -0.0009500000000000064,
      -0.0005159999999999991,
      0.003020000000000002,
      0.003309999999999997,
      -0.0006490000000000003,
      0.0011220000000000015,
      -0.00037900000000000086,
      0.002173999999999999,
      0.0037839999999999957,
      0.0006020000000000018,
      0.0011189999999999811,
      0.005346000000000017,
      -0.0003999999999999976,
      -0.0002510000000000012,
      -0.00024199999999999916,
      -0.00022799999999999904,
      -0.00043899999999999495,
      0.0015480000000000008,
      -0.00029900000000000065,
      3.200000000000078e-05,
      -0.0001920000000000012,
      -8.999999999998592e-06,
      -4.999999999999796e-05,
      -0.00010000000000000286,
      -7.100000000000162e-05,
      -0.0002260000000000005,
      0.0001439999999999983,
      -0.0001030000000000024,
      0.000136000000000025,
      0.0009490000000000054,
      0.0028489999999999974,
      0.002772,
      -0.00019399999999999973,
      0.0015820000000000035,
      0.00046500000000000014,
      0.0033760000000000005,
      0.003344999999999994,
      -0.0005259999999999987,
      0.00023800000000001598
    ]
  },
  "excitation_energy": "2.0999",
  "exciting_path_mean_volume": 1208.1450416666667,
  "s0_bonds_avg": 1.2332239814516262,
  "s1_bonds_avg": 1.2598606865506505,
  "s0_angles_avg": 115.75982537569861,
  "s1_angles_avg": 115.73654491132477,
  "delta_bonds": 0.026636705099024383,
  "delta_angles": -0.02328046437384046
}