{
  "s0_rotational_constant_a": 0.0085029,
  "s0_rotational_constant_b": 0.0087464,
  "s0_rotational_constant_c": 0.0806117,
  "s1_rotational_constant_a": 0.0090009,
  "s1_rotational_constant_b": 0.0094251,
  "s1_rotational_constant_c": 0.0664058,
  "s0_rays_asymmetry_parameter": 0.9932463166770213,
  "s1_rays_asymmetry_parameter": 0.9852207738363797,
  "s0_volume": 1211.71138,
  "s1_volume": 1207.79129,
  "delta_volume": -3.920090000000073,
  "s0_homo_lumo_gap": 2.328175868603239,
  "s1_homo_lumo_gap": 1.246969720642785,
  "delta_gap": -1.081206147960454,
  "s0_dihedral_avg": -3.5155722977884887,
  "s1_dihedral_avg": 8.771368099848395,
  "delta_dihedral": 12.286940397636883,
  "delta_dipole": null,
  "excitation_energy": "2.0999",
  "exciting_path_mean_volume": 1208.1450416666667,
  "s0_bonds_avg": 1.2332239814516262,
  "s1_bonds_avg": 1.2598606865506505,
  "s0_angles_avg": 115.75982537569861,
  "s1_angles_avg": 115.73654491132477
}