{
  "s0_rotational_constant_a": 0.0930174,
  "s0_rotational_constant_b": 0.16193,
  "s0_rotational_constant_c": 0.1808714,
  "s1_rotational_constant_a": 0.0942327,
  "s1_rotational_constant_b": 0.1491941,
  "s1_rotational_constant_c": 0.2055848,
  "s0_rays_asymmetry_parameter": -0.5687982334327407,
  "s1_rays_asymmetry_parameter": 0.012835860302589912,
  "s0_volume": 498.84352,
  "s1_volume": 499.10208,
  "delta_volume": 0.2585599999999886,
  "s0_homo_lumo_gap": 3.2945581500489856,
  "s1_homo_lumo_gap": 2.454934647043757,
  "delta_gap": -0.8396235030052286,
  "s0_dihedral_avg": 91.04233338063818,
  "s1_dihedral_avg": 91.3871230115252,
  "delta_dihedral": 0.3447896308870213,
  "delta_dipole": {
    "element": [
      "C",
      "O",
      "C",
      "C",
      "C",
      "C",
      "C",
      "C",
      "C",
      "C",
      "C",
      "O",
      "C",
      "C",
      "C",
      "C",
      "C",
      "C",
      "C",
      "O",
      "C",
      "C",
      "C",
      "C",
      "C",
      "H",
      "H",
      "H",
      "H",
      "H",
      "H",
      "H",
      "H",
      "H",
      "H",
      "H",
      "H",
      "H",
      "H",
      "H",
      "H",
      "H",
      "H",
      "H",
      "H",
      "H",
      "H"
    ],
    "charge_variation": [
      -0.0047900000000000165,
      0.018455999999999972,
      0.0071109999999999784,
      -0.012264999999999998,
      -0.0036409999999999984,
      -0.0018900000000000002,
      0.0004019999999999996,
      0.036604000000000005,
      -0.023018999999999998,
      -0.012124999999999997,
      0.011271999999999949,
      -0.012099000000000082,
      0.006680000000000019,
      -0.014315999999999995,
      -0.021519999999999997,
      0.0002859999999999998,
      -0.004369999999999999,
      -0.008714,
      0.005638000000000032,
      0.01520399999999994,
      -0.003905999999999965,
      -0.009696999999999983,
      -0.004039000000000001,
      -0.003606000000000005,
      -0.011144000000000015,
      0.00129,
      0.004432,
      0.0034550000000000015,
      -0.0002400000000000041,
      0.0005190000000000021,
      0.0011170000000000017,
      0.009947999999999999,
      0.010390000000000003,
      -0.0036460000000000017,
      -0.004031,
      -0.004508,
      0.010460999999999998,
      0.009780000000000004,
      0.001676999999999998,
      -0.0003110000000000057,
      0.003826999999999999,
      0.0009450000000000001,
      0.0026479999999999993,
      -0.0001979999999999968,
      0.00045500000000000054,
      0.001801999999999998,
      -0.00032300000000000384
    ]
  },
  "excitation_energy": "2.8293",
  "exciting_path_mean_volume": 498.7057683333334,
  "s0_bonds_avg": 1.262631225352245,
  "s1_bonds_avg": 1.2716234545165308,
  "delta_bonds": 0.008992229164285881,
  "s0_angles_avg": 116.73136540504656,
  "s1_angles_avg": 116.70605623231842,
  "delta_angles": -0.025309172728142926
}