{
  "charge": {
    "element": [
      "C",
      "O",
      "C",
      "C",
      "C",
      "C",
      "C",
      "C",
      "C",
      "C",
      "C",
      "O",
      "C",
      "C",
      "C",
      "C",
      "C",
      "C",
      "C",
      "O",
      "C",
      "C",
      "C",
      "C",
      "C",
      "H",
      "H",
      "H",
      "H",
      "H",
      "H",
      "H",
      "H",
      "H",
      "H",
      "H",
      "H",
      "H",
      "H",
      "H",
      "H",
      "H",
      "H",
      "H",
      "H",
      "H",
      "H"
    ],
    "charge_variation": [
      -0.0047900000000000165,
      0.018455999999999972,
      0.0071109999999999784,
      -0.012264999999999998,
      -0.0036409999999999984,
      -0.0018900000000000002,
      0.0004019999999999996,
      0.036604000000000005,
      -0.023018999999999998,
      -0.012124999999999997,
      0.011271999999999949,
      -0.012099000000000082,
      0.006680000000000019,
      -0.014315999999999995,
      -0.021519999999999997,
      0.0002859999999999998,
      -0.004369999999999999,
      -0.008714,
      0.005638000000000032,
      0.01520399999999994,
      -0.003905999999999965,
      -0.009696999999999983,
      -0.004039000000000001,
      -0.003606000000000005,
      -0.011144000000000015,
      0.00129,
      0.004432,
      0.0034550000000000015,
      -0.0002400000000000041,
      0.0005190000000000021,
      0.0011170000000000017,
      0.009947999999999999,
      0.010390000000000003,
      -0.0036460000000000017,
      -0.004031,
      -0.004508,
      0.010460999999999998,
      0.009780000000000004,
      0.001676999999999998,
      -0.0003110000000000057,
      0.003826999999999999,
      0.0009450000000000001,
      0.0026479999999999993,
      -0.0001979999999999968,
      0.00045500000000000054,
      0.001801999999999998,
      -0.00032300000000000384
    ]
  },
  "ground_state": {
    "HOMO-LUMO": 3.2945581500489856,
    "charge": {
      "element": [
        "C",
        "O",
        "C",
        "C",
        "C",
        "C",
        "C",
        "C",
        "C",
        "C",
        "C",
        "O",
        "C",
        "C",
        "C",
        "C",
        "C",
        "C",
        "C",
        "O",
        "C",
        "C",
        "C",
        "C",
        "C",
        "H",
        "H",
        "H",
        "H",
        "H",
        "H",
        "H",
        "H",
        "H",
        "H",
        "H",
        "H",
        "H",
        "H",
        "H",
        "H",
        "H",
        "H",
        "H",
        "H",
        "H",
        "H"
      ],
      "charge": [
        0.326116,
        -0.509107,
        0.501088,
        -0.214635,
        -0.044635,
        0.005812,
        0.012533,
        -0.004671,
        -0.03866,
        -0.215646,
        0.503075,
        -0.508535,
        0.326144,
        -0.155825,
        -0.037474,
        0.006751,
        -0.038277,
        -0.150969,
        0.500482,
        -0.50955,
        0.325897,
        -0.215065,
        -0.044851,
        -0.038241,
        -0.150635,
        -0.000433,
        -0.012246,
        -0.012304,
        0.038031,
        0.028057,
        0.014794,
        0.031988,
        0.038581,
        -0.012428,
        -0.000495,
        -0.011645,
        0.043066,
        0.031797,
        0.032569,
        0.04259,
        -0.012358,
        -0.000333,
        -0.011961,
        0.03806,
        0.028219,
        0.032443,
        0.042886
      ]
    },
    "structure": {
      "bonds": 1.262631225352245,
      "angles": 116.73136540504656,
      "DA": 91.04233338063818
    },
    "rotational_constant": {
      "A": 0.0930174,
      "B": 0.16193,
      "C": 0.1808714
    },
    "rays_asymmetry_parameter": -0.5687982334327407,
    "volume": 498.84352
  },
  "excited_state": {
    "HOMO-LUMO": 2.454934647043757,
    "charge": {
      "element": [
        "C",
        "O",
        "C",
        "C",
        "C",
        "C",
        "C",
        "C",
        "C",
        "C",
        "C",
        "O",
        "C",
        "C",
        "C",
        "C",
        "C",
        "C",
        "C",
        "O",
        "C",
        "C",
        "C",
        "C",
        "C",
        "H",
        "H",
        "H",
        "H",
        "H",
        "H",
        "H",
        "H",
        "H",
        "H",
        "H",
        "H",
        "H",
        "H",
        "H",
        "H",
        "H",
        "H",
        "H",
        "H",
        "H",
        "H"
      ],
      "charge": [
        0.321326,
        -0.490651,
        0.508199,
        -0.2269,
        -0.048276,
        0.003922,
        0.012935,
        0.031933,
        -0.061679,
        -0.227771,
        0.514347,
        -0.520634,
        0.332824,
        -0.170141,
        -0.058994,
        0.007037,
        -0.042647,
        -0.159683,
        0.50612,
        -0.494346,
        0.321991,
        -0.224762,
        -0.04889,
        -0.041847,
        -0.161779,
        0.000857,
        -0.007814,
        -0.008849,
        0.037791,
        0.028576,
        0.015911,
        0.041936,
        0.048971,
        -0.016074,
        -0.004526,
        -0.016153,
        0.053527,
        0.041577,
        0.034246,
        0.042279,
        -0.008531,
        0.000612,
        -0.009313,
        0.037862,
        0.028674,
        0.034245,
        0.042563
      ]
    },
    "structure": {
      "bonds": 1.2716234545165308,
      "angles": 116.70605623231842,
      "DA": 91.3871230115252
    },
    "rotational_constant": {
      "A": 0.0942327,
      "B": 0.1491941,
      "C": 0.2055848
    },
    "rays_asymmetry_parameter": 0.012835860302589912,
    "excited_energy": "2.8293",
    "volume": 499.10208
  },
  "exciting_path_mean_volume": 498.7057683333334
}