{
  "s0_rotational_constant_a": 0.1355967,
  "s0_rotational_constant_b": 0.1454267,
  "s0_rotational_constant_c": 1.2418554,
  "s1_rotational_constant_a": 0.1316044,
  "s1_rotational_constant_b": 0.1468337,
  "s1_rotational_constant_c": 1.1954596,
  "s0_rays_asymmetry_parameter": 0.9822283883507538,
  "s1_rays_asymmetry_parameter": 0.971369599922997,
  "s0_volume": 351.31835,
  "s1_volume": 351.80017,
  "delta_volume": 0.4818199999999706,
  "s0_homo_lumo_gap": 2.1674899397087697,
  "s1_homo_lumo_gap": 1.6089028636953246,
  "delta_gap": -0.558587076013445,
  "s0_dihedral_avg": 91.808281095577,
  "s1_dihedral_avg": 90.6109739194626,
  "delta_dihedral": -1.197307176114407,
  "delta_dipole": {
    "element": [
      "C",
      "N",
      "C",
      "C",
      "C",
      "C",
      "C",
      "C",
      "N",
      "C",
      "C",
      "N",
      "C",
      "N",
      "C",
      "N",
      "C",
      "C",
      "H",
      "H",
      "H",
      "H",
      "H",
      "H",
      "H",
      "H",
      "H",
      "H",
      "H",
      "H",
      "H"
    ],
    "charge_variation": [
      -0.0017390000000000183,
      0.005800000000000027,
      -0.0019649999999999945,
      -0.009702999999999962,
      -0.010266999999999998,
      0.005242999999999999,
      -0.002570999999999997,
      0.004603999999999997,
      0.02724699999999991,
      -0.08307899999999999,
      -0.006441999999999948,
      -0.046319,
      0.07319900000000001,
      0.04938799999999999,
      0.002466999999999997,
      -0.008265000000000078,
      -0.020541999999999998,
      -0.008611000000000008,
      -0.0006860000000000008,
      0.0022860000000000003,
      -0.004031999999999999,
      -0.0014029999999999997,
      0.005634,
      -0.004096000000000001,
      0.0001409999999999953,
      0.0033079999999999984,
      0.034224,
      -0.0026459999999999817,
      0.013748000000000038,
      -0.012466000000000005,
      -0.002457000000000001
    ]
  },
  "excitation_energy": "2.1246",
  "exciting_path_mean_volume": 352.3161,
  "s0_bonds_avg": 1.2350045489490322,
  "s1_bonds_avg": 1.2396449191322583,
  "delta_bonds": 0.00464037018322605,
  "s0_angles_avg": 122.0744236404354,
  "s1_angles_avg": 119.44342531843613,
  "delta_angles": -2.6309983219992716
}