{
  "s0_rotational_constant_a": 0.0099002,
  "s0_rotational_constant_b": 0.0141317,
  "s0_rotational_constant_c": 0.0266014,
  "s1_rotational_constant_a": 0.0098512,
  "s1_rotational_constant_b": 0.0141002,
  "s1_rotational_constant_c": 0.0267186,
  "s0_rays_asymmetry_parameter": 0.49326994467463403,
  "s1_rays_asymmetry_parameter": 0.4961879127784956,
  "s0_volume": 1564.58398,
  "s1_volume": 1562.22392,
  "delta_volume": -2.360060000000203,
  "s0_homo_lumo_gap": 1.9309876596795574,
  "s1_homo_lumo_gap": 1.1768459905178008,
  "delta_gap": -0.7541416691617566,
  "s0_dihedral_avg": -5.761564491361559,
  "s1_dihedral_avg": -1.6710368147612635,
  "delta_dihedral": 4.090527676600296,
  "delta_dipole": null,
  "excitation_energy": "1.3693",
  "exciting_path_mean_volume": 1562.705603333333,
  "s0_bonds_avg": 1.2687801824803204,
  "s1_bonds_avg": 1.2872327540783333,
  "s0_angles_avg": 116.24867637597731,
  "s1_angles_avg": 116.24199480661255
}