{
  "s0_rotational_constant_a": 0.1695517,
  "s0_rotational_constant_b": 0.2124207,
  "s0_rotational_constant_c": 0.392779,
  "s1_rotational_constant_a": 0.1658127,
  "s1_rotational_constant_b": 0.2247017,
  "s1_rotational_constant_c": 0.3970931,
  "s0_rays_asymmetry_parameter": 0.6159161536245793,
  "s1_rays_asymmetry_parameter": 0.4907566745820226,
  "s0_volume": 372.91607,
  "s1_volume": 370.1626,
  "delta_volume": -2.753469999999993,
  "s0_homo_lumo_gap": 1.6150145399801792,
  "s1_homo_lumo_gap": 1.2947039260697353,
  "delta_gap": -0.3203106139104439,
  "s0_dihedral_avg": 90.00256739917059,
  "s1_dihedral_avg": 90.28082305019907,
  "delta_dihedral": 0.2782556510284877,
  "delta_dipole": {
    "element": [
      "F",
      "B",
      "F",
      "N",
      "C",
      "C",
      "C",
      "C",
      "C",
      "C",
      "C",
      "C",
      "C",
      "C",
      "C",
      "Br",
      "C",
      "C",
      "C",
      "C",
      "N",
      "H",
      "H",
      "H",
      "H",
      "H",
      "H",
      "H",
      "H",
      "H",
      "H"
    ],
    "charge_variation": [
      -0.005415999999999976,
      0.005610000000000004,
      -0.0016140000000000043,
      -0.011724000000000012,
      0.018042999999999976,
      0.009829000000000004,
      -0.0038030000000000147,
      0.02549399999999999,
      -0.0013989999999999975,
      -0.0015610000000000016,
      0.0017430000000000015,
      -0.0035190000000000013,
      0.009366999999999999,
      -0.003819000000000003,
      0.009731000000000017,
      0.017703999999999998,
      0.039620000000000016,
      -0.043765,
      -0.02627299999999999,
      -0.008427999999999991,
      -0.04757800000000001,
      0.0010819999999999996,
      0.0005930000000000032,
      0.0033450000000000008,
      0.0024090000000000014,
      -0.00010600000000000193,
      0.001899999999999999,
      0.001458000000000001,
      0.007172999999999999,
      0.0038580000000000003,
      4.599999999999743e-05
    ]
  },
  "excitation_energy": "1.8062",
  "exciting_path_mean_volume": 371.6437483333334,
  "s0_bonds_avg": 1.3214656292491178,
  "s1_bonds_avg": 1.3228027350158824,
  "s0_angles_avg": 118.88915461718267,
  "s1_angles_avg": 118.88499313424961,
  "delta_bonds": 0.0013371057667646014,
  "delta_angles": -0.004161482933056959
}