{
  "charge": {
    "element": [
      "F",
      "B",
      "F",
      "N",
      "C",
      "C",
      "C",
      "C",
      "C",
      "C",
      "C",
      "C",
      "C",
      "C",
      "C",
      "Br",
      "C",
      "C",
      "C",
      "C",
      "N",
      "H",
      "H",
      "H",
      "H",
      "H",
      "H",
      "H",
      "H",
      "H",
      "H"
    ],
    "charge_variation": [
      -0.005415999999999976,
      0.005610000000000004,
      -0.0016140000000000043,
      -0.011724000000000012,
      0.018042999999999976,
      0.009829000000000004,
      -0.0038030000000000147,
      0.02549399999999999,
      -0.0013989999999999975,
      -0.0015610000000000016,
      0.0017430000000000015,
      -0.0035190000000000013,
      0.009366999999999999,
      -0.003819000000000003,
      0.009731000000000017,
      0.017703999999999998,
      0.039620000000000016,
      -0.043765,
      -0.02627299999999999,
      -0.008427999999999991,
      -0.04757800000000001,
      0.0010819999999999996,
      0.0005930000000000032,
      0.0033450000000000008,
      0.0024090000000000014,
      -0.00010600000000000193,
      0.001899999999999999,
      0.001458000000000001,
      0.007172999999999999,
      0.0038580000000000003,
      4.599999999999743e-05
    ]
  },
  "ground_state": {
    "HOMO-LUMO": 1.6150145399801792,
    "charge": {
      "element": [
        "F",
        "B",
        "F",
        "N",
        "C",
        "C",
        "C",
        "C",
        "C",
        "C",
        "C",
        "C",
        "C",
        "C",
        "C",
        "Br",
        "C",
        "C",
        "C",
        "C",
        "N",
        "H",
        "H",
        "H",
        "H",
        "H",
        "H",
        "H",
        "H",
        "H",
        "H"
      ],
      "charge": [
        -0.516281,
        0.73277,
        -0.518745,
        -0.25226,
        0.277332,
        -0.144163,
        -0.123593,
        0.203985,
        0.065344,
        -0.012691,
        -0.044157,
        -0.042225,
        -0.010724,
        -0.066542,
        0.157715,
        -0.104231,
        0.202649,
        -0.118002,
        -0.142626,
        0.278227,
        -0.251262,
        0.045032,
        0.048767,
        0.045481,
        0.035607,
        0.037446,
        0.034417,
        0.043343,
        0.045726,
        0.048694,
        0.044968
      ]
    },
    "structure": {
      "bonds": 1.3214656292491178,
      "angles": 118.88915461718267,
      "DA": 90.00256739917059
    },
    "rotational_constant": {
      "A": 0.1695517,
      "B": 0.2124207,
      "C": 0.392779
    },
    "rays_asymmetry_parameter": 0.6159161536245793,
    "volume": 372.91607
  },
  "excited_state": {
    "HOMO-LUMO": 1.2947039260697353,
    "charge": {
      "element": [
        "F",
        "B",
        "F",
        "N",
        "C",
        "C",
        "C",
        "C",
        "C",
        "C",
        "C",
        "C",
        "C",
        "C",
        "C",
        "Br",
        "C",
        "C",
        "C",
        "C",
        "N",
        "H",
        "H",
        "H",
        "H",
        "H",
        "H",
        "H",
        "H",
        "H",
        "H"
      ],
      "charge": [
        -0.521697,
        0.73838,
        -0.520359,
        -0.263984,
        0.295375,
        -0.134334,
        -0.127396,
        0.229479,
        0.063945,
        -0.014252,
        -0.042414,
        -0.045744,
        -0.001357,
        -0.070361,
        0.167446,
        -0.086527,
        0.242269,
        -0.161767,
        -0.168899,
        0.269799,
        -0.29884,
        0.046114,
        0.04936,
        0.048826,
        0.038016,
        0.03734,
        0.036317,
        0.044801,
        0.052899,
        0.052552,
        0.045014
      ]
    },
    "structure": {
      "bonds": 1.3228027350158824,
      "angles": 118.88499313424961,
      "DA": 90.28082305019907
    },
    "rotational_constant": {
      "A": 0.1658127,
      "B": 0.2247017,
      "C": 0.3970931
    },
    "rays_asymmetry_parameter": 0.4907566745820226,
    "excited_energy": "1.8062",
    "volume": 370.1626
  },
  "exciting_path_mean_volume": 371.6437483333334
}