{
  "s0_rotational_constant_a": 0.1596379,
  "s0_rotational_constant_b": 0.2258186,
  "s0_rotational_constant_c": 0.5288272,
  "s1_rotational_constant_a": 0.1587403,
  "s1_rotational_constant_b": 0.2243133,
  "s1_rotational_constant_c": 0.527352,
  "s0_rays_asymmetry_parameter": 0.6414809421616499,
  "s1_rays_asymmetry_parameter": 0.6442163935653699,
  "s0_volume": 380.41169,
  "s1_volume": 381.64116,
  "delta_volume": 1.229469999999992,
  "s0_homo_lumo_gap": 2.5164813497200047,
  "s1_homo_lumo_gap": 1.9503295096496158,
  "delta_gap": -0.5661518400703889,
  "s0_dihedral_avg": -2.7510593444414977,
  "s1_dihedral_avg": 3.420189351045454,
  "delta_dihedral": 6.171248695486952,
  "delta_dipole": null,
  "excitation_energy": "2.5771",
  "exciting_path_mean_volume": 380.80591333333336,
  "s0_bonds_avg": 1.302003495287,
  "s1_bonds_avg": 1.3038569377295002,
  "s0_angles_avg": 115.4765826012188,
  "s1_angles_avg": 115.61267969940462
}