{
  "s0_rotational_constant_a": 0.1596379,
  "s0_rotational_constant_b": 0.2258186,
  "s0_rotational_constant_c": 0.5288272,
  "s1_rotational_constant_a": 0.1587403,
  "s1_rotational_constant_b": 0.2243133,
  "s1_rotational_constant_c": 0.527352,
  "s0_rays_asymmetry_parameter": 0.6414809421616499,
  "s1_rays_asymmetry_parameter": 0.6442163935653699,
  "s0_volume": 380.41169,
  "s1_volume": 381.64116,
  "delta_volume": 1.229469999999992,
  "s0_homo_lumo_gap": 2.5164813497200047,
  "s1_homo_lumo_gap": 1.9503295096496158,
  "delta_gap": -0.5661518400703889,
  "s0_dihedral_avg": 91.73818077696599,
  "s1_dihedral_avg": 91.34722925326058,
  "delta_dihedral": -0.39095152370541086,
  "delta_dipole": {
    "element": [
      "O",
      "C",
      "O",
      "C",
      "C",
      "C",
      "C",
      "C",
      "C",
      "C",
      "C",
      "C",
      "N",
      "C",
      "O",
      "C",
      "C",
      "C",
      "C",
      "N",
      "C",
      "C",
      "H",
      "H",
      "H",
      "H",
      "H",
      "H",
      "H",
      "H",
      "H",
      "H",
      "H",
      "H",
      "H",
      "H"
    ],
    "charge_variation": [
      -0.02992399999999995,
      -0.0027440000000000797,
      0.024714999999999987,
      -0.009469999999999978,
      -0.0013279999999999959,
      -0.02018,
      0.036305000000000004,
      -0.022678000000000004,
      0.009975999999999999,
      0.0026549999999999907,
      -0.02346999999999999,
      0.002937999999999996,
      -0.0316010000000001,
      0.009840000000000071,
      0.008970000000000034,
      -0.01031399999999999,
      0.0049819999999999864,
      -0.0018099999999999922,
      -0.0017100000000000448,
      0.04223600000000005,
      -0.0021399999999999753,
      0.00016100000000000142,
      0.005845000000000003,
      0.007292,
      -0.0025079999999999963,
      0.008684999999999998,
      0.0035410000000000025,
      -0.00456,
      -0.001287,
      0.00042400000000000077,
      -0.002701,
      0.0036359999999999986,
      -0.004341,
      0.0026619999999999994,
      0.00011599999999999805,
      -0.0022119999999999987
    ]
  },
  "excitation_energy": "2.5771",
  "exciting_path_mean_volume": 380.80591333333336,
  "s0_bonds_avg": 1.302003495287,
  "s1_bonds_avg": 1.3038569377295002,
  "s0_angles_avg": 115.4765826012188,
  "s1_angles_avg": 115.61267969940462,
  "delta_bonds": 0.001853442442500075,
  "delta_angles": 0.1360970981858287
}