{
  "s0_rotational_constant_a": 0.0142655,
  "s0_rotational_constant_b": 0.0163307,
  "s0_rotational_constant_c": 0.0904745,
  "s1_rotational_constant_a": 0.0139936,
  "s1_rotational_constant_b": 0.0159668,
  "s1_rotational_constant_c": 0.0908767,
  "s0_rays_asymmetry_parameter": 0.9458016769672872,
  "s1_rays_asymmetry_parameter": 0.9486701238633718,
  "s0_volume": 1130.81508,
  "s1_volume": 1135.66142,
  "delta_volume": 4.846339999999827,
  "s0_homo_lumo_gap": 2.592752130925794,
  "s1_homo_lumo_gap": 0.4967981920418483,
  "delta_gap": -2.095953938883946,
  "s0_dihedral_avg": 10.023583497716414,
  "s1_dihedral_avg": -0.7448717828698441,
  "delta_dihedral": -10.768455280586258,
  "delta_dipole": null,
  "excitation_energy": "0.5807",
  "exciting_path_mean_volume": 1131.5334716666666,
  "s0_bonds_avg": 1.305196941287963,
  "s1_bonds_avg": 1.3126904795909264,
  "s0_angles_avg": 119.07365485169824,
  "s1_angles_avg": 119.18011757200598
}