{
  "s0_rotational_constant_a": 0.0114139,
  "s0_rotational_constant_b": 0.0119319,
  "s0_rotational_constant_c": 0.1303349,
  "s1_rotational_constant_a": 0.0130785,
  "s1_rotational_constant_b": 0.0136012,
  "s1_rotational_constant_c": 0.0960173,
  "s0_rays_asymmetry_parameter": 0.9912883342723321,
  "s1_rays_asymmetry_parameter": 0.9873955253753369,
  "s0_volume": 940.42765,
  "s1_volume": 942.40542,
  "delta_volume": 1.9777700000000777,
  "s0_homo_lumo_gap": 2.05716139341783,
  "s1_homo_lumo_gap": 1.1045725612543311,
  "delta_gap": -0.952588832163499,
  "s0_dihedral_avg": 89.9605201217711,
  "s1_dihedral_avg": 89.90458061821926,
  "delta_dihedral": -0.05593950355184063,
  "delta_dipole": {
    "element": [
      "N",
      "C",
      "C",
      "C",
      "O",
      "C",
      "C",
      "C",
      "C",
      "C",
      "C",
      "C",
      "C",
      "C",
      "N",
      "C",
      "C",
      "C",
      "C",
      "C",
      "C",
      "C",
      "C",
      "C",
      "C",
      "C",
      "C",
      "C",
      "C",
      "C",
      "C",
      "C",
      "C",
      "C",
      "C",
      "C",
      "C",
      "C",
      "N",
      "C",
      "C",
      "C",
      "C",
      "C",
      "C",
      "C",
      "C",
      "C",
      "C",
      "C",
      "C",
      "C",
      "C",
      "H",
      "H",
      "H",
      "H",
      "H",
      "H",
      "H",
      "H",
      "H",
      "H",
      "H",
      "H",
      "H",
      "H",
      "H",
      "H",
      "H",
      "H",
      "H",
      "H",
      "H",
      "H",
      "H",
      "H",
      "H",
      "H",
      "H",
      "H",
      "H",
      "H",
      "H"
    ],
    "charge_variation": [
      -0.006577999999999973,
      0.00815100000000002,
      0.009095000000000006,
      -0.006813999999999987,
      -0.029318999999999984,
      0.04496899999999998,
      -0.06115300000000001,
      0.016947,
      -0.028330999999999995,
      0.010858999999999994,
      0.010756999999999996,
      -0.0034380000000000036,
      0.0011430000000000051,
      -0.018963000000000008,
      0.03274300000000002,
      0.0012940000000000174,
      -0.010689000000000004,
      0.004993000000000001,
      -0.013263999999999998,
      0.0020990000000000036,
      -0.0062359999999999985,
      -0.005768000000000002,
      0.0021079999999999988,
      -0.013199000000000002,
      0.004173999999999997,
      -0.010994000000000004,
      0.0009309999999999596,
      0.0021609999999999963,
      0.003908999999999996,
      -0.022088999999999998,
      0.04400000000000001,
      -0.018118,
      0.03821900000000002,
      -0.015539999999999998,
      0.0024529999999999995,
      -0.002031000000000005,
      0.010340999999999989,
      0.0018799999999999928,
      0.0025120000000000142,
      -0.0010479999999999934,
      -0.002836000000000005,
      0.0038909999999999986,
      -0.0003019999999999967,
      0.0026619999999999977,
      -0.0023199999999999957,
      -0.0009799999999999948,
      0.003044999999999999,
      -0.0006720000000000059,
      0.002622999999999997,
      -0.00562399999999999,
      -0.0009939999999999949,
      0.009811,
      -0.009588999999999993,
      -0.0075879999999999975,
      -0.005664000000000002,
      -0.0010020000000000029,
      0.0003470000000000001,
      -0.0018830000000000027,
      0.0005189999999999986,
      -0.0003049999999999997,
      -0.0002459999999999997,
      3.600000000000131e-05,
      8.99999999999998e-05,
      -0.00035099999999999715,
      -0.0005149999999999981,
      6.0999999999998555e-05,
      -0.0016089999999999993,
      0.004056000000000004,
      -0.00032999999999999696,
      0.007089999999999999,
      0.007780000000000002,
      5.200000000000343e-05,
      0.0044360000000000024,
      0.0009580000000000005,
      -0.0013729999999999992,
      0.0006549999999999993,
      0.0009409999999999974,
      0.00041400000000000464,
      0.0005300000000000027,
      0.0008840000000000028,
      0.0001239999999999991,
      -0.002589000000000001,
      0.0011490000000000042,
      0.012457999999999997
    ]
  },
  "excitation_energy": "1.2705",
  "exciting_path_mean_volume": 940.2683066666667,
  "s0_bonds_avg": 1.3034014196159451,
  "s1_bonds_avg": 1.3043488425202303,
  "delta_bonds": 0.0009474229042851778,
  "s0_angles_avg": 120.36469468825334,
  "s1_angles_avg": 120.3248099884031,
  "delta_angles": -0.039884699850233574
}