{
  "s0_rotational_constant_a": 0.0651049,
  "s0_rotational_constant_b": 0.0761571,
  "s0_rotational_constant_c": 0.1269949,
  "s1_rotational_constant_a": 0.066086,
  "s1_rotational_constant_b": 0.0777675,
  "s1_rotational_constant_c": 0.1317448,
  "s0_rays_asymmetry_parameter": 0.6428437550492806,
  "s1_rays_asymmetry_parameter": 0.6441756474379672,
  "s0_volume": 643.28853,
  "s1_volume": 643.71273,
  "delta_volume": 0.42419999999992797,
  "s0_homo_lumo_gap": 1.69792217713377,
  "s1_homo_lumo_gap": 0.648308443094586,
  "delta_gap": -1.049613734039184,
  "s0_dihedral_avg": -8.656502692060617,
  "s1_dihedral_avg": -6.569045595721607,
  "delta_dihedral": 2.0874570963390093,
  "delta_dipole": null,
  "excitation_energy": "0.7457",
  "exciting_path_mean_volume": 644.7569116666667,
  "s0_bonds_avg": 1.3231165992329998,
  "s1_bonds_avg": 1.3185341028053332,
  "s0_angles_avg": 121.22776668366193,
  "s1_angles_avg": 121.09583438157088
}