{
  "s0_rotational_constant_a": 0.0385294,
  "s0_rotational_constant_b": 0.0487383,
  "s0_rotational_constant_c": 0.1558341,
  "s1_rotational_constant_a": 0.0403138,
  "s1_rotational_constant_b": 0.0481039,
  "s1_rotational_constant_c": 0.1834665,
  "s0_rays_asymmetry_parameter": 0.825942183049784,
  "s1_rays_asymmetry_parameter": 0.8911637712736119,
  "s0_volume": 759.17998,
  "s1_volume": 755.86029,
  "delta_volume": -3.319690000000037,
  "s0_homo_lumo_gap": 2.6716161567885144,
  "s1_homo_lumo_gap": 1.6898676082098292,
  "delta_gap": -0.9817485485786852,
  "s0_dihedral_avg": 92.77866484120521,
  "s1_dihedral_avg": 92.59522583795271,
  "delta_dihedral": -0.18343900325250218,
  "delta_dipole": {
    "element": [
      "C",
      "C",
      "C",
      "C",
      "C",
      "C",
      "C",
      "C",
      "N",
      "C",
      "C",
      "C",
      "C",
      "C",
      "O",
      "C",
      "O",
      "N",
      "C",
      "C",
      "C",
      "C",
      "N",
      "C",
      "C",
      "C",
      "C",
      "C",
      "C",
      "C",
      "C",
      "C",
      "C",
      "C",
      "C",
      "C",
      "C",
      "H",
      "H",
      "H",
      "H",
      "H",
      "H",
      "H",
      "H",
      "H",
      "H",
      "H",
      "H",
      "H",
      "H",
      "H",
      "H",
      "H",
      "H",
      "H",
      "H",
      "H",
      "H",
      "H",
      "H",
      "H",
      "H",
      "H",
      "H",
      "H",
      "H",
      "H",
      "H",
      "H",
      "H",
      "H",
      "H",
      "H"
    ],
    "charge_variation": [
      -0.0008340000000000014,
      0.0029169999999999995,
      0.008184999999999998,
      0.004094999999999998,
      -0.009333000000000001,
      0.004647999999999999,
      -0.0031990000000000074,
      -0.0022240000000000038,
      0.015074000000000032,
      -0.028511000000000064,
      0.042499,
      -0.037353,
      -0.013432,
      0.01664599999999994,
      0.0022170000000000245,
      0.001943000000000028,
      -0.013664999999999927,
      -0.01977400000000007,
      0.005820000000000047,
      0.001362000000000002,
      -0.009186,
      -0.006385000000000002,
      0.030972,
      -0.014202999999999966,
      0.0010959999999999998,
      -0.007669000000000002,
      0.003944999999999997,
      -0.009413000000000005,
      0.005464999999999998,
      -0.012487999999999999,
      0.01045699999999998,
      -0.00023200000000000304,
      -0.001126000000000002,
      0.0004620000000000006,
      -0.0008770000000000028,
      0.0014110000000000025,
      -0.005162,
      -0.0025689999999999984,
      -0.0009069999999999981,
      -0.003536000000000001,
      -0.00038000000000000013,
      0.003674,
      0.014574,
      -0.005932000000000001,
      -0.003137000000000001,
      -0.012535000000000001,
      -0.0018349999999999998,
      0.002998999999999998,
      -0.001128999999999998,
      0.0027080000000000003,
      -2.1999999999997716e-05,
      0.0018390000000000004,
      -0.0017070000000000002,
      0.002194999999999999,
      0.004388999999999997,
      0.013244000000000006,
      0.00047000000000002595,
      -0.0005250000000000003,
      -0.0009400000000000007,
      -0.0015030000000000009,
      -0.0016320000000000015,
      -0.0009629999999999986,
      0.004511999999999995,
      0.014790999999999999,
      0.0022159999999999958,
      0.00028600000000000153,
      0.0007279999999999995,
      -5.3999999999998494e-05,
      0.0025239999999999985,
      0.0015039999999999984,
      0.0005929999999999998,
      1.9999999999985307e-06,
      0.00032300000000000037,
      0.0015899999999999977
    ]
  },
  "excitation_energy": "1.9461",
  "exciting_path_mean_volume": 757.6205033333334,
  "s0_bonds_avg": 1.252138205054286,
  "s1_bonds_avg": 1.2603101411442856,
  "delta_bonds": 0.008171936089999665,
  "s0_angles_avg": 115.14240663652966,
  "s1_angles_avg": 115.12265669581535,
  "delta_angles": -0.01974994071430558
}