{
  "s0_rotational_constant_a": 0.0451661,
  "s0_rotational_constant_b": 0.0505445,
  "s0_rotational_constant_c": 0.3377671,
  "s1_rotational_constant_a": 0.0464512,
  "s1_rotational_constant_b": 0.0497956,
  "s1_rotational_constant_c": 0.3359173,
  "s0_rays_asymmetry_parameter": 0.9632373095102204,
  "s1_rays_asymmetry_parameter": 0.9768926309505673,
  "s0_volume": 558.20389,
  "s1_volume": 558.64254,
  "delta_volume": 0.4386500000000524,
  "s0_homo_lumo_gap": 1.1473434106957177,
  "s1_homo_lumo_gap": 0.39520177807419543,
  "delta_gap": -0.7521416326215222,
  "s0_dihedral_avg": 90.0183189410432,
  "s1_dihedral_avg": 90.5746747381384,
  "delta_dihedral": 0.5563557970951933,
  "delta_dipole": {
    "element": [
      "N",
      "C",
      "C",
      "C",
      "N",
      "C",
      "C",
      "C",
      "C",
      "C",
      "C",
      "C",
      "C",
      "C",
      "N",
      "C",
      "C",
      "C",
      "C",
      "C",
      "C",
      "C",
      "C",
      "C",
      "C",
      "C",
      "C",
      "C",
      "C",
      "S",
      "H",
      "H",
      "H",
      "H",
      "H",
      "H",
      "H",
      "H",
      "H",
      "H",
      "H",
      "H",
      "H",
      "H",
      "H",
      "H",
      "H"
    ],
    "charge_variation": [
      0.001603000000000021,
      0.0024129999999999985,
      0.005064,
      0.0027840000000000087,
      0.003485999999999989,
      -0.007056999999999999,
      0.019851,
      -0.004832000000000003,
      0.016764,
      -0.013416999999999998,
      0.032981,
      -0.015789,
      0.04614799999999998,
      -0.009315999999999991,
      -0.005225000000000035,
      0.012900999999999996,
      -0.04539900000000002,
      0.01056,
      -0.027093000000000006,
      0.004939000000000001,
      -0.021794000000000008,
      0.01553899999999997,
      -0.04951999999999998,
      0.011559,
      -0.031138,
      0.006567,
      -0.026640000000000025,
      0.04808699999999999,
      -0.014756000000000002,
      0.021258,
      0.006266000000000001,
      0.004672999999999997,
      0.0011909999999999976,
      0.0026610000000000036,
      0.000891999999999997,
      -0.002270000000000001,
      -0.003537000000000002,
      -0.0008679999999999938,
      -0.0019699999999999995,
      0.004340999999999998,
      -0.0025470000000000007,
      -0.003988000000000002,
      -0.0008699999999999958,
      -0.0022590000000000006,
      0.004411000000000005,
      0.0010630000000000014,
      0.0022810000000000052
    ]
  },
  "excitation_energy": "0.4570",
  "exciting_path_mean_volume": 559.5029683333332,
  "s0_bonds_avg": 1.2884850338095999,
  "s1_bonds_avg": 1.2971287167630003,
  "delta_bonds": 0.008643682953400456,
  "s0_angles_avg": 122.19324719061181,
  "s1_angles_avg": 121.16944506684062,
  "delta_angles": -1.0238021237711905
}