{
  "charge": {
    "element": [
      "N",
      "C",
      "C",
      "C",
      "N",
      "C",
      "C",
      "C",
      "C",
      "C",
      "C",
      "C",
      "C",
      "C",
      "N",
      "C",
      "C",
      "C",
      "C",
      "C",
      "C",
      "C",
      "C",
      "C",
      "C",
      "C",
      "C",
      "C",
      "C",
      "S",
      "H",
      "H",
      "H",
      "H",
      "H",
      "H",
      "H",
      "H",
      "H",
      "H",
      "H",
      "H",
      "H",
      "H",
      "H",
      "H",
      "H"
    ],
    "charge_variation": [
      0.001603000000000021,
      0.0024129999999999985,
      0.005064,
      0.0027840000000000087,
      0.003485999999999989,
      -0.007056999999999999,
      0.019851,
      -0.004832000000000003,
      0.016764,
      -0.013416999999999998,
      0.032981,
      -0.015789,
      0.04614799999999998,
      -0.009315999999999991,
      -0.005225000000000035,
      0.012900999999999996,
      -0.04539900000000002,
      0.01056,
      -0.027093000000000006,
      0.004939000000000001,
      -0.021794000000000008,
      0.01553899999999997,
      -0.04951999999999998,
      0.011559,
      -0.031138,
      0.006567,
      -0.026640000000000025,
      0.04808699999999999,
      -0.014756000000000002,
      0.021258,
      0.006266000000000001,
      0.004672999999999997,
      0.0011909999999999976,
      0.0026610000000000036,
      0.000891999999999997,
      -0.002270000000000001,
      -0.003537000000000002,
      -0.0008679999999999938,
      -0.0019699999999999995,
      0.004340999999999998,
      -0.0025470000000000007,
      -0.003988000000000002,
      -0.0008699999999999958,
      -0.0022590000000000006,
      0.004411000000000005,
      0.0010630000000000014,
      0.0022810000000000052
    ]
  },
  "ground_state": {
    "HOMO-LUMO": 1.1473434106957177,
    "charge": {
      "element": [
        "N",
        "C",
        "C",
        "C",
        "N",
        "C",
        "C",
        "C",
        "C",
        "C",
        "C",
        "C",
        "C",
        "C",
        "N",
        "C",
        "C",
        "C",
        "C",
        "C",
        "C",
        "C",
        "C",
        "C",
        "C",
        "C",
        "C",
        "C",
        "C",
        "S",
        "H",
        "H",
        "H",
        "H",
        "H",
        "H",
        "H",
        "H",
        "H",
        "H",
        "H",
        "H",
        "H",
        "H",
        "H",
        "H",
        "H"
      ],
      "charge": [
        -0.721302,
        0.600651,
        -0.008999,
        0.592433,
        -0.710628,
        -0.002519,
        0.034297,
        -0.045133,
        -0.096022,
        0.133246,
        -0.001397,
        -0.03042,
        -0.137948,
        0.405221,
        -0.506976,
        0.379828,
        -0.139891,
        -0.004314,
        -0.069186,
        -0.003367,
        -0.137538,
        0.379512,
        -0.139248,
        -0.00422,
        -0.068611,
        -0.003504,
        -0.137061,
        -0.141508,
        -0.026361,
        -0.070412,
        0.040973,
        0.070231,
        0.05417,
        0.035667,
        0.044142,
        0.038857,
        0.031856,
        0.034418,
        0.031916,
        0.04016,
        0.038784,
        0.032007,
        0.03446,
        0.031971,
        0.040135,
        0.04423,
        0.037401
      ]
    },
    "structure": {
      "bonds": 1.2884850338095999,
      "angles": 122.19324719061181,
      "DA": 90.0183189410432
    },
    "rotational_constant": {
      "A": 0.0451661,
      "B": 0.0505445,
      "C": 0.3377671
    },
    "rays_asymmetry_parameter": 0.9632373095102204,
    "volume": 558.20389
  },
  "excited_state": {
    "HOMO-LUMO": 0.39520177807419543,
    "charge": {
      "element": [
        "N",
        "C",
        "C",
        "C",
        "N",
        "C",
        "C",
        "C",
        "C",
        "C",
        "C",
        "C",
        "C",
        "C",
        "N",
        "C",
        "C",
        "C",
        "C",
        "C",
        "C",
        "C",
        "C",
        "C",
        "C",
        "C",
        "C",
        "C",
        "C",
        "S",
        "H",
        "H",
        "H",
        "H",
        "H",
        "H",
        "H",
        "H",
        "H",
        "H",
        "H",
        "H",
        "H",
        "H",
        "H",
        "H",
        "H"
      ],
      "charge": [
        -0.719699,
        0.603064,
        -0.003935,
        0.595217,
        -0.707142,
        -0.009576,
        0.054148,
        -0.049965,
        -0.079258,
        0.119829,
        0.031584,
        -0.046209,
        -0.0918,
        0.395905,
        -0.512201,
        0.392729,
        -0.18529,
        0.006246,
        -0.096279,
        0.001572,
        -0.159332,
        0.395051,
        -0.188768,
        0.007339,
        -0.099749,
        0.003063,
        -0.163701,
        -0.093421,
        -0.041117,
        -0.049154,
        0.047239,
        0.074904,
        0.055361,
        0.038328,
        0.045034,
        0.036587,
        0.028319,
        0.03355,
        0.029946,
        0.044501,
        0.036237,
        0.028019,
        0.03359,
        0.029712,
        0.044546,
        0.045293,
        0.039682
      ]
    },
    "structure": {
      "bonds": 1.2971287167630003,
      "angles": 121.16944506684062,
      "DA": 90.5746747381384
    },
    "rotational_constant": {
      "A": 0.0464512,
      "B": 0.0497956,
      "C": 0.3359173
    },
    "rays_asymmetry_parameter": 0.9768926309505673,
    "excited_energy": "0.4570",
    "volume": 558.64254
  },
  "exciting_path_mean_volume": 559.5029683333332
}