{
  "charge": {
    "element": [
      "C",
      "C",
      "C",
      "C",
      "C",
      "C",
      "C",
      "C",
      "C",
      "C",
      "C",
      "C",
      "C",
      "C",
      "S",
      "O",
      "O",
      "C",
      "C",
      "C",
      "C",
      "C",
      "C",
      "C",
      "C",
      "H",
      "H",
      "H",
      "H",
      "H",
      "H",
      "H",
      "H",
      "H",
      "H",
      "H",
      "H",
      "H",
      "H",
      "H",
      "H",
      "H",
      "H"
    ],
    "charge_variation": [
      0.00136,
      0.0078029999999999905,
      -0.003367999999999996,
      0.0025220000000000034,
      -0.0036469999999999975,
      0.013844,
      -0.033018,
      0.010043999999999997,
      0.006943000000000001,
      -0.002265999999999997,
      0.0018849999999999978,
      0.0016649999999999998,
      -0.002494000000000003,
      -0.0069169999999999995,
      -0.002951000000000037,
      0.013959999999999972,
      -0.017750000000000044,
      -0.030976000000000004,
      0.013351000000000002,
      -0.008084999999999998,
      0.006765,
      -0.003042000000000003,
      0.016938,
      0.006959,
      -0.002020999999999995,
      -0.00017399999999999707,
      0.0004590000000000011,
      0.0006549999999999993,
      -0.00024199999999999916,
      0.0009370000000000003,
      0.0008470000000000005,
      3.100000000000325e-05,
      -0.00027299999999999894,
      -0.00013200000000000017,
      0.00037199999999999733,
      0.0008910000000000029,
      0.0015529999999999988,
      -0.00042400000000000077,
      0.000676999999999997,
      0.0009699999999999986,
      -0.00028500000000000053,
      0.0053349999999999995,
      0.0012959999999999985
    ]
  },
  "ground_state": {
    "HOMO-LUMO": 2.212791447629637,
    "charge": {
      "element": [
        "C",
        "C",
        "C",
        "C",
        "C",
        "C",
        "C",
        "C",
        "C",
        "C",
        "C",
        "C",
        "C",
        "C",
        "S",
        "O",
        "O",
        "C",
        "C",
        "C",
        "C",
        "C",
        "C",
        "C",
        "C",
        "H",
        "H",
        "H",
        "H",
        "H",
        "H",
        "H",
        "H",
        "H",
        "H",
        "H",
        "H",
        "H",
        "H",
        "H",
        "H",
        "H",
        "H"
      ],
      "charge": [
        -0.082787,
        0.08898,
        -0.050145,
        -0.059373,
        0.050494,
        0.011495,
        0.024472,
        0.054382,
        -0.027334,
        -0.043568,
        0.099453,
        -0.08312,
        -0.050892,
        -0.05277,
        0.701006,
        -0.556684,
        -0.548785,
        0.039154,
        0.011472,
        -0.021655,
        -0.004023,
        -0.050868,
        0.042567,
        -0.051975,
        -0.047168,
        0.025039,
        0.022749,
        0.022259,
        0.033481,
        0.03475,
        0.052368,
        0.036903,
        0.020302,
        0.02671,
        0.023293,
        0.032415,
        0.033963,
        0.05296,
        0.039515,
        0.035204,
        0.045312,
        0.036029,
        0.034422
      ]
    },
    "structure": {
      "bonds": 1.3099041539123912,
      "angles": 117.51564913361479,
      "DA": 89.95561694932688
    },
    "rotational_constant": {
      "A": 0.1097967,
      "B": 0.1930299,
      "C": 0.2245479
    },
    "rays_asymmetry_parameter": -0.4506724112689017,
    "volume": 484.09428
  },
  "excited_state": {
    "HOMO-LUMO": 1.3925288425615148,
    "charge": {
      "element": [
        "C",
        "C",
        "C",
        "C",
        "C",
        "C",
        "C",
        "C",
        "C",
        "C",
        "C",
        "C",
        "C",
        "C",
        "S",
        "O",
        "O",
        "C",
        "C",
        "C",
        "C",
        "C",
        "C",
        "C",
        "C",
        "H",
        "H",
        "H",
        "H",
        "H",
        "H",
        "H",
        "H",
        "H",
        "H",
        "H",
        "H",
        "H",
        "H",
        "H",
        "H",
        "H",
        "H"
      ],
      "charge": [
        -0.081427,
        0.096783,
        -0.053513,
        -0.056851,
        0.046847,
        0.025339,
        -0.008546,
        0.064426,
        -0.020391,
        -0.045834,
        0.101338,
        -0.081455,
        -0.053386,
        -0.059687,
        0.698055,
        -0.542724,
        -0.566535,
        0.008178,
        0.024823,
        -0.02974,
        0.002742,
        -0.05391,
        0.059505,
        -0.045016,
        -0.049189,
        0.024865,
        0.023208,
        0.022914,
        0.033239,
        0.035687,
        0.053215,
        0.036934,
        0.020029,
        0.026578,
        0.023665,
        0.033306,
        0.035516,
        0.052536,
        0.040192,
        0.036174,
        0.045027,
        0.041364,
        0.035718
      ]
    },
    "structure": {
      "bonds": 1.3044974604726085,
      "angles": 117.47970705038948,
      "DA": 90.5015280671108
    },
    "rotational_constant": {
      "A": 0.1127224,
      "B": 0.1865158,
      "C": 0.2442071
    },
    "rays_asymmetry_parameter": -0.12246367828348094,
    "excited_energy": "2.0806",
    "volume": 482.56366
  },
  "exciting_path_mean_volume": 483.12610333333333
}