{
  "s0_rotational_constant_a": 0.0279233,
  "s0_rotational_constant_b": 0.0346719,
  "s0_rotational_constant_c": 0.110574,
  "s1_rotational_constant_a": 0.0284881,
  "s1_rotational_constant_b": 0.0350326,
  "s1_rotational_constant_c": 0.1205439,
  "s0_rays_asymmetry_parameter": 0.8366958779538467,
  "s1_rays_asymmetry_parameter": 0.8578144994666279,
  "s0_volume": 784.10138,
  "s1_volume": 786.92829,
  "delta_volume": 2.826909999999998,
  "s0_homo_lumo_gap": 0.809176688245103,
  "s1_homo_lumo_gap": 0.3356442273855831,
  "delta_gap": -0.47353246085951994,
  "s0_dihedral_avg": 90.47853588966645,
  "s1_dihedral_avg": 90.45056564078148,
  "delta_dihedral": -0.02797024888496935,
  "delta_dipole": {
    "element": [
      "C",
      "O",
      "C",
      "C",
      "C",
      "C",
      "C",
      "C",
      "C",
      "C",
      "C",
      "C",
      "O",
      "C",
      "C",
      "C",
      "C",
      "C",
      "C",
      "C",
      "C",
      "C",
      "C",
      "C",
      "C",
      "C",
      "C",
      "N",
      "C",
      "N",
      "C",
      "C",
      "C",
      "C",
      "C",
      "C",
      "C",
      "C",
      "C",
      "C",
      "C",
      "C",
      "H",
      "H",
      "H",
      "H",
      "H",
      "H",
      "H",
      "H",
      "H",
      "H",
      "H",
      "H",
      "H",
      "H",
      "H",
      "H",
      "H",
      "H",
      "H",
      "H",
      "H",
      "H",
      "H",
      "H",
      "H",
      "H",
      "H",
      "H"
    ],
    "charge_variation": [
      -0.002638000000000029,
      0.007097999999999938,
      0.006516999999999995,
      -0.003476000000000007,
      -0.008046999999999999,
      -0.004438999999999999,
      -0.018172,
      -0.005056999999999999,
      -0.0011820000000000008,
      0.003254,
      -0.006940000000000002,
      0.004966000000000026,
      0.012809999999999933,
      -0.003371000000000013,
      -0.006526000000000004,
      -0.0036640000000000006,
      0.0027579999999999966,
      0.004479000000000004,
      -0.006331000000000003,
      -0.0008519999999999986,
      0.0008890000000000009,
      0.01056,
      0.0003999999999999976,
      0.007051,
      -0.001242,
      0.0020229999999999996,
      0.0029519999999999547,
      -0.0011590000000000211,
      0.006584999999999952,
      -0.00768000000000002,
      -0.002230999999999997,
      0.010203999999999998,
      0.0036750000000000047,
      0.0006620000000000029,
      0.008603,
      -0.0030749999999999944,
      -0.002065000000000001,
      -0.004923999999999998,
      -0.001507999999999999,
      -0.0023350000000000037,
      0.0028499999999999984,
      -0.007574999999999998,
      0.0010309999999999998,
      0.005085000000000001,
      0.001143,
      -0.0011319999999999941,
      0.003729000000000003,
      0.003284000000000002,
      -0.0008459999999999995,
      0.000665,
      0.0028330000000000004,
      0.0029650000000000006,
      -0.001474000000000003,
      0.0008830000000000018,
      -0.0012739999999999974,
      -0.003715999999999997,
      -0.0022070000000000006,
      -0.003162000000000005,
      0.005914999999999997,
      0.0012689999999999993,
      -0.0015869999999999981,
      -0.0034080000000000013,
      -0.0004610000000000031,
      -0.0007190000000000009,
      -0.0009090000000000001,
      -0.0005329999999999988,
      -0.0003520000000000016,
      0.00017,
      0.0002539999999999973,
      -0.0012969999999999995
    ]
  },
  "excitation_energy": "0.4477",
  "exciting_path_mean_volume": 785.71179,
  "s0_bonds_avg": 1.2767459914936485,
  "s1_bonds_avg": 1.2797874005459455,
  "s0_angles_avg": 120.36857108510534,
  "s1_angles_avg": 119.84686873476608,
  "delta_bonds": 0.003041409052296995,
  "delta_angles": -0.5217023503392682
}