{
  "s0_rotational_constant_a": 0.0269471,
  "s0_rotational_constant_b": 0.0285549,
  "s0_rotational_constant_c": 0.2447026,
  "s1_rotational_constant_a": 0.027516,
  "s1_rotational_constant_b": 0.0282909,
  "s1_rotational_constant_c": 0.2413832,
  "s0_rays_asymmetry_parameter": 0.9852329791899631,
  "s1_rays_asymmetry_parameter": 0.9927534469988853,
  "s0_volume": 727.75231,
  "s1_volume": 729.99064,
  "delta_volume": 2.238330000000019,
  "s0_homo_lumo_gap": 1.4157102184611952,
  "s1_homo_lumo_gap": 0.6692312743297815,
  "delta_gap": -0.7464789441314137,
  "s0_dihedral_avg": 90.47316363715336,
  "s1_dihedral_avg": 90.5247454932997,
  "delta_dihedral": 0.05158185614634192,
  "delta_dipole": {
    "element": [
      "C",
      "C",
      "N",
      "C",
      "C",
      "C",
      "C",
      "C",
      "C",
      "O",
      "C",
      "C",
      "C",
      "C",
      "C",
      "C",
      "C",
      "O",
      "C",
      "C",
      "C",
      "C",
      "C",
      "C",
      "C",
      "N",
      "C",
      "C",
      "C",
      "C",
      "C",
      "C",
      "C",
      "C",
      "C",
      "C",
      "C",
      "C",
      "C",
      "C",
      "H",
      "H",
      "H",
      "H",
      "H",
      "H",
      "H",
      "H",
      "H",
      "H",
      "H",
      "H",
      "H",
      "H",
      "H",
      "H",
      "H",
      "H",
      "H",
      "H",
      "H",
      "H",
      "H",
      "H",
      "H",
      "H"
    ],
    "charge_variation": [
      0.00027900000000000147,
      -0.0019200000000000328,
      0.0026880000000000237,
      -0.003578999999999999,
      0.014937000000000006,
      0.005089000000000003,
      0.002010999999999999,
      0.022793000000000008,
      -0.005217000000000027,
      -0.02140399999999998,
      -0.0025620000000000018,
      0.0025039999999999993,
      0.00020900000000000085,
      0.0003709999999999998,
      0.0025959999999999993,
      -0.004400000000000001,
      -0.0027729999999999144,
      -0.013880999999999921,
      0.011871,
      0.010592000000000004,
      -0.0018269999999999988,
      0.018244999999999997,
      -0.0006029999999999994,
      0.012157000000000001,
      -0.003137000000000001,
      0.01475700000000002,
      -0.008532999999999957,
      0.001595000000000013,
      -0.0027329999999999993,
      0.013466000000000006,
      -0.0052309999999999995,
      0.028893000000000002,
      0.03426800000000002,
      -0.07598100000000002,
      0.029045,
      -0.06941,
      0.02474,
      -0.07699799999999998,
      0.025436999999999987,
      0.004913000000000001,
      -0.00012200000000000058,
      -0.0008920000000000004,
      0.002701000000000002,
      0.0006329999999999999,
      0.0025049999999999994,
      0.002245999999999998,
      0.005096999999999997,
      0.0007199999999999984,
      -3.299999999999831e-05,
      0.00011599999999999805,
      0.000674000000000001,
      0.002014000000000002,
      0.0019689999999999985,
      0.0027329999999999993,
      0.0024040000000000034,
      -0.0010570000000000024,
      -6.199999999999956e-05,
      -0.0006480000000000027,
      0.0023950000000000013,
      0.0032859999999999973,
      -0.003495000000000005,
      -0.004540000000000002,
      0.00027699999999999947,
      -0.004658000000000002,
      -3.0000000000030003e-06,
      0.002468999999999999
    ]
  },
  "excitation_energy": "0.7714",
  "exciting_path_mean_volume": 729.3346233333333,
  "s0_bonds_avg": 1.2814400298516668,
  "s1_bonds_avg": 1.2847398894275,
  "delta_bonds": 0.0032998595758331195,
  "s0_angles_avg": 118.94242863504958,
  "s1_angles_avg": 118.94667329738185,
  "delta_angles": 0.004244662332268945
}