{
  "s0_rotational_constant_a": 0.0413561,
  "s0_rotational_constant_b": 0.0497719,
  "s0_rotational_constant_c": 0.0681173,
  "s1_rotational_constant_a": 0.0432685,
  "s1_rotational_constant_b": 0.0538975,
  "s1_rotational_constant_c": 0.0648052,
  "s0_rays_asymmetry_parameter": 0.3710446467273516,
  "s1_rays_asymmetry_parameter": 0.0129407012216353,
  "s0_volume": 938.25266,
  "s1_volume": 930.07134,
  "delta_volume": -8.181320000000028,
  "s0_homo_lumo_gap": 2.4628150631260985,
  "s1_homo_lumo_gap": 1.424426023955581,
  "delta_gap": -1.0383890391705175,
  "s0_dihedral_avg": 90.0008613191012,
  "s1_dihedral_avg": 90.10592871126971,
  "delta_dihedral": 0.10506739216850747,
  "delta_dipole": {
    "element": [
      "C",
      "C",
      "C",
      "C",
      "C",
      "C",
      "C",
      "C",
      "C",
      "C",
      "C",
      "C",
      "C",
      "C",
      "C",
      "C",
      "C",
      "C",
      "C",
      "C",
      "C",
      "C",
      "C",
      "C",
      "C",
      "C",
      "C",
      "C",
      "C",
      "C",
      "C",
      "C",
      "C",
      "C",
      "C",
      "C",
      "C",
      "C",
      "C",
      "C",
      "C",
      "C",
      "C",
      "C",
      "C",
      "C",
      "C",
      "C",
      "C",
      "C",
      "H",
      "H",
      "H",
      "H",
      "H",
      "H",
      "H",
      "H",
      "H",
      "H",
      "H",
      "H",
      "H",
      "H",
      "H",
      "H",
      "H",
      "H",
      "H",
      "H",
      "H",
      "H",
      "H",
      "H",
      "H",
      "H",
      "H",
      "H",
      "H",
      "H",
      "H",
      "H",
      "H",
      "H",
      "H",
      "H"
    ],
    "charge_variation": [
      -0.0019640000000000005,
      -0.003196000000000001,
      0.0012820000000000054,
      0.0030970000000000025,
      0.0005129999999999996,
      0.00014799999999999883,
      -0.0005149999999999877,
      0.0009979999999999989,
      -0.0035069999999999997,
      0.0002509999999999943,
      0.00018400000000000014,
      -0.0033030000000000004,
      -0.007336999999999996,
      0.0010699999999999946,
      -0.0048890000000000045,
      0.0013070000000000026,
      -0.004019000000000002,
      0.004198,
      0.0010990000000000028,
      -0.0012929999999999955,
      -0.004158000000000002,
      -0.0009449999999999945,
      0.0024269999999999986,
      0.0007949999999999902,
      0.000453000000000002,
      -0.0022749999999999992,
      0.0010550000000000004,
      -0.0035359999999999975,
      -0.0011759999999999965,
      -0.004368999999999998,
      -0.0037830000000000016,
      -0.002481999999999998,
      -0.0004270000000000003,
      0.0013120000000000007,
      0.0017689999999999997,
      0.0011680000000000024,
      0.0033390000000000086,
      0.0006089999999999984,
      -0.001469999999999999,
      0.0007110000000000033,
      0.001005999999999993,
      -0.0009229999999999933,
      0.00017600000000000254,
      -0.0005920000000000022,
      0.00023899999999999963,
      0.00032500000000000584,
      -0.0029520000000000032,
      -0.00016700000000000048,
      -0.004727999999999996,
      -4.29999999999979e-05,
      0.0019480000000000018,
      0.0013170000000000022,
      0.0013200000000000017,
      0.001691999999999999,
      0.00037399999999999933,
      0.000902,
      9.79999999999974e-05,
      0.0023969999999999964,
      0.004463999999999999,
      0.0013900000000000023,
      0.001467000000000003,
      0.0033060000000000034,
      0.004357999999999997,
      0.0011110000000000009,
      0.0008030000000000016,
      -0.0007980000000000001,
      0.00032100000000000184,
      -0.0005370000000000028,
      0.0009689999999999976,
      0.0010630000000000014,
      0.0028839999999999977,
      0.001956000000000003,
      0.0002879999999999966,
      0.0003960000000000005,
      -0.0004980000000000019,
      -0.001007000000000001,
      -0.00036399999999999627,
      0.00014200000000000323,
      -0.0002659999999999989,
      0.0001020000000000014,
      -0.00028699999999999906,
      0.00032400000000000484,
      0.0008910000000000029,
      0.001065,
      0.0015499999999999993,
      -0.0006259999999999981
    ]
  },
  "excitation_energy": "1.9558",
  "exciting_path_mean_volume": 933.7822650000002,
  "s0_bonds_avg": 1.2883289186284945,
  "s1_bonds_avg": 1.2877780624417206,
  "delta_bonds": -0.0005508561867739736,
  "s0_angles_avg": 119.99532643713104,
  "s1_angles_avg": 119.9921255129156,
  "delta_angles": -0.0032009242154344975
}