{
  "s0_rotational_constant_a": 0.0625002,
  "s0_rotational_constant_b": 0.0730461,
  "s0_rotational_constant_c": 0.2656713,
  "s1_rotational_constant_a": 0.0615261,
  "s1_rotational_constant_b": 0.0734712,
  "s1_rotational_constant_c": 0.265069,
  "s0_rays_asymmetry_parameter": 0.8961870069119082,
  "s1_rays_asymmetry_parameter": 0.8826281830513371,
  "s0_volume": 572.44662,
  "s1_volume": 569.72496,
  "delta_volume": -2.7216600000000426,
  "s0_homo_lumo_gap": 3.141314533994712,
  "s1_homo_lumo_gap": 2.403924191284232,
  "delta_gap": -0.73739034271048,
  "s0_dihedral_avg": -0.0006371685825141568,
  "s1_dihedral_avg": 0.008762302832429883,
  "delta_dihedral": 0.00939947141494404,
  "delta_dipole": null,
  "excitation_energy": "3.1580",
  "exciting_path_mean_volume": 570.9527,
  "s0_bonds_avg": 1.3041317841221156,
  "s1_bonds_avg": 1.3026420491023076,
  "s0_angles_avg": 115.78932729688563,
  "s1_angles_avg": 115.77145737987529
}