{
  "s0_rotational_constant_a": 0.0286881,
  "s0_rotational_constant_b": 0.0294596,
  "s0_rotational_constant_c": 0.123855,
  "s1_rotational_constant_a": 0.0292215,
  "s1_rotational_constant_b": 0.0294106,
  "s1_rotational_constant_c": 0.1243955,
  "s0_rays_asymmetry_parameter": 0.9837863795080013,
  "s1_rays_asymmetry_parameter": 0.9960262256498624,
  "s0_volume": 894.07855,
  "s1_volume": 889.91668,
  "delta_volume": -4.161869999999908,
  "s0_homo_lumo_gap": 2.0605002299278556,
  "s1_homo_lumo_gap": 1.358724143324313,
  "delta_gap": -0.7017760866035427,
  "s0_dihedral_avg": 90.03187149302529,
  "s1_dihedral_avg": 90.0218651943889,
  "delta_dihedral": -0.010006298636398014,
  "delta_dipole": {
    "element": [
      "C",
      "C",
      "C",
      "C",
      "C",
      "C",
      "C",
      "C",
      "C",
      "C",
      "C",
      "C",
      "C",
      "C",
      "C",
      "C",
      "C",
      "N",
      "C",
      "C",
      "C",
      "C",
      "C",
      "C",
      "C",
      "C",
      "C",
      "C",
      "C",
      "C",
      "C",
      "C",
      "N",
      "C",
      "C",
      "C",
      "C",
      "C",
      "C",
      "C",
      "C",
      "C",
      "C",
      "C",
      "C",
      "C",
      "C",
      "C",
      "C",
      "H",
      "H",
      "H",
      "H",
      "H",
      "H",
      "H",
      "H",
      "H",
      "H",
      "H",
      "H",
      "H",
      "H",
      "H",
      "H",
      "H",
      "H",
      "H",
      "H",
      "H",
      "H",
      "H",
      "H",
      "H",
      "H",
      "H",
      "H",
      "H",
      "H",
      "H",
      "H"
    ],
    "charge_variation": [
      -0.0009399999999999964,
      0.0002030000000000018,
      -0.001570999999999989,
      -0.00040000000000001146,
      0.0014949999999999998,
      -0.0035829999999999994,
      0.000902,
      -0.0027459999999999984,
      0.0025870000000000025,
      -0.0029759999999999995,
      -0.00035400000000000015,
      -0.0026479999999999976,
      -0.00291000000000001,
      0.0021979999999999986,
      -0.006812000000000002,
      0.0028800000000000006,
      -0.013998000000000066,
      0.015236999999999945,
      0.00383,
      -0.001014000000000001,
      -0.004911000000000002,
      0.0020540000000000003,
      -0.0034099999999999964,
      0.0009230000000000071,
      0.0007629999999999998,
      -0.004226000000000001,
      0.0033019999999999994,
      -0.005644000000000003,
      0.002855,
      -0.003906999999999994,
      0.0006090000000000002,
      0.0010739999999999916,
      0.00384000000000001,
      -0.0014909999999999646,
      0.002812999999999996,
      -0.0007169999999999998,
      0.0032130000000000006,
      0.00010299999999999893,
      0.0016540000000000027,
      -0.00011999999999999511,
      -0.00039200000000000346,
      0.0006570000000000048,
      -0.0022189999999999988,
      0.0004070000000000011,
      -0.002121999999999999,
      -0.0014909999999999993,
      -0.0018510000000000054,
      -0.00044299999999999895,
      0.0011290000000000015,
      0.0014310000000000017,
      -0.0005210000000000006,
      0.0022949999999999984,
      0.002038999999999999,
      -0.000841999999999999,
      0.0021130000000000003,
      -0.0008890000000000009,
      0.001562999999999995,
      0.0016949999999999951,
      -0.002375000000000002,
      0.00037099999999999633,
      0.0004070000000000011,
      0.00022900000000000004,
      -6.199999999999956e-05,
      -0.0003960000000000005,
      0.00022500000000000298,
      0.00017299999999999954,
      -0.0011249999999999975,
      0.0008210000000000023,
      0.0014780000000000001,
      -0.0004780000000000062,
      0.00044299999999999895,
      -0.00020399999999999585,
      0.0001799999999999996,
      0.003171,
      0.002718999999999999,
      -0.0004840000000000018,
      0.0017000000000000001,
      0.00025199999999999875,
      0.0013829999999999988,
      0.0012160000000000018,
      -0.0003599999999999992
    ]
  },
  "excitation_energy": "1.6667",
  "exciting_path_mean_volume": 891.3061333333334,
  "s0_bonds_avg": 1.2849547263707863,
  "s1_bonds_avg": 1.2927803028713483,
  "s0_angles_avg": 119.89081801329813,
  "s1_angles_avg": 119.89243019799066,
  "delta_bonds": 0.007825576500561926,
  "delta_angles": 0.001612184692532992
}