{
  "s0_rotational_constant_a": 0.0406627,
  "s0_rotational_constant_b": 0.0571924,
  "s0_rotational_constant_c": 0.1256209,
  "s1_rotational_constant_a": 0.0414105,
  "s1_rotational_constant_b": 0.0587028,
  "s1_rotational_constant_c": 0.1230903,
  "s0_rays_asymmetry_parameter": 0.6108745241777723,
  "s1_rays_asymmetry_parameter": 0.5765831943760882,
  "s0_volume": 744.39585,
  "s1_volume": 741.83265,
  "delta_volume": -2.5632000000000517,
  "s0_homo_lumo_gap": 1.7956328058232525,
  "s1_homo_lumo_gap": 1.236841644448559,
  "delta_gap": -0.5587911613746934,
  "s0_dihedral_avg": 5.080393451375208,
  "s1_dihedral_avg": 3.7851424078826605,
  "delta_dihedral": -1.2952510434925477,
  "delta_dipole": null,
  "excitation_energy": "1.6566",
  "exciting_path_mean_volume": 742.7392716666667,
  "s0_bonds_avg": 1.3112391171232392,
  "s1_bonds_avg": 1.3174619405153525,
  "s0_angles_avg": 117.12793901106421,
  "s1_angles_avg": 117.05024403996913
}