{
  "s0_rotational_constant_a": 0.0351068,
  "s0_rotational_constant_b": 0.0512269,
  "s0_rotational_constant_c": 0.0587982,
  "s1_rotational_constant_a": 0.034885,
  "s1_rotational_constant_b": 0.0521692,
  "s1_rotational_constant_c": 0.0618501,
  "s0_rays_asymmetry_parameter": -0.36083979840786057,
  "s1_rays_asymmetry_parameter": -0.28196817367634464,
  "s0_volume": 955.60086,
  "s1_volume": 948.48709,
  "delta_volume": -7.113770000000045,
  "s0_homo_lumo_gap": 2.2282611180122727,
  "s1_homo_lumo_gap": 1.252754860349643,
  "delta_gap": -0.9755062576626297,
  "s0_dihedral_avg": 90.00375022754773,
  "s1_dihedral_avg": 89.94205839782404,
  "delta_dihedral": -0.06169182972368503,
  "delta_dipole": {
    "element": [
      "C",
      "C",
      "C",
      "C",
      "C",
      "C",
      "C",
      "C",
      "C",
      "C",
      "C",
      "C",
      "C",
      "C",
      "C",
      "C",
      "C",
      "C",
      "C",
      "C",
      "C",
      "C",
      "C",
      "C",
      "C",
      "C",
      "C",
      "C",
      "C",
      "C",
      "C",
      "C",
      "C",
      "C",
      "C",
      "C",
      "C",
      "C",
      "C",
      "C",
      "C",
      "C",
      "C",
      "C",
      "C",
      "C",
      "C",
      "C",
      "C",
      "C",
      "C",
      "C",
      "H",
      "H",
      "H",
      "H",
      "H",
      "H",
      "H",
      "H",
      "H",
      "H",
      "H",
      "H",
      "H",
      "H",
      "H",
      "H",
      "H",
      "H",
      "H",
      "H",
      "H",
      "H",
      "H",
      "H",
      "H",
      "H",
      "H",
      "H",
      "H",
      "H",
      "H",
      "H",
      "H",
      "H",
      "H",
      "H"
    ],
    "charge_variation": [
      -0.0005649999999999961,
      -0.002235000000000001,
      -0.0005970000000000003,
      0.0008739999999999998,
      3.0000000000002247e-05,
      -0.0014170000000000016,
      -0.0004369999999999999,
      -0.002191000000000002,
      0.0005700000000000011,
      -0.003168999999999998,
      0.0019309999999999987,
      0.001735999999999998,
      -0.006322000000000008,
      -0.0009540000000000104,
      -0.001443999999999994,
      0.004,
      -0.0038750000000000034,
      0.0023119999999999946,
      -0.0002160000000000009,
      0.00013099999999999917,
      3.899999999999737e-05,
      -0.0015430000000000027,
      0.0010379999999999973,
      -0.0010690000000000005,
      0.0014060000000000045,
      -0.0031729999999999953,
      0.0005259999999999987,
      -0.002162000000000004,
      -0.000452000000000001,
      -0.0013859999999999983,
      0.00010700000000000293,
      0.0009170000000000011,
      -0.0004920000000000063,
      -0.0021870000000000014,
      -0.0006550000000000028,
      -5.8000000000002494e-05,
      -0.0023430000000000117,
      -0.006562999999999999,
      -0.0009249999999999953,
      -0.0014079999999999995,
      0.004025999999999998,
      -0.0039040000000000047,
      0.002490000000000006,
      -8.400000000000074e-05,
      5.000000000000143e-05,
      0.00017600000000000948,
      -0.001683000000000004,
      0.0010650000000000034,
      -0.001022000000000009,
      0.0014189999999999967,
      -0.002449999999999994,
      -0.00020799999999999985,
      0.0002679999999999974,
      0.00028199999999999753,
      0.0018669999999999971,
      0.0020209999999999985,
      0.0012539999999999982,
      0.00036800000000000027,
      0.003476,
      0.0033159999999999995,
      7.100000000000162e-05,
      0.002688999999999997,
      -0.00023899999999999963,
      0.00015000000000000083,
      6.799999999999862e-05,
      0.0004799999999999978,
      -7.400000000000115e-05,
      5.8999999999996555e-05,
      0.0034409999999999996,
      0.00036399999999999974,
      0.0012499999999999976,
      0.0020120000000000034,
      0.0018320000000000003,
      9.20000000000018e-05,
      0.0003049999999999997,
      -0.0006519999999999998,
      0.0008839999999999959,
      0.003313,
      2.3000000000002185e-05,
      0.002695999999999997,
      7.099999999999815e-05,
      -0.00031100000000000225,
      3.999999999999837e-05,
      0.0005269999999999997,
      -9.600000000000233e-05,
      2.4000000000003185e-05,
      0.0010309999999999972,
      -0.0005559999999999975
    ]
  },
  "excitation_energy": "1.8847",
  "exciting_path_mean_volume": 951.5167699999998,
  "s0_bonds_avg": 1.3071981951428868,
  "s1_bonds_avg": 1.3078201282986734,
  "delta_bonds": 0.0006219331557866248,
  "s0_angles_avg": 119.21021541576205,
  "s1_angles_avg": 119.20376482405558,
  "delta_angles": -0.00645059170646789
}