{
  "s0_rotational_constant_a": 0.0889987,
  "s0_rotational_constant_b": 0.1024554,
  "s0_rotational_constant_c": 0.5989266,
  "s1_rotational_constant_a": 0.0922203,
  "s1_rotational_constant_b": 0.102155,
  "s1_rotational_constant_c": 0.5528054,
  "s0_rays_asymmetry_parameter": 0.9472211659726796,
  "s1_rays_asymmetry_parameter": 0.9568605237121219,
  "s0_volume": 448.68719,
  "s1_volume": 452.07056,
  "delta_volume": 3.3833700000000135,
  "s0_homo_lumo_gap": 1.687576409887547,
  "s1_homo_lumo_gap": 0.8517107986674408,
  "delta_gap": -0.8358656112201062,
  "s0_dihedral_avg": -7.56002184553436,
  "s1_dihedral_avg": 6.646372928004292,
  "delta_dihedral": 14.206394773538651,
  "delta_dipole": null,
  "excitation_energy": "0.9804",
  "exciting_path_mean_volume": 450.3795133333333,
  "s0_bonds_avg": 1.3014686176074999,
  "s1_bonds_avg": 1.2993446935575002,
  "s0_angles_avg": 119.74250609318744,
  "s1_angles_avg": 119.72974769496066
}