{
  "s0_rotational_constant_a": 0.0743544,
  "s0_rotational_constant_b": 0.077956,
  "s0_rotational_constant_c": 0.2075013,
  "s1_rotational_constant_a": 0.0737537,
  "s1_rotational_constant_b": 0.0786618,
  "s1_rotational_constant_c": 0.2217002,
  "s0_rays_asymmetry_parameter": 0.9459003551716185,
  "s1_rays_asymmetry_parameter": 0.9336503398187859,
  "s0_volume": 662.89064,
  "s1_volume": 656.41425,
  "delta_volume": -6.476389999999924,
  "s0_homo_lumo_gap": 2.742169826741196,
  "s1_homo_lumo_gap": 1.7708105836191348,
  "delta_gap": -0.9713592431220612,
  "s0_dihedral_avg": 90.57189363077977,
  "s1_dihedral_avg": 90.76020991131418,
  "delta_dihedral": 0.18831628053440852,
  "delta_dipole": {
    "element": [
      "C",
      "S",
      "C",
      "C",
      "C",
      "C",
      "C",
      "C",
      "C",
      "C",
      "C",
      "C",
      "C",
      "C",
      "C",
      "S",
      "C",
      "C",
      "C",
      "C",
      "C",
      "C",
      "C",
      "C",
      "C",
      "C",
      "C",
      "S",
      "C",
      "C",
      "C",
      "C",
      "C",
      "H",
      "H",
      "H",
      "H",
      "H",
      "H",
      "H",
      "H",
      "H",
      "H",
      "H",
      "H",
      "H",
      "H",
      "H",
      "H",
      "H",
      "H",
      "H",
      "H",
      "H",
      "H",
      "H",
      "H"
    ],
    "charge_variation": [
      0.0031129999999999994,
      0.048987999999999976,
      0.01985500000000001,
      -0.042226,
      0.011642,
      -0.021647000000000013,
      0.002713,
      -0.0031990000000000005,
      -0.0034260000000000054,
      -0.004024,
      -0.0003569999999999962,
      -0.000895,
      0.010280000000000001,
      0.004712999999999995,
      -0.005214,
      0.008264,
      -0.006366,
      0.007850999999999997,
      -0.0043239999999999945,
      -0.001962000000000002,
      -0.007538000000000003,
      0.0003980000000000025,
      -0.003993,
      -0.004111999999999991,
      -0.0012140000000000067,
      -0.0069110000000000005,
      0.0069170000000000065,
      0.00719599999999998,
      -0.0023619999999999995,
      -0.016100000000000003,
      0.004216000000000011,
      0.007783999999999999,
      -0.025057999999999997,
      0.0018129999999999986,
      -0.002702999999999997,
      0.0005849999999999987,
      -0.0011369999999999991,
      0.0011079999999999979,
      0.0032109999999999986,
      0.00025199999999999875,
      -5.3999999999998494e-05,
      0.0017650000000000027,
      0.0014110000000000025,
      0.0001490000000000033,
      0.0011870000000000006,
      -0.001133000000000002,
      -0.0005459999999999979,
      0.0026499999999999996,
      0.0017409999999999995,
      0.0006359999999999977,
      0.0012460000000000006,
      0.0023110000000000006,
      4.200000000000037e-05,
      -0.001577000000000002,
      0.0013719999999999982,
      0.0020860000000000045,
      0.0005840000000000012
    ]
  },
  "excitation_energy": "2.1661",
  "exciting_path_mean_volume": 659.4531466666666,
  "s0_bonds_avg": 1.3147863209240982,
  "s1_bonds_avg": 1.3100811566411472,
  "s0_angles_avg": 118.08958211448784,
  "s1_angles_avg": 118.09884203844956,
  "delta_bonds": -0.00470516428295098,
  "delta_angles": 0.009259923961721483
}