{"charge": {"element": ["C", "S", "C", "C", "C", "C", "C", "C", "C", "C", "C", "C", "C", "C", "C", "S", "C", "C", "C", "C", "C", "C", "C", "C", "C", "C", "C", "S", "C", "C", "C", "C", "C", "H", "H", "H", "H", "H", "H", "H", "H", "H", "H", "H", "H", "H", "H", "H", "H", "H", "H", "H", "H", "H", "H", "H", "H"], "charge_variation": [0.0031129999999999994, 0.048987999999999976, 0.01985500000000001, -0.042226, 0.011642, -0.021647000000000013, 0.002713, -0.0031990000000000005, -0.0034260000000000054, -0.004024, -0.0003569999999999962, -0.000895, 0.010280000000000001, 0.004712999999999995, -0.005214, 0.008264, -0.006366, 0.007850999999999997, -0.0043239999999999945, -0.001962000000000002, -0.007538000000000003, 0.0003980000000000025, -0.003993, -0.004111999999999991, -0.0012140000000000067, -0.0069110000000000005, 0.0069170000000000065, 0.00719599999999998, -0.0023619999999999995, -0.016100000000000003, 0.004216000000000011, 0.007783999999999999, -0.025057999999999997, 0.0018129999999999986, -0.002702999999999997, 0.0005849999999999987, -0.0011369999999999991, 0.0011079999999999979, 0.0032109999999999986, 0.00025199999999999875, -5.3999999999998494e-05, 0.0017650000000000027, 0.0014110000000000025, 0.0001490000000000033, 0.0011870000000000006, -0.001133000000000002, -0.0005459999999999979, 0.0026499999999999996, 0.0017409999999999995, 0.0006359999999999977, 0.0012460000000000006, 0.0023110000000000006, 4.200000000000037e-05, -0.001577000000000002, 0.0013719999999999982, 0.0020860000000000045, 0.0005840000000000012]}, "ground_state": {"HOMO-LUMO": 2.742169826741196, "charge": {"element": ["C", "S", "C", "C", "C", "C", "C", "C", "C", "C", "C", "C", "C", "C", "C", "S", "C", "C", "C", "C", "C", "C", "C", "C", "C", "C", "C", "S", "C", "C", "C", "C", "C", "H", "H", "H", "H", "H", "H", "H", "H", "H", "H", "H", "H", "H", "H", "H", "H", "H", "H", "H", "H", "H", "H", "H", "H"], "charge": [0.010819, -0.270661, 0.11678, -0.020038, -0.073435, 0.08618, 0.017345, -0.053593, -0.032711, -0.021798, -0.062181, 0.042684, 0.003583, -0.076114, -0.017739, -0.055055, 0.034137, 0.033757, -0.058479, -0.020884, -0.031511, -0.054107, 0.023717, 0.085211, -0.070767, -0.020156, 0.118224, -0.270269, 0.009765, -0.01935, -0.072954, -0.071141, -0.02033, 0.023129, 0.038158, 0.02321, 0.037104, 0.034422, 0.031433, 0.030644, 0.035469, 0.035169, 0.044723, 0.042171, 0.036272, 0.036157, 0.031367, 0.031933, 0.034246, 0.03742, 0.023395, 0.023246, 0.03833, 0.036946, 0.034378, 0.034433, 0.037315]}, "structure": {"bonds": 1.3147863209240982, "angles": 118.08958211448784, "DA": 15.63599746977976}, "rotational_constant": {"A": 0.0743544, "B": 0.077956, "C": 0.2075013}, "rays_asymmetry_parameter": 0.9459003551716185, "volume": 662.89064}, "excited_state": {"HOMO-LUMO": 1.7708105836191348, "charge": {"element": ["C", "S", "C", "C", "C", "C", "C", "C", "C", "C", "C", "C", "C", "C", "C", "S", "C", "C", "C", "C", "C", "C", "C", "C", "C", "C", "C", "S", "C", "C", "C", "C", "C", "H", "H", "H", "H", "H", "H", "H", "H", "H", "H", "H", "H", "H", "H", "H", "H", "H", "H", "H", "H", "H", "H", "H", "H"], "charge": [0.013932, -0.221673, 0.136635, -0.062264, -0.061793, 0.064533, 0.020058, -0.056792, -0.036137, -0.025822, -0.062538, 0.041789, 0.013863, -0.071401, -0.022953, -0.046791, 0.027771, 0.041608, -0.062803, -0.022846, -0.039049, -0.053709, 0.019724, 0.081099, -0.071981, -0.027067, 0.125141, -0.263073, 0.007403, -0.03545, -0.068738, -0.063357, -0.045388, 0.024942, 0.035455, 0.023795, 0.035967, 0.03553, 0.034644, 0.030896, 0.035415, 0.036934, 0.046134, 0.04232, 0.037459, 0.035024, 0.030821, 0.034583, 0.035987, 0.038056, 0.024641, 0.025557, 0.038372, 0.035369, 0.03575, 0.036519, 0.037899]}, "structure": {"bonds": 1.3100811566411472, "angles": 118.09884203844956, "DA": 8.145118193162814}, "rotational_constant": {"A": 0.0737537, "B": 0.0786618, "C": 0.2217002}, "rays_asymmetry_parameter": 0.9336503398187859, "excited_energy": "2.1661", "volume": 656.41425}, "exciting_path_mean_volume": 659.4531466666666}