{
  "s0_rotational_constant_a": 0.0204219,
  "s0_rotational_constant_b": 0.0222221,
  "s0_rotational_constant_c": 0.1740365,
  "s1_rotational_constant_a": 0.0210761,
  "s1_rotational_constant_b": 0.022586,
  "s1_rotational_constant_c": 0.1585962,
  "s0_rays_asymmetry_parameter": 0.9765621236523091,
  "s1_rays_asymmetry_parameter": 0.9780410281842437,
  "s0_volume": 875.83257,
  "s1_volume": 872.30693,
  "delta_volume": -3.5256400000000667,
  "s0_homo_lumo_gap": 1.849935838744253,
  "s1_homo_lumo_gap": 1.2053118167047407,
  "delta_gap": -0.6446240220395123,
  "s0_dihedral_avg": 90.31474095555366,
  "s1_dihedral_avg": 90.46633625489612,
  "delta_dihedral": 0.15159529934246052,
  "delta_dipole": {
    "element": [
      "C",
      "C",
      "C",
      "C",
      "C",
      "C",
      "C",
      "C",
      "C",
      "C",
      "C",
      "C",
      "C",
      "C",
      "C",
      "C",
      "C",
      "C",
      "C",
      "C",
      "C",
      "C",
      "C",
      "C",
      "C",
      "C",
      "C",
      "C",
      "C",
      "C",
      "C",
      "C",
      "C",
      "C",
      "C",
      "C",
      "C",
      "C",
      "C",
      "C",
      "C",
      "C",
      "C",
      "C",
      "C",
      "C",
      "H",
      "H",
      "H",
      "H",
      "H",
      "H",
      "H",
      "H",
      "H",
      "H",
      "H",
      "H",
      "H",
      "H",
      "H",
      "H",
      "H",
      "H",
      "H",
      "H",
      "H",
      "H",
      "H",
      "H",
      "H",
      "H",
      "H",
      "H",
      "H",
      "H",
      "H",
      "H",
      "H",
      "H"
    ],
    "charge_variation": [
      0.0036550000000000055,
      -0.0036609999999999976,
      -0.0014879999999999997,
      0.003131,
      -0.0009940000000000088,
      -0.001462000000000005,
      -0.001009000000000003,
      -0.0008599999999999997,
      -0.0010560000000000014,
      -0.002248,
      -0.002129000000000006,
      -0.00038900000000000046,
      -0.0010389999999999983,
      0.0014860000000000012,
      0.0007540000000000047,
      6.799999999999862e-05,
      -0.0012030000000000027,
      0.0008650000000000047,
      -0.00030000000000000165,
      -0.002048000000000001,
      0.0022110000000000046,
      -0.0025499999999999967,
      0.001683000000000004,
      -0.003710000000000005,
      -0.0027509999999999965,
      0.0005970000000000003,
      -0.00014200000000000323,
      -0.0007319999999999965,
      -0.0007799999999999994,
      -0.0009370000000000003,
      0.0004949999999999989,
      -0.0011449999999999932,
      -0.0024300000000000016,
      -0.0013759999999999988,
      0.0015049999999999994,
      -0.0008420000000000094,
      -0.0001799999999999996,
      -0.00037199999999999733,
      0.00043500000000000483,
      5.3999999999998494e-05,
      -0.0018200000000000022,
      0.0017389999999999975,
      -0.0022149999999999948,
      0.001462000000000005,
      -0.002946000000000004,
      0.0011099999999999999,
      0.0018910000000000038,
      0.002139000000000002,
      0.0004180000000000017,
      0.0008820000000000008,
      3.399999999999931e-05,
      0.0022220000000000018,
      0.001346,
      0.0012739999999999974,
      0.0004109999999999947,
      0.0002509999999999943,
      0.0002309999999999951,
      0.0007030000000000022,
      -0.00037500000000000033,
      0.0005180000000000046,
      0.001683000000000004,
      0.0009900000000000048,
      0.0017020000000000021,
      0.0005059999999999995,
      -5.000000000000143e-05,
      0.0007179999999999999,
      0.00011900000000000105,
      0.0006539999999999983,
      -0.0004889999999999999,
      0.0032200000000000006,
      -0.0002999999999999999,
      0.0006200000000000008,
      0.0002060000000000048,
      0.00014100000000000223,
      0.0001260000000000011,
      0.00043500000000000136,
      -0.0002360000000000001,
      0.0004050000000000026,
      0.0011720000000000064,
      -2.9999999999960614e-06
    ]
  },
  "excitation_energy": "1.9206",
  "exciting_path_mean_volume": 873.4917049999999,
  "s0_bonds_avg": 1.2906464019154025,
  "s1_bonds_avg": 1.2941198102585059,
  "s0_angles_avg": 119.11883676974736,
  "s1_angles_avg": 119.11440430458224,
  "delta_bonds": 0.00347340834310339,
  "delta_angles": -0.0044324651651237446
}