{
  "s0_rotational_constant_a": 0.0204219,
  "s0_rotational_constant_b": 0.0222221,
  "s0_rotational_constant_c": 0.1740365,
  "s1_rotational_constant_a": 0.0210761,
  "s1_rotational_constant_b": 0.022586,
  "s1_rotational_constant_c": 0.1585962,
  "s0_rays_asymmetry_parameter": 0.9765621236523091,
  "s1_rays_asymmetry_parameter": 0.9780410281842437,
  "s0_volume": 875.83257,
  "s1_volume": 872.30693,
  "delta_volume": -3.5256400000000667,
  "s0_homo_lumo_gap": 1.849935838744253,
  "s1_homo_lumo_gap": 1.2053118167047407,
  "delta_gap": -0.6446240220395123,
  "s0_dihedral_avg": -4.707970869467096,
  "s1_dihedral_avg": -0.08537071147449365,
  "delta_dihedral": 4.622600157992602,
  "delta_dipole": null,
  "excitation_energy": "1.9206",
  "exciting_path_mean_volume": 873.4917049999999,
  "s0_bonds_avg": 1.2906464019154025,
  "s1_bonds_avg": 1.2941198102585059,
  "s0_angles_avg": 119.11883676974736,
  "s1_angles_avg": 119.11440430458224
}