{
  "s0_rotational_constant_a": 0.0496717,
  "s0_rotational_constant_b": 0.062882,
  "s0_rotational_constant_c": 0.1970686,
  "s1_rotational_constant_a": 0.0511499,
  "s1_rotational_constant_b": 0.0636897,
  "s1_rotational_constant_c": 0.2033324,
  "s0_rays_asymmetry_parameter": 0.820751996819472,
  "s1_rays_asymmetry_parameter": 0.8352004994003909,
  "s0_volume": 688.39205,
  "s1_volume": 683.09054,
  "delta_volume": -5.3015100000000075,
  "s0_homo_lumo_gap": 2.251562223990551,
  "s1_homo_lumo_gap": 1.3923546897199164,
  "delta_gap": -0.8592075342706345,
  "s0_dihedral_avg": 90.02962695082655,
  "s1_dihedral_avg": 90.05423618685644,
  "delta_dihedral": 0.024609236029888848,
  "delta_dipole": {
    "element": [
      "C",
      "C",
      "C",
      "C",
      "C",
      "C",
      "C",
      "C",
      "C",
      "C",
      "C",
      "C",
      "C",
      "C",
      "C",
      "C",
      "C",
      "C",
      "C",
      "C",
      "C",
      "C",
      "C",
      "C",
      "C",
      "C",
      "C",
      "C",
      "C",
      "C",
      "C",
      "C",
      "C",
      "C",
      "C",
      "C",
      "H",
      "H",
      "H",
      "H",
      "H",
      "H",
      "H",
      "H",
      "H",
      "H",
      "H",
      "H",
      "H",
      "H",
      "H",
      "H",
      "H",
      "H",
      "H",
      "H",
      "H",
      "H",
      "H",
      "H",
      "H",
      "H"
    ],
    "charge_variation": [
      -0.0011419999999999972,
      -0.0017120000000000017,
      -0.0019679999999999975,
      -0.0015290000000000026,
      0.0005150000000000016,
      0.0021109999999999983,
      -0.0006130000000000024,
      -0.0018550000000000094,
      0.000618999999999998,
      -0.0004129999999999967,
      -0.0007480000000000021,
      -0.0019699999999999995,
      -0.0032130000000000075,
      -6.899999999999962e-05,
      -0.003946999999999999,
      0.003011,
      9.10000000000008e-05,
      -0.0015290000000000026,
      0.001637999999999997,
      -0.005487999999999993,
      0.002940999999999999,
      -0.004496999999999987,
      0.0025720000000000014,
      -0.0004899999999999974,
      -0.0024379999999999957,
      0.002269,
      -0.0023999999999999994,
      0.0007349999999999995,
      -0.001236000000000001,
      -0.0009320000000000023,
      -0.0007960000000000016,
      -0.001014000000000001,
      0.0008619999999999982,
      -0.002787999999999999,
      -0.0028829999999999967,
      -0.0004030000000000006,
      0.001301,
      0.00035299999999999915,
      0.0022380000000000004,
      0.0016089999999999993,
      0.0002009999999999998,
      0.0006920000000000016,
      -9.999999999999593e-06,
      0.0019990000000000008,
      0.002746999999999996,
      0.0015590000000000048,
      0.0012160000000000018,
      0.00014199999999999977,
      0.0013179999999999997,
      0.0008570000000000036,
      -0.0002559999999999993,
      0.0004279999999999978,
      0.0010360000000000022,
      0.0018490000000000034,
      0.002359999999999994,
      0.002197000000000001,
      -9.699999999999986e-05,
      0.0009440000000000004,
      9.500000000000133e-05,
      0.0016569999999999988,
      0.002661,
      -0.000392
    ]
  },
  "excitation_energy": "2.1173",
  "exciting_path_mean_volume": 685.2134783333335,
  "s0_bonds_avg": 1.2897965113344778,
  "s1_bonds_avg": 1.2892559609780596,
  "s0_angles_avg": 119.99761741948522,
  "s1_angles_avg": 119.9916438039545,
  "delta_bonds": -0.0005405503564182013,
  "delta_angles": -0.005973615530720622
}