{
  "s0_rotational_constant_a": 0.0248856,
  "s0_rotational_constant_b": 0.0292825,
  "s0_rotational_constant_c": 0.1464624,
  "s1_rotational_constant_a": 0.0247707,
  "s1_rotational_constant_b": 0.0290729,
  "s1_rotational_constant_c": 0.1508016,
  "s0_rays_asymmetry_parameter": 0.9276687657513605,
  "s1_rays_asymmetry_parameter": 0.9317278540421438,
  "s0_volume": 761.7294,
  "s1_volume": 762.15238,
  "delta_volume": 0.4229799999999386,
  "s0_homo_lumo_gap": 1.3303481146963225,
  "s1_homo_lumo_gap": 0.9373150837276607,
  "delta_gap": -0.3930330309686618,
  "s0_dihedral_avg": -0.7500983973097636,
  "s1_dihedral_avg": -3.9683500250959414,
  "delta_dihedral": -3.2182516277861777,
  "delta_dipole": null,
  "excitation_energy": "1.1264",
  "exciting_path_mean_volume": 761.8532616666668,
  "s0_bonds_avg": 1.2861644003721127,
  "s1_bonds_avg": 1.2991902785570426,
  "s0_angles_avg": 122.14676467776525,
  "s1_angles_avg": 121.010983278505
}