{
  "s0_rotational_constant_a": 0.1169512,
  "s0_rotational_constant_b": 0.1338586,
  "s0_rotational_constant_c": 0.7927161,
  "s1_rotational_constant_a": 0.1172973,
  "s1_rotational_constant_b": 0.1345391,
  "s1_rotational_constant_c": 0.7796851,
  "s0_rays_asymmetry_parameter": 0.9499607037891433,
  "s1_rays_asymmetry_parameter": 0.94794046629482,
  "s0_volume": 467.61655,
  "s1_volume": 468.90593,
  "delta_volume": 1.2893799999999942,
  "s0_homo_lumo_gap": 3.9438462028775634,
  "s1_homo_lumo_gap": 3.2015931862930698,
  "delta_gap": -0.7422530165844936,
  "s0_dihedral_avg": 90.93754758502011,
  "s1_dihedral_avg": 91.06187396982261,
  "delta_dihedral": 0.12432638480250091,
  "delta_dipole": {
    "element": [
      "C",
      "C",
      "C",
      "C",
      "C",
      "C",
      "C",
      "C",
      "C",
      "C",
      "C",
      "C",
      "C",
      "C",
      "C",
      "C",
      "C",
      "C",
      "C",
      "C",
      "H",
      "H",
      "H",
      "H",
      "H",
      "H",
      "H",
      "H",
      "H",
      "H",
      "H",
      "H",
      "H",
      "H",
      "H",
      "H",
      "H",
      "H",
      "H",
      "H",
      "H",
      "H",
      "H",
      "H",
      "H",
      "H"
    ],
    "charge_variation": [
      0.003130999999999995,
      0.008291000000000007,
      -0.03160500000000001,
      0.007378000000000003,
      0.005472000000000005,
      0.0072419999999999984,
      -0.0027350000000000013,
      0.006926999999999996,
      -0.005244000000000006,
      0.0018240000000000062,
      -0.0037459999999999993,
      0.0035469999999999946,
      -0.013467,
      0.006564,
      0.006981000000000001,
      -0.00892,
      0.003365999999999994,
      -0.03402899999999999,
      0.008906000000000004,
      0.004590999999999998,
      -0.00017400000000000054,
      -0.0010010000000000019,
      -0.0008000000000000021,
      0.013933000000000001,
      -0.0012260000000000014,
      -0.0029379999999999996,
      0.00027800000000000047,
      0.000952999999999999,
      0.0004449999999999975,
      0.002203,
      0.0011089999999999989,
      0.0002020000000000008,
      0.00011099999999999999,
      0.00016500000000000195,
      -0.00011999999999999858,
      -0.0001899999999999992,
      -0.000282000000000001,
      -0.0002349999999999991,
      -6.699999999999762e-05,
      0.0015890000000000001,
      -9.599999999999886e-05,
      -4.29999999999979e-05,
      0.01466,
      -0.0006420000000000002,
      -0.0012659999999999998,
      -0.0010469999999999993
    ]
  },
  "excitation_energy": "3.7210",
  "exciting_path_mean_volume": 467.87208499999997,
  "s0_bonds_avg": 1.260021553246383,
  "s1_bonds_avg": 1.267089443921915,
  "delta_bonds": 0.007067890675531929,
  "s0_angles_avg": 113.98739549397759,
  "s1_angles_avg": 113.96619605555775,
  "delta_angles": -0.021199438419841954
}