{
  "s0_rotational_constant_a": 0.1092168,
  "s0_rotational_constant_b": 0.1827093,
  "s0_rotational_constant_c": 0.2057312,
  "s1_rotational_constant_a": 0.1113987,
  "s1_rotational_constant_b": 0.1807577,
  "s1_rotational_constant_c": 0.2182679,
  "s0_rays_asymmetry_parameter": -0.5229333653838182,
  "s1_rays_asymmetry_parameter": -0.29801664090308516,
  "s0_volume": 506.78864,
  "s1_volume": 503.30359,
  "delta_volume": -3.485050000000001,
  "s0_homo_lumo_gap": 2.1985789430722913,
  "s1_homo_lumo_gap": 1.3565499539424795,
  "delta_gap": -0.8420289891298118,
  "s0_dihedral_avg": 90.05788821052623,
  "s1_dihedral_avg": 90.20074568744549,
  "delta_dihedral": 0.14285747691926076,
  "delta_dipole": {
    "element": [
      "C",
      "C",
      "C",
      "C",
      "C",
      "C",
      "C",
      "C",
      "C",
      "C",
      "S",
      "C",
      "C",
      "S",
      "O",
      "O",
      "C",
      "C",
      "C",
      "C",
      "C",
      "C",
      "C",
      "C",
      "S",
      "H",
      "H",
      "H",
      "H",
      "H",
      "H",
      "H",
      "H",
      "H",
      "H",
      "H",
      "H",
      "H",
      "H",
      "H",
      "H",
      "H",
      "H"
    ],
    "charge_variation": [
      -1.9000000000005124e-05,
      -0.0058929999999999955,
      0.004067000000000001,
      0.004537,
      0.0016250000000000014,
      -0.029341,
      0.012941999999999999,
      -0.0062419999999999976,
      -0.004177,
      -0.0010699999999999946,
      0.001229000000000001,
      0.007834999999999995,
      -0.004197999999999993,
      -0.0016400000000000858,
      -0.022042000000000006,
      0.015072000000000085,
      -0.03763,
      0.016425000000000002,
      -0.011783000000000002,
      0.009724,
      -0.0044399999999999995,
      0.023812000000000007,
      0.002336999999999999,
      -0.001241000000000006,
      0.010322999999999999,
      0.0006159999999999985,
      -0.0002669999999999999,
      -8.000000000001062e-06,
      -0.0007269999999999985,
      0.0012980000000000005,
      0.0005180000000000011,
      0.0006200000000000025,
      0.0016569999999999988,
      9.99999999999994e-05,
      0.003811000000000002,
      0.004732,
      -0.0009539999999999965,
      0.000564000000000002,
      0.0008459999999999995,
      -0.0006389999999999937,
      0.006532,
      0.002488999999999998,
      -0.001402999999999998
    ]
  },
  "excitation_energy": "2.0312",
  "exciting_path_mean_volume": 504.8974666666666,
  "s0_bonds_avg": 1.3375498558926089,
  "s1_bonds_avg": 1.3427948052319565,
  "delta_bonds": 0.005244949339347604,
  "s0_angles_avg": 115.3043185233074,
  "s1_angles_avg": 115.26642452713195,
  "delta_angles": -0.03789399617545541
}