{
  "charge": {
    "element": [
      "C",
      "C",
      "C",
      "C",
      "C",
      "C",
      "C",
      "C",
      "C",
      "C",
      "S",
      "C",
      "C",
      "S",
      "O",
      "O",
      "C",
      "C",
      "C",
      "C",
      "C",
      "C",
      "C",
      "C",
      "S",
      "H",
      "H",
      "H",
      "H",
      "H",
      "H",
      "H",
      "H",
      "H",
      "H",
      "H",
      "H",
      "H",
      "H",
      "H",
      "H",
      "H",
      "H"
    ],
    "charge_variation": [
      -1.9000000000005124e-05,
      -0.0058929999999999955,
      0.004067000000000001,
      0.004537,
      0.0016250000000000014,
      -0.029341,
      0.012941999999999999,
      -0.0062419999999999976,
      -0.004177,
      -0.0010699999999999946,
      0.001229000000000001,
      0.007834999999999995,
      -0.004197999999999993,
      -0.0016400000000000858,
      -0.022042000000000006,
      0.015072000000000085,
      -0.03763,
      0.016425000000000002,
      -0.011783000000000002,
      0.009724,
      -0.0044399999999999995,
      0.023812000000000007,
      0.002336999999999999,
      -0.001241000000000006,
      0.010322999999999999,
      0.0006159999999999985,
      -0.0002669999999999999,
      -8.000000000001062e-06,
      -0.0007269999999999985,
      0.0012980000000000005,
      0.0005180000000000011,
      0.0006200000000000025,
      0.0016569999999999988,
      9.99999999999994e-05,
      0.003811000000000002,
      0.004732,
      -0.0009539999999999965,
      0.000564000000000002,
      0.0008459999999999995,
      -0.0006389999999999937,
      0.006532,
      0.002488999999999998,
      -0.001402999999999998
    ]
  },
  "ground_state": {
    "HOMO-LUMO": 2.1985789430722913,
    "charge": {
      "element": [
        "C",
        "C",
        "C",
        "C",
        "C",
        "C",
        "C",
        "C",
        "C",
        "C",
        "S",
        "C",
        "C",
        "S",
        "O",
        "O",
        "C",
        "C",
        "C",
        "C",
        "C",
        "C",
        "C",
        "C",
        "S",
        "H",
        "H",
        "H",
        "H",
        "H",
        "H",
        "H",
        "H",
        "H",
        "H",
        "H",
        "H",
        "H",
        "H",
        "H",
        "H",
        "H",
        "H"
      ],
      "charge": [
        -0.065523,
        0.096867,
        -0.128836,
        0.007139,
        0.028676,
        0.021037,
        0.006162,
        -0.126639,
        0.093578,
        -0.06205,
        -0.044108,
        0.085382,
        -0.070776,
        0.698567,
        -0.545301,
        -0.559718,
        0.047484,
        0.010291,
        -0.0215,
        -0.003947,
        -0.04939,
        0.041469,
        0.047821,
        -0.0697,
        -0.0582,
        0.024805,
        0.026239,
        0.026903,
        0.050484,
        0.049934,
        0.025959,
        0.025906,
        0.022807,
        0.025201,
        0.035746,
        0.047236,
        0.05302,
        0.039588,
        0.035436,
        0.045158,
        0.028506,
        0.031297,
        0.026992
      ]
    },
    "structure": {
      "bonds": 1.3375498558926089,
      "angles": 115.3043185233074,
      "DA": 90.05788821052623
    },
    "rotational_constant": {
      "A": 0.1092168,
      "B": 0.1827093,
      "C": 0.2057312
    },
    "rays_asymmetry_parameter": -0.5229333653838182,
    "volume": 506.78864
  },
  "excited_state": {
    "HOMO-LUMO": 1.3565499539424795,
    "charge": {
      "element": [
        "C",
        "C",
        "C",
        "C",
        "C",
        "C",
        "C",
        "C",
        "C",
        "C",
        "S",
        "C",
        "C",
        "S",
        "O",
        "O",
        "C",
        "C",
        "C",
        "C",
        "C",
        "C",
        "C",
        "C",
        "S",
        "H",
        "H",
        "H",
        "H",
        "H",
        "H",
        "H",
        "H",
        "H",
        "H",
        "H",
        "H",
        "H",
        "H",
        "H",
        "H",
        "H",
        "H"
      ],
      "charge": [
        -0.065542,
        0.090974,
        -0.124769,
        0.011676,
        0.030301,
        -0.008304,
        0.019104,
        -0.132881,
        0.089401,
        -0.06312,
        -0.042879,
        0.093217,
        -0.074974,
        0.696927,
        -0.567343,
        -0.544646,
        0.009854,
        0.026716,
        -0.033283,
        0.005777,
        -0.05383,
        0.065281,
        0.050158,
        -0.070941,
        -0.047877,
        0.025421,
        0.025972,
        0.026895,
        0.049757,
        0.051232,
        0.026477,
        0.026526,
        0.024464,
        0.025301,
        0.039557,
        0.051968,
        0.052066,
        0.040152,
        0.036282,
        0.044519,
        0.035038,
        0.033786,
        0.025589
      ]
    },
    "structure": {
      "bonds": 1.3427948052319565,
      "angles": 115.26642452713195,
      "DA": 90.20074568744549
    },
    "rotational_constant": {
      "A": 0.1113987,
      "B": 0.1807577,
      "C": 0.2182679
    },
    "rays_asymmetry_parameter": -0.29801664090308516,
    "excited_energy": "2.0312",
    "volume": 503.30359
  },
  "exciting_path_mean_volume": 504.8974666666666
}