{
  "s0_rotational_constant_a": 0.1388007,
  "s0_rotational_constant_b": 0.17149,
  "s0_rotational_constant_c": 0.5716544,
  "s1_rotational_constant_a": 0.1409258,
  "s1_rotational_constant_b": 0.167682,
  "s1_rotational_constant_c": 0.5676811,
  "s0_rays_asymmetry_parameter": 0.8489591286848189,
  "s1_rays_asymmetry_parameter": 0.8746063610692122,
  "s0_volume": 384.39339,
  "s1_volume": 390.37382,
  "delta_volume": 5.980430000000013,
  "s0_homo_lumo_gap": 1.6471620660840434,
  "s1_homo_lumo_gap": 1.5782057042254003,
  "delta_gap": -0.06895636185864307,
  "s0_dihedral_avg": 2.079467146134481,
  "s1_dihedral_avg": -15.469373762448189,
  "delta_dihedral": -17.54884090858267,
  "delta_dipole": null,
  "excitation_energy": "1.8153",
  "exciting_path_mean_volume": 387.8396083333334,
  "s0_bonds_avg": 1.2893295947313155,
  "s1_bonds_avg": 1.2880138936007897,
  "s0_angles_avg": 117.96347831776838,
  "s1_angles_avg": 117.99345117242619
}