{"charge": {"element": ["C", "O", "C", "C", "C", "C", "C", "C", "C", "C", "C", "N", "B", "F", "F", "N", "C", "C", "C", "C", "C", "C", "H", "H", "H", "H", "H", "H", "H", "H", "H", "H", "H", "H", "H"], "charge_variation": [-0.0069829999999999615, 0.01910299999999998, 0.0017960000000000198, -0.025348999999999983, 0.004161999999999999, -0.039347, 0.019160999999999997, 0.024998999999999993, 0.003046999999999994, 0.0026670000000000027, 0.01028399999999996, -0.021017000000000008, 0.0004510000000000902, -0.0005560000000000009, -0.000996000000000108, -0.021212999999999982, 0.009692000000000034, 0.0015879999999999783, 0.0013330000000000009, 0.025283, -0.00016700000000000048, -0.017392999999999992, 0.005301, 0.00034799999999999935, 0.005279999999999999, 0.00035500000000000115, -0.004629999999999995, 0.003051999999999999, 0.0009600000000000025, 0.0006430000000000047, 0.0005610000000000059, 0.0007409999999999986, 0.00238, -0.004515000000000005, -0.001021000000000001]}, "ground_state": {"HOMO-LUMO": 1.6471620660840434, "charge": {"element": ["C", "O", "C", "C", "C", "C", "C", "C", "C", "C", "C", "N", "B", "F", "F", "N", "C", "C", "C", "C", "C", "C", "H", "H", "H", "H", "H", "H", "H", "H", "H", "H", "H", "H", "H"], "charge": [0.325557, -0.487991, 0.537781, -0.15429, -0.021501, -0.033477, 0.073718, 0.199167, -0.131109, -0.14959, 0.265815, -0.251377, 0.734887, -0.520317, -0.520704, -0.25138, 0.266333, -0.148911, -0.129728, 0.199056, -0.015335, -0.215864, -0.009226, 0.006204, -0.009269, 0.050054, 0.037374, 0.044653, 0.046797, 0.044341, 0.044374, 0.047079, 0.045384, 0.036386, 0.045108]}, "structure": {"bonds": 1.2893295947313155, "angles": 117.96347831776838, "DA": 2.079467146134481}, "rotational_constant": {"A": 0.1388007, "B": 0.17149, "C": 0.5716544}, "rays_asymmetry_parameter": 0.8489591286848189, "volume": 384.39339}, "excited_state": {"HOMO-LUMO": 1.5782057042254003, "charge": {"element": ["C", "O", "C", "C", "C", "C", "C", "C", "C", "C", "C", "N", "B", "F", "F", "N", "C", "C", "C", "C", "C", "C", "H", "H", "H", "H", "H", "H", "H", "H", "H", "H", "H", "H", "H"], "charge": [0.318574, -0.468888, 0.539577, -0.179639, -0.017339, -0.072824, 0.092879, 0.224166, -0.128062, -0.146923, 0.276099, -0.272394, 0.735338, -0.520873, -0.5217, -0.272593, 0.276025, -0.147323, -0.128395, 0.224339, -0.015502, -0.233257, -0.003925, 0.006552, -0.003989, 0.050409, 0.032744, 0.047705, 0.047757, 0.044984, 0.044935, 0.04782, 0.047764, 0.031871, 0.044087]}, "structure": {"bonds": 1.2880138936007897, "angles": 117.99345117242619, "DA": -15.469373762448189}, "rotational_constant": {"A": 0.1409258, "B": 0.167682, "C": 0.5676811}, "rays_asymmetry_parameter": 0.8746063610692122, "excited_energy": "1.8153", "volume": 390.37382}, "exciting_path_mean_volume": 387.8396083333334}