{
  "s0_rotational_constant_a": 0.0256318,
  "s0_rotational_constant_b": 0.0346691,
  "s0_rotational_constant_c": 0.081837,
  "s1_rotational_constant_a": 0.0260934,
  "s1_rotational_constant_b": 0.0342365,
  "s1_rotational_constant_c": 0.0858617,
  "s0_rays_asymmetry_parameter": 0.6784176553059146,
  "s1_rays_asymmetry_parameter": 0.7275110719227417,
  "s0_volume": 942.66444,
  "s1_volume": 939.61583,
  "delta_volume": -3.0486100000000533,
  "s0_homo_lumo_gap": 2.267342104122285,
  "s1_homo_lumo_gap": 0.61908069822565,
  "delta_gap": -1.6482614058966352,
  "s0_dihedral_avg": 3.4558868307892707,
  "s1_dihedral_avg": -1.2939711276807822,
  "delta_dihedral": -4.749857958470053,
  "delta_dipole": null,
  "excitation_energy": "0.7125",
  "exciting_path_mean_volume": 940.25923,
  "s0_bonds_avg": 1.2468218679695697,
  "s1_bonds_avg": 1.257510162255269,
  "s0_angles_avg": 116.60730268004329,
  "s1_angles_avg": 116.61845303401739
}