{
  "s0_rotational_constant_a": 0.0785143,
  "s0_rotational_constant_b": 0.0800848,
  "s0_rotational_constant_c": 0.705263,
  "s1_rotational_constant_a": 0.0764587,
  "s1_rotational_constant_b": 0.0809601,
  "s1_rotational_constant_c": 0.6986129,
  "s0_rays_asymmetry_parameter": 0.9949884219943337,
  "s1_rays_asymmetry_parameter": 0.9855296323644525,
  "s0_volume": 521.99134,
  "s1_volume": 520.63531,
  "delta_volume": -1.3560300000000325,
  "s0_homo_lumo_gap": 3.111379293206782,
  "s1_homo_lumo_gap": 2.3862803315197616,
  "delta_gap": -0.7250989616870203,
  "s0_dihedral_avg": 90.04914895772004,
  "s1_dihedral_avg": 90.0439231874851,
  "delta_dihedral": -0.005225770234929428,
  "delta_dipole": {
    "element": [
      "C",
      "C",
      "C",
      "C",
      "C",
      "C",
      "C",
      "C",
      "C",
      "C",
      "C",
      "C",
      "C",
      "C",
      "C",
      "C",
      "C",
      "C",
      "C",
      "C",
      "C",
      "C",
      "C",
      "C",
      "H",
      "H",
      "H",
      "H",
      "H",
      "H",
      "H",
      "H",
      "H",
      "H",
      "H",
      "H",
      "H",
      "H",
      "H",
      "H",
      "H",
      "H",
      "H",
      "H",
      "H",
      "H",
      "H",
      "H",
      "H",
      "H"
    ],
    "charge_variation": [
      0.004616999999999996,
      -0.006167000000000006,
      0.0027409999999999934,
      -0.001474000000000003,
      0.0015859999999999902,
      0.0015639999999999994,
      -0.0023199999999999957,
      -0.004259000000000013,
      -0.004285000000000004,
      -0.0023159999999999986,
      0.0015849999999999996,
      -0.009873999999999994,
      0.005289999999999996,
      -0.0004129999999999967,
      -0.006148000000000001,
      0.004589999999999997,
      0.002725000000000005,
      -0.0014880000000000032,
      0.0015989999999999893,
      -0.004115999999999995,
      -0.004263999999999997,
      -0.009895000000000001,
      0.0053380000000000025,
      -0.0004009999999999986,
      -0.00043600000000000236,
      -0.00021200000000000038,
      -0.0005149999999999981,
      0.0002060000000000048,
      0.0009370000000000003,
      0.00012200000000000058,
      -0.0004959999999999999,
      0.004357,
      0.004008999999999999,
      0.005072,
      -4.699999999999843e-05,
      -1.2999999999999123e-05,
      -1.9999999999985307e-06,
      -0.00020600000000000132,
      -0.0004299999999999998,
      -0.000503,
      0.0002009999999999998,
      0.0008869999999999989,
      0.00011900000000000105,
      -0.00045500000000000054,
      0.004248000000000002,
      0.003983,
      0.005028999999999999,
      -4.699999999999843e-05,
      -1.9999999999985307e-06,
      -2.1999999999997716e-05
    ]
  },
  "excitation_energy": "3.2601",
  "exciting_path_mean_volume": 520.6212616666668,
  "s0_bonds_avg": 1.2666672736998077,
  "s1_bonds_avg": 1.2709697880042308,
  "s0_angles_avg": 115.78963924057408,
  "s1_angles_avg": 115.77865118330304,
  "delta_bonds": 0.004302514304423077,
  "delta_angles": -0.010988057271035245
}