{"charge": {"element": ["C", "C", "C", "C", "C", "C", "C", "C", "C", "C", "C", "C", "C", "C", "C", "C", "C", "C", "C", "C", "C", "C", "C", "C", "H", "H", "H", "H", "H", "H", "H", "H", "H", "H", "H", "H", "H", "H", "H", "H", "H", "H", "H", "H", "H", "H", "H", "H", "H", "H"], "charge_variation": [0.004616999999999996, -0.006167000000000006, 0.0027409999999999934, -0.001474000000000003, 0.0015859999999999902, 0.0015639999999999994, -0.0023199999999999957, -0.004259000000000013, -0.004285000000000004, -0.0023159999999999986, 0.0015849999999999996, -0.009873999999999994, 0.005289999999999996, -0.0004129999999999967, -0.006148000000000001, 0.004589999999999997, 0.002725000000000005, -0.0014880000000000032, 0.0015989999999999893, -0.004115999999999995, -0.004263999999999997, -0.009895000000000001, 0.0053380000000000025, -0.0004009999999999986, -0.00043600000000000236, -0.00021200000000000038, -0.0005149999999999981, 0.0002060000000000048, 0.0009370000000000003, 0.00012200000000000058, -0.0004959999999999999, 0.004357, 0.004008999999999999, 0.005072, -4.699999999999843e-05, -1.2999999999999123e-05, -1.9999999999985307e-06, -0.00020600000000000132, -0.0004299999999999998, -0.000503, 0.0002009999999999998, 0.0008869999999999989, 0.00011900000000000105, -0.00045500000000000054, 0.004248000000000002, 0.003983, 0.005028999999999999, -4.699999999999843e-05, -1.9999999999985307e-06, -2.1999999999997716e-05]}, "ground_state": {"HOMO-LUMO": 3.111379293206782, "charge": {"element": ["C", "C", "C", "C", "C", "C", "C", "C", "C", "C", "C", "C", "C", "C", "C", "C", "C", "C", "C", "C", "C", "C", "C", "C", "H", "H", "H", "H", "H", "H", "H", "H", "H", "H", "H", "H", "H", "H", "H", "H", "H", "H", "H", "H", "H", "H", "H", "H", "H", "H"], "charge": [-0.081258, 0.046087, -0.088193, 0.039593, -0.080658, 0.027503, 0.062137, -0.064131, -0.060464, 0.062153, 0.027506, -0.094698, 0.046246, -0.080388, 0.046084, -0.081256, -0.088191, 0.039584, -0.080646, -0.064128, -0.060451, -0.094702, 0.046244, -0.080389, 0.021774, 0.020674, 0.021744, 0.034037, 0.023489, 0.021786, 0.020012, 0.033439, 0.031668, 0.036646, 0.020575, 0.021226, 0.02115, 0.020674, 0.021773, 0.021743, 0.034037, 0.023476, 0.021782, 0.020017, 0.033421, 0.031672, 0.036651, 0.020575, 0.02115, 0.021226]}, "structure": {"bonds": 1.2666672736998077, "angles": 115.78963924057408, "DA": 9.28029619356069}, "rotational_constant": {"A": 0.0785143, "B": 0.0800848, "C": 0.705263}, "rays_asymmetry_parameter": 0.9949884219943337, "volume": 521.99134}, "excited_state": {"HOMO-LUMO": 2.3862803315197616, "charge": {"element": ["C", "C", "C", "C", "C", "C", "C", "C", "C", "C", "C", "C", "C", "C", "C", "C", "C", "C", "C", "C", "C", "C", "C", "C", "H", "H", "H", "H", "H", "H", "H", "H", "H", "H", "H", "H", "H", "H", "H", "H", "H", "H", "H", "H", "H", "H", "H", "H", "H", "H"], "charge": [-0.076641, 0.03992, -0.085452, 0.038119, -0.079072, 0.029067, 0.059817, -0.06839, -0.064749, 0.059837, 0.029091, -0.104572, 0.051536, -0.080801, 0.039936, -0.076666, -0.085466, 0.038096, -0.079047, -0.068244, -0.064715, -0.104597, 0.051582, -0.08079, 0.021338, 0.020462, 0.021229, 0.034243, 0.024426, 0.021908, 0.019516, 0.037796, 0.035677, 0.041718, 0.020528, 0.021213, 0.021148, 0.020468, 0.021343, 0.02124, 0.034238, 0.024363, 0.021901, 0.019562, 0.037669, 0.035655, 0.04168, 0.020528, 0.021148, 0.021204]}, "structure": {"bonds": 1.2709697880042308, "angles": 115.77865118330304, "DA": -10.123097353032778}, "rotational_constant": {"A": 0.0764587, "B": 0.0809601, "C": 0.6986129}, "rays_asymmetry_parameter": 0.9855296323644525, "excited_energy": "3.2601", "volume": 520.63531}, "exciting_path_mean_volume": 520.6212616666668}