{
  "s0_rotational_constant_a": 0.1718302,
  "s0_rotational_constant_b": 0.2381118,
  "s0_rotational_constant_c": 0.3299573,
  "s1_rotational_constant_a": 0.1501088,
  "s1_rotational_constant_b": 0.2370828,
  "s1_rotational_constant_c": 0.3498208,
  "s0_rays_asymmetry_parameter": 0.16166678576916904,
  "s1_rays_asymmetry_parameter": 0.12900576830636093,
  "s0_volume": 385.77627,
  "s1_volume": 381.52149,
  "delta_volume": -4.254780000000039,
  "s0_homo_lumo_gap": 2.1889025758109617,
  "s1_homo_lumo_gap": 0.9785321632854074,
  "delta_gap": -1.2103704125255543,
  "s0_dihedral_avg": -0.048765870338072025,
  "s1_dihedral_avg": -0.11305889692418801,
  "delta_dihedral": -0.06429302658611599,
  "delta_dipole": null,
  "excitation_energy": "1.1573",
  "exciting_path_mean_volume": 382.6772766666666,
  "s0_bonds_avg": 1.412664129614375,
  "s1_bonds_avg": 1.4134577297465625,
  "s0_angles_avg": 117.87025491670511,
  "s1_angles_avg": 117.83791585653762
}