{
  "s0_rotational_constant_a": 0.01366,
  "s0_rotational_constant_b": 0.0208537,
  "s0_rotational_constant_c": 0.0284381,
  "s1_rotational_constant_a": 0.0148318,
  "s1_rotational_constant_b": 0.0198019,
  "s1_rotational_constant_c": 0.0382481,
  "s0_rays_asymmetry_parameter": 0.026437769402020608,
  "s1_rays_asymmetry_parameter": 0.5755008263474587,
  "s0_volume": 1213.92466,
  "s1_volume": 1203.39012,
  "delta_volume": -10.534539999999879,
  "s0_homo_lumo_gap": 2.3252996255787095,
  "s1_homo_lumo_gap": 1.2548746269684772,
  "delta_gap": -1.0704249986102323,
  "s0_dihedral_avg": 93.14245610734852,
  "s1_dihedral_avg": 92.86215882911175,
  "delta_dihedral": -0.2802972782367732,
  "delta_dipole": {
    "element": [
      "C",
      "C",
      "C",
      "C",
      "C",
      "C",
      "C",
      "C",
      "C",
      "C",
      "O",
      "N",
      "C",
      "N",
      "C",
      "O",
      "N",
      "C",
      "C",
      "C",
      "C",
      "C",
      "C",
      "C",
      "C",
      "C",
      "C",
      "C",
      "C",
      "C",
      "C",
      "C",
      "C",
      "N",
      "C",
      "O",
      "N",
      "C",
      "N",
      "C",
      "O",
      "C",
      "C",
      "C",
      "C",
      "C",
      "C",
      "C",
      "C",
      "C",
      "N",
      "C",
      "C",
      "C",
      "C",
      "C",
      "C",
      "C",
      "C",
      "C",
      "C",
      "N",
      "H",
      "H",
      "H",
      "H",
      "H",
      "H",
      "H",
      "H",
      "H",
      "H",
      "H",
      "H",
      "H",
      "H",
      "H",
      "H",
      "H",
      "H",
      "H",
      "H",
      "H",
      "H",
      "H",
      "H",
      "H",
      "H",
      "H",
      "H",
      "H",
      "H",
      "H",
      "H",
      "H",
      "H",
      "H",
      "H",
      "H",
      "H",
      "H",
      "H",
      "H",
      "H",
      "H",
      "H",
      "H",
      "H",
      "H",
      "H",
      "H",
      "H",
      "H",
      "H",
      "H",
      "H",
      "H",
      "H"
    ],
    "charge_variation": [
      0.0007860000000000089,
      0.0013769999999999998,
      0.0012020000000000017,
      -0.00017099999999999754,
      0.001979999999999999,
      0.0015289999999999991,
      0.00045000000000000595,
      -0.00232899999999997,
      0.002281000000000033,
      0.00020599999999992846,
      -0.0015540000000000553,
      0.00018499999999999073,
      0.00021000000000004349,
      -0.002163000000000026,
      0.000384000000000162,
      -0.0012809999999999766,
      0.013502999999999932,
      0.0012520000000000309,
      -0.0012909999999999866,
      -0.002043000000000003,
      0.00016299999999999648,
      -0.001511000000000002,
      -0.002797000000000001,
      0.00028400000000000647,
      -0.003575999999999996,
      0.0010259999999999991,
      -0.001673999999999995,
      -0.0002999999999999982,
      -0.002485000000000001,
      -8.79999999999978e-05,
      -0.007086000000000002,
      8.900000000000574e-05,
      -0.0006960000000000299,
      0.00936300000000001,
      -0.0013529999999999376,
      0.0011369999999999436,
      -0.0016300000000000203,
      0.00038900000000019475,
      7.299999999998974e-05,
      0.0005489999999999107,
      0.0005689999999999307,
      0.0010000000000000009,
      -0.0021950000000000025,
      0.0022819999999999993,
      0.0007660000000000028,
      0.000677999999999998,
      0.0021759999999999974,
      -0.004372000000000001,
      0.001906999999999999,
      -0.0012670000000000042,
      0.001890999999999976,
      -0.0009919999999999929,
      -0.003257999999999997,
      -0.0008820000000000078,
      -0.0034460000000000046,
      0.0015900000000000011,
      -0.001688999999999996,
      -0.0005450000000000003,
      -0.0032340000000000008,
      -0.0032949999999999993,
      -0.0004780000000000062,
      0.0019879999999999898,
      -0.00102,
      -2.1000000000000185e-05,
      0.0005429999999999983,
      -0.0010609999999999994,
      0.0003880000000000003,
      -0.001072,
      0.0015529999999999988,
      -0.001572999999999998,
      -0.0006659999999999999,
      -0.001298999999999999,
      -0.0013080000000000001,
      0.0007109999999999998,
      0.0009599999999999956,
      -0.002086000000000001,
      -0.0009930000000000008,
      7.200000000000262e-05,
      -0.00032799999999999496,
      -0.0015020000000000033,
      -0.0005159999999999991,
      0.0036519999999999955,
      0.001585000000000003,
      -0.00035600000000000215,
      0.0007169999999999989,
      -0.0004809999999999988,
      0.002142999999999999,
      0.004463999999999996,
      -0.0015869999999999912,
      -0.001308999999999949,
      0.00022899999999997922,
      -0.00022900000000000004,
      -0.001472000000000001,
      -0.0028859999999999997,
      -0.0008609999999999972,
      0.00032000000000000084,
      0.001039,
      -0.00030000000000000165,
      0.0005879999999999982,
      -0.0008789999999999978,
      0.0006749999999999985,
      0.0007479999999999987,
      -0.00041200000000000264,
      0.0013419999999999994,
      -0.0008060000000000012,
      -0.0003809999999999994,
      0.00022000000000000144,
      -0.0006140000000000034,
      -0.00032300000000000037,
      0.003846000000000002,
      0.0020980000000000026,
      -0.0001810000000000006,
      0.0009389999999999989,
      -0.0005840000000000012,
      0.0017839999999999974,
      0.004257999999999998,
      -0.0008669999999999928,
      -0.0004930000000000212
    ]
  },
  "excitation_energy": "2.0861",
  "exciting_path_mean_volume": 1209.52935,
  "s0_bonds_avg": 1.1148367181242274,
  "s1_bonds_avg": 1.240692088664797,
  "s0_angles_avg": 115.80319449710646,
  "s1_angles_avg": 115.7759330571089,
  "delta_bonds": 0.1258553705405696,
  "delta_angles": -0.027261439997559478
}