{
  "s0_rotational_constant_a": 0.0611291,
  "s0_rotational_constant_b": 0.065827,
  "s0_rotational_constant_c": 0.1944182,
  "s1_rotational_constant_a": 0.0621554,
  "s1_rotational_constant_b": 0.0663983,
  "s1_rotational_constant_c": 0.1944776,
  "s0_rays_asymmetry_parameter": 0.9295081143169246,
  "s1_rays_asymmetry_parameter": 0.9358701714451544,
  "s0_volume": 626.38203,
  "s1_volume": 626.51828,
  "delta_volume": 0.1362500000000182,
  "s0_homo_lumo_gap": 1.1031902230741415,
  "s1_homo_lumo_gap": 0.8072773338164168,
  "delta_gap": -0.29591288925772474,
  "s0_dihedral_avg": 88.89698766563565,
  "s1_dihedral_avg": 88.9035506367435,
  "delta_dihedral": 0.00656297110785431,
  "delta_dipole": {
    "element": [
      "C",
      "C",
      "C",
      "C",
      "N",
      "C",
      "C",
      "C",
      "C",
      "C",
      "C",
      "C",
      "C",
      "C",
      "C",
      "N",
      "C",
      "C",
      "C",
      "C",
      "C",
      "C",
      "C",
      "C",
      "C",
      "C",
      "C",
      "C",
      "C",
      "N",
      "S",
      "N",
      "C",
      "C",
      "C",
      "H",
      "H",
      "H",
      "H",
      "H",
      "H",
      "H",
      "H",
      "H",
      "H",
      "H",
      "H",
      "H",
      "H",
      "H",
      "H",
      "H",
      "H",
      "H",
      "H"
    ],
    "charge_variation": [
      0.0008449999999999985,
      0.0002009999999999998,
      0.0022220000000000018,
      -0.0017520000000000313,
      0.015778999999999987,
      -0.001888999999999974,
      -0.0017149999999999943,
      0.001186,
      -0.0007689999999999919,
      0.001548,
      -0.002624000000000015,
      0.00020399999999998197,
      -0.006053000000000003,
      0.011399000000000006,
      -0.02088900000000002,
      0.041127000000000025,
      0.002206999999999959,
      -0.010838000000000014,
      0.006274999999999999,
      -0.014150999999999997,
      0.004035999999999998,
      -0.007819,
      -0.002682000000000004,
      0.0022929999999999964,
      -0.009493000000000001,
      0.003727000000000001,
      -0.011522000000000004,
      -0.003956000000000015,
      0.010487999999999997,
      -0.04886399999999991,
      0.07398399999999994,
      -0.03633699999999995,
      0.002929000000000015,
      0.0010720000000000035,
      0.0005779999999999995,
      -0.00019800000000000026,
      -0.00028900000000000106,
      -0.0006940000000000002,
      -0.00016499999999999848,
      0.00015100000000000183,
      0.00035700000000000315,
      6.0000000000001025e-05,
      0.0002730000000000024,
      0.001802000000000005,
      1.8000000000004124e-05,
      -4.300000000000137e-05,
      -0.0010299999999999997,
      0.0002549999999999983,
      1.8999999999998185e-05,
      0.00024700000000000416,
      0.00032199999999999937,
      -0.0004399999999999994,
      -0.0013130000000000017,
      -0.00010300000000000586,
      2.1000000000000185e-05
    ]
  },
  "excitation_energy": "1.0035",
  "exciting_path_mean_volume": 626.23869,
  "s0_bonds_avg": 1.3018064766173774,
  "s1_bonds_avg": 1.3088898143885246,
  "delta_bonds": 0.0070833377711472245,
  "s0_angles_avg": 119.591964265108,
  "s1_angles_avg": 119.54965798750794,
  "delta_angles": -0.042306277600062
}