{
  "charge": {
    "element": [
      "C",
      "C",
      "C",
      "C",
      "N",
      "C",
      "C",
      "C",
      "C",
      "C",
      "C",
      "C",
      "C",
      "C",
      "C",
      "N",
      "C",
      "C",
      "C",
      "C",
      "C",
      "C",
      "C",
      "C",
      "C",
      "C",
      "C",
      "C",
      "C",
      "N",
      "S",
      "N",
      "C",
      "C",
      "C",
      "H",
      "H",
      "H",
      "H",
      "H",
      "H",
      "H",
      "H",
      "H",
      "H",
      "H",
      "H",
      "H",
      "H",
      "H",
      "H",
      "H",
      "H",
      "H",
      "H"
    ],
    "charge_variation": [
      0.0008449999999999985,
      0.0002009999999999998,
      0.0022220000000000018,
      -0.0017520000000000313,
      0.015778999999999987,
      -0.001888999999999974,
      -0.0017149999999999943,
      0.001186,
      -0.0007689999999999919,
      0.001548,
      -0.002624000000000015,
      0.00020399999999998197,
      -0.006053000000000003,
      0.011399000000000006,
      -0.02088900000000002,
      0.041127000000000025,
      0.002206999999999959,
      -0.010838000000000014,
      0.006274999999999999,
      -0.014150999999999997,
      0.004035999999999998,
      -0.007819,
      -0.002682000000000004,
      0.0022929999999999964,
      -0.009493000000000001,
      0.003727000000000001,
      -0.011522000000000004,
      -0.003956000000000015,
      0.010487999999999997,
      -0.04886399999999991,
      0.07398399999999994,
      -0.03633699999999995,
      0.002929000000000015,
      0.0010720000000000035,
      0.0005779999999999995,
      -0.00019800000000000026,
      -0.00028900000000000106,
      -0.0006940000000000002,
      -0.00016499999999999848,
      0.00015100000000000183,
      0.00035700000000000315,
      6.0000000000001025e-05,
      0.0002730000000000024,
      0.001802000000000005,
      1.8000000000004124e-05,
      -4.300000000000137e-05,
      -0.0010299999999999997,
      0.0002549999999999983,
      1.8999999999998185e-05,
      0.00024700000000000416,
      0.00032199999999999937,
      -0.0004399999999999994,
      -0.0013130000000000017,
      -0.00010300000000000586,
      2.1000000000000185e-05
    ]
  },
  "ground_state": {
    "HOMO-LUMO": 1.1031902230741415,
    "charge": {
      "element": [
        "C",
        "C",
        "C",
        "C",
        "N",
        "C",
        "C",
        "C",
        "C",
        "C",
        "C",
        "C",
        "C",
        "C",
        "C",
        "N",
        "C",
        "C",
        "C",
        "C",
        "C",
        "C",
        "C",
        "C",
        "C",
        "C",
        "C",
        "C",
        "C",
        "N",
        "S",
        "N",
        "C",
        "C",
        "C",
        "H",
        "H",
        "H",
        "H",
        "H",
        "H",
        "H",
        "H",
        "H",
        "H",
        "H",
        "H",
        "H",
        "H",
        "H",
        "H",
        "H",
        "H",
        "H",
        "H"
      ],
      "charge": [
        -0.071778,
        -0.008046,
        -0.133914,
        0.400058,
        -0.512578,
        0.393893,
        -0.146624,
        -0.004462,
        -0.082543,
        -0.004815,
        -0.148112,
        0.323257,
        -0.175629,
        -0.124016,
        0.268367,
        -0.418352,
        0.332502,
        -0.142944,
        -0.025845,
        -0.081458,
        -0.040928,
        -0.04413,
        -0.042406,
        -0.041093,
        -0.084382,
        -0.027269,
        -0.156999,
        0.324224,
        0.32066,
        -0.771229,
        0.866684,
        -0.782047,
        0.303764,
        -0.124895,
        -0.005154,
        0.029964,
        0.028266,
        0.031777,
        0.039389,
        0.02899,
        0.032517,
        0.029067,
        0.036125,
        0.049475,
        0.047886,
        0.036018,
        0.026175,
        0.028774,
        0.030914,
        0.032219,
        0.030313,
        0.027277,
        0.036858,
        0.038441,
        0.027796
      ]
    },
    "structure": {
      "bonds": 1.3018064766173774,
      "angles": 119.591964265108,
      "DA": 88.89698766563565
    },
    "rotational_constant": {
      "A": 0.0611291,
      "B": 0.065827,
      "C": 0.1944182
    },
    "rays_asymmetry_parameter": 0.9295081143169246,
    "volume": 626.38203
  },
  "excited_state": {
    "HOMO-LUMO": 0.8072773338164168,
    "charge": {
      "element": [
        "C",
        "C",
        "C",
        "C",
        "N",
        "C",
        "C",
        "C",
        "C",
        "C",
        "C",
        "C",
        "C",
        "C",
        "C",
        "N",
        "C",
        "C",
        "C",
        "C",
        "C",
        "C",
        "C",
        "C",
        "C",
        "C",
        "C",
        "C",
        "C",
        "N",
        "S",
        "N",
        "C",
        "C",
        "C",
        "H",
        "H",
        "H",
        "H",
        "H",
        "H",
        "H",
        "H",
        "H",
        "H",
        "H",
        "H",
        "H",
        "H",
        "H",
        "H",
        "H",
        "H",
        "H",
        "H"
      ],
      "charge": [
        -0.070933,
        -0.007845,
        -0.131692,
        0.398306,
        -0.496799,
        0.392004,
        -0.148339,
        -0.003276,
        -0.083312,
        -0.003267,
        -0.150736,
        0.323461,
        -0.181682,
        -0.112617,
        0.247478,
        -0.377225,
        0.334709,
        -0.153782,
        -0.01957,
        -0.095609,
        -0.036892,
        -0.051949,
        -0.045088,
        -0.0388,
        -0.093875,
        -0.023542,
        -0.168521,
        0.320268,
        0.331148,
        -0.820093,
        0.940668,
        -0.818384,
        0.306693,
        -0.123823,
        -0.004576,
        0.029766,
        0.027977,
        0.031083,
        0.039224,
        0.029141,
        0.032874,
        0.029127,
        0.036398,
        0.051277,
        0.047904,
        0.035975,
        0.025145,
        0.029029,
        0.030933,
        0.032466,
        0.030635,
        0.026837,
        0.035545,
        0.038338,
        0.027817
      ]
    },
    "structure": {
      "bonds": 1.3088898143885246,
      "angles": 119.54965798750794,
      "DA": 88.9035506367435
    },
    "rotational_constant": {
      "A": 0.0621554,
      "B": 0.0663983,
      "C": 0.1944776
    },
    "rays_asymmetry_parameter": 0.9358701714451544,
    "excited_energy": "1.0035",
    "volume": 626.51828
  },
  "exciting_path_mean_volume": 626.23869
}