{
  "s0_rotational_constant_a": 0.0686839,
  "s0_rotational_constant_b": 0.1083355,
  "s0_rotational_constant_c": 0.154588,
  "s1_rotational_constant_a": 0.0692386,
  "s1_rotational_constant_b": 0.1061299,
  "s1_rotational_constant_c": 0.1646519,
  "s0_rays_asymmetry_parameter": 0.07684033707355087,
  "s1_rays_asymmetry_parameter": 0.22670529161028888,
  "s0_volume": 606.05682,
  "s1_volume": 606.11735,
  "delta_volume": 0.06052999999997155,
  "s0_homo_lumo_gap": 2.2694754764318703,
  "s1_homo_lumo_gap": 1.7770338265681391,
  "delta_gap": -0.4924416498637312,
  "s0_dihedral_avg": -6.32622679737588,
  "s1_dihedral_avg": 5.403071166726411,
  "delta_dihedral": 11.72929796410229,
  "delta_dipole": null,
  "excitation_energy": "2.0876",
  "exciting_path_mean_volume": 605.7689466666667,
  "s0_bonds_avg": 1.306541717239,
  "s1_bonds_avg": 1.3095421508290002,
  "s0_angles_avg": 119.94903596858411,
  "s1_angles_avg": 119.9133488830588
}