{"charge": {"element": ["C", "C", "N", "C", "C", "C", "C", "C", "C", "C", "C", "C", "C", "N", "C", "C", "C", "C", "C", "C", "C", "C", "C", "C", "C", "C", "C", "C", "C", "C", "C", "C", "C", "C", "H", "H", "H", "H", "H", "H", "H", "H", "H", "H", "H", "H", "H", "H", "H", "H", "H", "H", "H", "H"], "charge_variation": [0.008823999999999999, -0.0007909999999999862, 0.0004950000000000232, 0.00021599999999999397, -0.003495999999999999, 0.0003350000000000089, -0.004930999999999998, 0.0009399999999999999, -0.004592000000000001, 0.012383000000000005, 0.0002990000000000076, -0.002912999999999992, 0.0007040000000000379, -0.02457699999999996, -0.007369999999999988, 0.007014000000000006, -0.0038120000000000003, 0.012816000000000001, -0.010742000000000002, 0.0027270000000000003, -0.005015999999999993, 0.003949999999999999, -0.004267, 0.0027270000000000003, -0.0015340000000000006, -0.00011800000000000005, 0.0001870000000000066, -0.0014370000000000008, 0.0010870000000000012, -0.002363000000000004, 0.0019400000000000042, -0.0013880000000000003, -0.00039599999999999705, -0.001549, -0.00018199999999999814, -0.00046599999999999767, -0.00013500000000000317, 0.0010980000000000018, 0.0021829999999999974, 0.0031920000000000004, 0.003129, 0.0003029999999999977, 0.006277000000000001, 0.002148999999999998, 0.00044299999999999895, 0.00041799999999999823, 0.0004950000000000024, 0.00018399999999999667, -2.1000000000000185e-05, 0.0006919999999999982, 0.000447999999999997, 0.0015500000000000028, 0.001793999999999997, 0.0010959999999999998]}, "ground_state": {"HOMO-LUMO": 2.2694754764318703, "charge": {"element": ["C", "C", "N", "C", "C", "C", "C", "C", "C", "C", "C", "C", "C", "N", "C", "C", "C", "C", "C", "C", "C", "C", "C", "C", "C", "C", "C", "C", "C", "C", "C", "C", "C", "C", "H", "H", "H", "H", "H", "H", "H", "H", "H", "H", "H", "H", "H", "H", "H", "H", "H", "H", "H", "H"], "charge": [-0.109961, 0.421466, -0.810628, 0.457676, -0.061707, -0.062686, 0.063827, -0.010971, -0.01127, 0.067588, -0.064431, -0.060775, 0.455653, -0.808212, 0.417389, -0.114525, 0.00927, 0.015861, -0.11875, 0.041651, -0.067233, -0.029963, -0.034251, -0.064067, 0.034224, 0.033903, -0.064421, -0.033728, -0.028753, -0.066854, 0.040697, -0.119009, 0.016026, 0.015563, 0.030181, 0.019648, 0.049466, 0.032674, 0.032597, 0.051368, 0.020081, 0.031479, 0.02779, 0.034692, 0.035127, 0.028923, 0.029088, 0.036525, 0.036409, 0.029124, 0.029694, 0.036243, 0.03338, 0.026911]}, "structure": {"bonds": 1.306541717239, "angles": 119.94903596858411, "DA": -6.32622679737588}, "rotational_constant": {"A": 0.0686839, "B": 0.1083355, "C": 0.154588}, "rays_asymmetry_parameter": 0.07684033707355087, "volume": 606.05682}, "excited_state": {"HOMO-LUMO": 1.7770338265681391, "charge": {"element": ["C", "C", "N", "C", "C", "C", "C", "C", "C", "C", "C", "C", "C", "N", "C", "C", "C", "C", "C", "C", "C", "C", "C", "C", "C", "C", "C", "C", "C", "C", "C", "C", "C", "C", "H", "H", "H", "H", "H", "H", "H", "H", "H", "H", "H", "H", "H", "H", "H", "H", "H", "H", "H", "H"], "charge": [-0.101137, 0.420675, -0.810133, 0.457892, -0.065203, -0.062351, 0.058896, -0.010031, -0.015862, 0.079971, -0.064132, -0.063688, 0.456357, -0.832789, 0.410019, -0.107511, 0.005458, 0.028677, -0.129492, 0.044378, -0.072249, -0.026013, -0.038518, -0.06134, 0.03269, 0.033785, -0.064234, -0.035165, -0.027666, -0.069217, 0.042637, -0.120397, 0.01563, 0.014014, 0.029999, 0.019182, 0.049331, 0.033772, 0.03478, 0.05456, 0.02321, 0.031782, 0.034067, 0.036841, 0.03557, 0.029341, 0.029583, 0.036709, 0.036388, 0.029816, 0.030142, 0.037793, 0.035174, 0.028007]}, "structure": {"bonds": 1.3095421508290002, "angles": 119.9133488830588, "DA": 5.403071166726411}, "rotational_constant": {"A": 0.0692386, "B": 0.1061299, "C": 0.1646519}, "rays_asymmetry_parameter": 0.22670529161028888, "excited_energy": "2.0876", "volume": 606.11735}, "exciting_path_mean_volume": 605.7689466666667}