{
  "charge": {
    "element": [
      "C",
      "C",
      "C",
      "C",
      "C",
      "C",
      "C",
      "C",
      "C",
      "C",
      "C",
      "C",
      "C",
      "C",
      "C",
      "C",
      "C",
      "C",
      "C",
      "C",
      "C",
      "C",
      "C",
      "C",
      "C",
      "C",
      "C",
      "C",
      "H",
      "H",
      "H",
      "H",
      "H",
      "H",
      "H",
      "H",
      "H",
      "H",
      "H",
      "H",
      "H",
      "H",
      "H",
      "H",
      "H",
      "H",
      "H",
      "H",
      "H",
      "H",
      "H",
      "H"
    ],
    "charge_variation": [
      0.0015480000000000077,
      0.0006319999999999937,
      0.0005819999999999992,
      -0.004425000000000005,
      -0.0011849999999999916,
      0.0013989999999999975,
      0.0013609999999999976,
      -0.0019659999999999955,
      -0.005145999999999998,
      0.0006759999999999995,
      -0.0018729999999999997,
      -0.0012619999999999992,
      -0.0027490000000000014,
      -0.0009269999999999973,
      -0.003928999999999995,
      7.499999999999868e-05,
      0.000682000000000002,
      0.0015259999999999996,
      -0.0009200000000000041,
      -0.0025249999999999995,
      -0.0018900000000000028,
      -0.0031179999999999958,
      -0.0013209999999999993,
      -0.001691999999999999,
      0.00010800000000000046,
      -0.004728999999999997,
      -0.0021690000000000043,
      -0.0010379999999999973,
      0.00015799999999999842,
      4.799999999999943e-05,
      -3.699999999999884e-05,
      0.0005359999999999983,
      0.00392,
      0.0035279999999999964,
      0.0003119999999999998,
      0.00162,
      -2.9999999999998778e-05,
      0.003289999999999998,
      0.0038930000000000006,
      0.0006519999999999998,
      -1.6999999999999654e-05,
      0.0002009999999999998,
      5.2999999999997494e-05,
      -2.6999999999999247e-05,
      0.0035189999999999944,
      0.0033959999999999997,
      1.000000000001e-06,
      0.001584000000000002,
      0.0004249999999999983,
      0.003639,
      0.0036579999999999946,
      -4.60000000000009e-05
    ]
  },
  "ground_state": {
    "HOMO-LUMO": 2.4280361964312043,
    "charge": {
      "element": [
        "C",
        "C",
        "C",
        "C",
        "C",
        "C",
        "C",
        "C",
        "C",
        "C",
        "C",
        "C",
        "C",
        "C",
        "C",
        "C",
        "C",
        "C",
        "C",
        "C",
        "C",
        "C",
        "C",
        "C",
        "C",
        "C",
        "C",
        "C",
        "H",
        "H",
        "H",
        "H",
        "H",
        "H",
        "H",
        "H",
        "H",
        "H",
        "H",
        "H",
        "H",
        "H",
        "H",
        "H",
        "H",
        "H",
        "H",
        "H",
        "H",
        "H",
        "H",
        "H"
      ],
      "charge": [
        -0.082251,
        0.076987,
        -0.055968,
        -0.061339,
        0.069269,
        -0.019322,
        -0.019311,
        0.083129,
        -0.065761,
        -0.021542,
        -0.041548,
        -0.022001,
        -0.067949,
        0.069272,
        -0.061342,
        -0.055971,
        0.076986,
        -0.082251,
        -0.056816,
        -0.063523,
        0.083125,
        -0.067955,
        -0.022002,
        -0.041547,
        -0.021538,
        -0.06576,
        -0.063529,
        -0.056818,
        0.020223,
        0.020091,
        0.021276,
        0.030197,
        0.032514,
        0.031064,
        0.027864,
        0.026791,
        0.027093,
        0.030407,
        0.032512,
        0.030196,
        0.021276,
        0.020223,
        0.020091,
        0.029269,
        0.03185,
        0.030406,
        0.027093,
        0.026791,
        0.027865,
        0.031065,
        0.031849,
        0.029269
      ]
    },
    "structure": {
      "bonds": 1.279566149952,
      "angles": 118.59476421116192,
      "DA": 90.09930082407791
    },
    "rotational_constant": {
      "A": 0.0967449,
      "B": 0.1464353,
      "C": 0.2280852
    },
    "rays_asymmetry_parameter": 0.24333353890618495,
    "volume": 567.67694
  },
  "excited_state": {
    "HOMO-LUMO": 1.251971172562448,
    "charge": {
      "element": [
        "C",
        "C",
        "C",
        "C",
        "C",
        "C",
        "C",
        "C",
        "C",
        "C",
        "C",
        "C",
        "C",
        "C",
        "C",
        "C",
        "C",
        "C",
        "C",
        "C",
        "C",
        "C",
        "C",
        "C",
        "C",
        "C",
        "C",
        "C",
        "H",
        "H",
        "H",
        "H",
        "H",
        "H",
        "H",
        "H",
        "H",
        "H",
        "H",
        "H",
        "H",
        "H",
        "H",
        "H",
        "H",
        "H",
        "H",
        "H",
        "H",
        "H",
        "H",
        "H"
      ],
      "charge": [
        -0.080703,
        0.077619,
        -0.055386,
        -0.065764,
        0.068084,
        -0.017923,
        -0.01795,
        0.081163,
        -0.070907,
        -0.020866,
        -0.043421,
        -0.023263,
        -0.070698,
        0.068345,
        -0.065271,
        -0.055896,
        0.077668,
        -0.080725,
        -0.057736,
        -0.066048,
        0.081235,
        -0.071073,
        -0.023323,
        -0.043239,
        -0.02143,
        -0.070489,
        -0.065698,
        -0.057856,
        0.020381,
        0.020139,
        0.021239,
        0.030733,
        0.036434,
        0.034592,
        0.028176,
        0.028411,
        0.027063,
        0.033697,
        0.036405,
        0.030848,
        0.021259,
        0.020424,
        0.020144,
        0.029242,
        0.035369,
        0.033802,
        0.027094,
        0.028375,
        0.02829,
        0.034704,
        0.035507,
        0.029223
      ]
    },
    "structure": {
      "bonds": 1.2757098928320003,
      "angles": 118.58914922476961,
      "DA": 90.60751438835896
    },
    "rotational_constant": {
      "A": 0.1008755,
      "B": 0.1433345,
      "C": 0.2313796
    },
    "rays_asymmetry_parameter": 0.34930779952507235,
    "excited_energy": "2.1466",
    "volume": 563.11186
  },
  "exciting_path_mean_volume": 564.8361716666667
}