{
  "charge": {
    "element": [
      "O",
      "C",
      "C",
      "C",
      "C",
      "C",
      "C",
      "C",
      "C",
      "C",
      "C",
      "C",
      "C",
      "N",
      "B",
      "F",
      "F",
      "N",
      "C",
      "C",
      "C",
      "C",
      "H",
      "H",
      "H",
      "H",
      "H",
      "H",
      "H",
      "H",
      "H",
      "H",
      "H",
      "H",
      "H"
    ],
    "charge_variation": [
      0.009346000000000076,
      0.0021200000000000108,
      0.0072169999999999995,
      0.0014310000000000017,
      0.007564999999999999,
      -0.0012029999999999992,
      0.0007820000000000049,
      -0.0041649999999999986,
      0.00026199999999999835,
      0.018664000000000014,
      0.0021539999999999893,
      0.013149999999999995,
      0.025976999999999972,
      -0.00684700000000002,
      0.005348999999999937,
      -0.004299000000000053,
      -0.002902000000000071,
      -0.07325900000000002,
      0.012493000000000032,
      -0.043293,
      -0.056130999999999986,
      0.059774999999999995,
      -0.006121000000000043,
      0.006884000000000001,
      -0.0021300000000000017,
      0.0010690000000000005,
      0.002152999999999995,
      0.000903000000000001,
      0.0015140000000000015,
      0.004145999999999997,
      0.0017490000000000006,
      0.002117000000000001,
      -0.0016270000000000034,
      0.0075789999999999955,
      0.007579000000000002
    ]
  },
  "ground_state": {
    "HOMO-LUMO": 1.6460273514755017,
    "charge": {
      "element": [
        "O",
        "C",
        "C",
        "C",
        "C",
        "C",
        "C",
        "C",
        "C",
        "C",
        "C",
        "C",
        "C",
        "N",
        "B",
        "F",
        "F",
        "N",
        "C",
        "C",
        "C",
        "C",
        "H",
        "H",
        "H",
        "H",
        "H",
        "H",
        "H",
        "H",
        "H",
        "H",
        "H",
        "H",
        "H"
      ],
      "charge": [
        -0.665286,
        0.344937,
        -0.019319,
        -0.056923,
        -0.022465,
        -0.020076,
        -0.054704,
        0.029771,
        0.086532,
        0.20542,
        -0.12936,
        -0.146763,
        0.27193,
        -0.243291,
        0.735198,
        -0.513759,
        -0.525928,
        -0.241747,
        0.276192,
        -0.143351,
        -0.128594,
        0.211794,
        0.355567,
        0.012034,
        -0.015363,
        0.031244,
        0.034104,
        0.034758,
        0.035369,
        0.043081,
        0.046644,
        0.043546,
        0.042854,
        0.04603,
        0.039923
      ]
    },
    "structure": {
      "bonds": 1.2904713637373684,
      "angles": 117.7757540676731,
      "DA": 90.68413304953133
    },
    "rotational_constant": {
      "A": 0.1983424,
      "B": 0.2475072,
      "C": 0.4752232
    },
    "rays_asymmetry_parameter": 0.6448666718674605,
    "volume": 384.7217
  },
  "excited_state": {
    "HOMO-LUMO": 1.3872471134124038,
    "charge": {
      "element": [
        "O",
        "C",
        "C",
        "C",
        "C",
        "C",
        "C",
        "C",
        "C",
        "C",
        "C",
        "C",
        "C",
        "N",
        "B",
        "F",
        "F",
        "N",
        "C",
        "C",
        "C",
        "C",
        "H",
        "H",
        "H",
        "H",
        "H",
        "H",
        "H",
        "H",
        "H",
        "H",
        "H",
        "H",
        "H"
      ],
      "charge": [
        -0.65594,
        0.347057,
        -0.012102,
        -0.055492,
        -0.0149,
        -0.021279,
        -0.053922,
        0.025606,
        0.086794,
        0.224084,
        -0.127206,
        -0.133613,
        0.297907,
        -0.250138,
        0.740547,
        -0.518058,
        -0.52883,
        -0.315006,
        0.288685,
        -0.186644,
        -0.184725,
        0.271569,
        0.349446,
        0.018918,
        -0.017493,
        0.032313,
        0.036257,
        0.035661,
        0.036883,
        0.047227,
        0.048393,
        0.045663,
        0.041227,
        0.053609,
        0.047502
      ]
    },
    "structure": {
      "bonds": 1.2975452069134208,
      "angles": 117.76882485933822,
      "DA": 90.1639464393665
    },
    "rotational_constant": {
      "A": 0.1921414,
      "B": 0.250713,
      "C": 0.4719599
    },
    "rays_asymmetry_parameter": 0.5813600601818678,
    "excited_energy": "1.7959",
    "volume": 383.75162
  },
  "exciting_path_mean_volume": 383.9274316666667
}