{
  "s0_rotational_constant_a": 0.0327433,
  "s0_rotational_constant_b": 0.0346025,
  "s0_rotational_constant_c": 0.138266,
  "s1_rotational_constant_a": 0.0323654,
  "s1_rotational_constant_b": 0.0344762,
  "s1_rotational_constant_c": 0.1433019,
  "s0_rays_asymmetry_parameter": 0.9647620843666813,
  "s1_rays_asymmetry_parameter": 0.9619457978212762,
  "s0_volume": 728.38855,
  "s1_volume": 726.30767,
  "delta_volume": -2.080879999999979,
  "s0_homo_lumo_gap": 0.9354021236082253,
  "s1_homo_lumo_gap": 0.09666026936358918,
  "delta_gap": -0.8387418542446361,
  "s0_dihedral_avg": -0.041661717725214466,
  "s1_dihedral_avg": -2.470918921597694,
  "delta_dihedral": -2.4292572038724796,
  "delta_dipole": null,
  "excitation_energy": "0.1113",
  "exciting_path_mean_volume": 727.3027933333334,
  "s0_bonds_avg": 1.285969286471594,
  "s1_bonds_avg": 1.2844069105521736,
  "s0_angles_avg": 119.17869010467366,
  "s1_angles_avg": 119.10085043304687
}