{
  "charge": {
    "element": [
      "O",
      "N",
      "O",
      "C",
      "C",
      "C",
      "C",
      "S",
      "O",
      "O",
      "N",
      "C",
      "C",
      "C",
      "C",
      "C",
      "C",
      "C",
      "C",
      "C",
      "C",
      "C",
      "C",
      "C",
      "C",
      "C",
      "C",
      "C",
      "C",
      "C",
      "C",
      "C",
      "C",
      "C",
      "C",
      "C",
      "C",
      "C",
      "N",
      "O",
      "O",
      "C",
      "H",
      "H",
      "H",
      "H",
      "H",
      "H",
      "H",
      "H",
      "H",
      "H",
      "H",
      "H",
      "H",
      "H",
      "H",
      "H",
      "H",
      "H",
      "H",
      "H",
      "H",
      "H",
      "H"
    ],
    "charge_variation": [
      -0.09141699999999997,
      -0.08422200000000002,
      -0.08634600000000003,
      -0.469268,
      -0.19124000000000002,
      -0.09273300000000001,
      -0.5297350000000001,
      -0.02940200000000004,
      -0.029332999999999942,
      -0.044227999999999934,
      -0.013426999999999967,
      0.07894600000000002,
      0.003591999999999998,
      0.061495,
      0.026620000000000005,
      0.350055,
      0.334144,
      0.061368000000000006,
      0.09244,
      0.0023759999999999996,
      0.11441899999999999,
      0.007445,
      0.083287,
      0.039386000000000004,
      0.073114,
      0.0016799999999999975,
      0.08775,
      0.003173000000000002,
      0.07059700000000001,
      0.06792500000000001,
      0.093987,
      0.0078070000000000014,
      0.12743,
      0.0031280000000000023,
      0.09962599999999999,
      0.06367500000000001,
      0.0022950000000000054,
      -0.1663,
      -0.030029000000000083,
      -0.03470099999999998,
      -0.014091999999999993,
      -0.08091899999999999,
      0.004931000000000005,
      0.0033030000000000004,
      0.0007400000000000184,
      -0.004146999999999998,
      -0.0002940000000000026,
      0.002567,
      0.0010369999999999997,
      0.0008820000000000008,
      0.0008739999999999998,
      0.002291999999999999,
      0.0019879999999999967,
      0.0006099999999999994,
      0.00016000000000000042,
      0.0002920000000000006,
      0.001981,
      0.004345000000000002,
      0.000623000000000002,
      0.00045700000000000254,
      0.000732,
      0.0022099999999999967,
      0.00013900000000000023,
      -1.000000000001e-06,
      0.003908999999999996
    ]
  },
  "ground_state": {
    "HOMO-LUMO": 0.9354021236082253,
    "structure": {
      "bonds": 1.285969286471594,
      "angles": 119.17869010467366,
      "DA": 90.23185659699207
    },
    "rotational_constant": {
      "A": 0.0327433,
      "B": 0.0346025,
      "C": 0.138266
    },
    "rays_asymmetry_parameter": 0.9647620843666813,
    "volume": 728.38855
  },
  "excited_state": {
    "HOMO-LUMO": 0.09666026936358918,
    "structure": {
      "bonds": 1.2844069105521736,
      "angles": 119.10085043304687,
      "DA": 90.0787231453081
    },
    "rotational_constant": {
      "A": 0.0323654,
      "B": 0.0344762,
      "C": 0.1433019
    },
    "rays_asymmetry_parameter": 0.9619457978212762,
    "excited_energy": "0.1113",
    "volume": 726.30767
  },
  "exciting_path_mean_volume": 727.3027933333334
}