{
  "s0_rotational_constant_a": 0.0088253,
  "s0_rotational_constant_b": 0.0090486,
  "s0_rotational_constant_c": 0.1140922,
  "s1_rotational_constant_a": 0.0088537,
  "s1_rotational_constant_b": 0.0090771,
  "s1_rotational_constant_c": 0.114207,
  "s0_rays_asymmetry_parameter": 0.9957574508226232,
  "s1_rays_asymmetry_parameter": 0.9957590317531582,
  "s0_volume": 1098.42663,
  "s1_volume": 1098.01741,
  "delta_volume": -0.4092200000000048,
  "s0_homo_lumo_gap": 0.4009814755047518,
  "s1_homo_lumo_gap": 0.03893132351176298,
  "delta_gap": -0.36205015199298884,
  "s0_dihedral_avg": 90.80199038793448,
  "s1_dihedral_avg": 90.4751274101716,
  "delta_dihedral": -0.326862977762886,
  "delta_dipole": {
    "element": [
      "N",
      "C",
      "C",
      "C",
      "C",
      "C",
      "C",
      "C",
      "N",
      "C",
      "C",
      "C",
      "C",
      "C",
      "C",
      "C",
      "C",
      "C",
      "C",
      "C",
      "C",
      "C",
      "C",
      "C",
      "C",
      "C",
      "C",
      "C",
      "C",
      "C",
      "N",
      "C",
      "C",
      "C",
      "P",
      "C",
      "C",
      "C",
      "C",
      "C",
      "C",
      "C",
      "C",
      "C",
      "C",
      "C",
      "C",
      "C",
      "C",
      "C",
      "C",
      "C",
      "C",
      "C",
      "C",
      "C",
      "C",
      "H",
      "H",
      "H",
      "H",
      "H",
      "H",
      "H",
      "H",
      "H",
      "H",
      "H",
      "H",
      "H",
      "H",
      "H",
      "H",
      "H",
      "H",
      "H",
      "H",
      "H",
      "H",
      "H",
      "H",
      "H",
      "H",
      "H",
      "H",
      "H",
      "H",
      "H",
      "H",
      "H",
      "H",
      "H",
      "H",
      "H",
      "H",
      "H",
      "H",
      "H",
      "H",
      "H",
      "H"
    ],
    "charge_variation": [
      0.00035600000000002296,
      0.0006170000000000897,
      0.001077999999999999,
      -0.001129999999999999,
      -0.0006549999999999993,
      -0.0026699999999999996,
      0.0007030000000000092,
      -0.004632000000000025,
      -0.006335000000000035,
      0.003170000000000006,
      -0.001471,
      -0.00043299999999999936,
      -0.0024230000000000015,
      -0.0002620000000000001,
      -0.0016310000000000213,
      0.0030779999999999696,
      -0.0015509999999999968,
      -0.00039400000000000025,
      -0.002370999999999998,
      -0.00023599999999999966,
      -0.0016349999999999976,
      0.0007659999999999889,
      -0.0027419999999999996,
      -0.0030759999999999954,
      0.002013999999999995,
      -0.0022869999999999974,
      0.00014000000000000123,
      -0.00031299999999997996,
      0.004804000000000003,
      -0.005920999999999982,
      0.03075,
      -0.005746000000000001,
      0.003605999999999998,
      -0.0118,
      -0.016255,
      0.001455999999999999,
      -0.001172000000000003,
      -0.00021700000000000018,
      -0.00038299999999999446,
      -6.399999999999982e-05,
      -0.0008449999999999985,
      -0.003952999999999998,
      0.011079000000000002,
      -0.0020659999999999993,
      0.009616,
      -0.002532999999999999,
      0.012861999999999998,
      0.0008450000000000055,
      -0.0010069999999999975,
      3.4000000000000176e-05,
      -0.0004890000000000033,
      -0.0002680000000000009,
      -0.0017219999999999978,
      -0.004063000000000011,
      0.004171999999999995,
      -0.002928,
      0.002706,
      -8.199999999999874e-05,
      -0.0003249999999999989,
      -0.0003259999999999999,
      1.0999999999997123e-05,
      -0.0002590000000000023,
      -0.00020299999999999485,
      -0.00032799999999999496,
      1.0000000000003062e-05,
      -9.999999999940612e-07,
      -0.0002540000000000042,
      -0.00022500000000000298,
      -0.00034799999999999415,
      4.9999999999980616e-06,
      -0.0003490000000000021,
      -0.0004720000000000002,
      -3.500000000000031e-05,
      -0.00047900000000000026,
      0.00015700000000000436,
      0.00037500000000000033,
      -0.0005279999999999998,
      0.00016399999999999748,
      -4.200000000000037e-05,
      -0.0005339999999999998,
      0.002008000000000003,
      -0.0009739999999999992,
      -0.00041000000000000064,
      -0.00017600000000000254,
      -8.299999999999974e-05,
      -0.0002139999999999989,
      0.00015899999999999942,
      0.002117000000000001,
      0.000895,
      0.0018550000000000025,
      0.0009329999999999963,
      0.001689000000000003,
      0.00031699999999999784,
      -0.00031899999999999984,
      -0.00011499999999999705,
      -0.00021999999999999797,
      -0.0004849999999999993,
      0.00011800000000000005,
      0.0008829999999999949,
      -0.0002050000000000038,
      0.00012000000000000205
    ]
  },
  "excitation_energy": "0.0569",
  "exciting_path_mean_volume": 1098.2200216666668,
  "s0_bonds_avg": 1.2786116767824074,
  "s1_bonds_avg": 1.2929784403494442,
  "s0_angles_avg": 118.90192373779783,
  "s1_angles_avg": 118.8991683901988,
  "delta_bonds": 0.014366763567036811,
  "delta_angles": -0.0027553475990345078
}