{
  "s0_rotational_constant_a": 0.0265029,
  "s0_rotational_constant_b": 0.0447322,
  "s0_rotational_constant_c": 0.0515721,
  "s1_rotational_constant_a": 0.0264442,
  "s1_rotational_constant_b": 0.043526,
  "s1_rotational_constant_c": 0.0546334,
  "s0_rays_asymmetry_parameter": -0.4543184465399773,
  "s1_rays_asymmetry_parameter": -0.21193932428022097,
  "s0_volume": 996.23317,
  "s1_volume": 996.21729,
  "delta_volume": -0.01587999999992462,
  "s0_homo_lumo_gap": 1.4235117215371873,
  "s1_homo_lumo_gap": 0.8048500785866346,
  "delta_gap": -0.6186616429505527,
  "s0_dihedral_avg": 90.34583006032854,
  "s1_dihedral_avg": 90.2226074650765,
  "delta_dihedral": -0.12322259525203094,
  "delta_dipole": {
    "element": [
      "O",
      "P",
      "C",
      "C",
      "C",
      "C",
      "C",
      "C",
      "C",
      "C",
      "C",
      "C",
      "C",
      "N",
      "C",
      "C",
      "C",
      "C",
      "C",
      "C",
      "C",
      "C",
      "C",
      "C",
      "C",
      "C",
      "C",
      "C",
      "C",
      "C",
      "C",
      "C",
      "C",
      "N",
      "C",
      "C",
      "C",
      "C",
      "C",
      "C",
      "C",
      "C",
      "C",
      "C",
      "C",
      "C",
      "C",
      "C",
      "C",
      "C",
      "C",
      "C",
      "C",
      "C",
      "H",
      "H",
      "H",
      "H",
      "H",
      "H",
      "H",
      "H",
      "H",
      "H",
      "H",
      "H",
      "H",
      "H",
      "H",
      "H",
      "H",
      "H",
      "H",
      "H",
      "H",
      "H",
      "H",
      "H",
      "H",
      "H",
      "H",
      "H",
      "H",
      "H",
      "H",
      "H",
      "H",
      "H",
      "H",
      "H",
      "H"
    ],
    "charge_variation": [
      0.008498000000000006,
      -0.045714000000000005,
      -0.005770999999999998,
      0.0008319999999999998,
      -0.0004289999999999988,
      -0.001351999999999999,
      -0.001967,
      -0.0009510000000000005,
      -0.025907,
      0.026504,
      -0.012637999999999996,
      0.016284000000000007,
      -0.01569799999999999,
      0.03615200000000002,
      0.0042879999999999585,
      -0.028194999999999998,
      0.0065840000000000004,
      -0.020255999999999996,
      0.00818,
      -0.021311999999999998,
      0.00150100000000003,
      -0.02210899999999999,
      0.006602,
      -0.015295000000000003,
      0.003152,
      -0.011977000000000015,
      0.023003999999999997,
      -0.005606999999999997,
      0.044338,
      -0.0011709999999999984,
      0.0013919999999999974,
      0.00867599999999999,
      0.003357999999999972,
      0.00573900000000005,
      0.0022949999999999915,
      -0.011824000000000001,
      0.004507000000000001,
      -0.0034479999999999927,
      0.004889000000000001,
      -0.00953699999999999,
      -0.00257099999999999,
      -0.0030150000000000177,
      0.0011990000000000004,
      0.0016410000000000036,
      -0.00034599999999999995,
      0.005101999999999995,
      0.009750999999999996,
      -0.0017909999999999975,
      -0.0008720000000000047,
      0.008165000000000006,
      0.0028709999999999994,
      0.0029749999999999985,
      0.007918,
      0.0065800000000000025,
      0.0003119999999999998,
      -0.0006209999999999966,
      -0.00037199999999999733,
      -0.0008160000000000008,
      -0.0018409999999999989,
      -0.00031699999999999784,
      0.0010399999999999993,
      -0.0019839999999999997,
      -0.0013570000000000006,
      -0.00011299999999999852,
      -0.0011339999999999996,
      0.0031870000000000023,
      -0.0009699999999999986,
      -0.0012379999999999995,
      -0.00015799999999999842,
      -0.0004259999999999993,
      0.0023010000000000044,
      -0.0006439999999999987,
      0.003692000000000001,
      -8.89999999999988e-05,
      4.399999999999543e-05,
      -0.001687999999999995,
      -0.0009119999999999996,
      0.0012020000000000017,
      -0.0004979999999999984,
      0.000453000000000002,
      -0.0009809999999999958,
      9.900000000000186e-05,
      0.0004369999999999999,
      0.0006159999999999985,
      0.0008109999999999992,
      0.003942999999999995,
      0.002803,
      -0.0016599999999999948,
      0.0019989999999999973,
      0.0018279999999999963,
      -0.00017000000000000348
    ]
  },
  "excitation_energy": "0.9622",
  "exciting_path_mean_volume": 996.0701983333335,
  "s0_bonds_avg": 1.2407874500366671,
  "s1_bonds_avg": 1.2954821691644445,
  "s0_angles_avg": 119.58791015464851,
  "s1_angles_avg": 119.57093362738537,
  "delta_bonds": 0.05469471912777735,
  "delta_angles": -0.016976527263139474
}