{
  "s0_rotational_constant_a": 0.0412013,
  "s0_rotational_constant_b": 0.0429348,
  "s0_rotational_constant_c": 0.3350458,
  "s1_rotational_constant_a": 0.0419837,
  "s1_rotational_constant_b": 0.045294,
  "s1_rotational_constant_c": 0.3196595,
  "s0_rays_asymmetry_parameter": 0.9882012424939041,
  "s1_rays_asymmetry_parameter": 0.9761570867897024,
  "s0_volume": 611.62644,
  "s1_volume": 616.57667,
  "delta_volume": 4.950230000000033,
  "s0_homo_lumo_gap": 2.053596702441356,
  "s1_homo_lumo_gap": 1.2793811971471962,
  "delta_gap": -0.7742155052941597,
  "s0_dihedral_avg": 3.297101547574632,
  "s1_dihedral_avg": 0.932064979781757,
  "delta_dihedral": -2.365036567792875,
  "delta_dipole": null,
  "excitation_energy": "1.4756",
  "exciting_path_mean_volume": 614.4667316666666,
  "s0_bonds_avg": 1.2903150606183054,
  "s1_bonds_avg": 1.290363762840508,
  "s0_angles_avg": 120.95160767296545,
  "s1_angles_avg": 120.54831172767493
}