{
  "s0_rotational_constant_a": 0.0412013,
  "s0_rotational_constant_b": 0.0429348,
  "s0_rotational_constant_c": 0.3350458,
  "s1_rotational_constant_a": 0.0419837,
  "s1_rotational_constant_b": 0.045294,
  "s1_rotational_constant_c": 0.3196595,
  "s0_rays_asymmetry_parameter": 0.9882012424939041,
  "s1_rays_asymmetry_parameter": 0.9761570867897024,
  "s0_volume": 611.62644,
  "s1_volume": 616.57667,
  "delta_volume": 4.950230000000033,
  "s0_homo_lumo_gap": 2.053596702441356,
  "s1_homo_lumo_gap": 1.2793811971471962,
  "delta_gap": -0.7742155052941597,
  "s0_dihedral_avg": 90.07140046519471,
  "s1_dihedral_avg": 90.33549672724966,
  "delta_dihedral": 0.26409626205494874,
  "delta_dipole": {
    "element": [
      "N",
      "C",
      "C",
      "C",
      "O",
      "C",
      "C",
      "C",
      "C",
      "C",
      "C",
      "C",
      "C",
      "C",
      "C",
      "C",
      "C",
      "C",
      "C",
      "N",
      "C",
      "C",
      "C",
      "C",
      "C",
      "C",
      "C",
      "C",
      "C",
      "C",
      "C",
      "C",
      "C",
      "C",
      "H",
      "H",
      "H",
      "H",
      "H",
      "H",
      "H",
      "H",
      "H",
      "H",
      "H",
      "H",
      "H",
      "H",
      "H",
      "H",
      "H",
      "H",
      "H",
      "H"
    ],
    "charge_variation": [
      -0.01855299999999993,
      0.013126000000000082,
      -0.0010450000000000043,
      -0.007611999999999952,
      -0.010867999999999989,
      0.014031000000000016,
      -0.011997999999999981,
      0.005730000000000001,
      -0.010918999999999998,
      0.007372,
      -0.02635699999999999,
      0.023823999999999984,
      -0.017017,
      0.033955999999999986,
      -0.0069190000000000085,
      0.013735,
      0.005827000000000002,
      0.024107000000000003,
      -0.006076999999999999,
      0.016141000000000016,
      0.008127999999999969,
      -0.017580000000000012,
      0.019409,
      -0.0305,
      0.008136999999999998,
      -0.021397000000000006,
      0.0004620000000000041,
      0.0015320000000000056,
      -0.012337,
      0.0026000000000000016,
      -0.017678,
      -0.0034330000000000194,
      0.020023,
      -0.0036759999999999987,
      -0.0005249999999999977,
      -0.0009259999999999963,
      0.0005900000000000002,
      -0.0017849999999999984,
      -0.0015019999999999964,
      0.004306999999999998,
      0.009826999999999995,
      -0.0015029999999999974,
      0.0011349999999999971,
      -0.0004960000000000034,
      0.0015459999999999988,
      0.0009720000000000006,
      0.000896000000000001,
      -0.0003429999999999961,
      0.0008010000000000031,
      -0.00025700000000000375,
      -0.0010739999999999986,
      -0.0056760000000000005,
      -0.0007690000000000058,
      0.0006069999999999964
    ]
  },
  "excitation_energy": "1.4756",
  "exciting_path_mean_volume": 614.4667316666666,
  "s0_bonds_avg": 1.2903150606183054,
  "s1_bonds_avg": 1.290363762840508,
  "s0_angles_avg": 120.95160767296545,
  "s1_angles_avg": 120.54831172767493,
  "delta_bonds": 4.870222220265674e-05,
  "delta_angles": -0.40329594529052315
}