{
  "charge": {
    "element": [
      "N",
      "C",
      "C",
      "C",
      "O",
      "C",
      "C",
      "C",
      "C",
      "C",
      "C",
      "C",
      "C",
      "C",
      "C",
      "C",
      "C",
      "C",
      "C",
      "N",
      "C",
      "C",
      "C",
      "C",
      "C",
      "C",
      "C",
      "C",
      "C",
      "C",
      "C",
      "C",
      "C",
      "C",
      "H",
      "H",
      "H",
      "H",
      "H",
      "H",
      "H",
      "H",
      "H",
      "H",
      "H",
      "H",
      "H",
      "H",
      "H",
      "H",
      "H",
      "H",
      "H",
      "H"
    ],
    "charge_variation": [
      -0.01855299999999993,
      0.013126000000000082,
      -0.0010450000000000043,
      -0.007611999999999952,
      -0.010867999999999989,
      0.014031000000000016,
      -0.011997999999999981,
      0.005730000000000001,
      -0.010918999999999998,
      0.007372,
      -0.02635699999999999,
      0.023823999999999984,
      -0.017017,
      0.033955999999999986,
      -0.0069190000000000085,
      0.013735,
      0.005827000000000002,
      0.024107000000000003,
      -0.006076999999999999,
      0.016141000000000016,
      0.008127999999999969,
      -0.017580000000000012,
      0.019409,
      -0.0305,
      0.008136999999999998,
      -0.021397000000000006,
      0.0004620000000000041,
      0.0015320000000000056,
      -0.012337,
      0.0026000000000000016,
      -0.017678,
      -0.0034330000000000194,
      0.020023,
      -0.0036759999999999987,
      -0.0005249999999999977,
      -0.0009259999999999963,
      0.0005900000000000002,
      -0.0017849999999999984,
      -0.0015019999999999964,
      0.004306999999999998,
      0.009826999999999995,
      -0.0015029999999999974,
      0.0011349999999999971,
      -0.0004960000000000034,
      0.0015459999999999988,
      0.0009720000000000006,
      0.000896000000000001,
      -0.0003429999999999961,
      0.0008010000000000031,
      -0.00025700000000000375,
      -0.0010739999999999986,
      -0.0056760000000000005,
      -0.0007690000000000058,
      0.0006069999999999964
    ]
  },
  "ground_state": {
    "HOMO-LUMO": 2.053596702441356,
    "charge": {
      "element": [
        "N",
        "C",
        "C",
        "C",
        "O",
        "C",
        "C",
        "C",
        "C",
        "C",
        "C",
        "C",
        "C",
        "C",
        "C",
        "C",
        "C",
        "C",
        "C",
        "N",
        "C",
        "C",
        "C",
        "C",
        "C",
        "C",
        "C",
        "C",
        "C",
        "C",
        "C",
        "C",
        "C",
        "C",
        "H",
        "H",
        "H",
        "H",
        "H",
        "H",
        "H",
        "H",
        "H",
        "H",
        "H",
        "H",
        "H",
        "H",
        "H",
        "H",
        "H",
        "H",
        "H",
        "H"
      ],
      "charge": [
        -0.738079,
        0.607161,
        -0.11534,
        0.513459,
        -0.458005,
        0.482856,
        -0.144717,
        0.002204,
        -0.0824,
        0.001018,
        -0.180377,
        -0.221965,
        0.023934,
        -0.143336,
        0.089922,
        0.004646,
        -0.031489,
        -0.103643,
        0.373915,
        -0.425991,
        0.318288,
        -0.150744,
        -0.024463,
        -0.079608,
        -0.040011,
        -0.045077,
        -0.044115,
        -0.039606,
        -0.079592,
        -0.024909,
        -0.153353,
        0.317855,
        -0.117756,
        -0.043259,
        0.048928,
        0.0326,
        0.035831,
        0.032082,
        0.039964,
        0.051062,
        0.035152,
        0.04401,
        0.042499,
        0.047063,
        0.041007,
        0.028704,
        0.031409,
        0.033331,
        0.033434,
        0.031454,
        0.028532,
        0.039497,
        0.04234,
        0.033679
      ]
    },
    "structure": {
      "bonds": 1.2903150606183054,
      "angles": 120.95160767296545,
      "DA": 90.07140046519471
    },
    "rotational_constant": {
      "A": 0.0412013,
      "B": 0.0429348,
      "C": 0.3350458
    },
    "rays_asymmetry_parameter": 0.9882012424939041,
    "volume": 611.62644
  },
  "excited_state": {
    "HOMO-LUMO": 1.2793811971471962,
    "charge": {
      "element": [
        "N",
        "C",
        "C",
        "C",
        "O",
        "C",
        "C",
        "C",
        "C",
        "C",
        "C",
        "C",
        "C",
        "C",
        "C",
        "C",
        "C",
        "C",
        "C",
        "N",
        "C",
        "C",
        "C",
        "C",
        "C",
        "C",
        "C",
        "C",
        "C",
        "C",
        "C",
        "C",
        "C",
        "C",
        "H",
        "H",
        "H",
        "H",
        "H",
        "H",
        "H",
        "H",
        "H",
        "H",
        "H",
        "H",
        "H",
        "H",
        "H",
        "H",
        "H",
        "H",
        "H",
        "H"
      ],
      "charge": [
        -0.756632,
        0.620287,
        -0.116385,
        0.505847,
        -0.468873,
        0.496887,
        -0.156715,
        0.007934,
        -0.093319,
        0.00839,
        -0.206734,
        -0.198141,
        0.006917,
        -0.10938,
        0.083003,
        0.018381,
        -0.025662,
        -0.079536,
        0.367838,
        -0.40985,
        0.326416,
        -0.168324,
        -0.005054,
        -0.110108,
        -0.031874,
        -0.066474,
        -0.043653,
        -0.038074,
        -0.091929,
        -0.022309,
        -0.171031,
        0.314422,
        -0.097733,
        -0.046935,
        0.048403,
        0.031674,
        0.036421,
        0.030297,
        0.038462,
        0.055369,
        0.044979,
        0.042507,
        0.043634,
        0.046567,
        0.042553,
        0.029676,
        0.032305,
        0.032988,
        0.034235,
        0.031197,
        0.027458,
        0.033821,
        0.041571,
        0.034286
      ]
    },
    "structure": {
      "bonds": 1.290363762840508,
      "angles": 120.54831172767493,
      "DA": 90.33549672724966
    },
    "rotational_constant": {
      "A": 0.0419837,
      "B": 0.045294,
      "C": 0.3196595
    },
    "rays_asymmetry_parameter": 0.9761570867897024,
    "excited_energy": "1.4756",
    "volume": 616.57667
  },
  "exciting_path_mean_volume": 614.4667316666666
}