{
  "s0_rotational_constant_a": 0.1274118,
  "s0_rotational_constant_b": 0.2505769,
  "s0_rotational_constant_c": 0.2592168,
  "s1_rotational_constant_a": 0.1272041,
  "s1_rotational_constant_b": 0.2495364,
  "s1_rotational_constant_c": 0.2594741,
  "s0_rays_asymmetry_parameter": -0.8688987519441597,
  "s1_rays_asymmetry_parameter": -0.8497361457624557,
  "s0_volume": 406.30193,
  "s1_volume": 406.78715,
  "delta_volume": 0.4852199999999698,
  "s0_homo_lumo_gap": 2.314205545341242,
  "s1_homo_lumo_gap": 2.1586326350305844,
  "delta_gap": -0.15557291031065734,
  "s0_dihedral_avg": 89.99999537417085,
  "s1_dihedral_avg": 90.00003354375913,
  "delta_dihedral": 3.816958827940198e-05,
  "delta_dipole": {
    "element": [
      "C",
      "C",
      "C",
      "C",
      "C",
      "C",
      "S",
      "C",
      "C",
      "C",
      "S",
      "C",
      "C",
      "C",
      "C",
      "C",
      "C",
      "S",
      "C",
      "C",
      "C",
      "S",
      "H",
      "H",
      "H",
      "H",
      "H",
      "H",
      "H",
      "H"
    ],
    "charge_variation": [
      -0.00909,
      0.002576999999999996,
      0.0008640000000000002,
      0.0008660000000000022,
      0.002577999999999997,
      -0.009096,
      0.008560000000000012,
      -0.004115000000000001,
      -7.599999999999968e-05,
      -0.004094,
      0.008540999999999993,
      -0.009105,
      0.002591999999999997,
      0.0008669999999999997,
      0.0008760000000000018,
      0.00257700000000001,
      -0.009098,
      0.008562,
      -0.0041059999999999985,
      -7.099999999999988e-05,
      -0.0040969999999999965,
      0.008557000000000009,
      0.0008210000000000023,
      0.0004129999999999967,
      0.0004139999999999977,
      0.0008210000000000023,
      0.0008240000000000053,
      0.00040799999999999864,
      0.00041200000000000264,
      0.0008210000000000023
    ]
  },
  "excitation_energy": "2.7497",
  "exciting_path_mean_volume": 435.07266000000004,
  "s0_bonds_avg": 1.4168676367656972,
  "s1_bonds_avg": 1.4194418370632893,
  "delta_bonds": 0.002574200297592144,
  "s0_angles_avg": 118.1130434261035,
  "s1_angles_avg": 118.10899037402547,
  "delta_angles": -0.00405305207803508
}