{
  "charge": {
    "element": [
      "C",
      "C",
      "C",
      "C",
      "C",
      "C",
      "S",
      "C",
      "C",
      "C",
      "S",
      "C",
      "C",
      "C",
      "C",
      "C",
      "C",
      "S",
      "C",
      "C",
      "C",
      "S",
      "H",
      "H",
      "H",
      "H",
      "H",
      "H",
      "H",
      "H"
    ],
    "charge_variation": [
      -0.00909,
      0.002576999999999996,
      0.0008640000000000002,
      0.0008660000000000022,
      0.002577999999999997,
      -0.009096,
      0.008560000000000012,
      -0.004115000000000001,
      -7.599999999999968e-05,
      -0.004094,
      0.008540999999999993,
      -0.009105,
      0.002591999999999997,
      0.0008669999999999997,
      0.0008760000000000018,
      0.00257700000000001,
      -0.009098,
      0.008562,
      -0.0041059999999999985,
      -7.099999999999988e-05,
      -0.0040969999999999965,
      0.008557000000000009,
      0.0008210000000000023,
      0.0004129999999999967,
      0.0004139999999999977,
      0.0008210000000000023,
      0.0008240000000000053,
      0.00040799999999999864,
      0.00041200000000000264,
      0.0008210000000000023
    ]
  },
  "ground_state": {
    "HOMO-LUMO": 2.314205545341242,
    "charge": {
      "element": [
        "C",
        "C",
        "C",
        "C",
        "C",
        "C",
        "S",
        "C",
        "C",
        "C",
        "S",
        "C",
        "C",
        "C",
        "C",
        "C",
        "C",
        "S",
        "C",
        "C",
        "C",
        "S",
        "H",
        "H",
        "H",
        "H",
        "H",
        "H",
        "H",
        "H"
      ],
      "charge": [
        -0.003828,
        -0.085023,
        0.026378,
        0.026368,
        -0.085024,
        -0.003839,
        -0.074898,
        0.045754,
        0.005225,
        0.045698,
        -0.0749,
        -0.003804,
        -0.08503,
        0.026369,
        0.026358,
        -0.085025,
        -0.003837,
        -0.074901,
        0.045745,
        0.005219,
        0.045701,
        -0.074895,
        0.043355,
        0.04569,
        0.045691,
        0.043355,
        0.043355,
        0.04569,
        0.045694,
        0.043356
      ]
    },
    "structure": {
      "bonds": 1.4168676367656972,
      "angles": 118.1130434261035,
      "DA": 89.99999537417085
    },
    "rotational_constant": {
      "A": 0.1274118,
      "B": 0.2505769,
      "C": 0.2592168
    },
    "rays_asymmetry_parameter": -0.8688987519441597,
    "volume": 406.30193
  },
  "excited_state": {
    "HOMO-LUMO": 2.1586326350305844,
    "charge": {
      "element": [
        "C",
        "C",
        "C",
        "C",
        "C",
        "C",
        "S",
        "C",
        "C",
        "C",
        "S",
        "C",
        "C",
        "C",
        "C",
        "C",
        "C",
        "S",
        "C",
        "C",
        "C",
        "S",
        "H",
        "H",
        "H",
        "H",
        "H",
        "H",
        "H",
        "H"
      ],
      "charge": [
        -0.012918,
        -0.082446,
        0.027242,
        0.027234,
        -0.082446,
        -0.012935,
        -0.066338,
        0.041639,
        0.005149,
        0.041604,
        -0.066359,
        -0.012909,
        -0.082438,
        0.027236,
        0.027234,
        -0.082448,
        -0.012935,
        -0.066339,
        0.041639,
        0.005148,
        0.041604,
        -0.066338,
        0.044176,
        0.046103,
        0.046105,
        0.044176,
        0.044179,
        0.046098,
        0.046106,
        0.044177
      ]
    },
    "structure": {
      "bonds": 1.4194418370632893,
      "angles": 118.10899037402547,
      "DA": 90.00003354375913
    },
    "rotational_constant": {
      "A": 0.1272041,
      "B": 0.2495364,
      "C": 0.2594741
    },
    "rays_asymmetry_parameter": -0.8497361457624557,
    "excited_energy": "2.7497",
    "volume": 406.78715
  },
  "exciting_path_mean_volume": 435.07266000000004
}