{
  "s0_rotational_constant_a": 0.0615522,
  "s0_rotational_constant_b": 0.0788124,
  "s0_rotational_constant_c": 0.1951506,
  "s1_rotational_constant_a": 0.0633066,
  "s1_rotational_constant_b": 0.0792743,
  "s1_rotational_constant_c": 0.1930475,
  "s0_rays_asymmetry_parameter": 0.7416106779721913,
  "s1_rays_asymmetry_parameter": 0.7538524859932374,
  "s0_volume": 672.54019,
  "s1_volume": 668.028,
  "delta_volume": -4.512190000000032,
  "s0_homo_lumo_gap": 2.2611542359692307,
  "s1_homo_lumo_gap": 1.372297180416414,
  "delta_gap": -0.8888570555528168,
  "s0_dihedral_avg": -0.9664254105606608,
  "s1_dihedral_avg": 6.910543462737883,
  "delta_dihedral": 7.876968873298544,
  "delta_dipole": null,
  "excitation_energy": "1.9522",
  "exciting_path_mean_volume": 669.8435950000002,
  "s0_bonds_avg": 1.2781957667698507,
  "s1_bonds_avg": 1.2847130949055223,
  "s0_angles_avg": 118.85833959403033,
  "s1_angles_avg": 118.85442696332122
}