{
  "charge": {
    "element": [
      "C",
      "C",
      "N",
      "C",
      "C",
      "C",
      "C",
      "C",
      "C",
      "C",
      "C",
      "C",
      "C",
      "C",
      "C",
      "C",
      "C",
      "C",
      "C",
      "C",
      "C",
      "C",
      "C",
      "C",
      "C",
      "C",
      "C",
      "C",
      "C",
      "C",
      "C",
      "C",
      "C",
      "C",
      "C",
      "H",
      "H",
      "H",
      "H",
      "H",
      "H",
      "H",
      "H",
      "H",
      "H",
      "H",
      "H",
      "H",
      "H",
      "H",
      "H",
      "H",
      "H",
      "H",
      "H",
      "H",
      "H",
      "H",
      "H",
      "H",
      "H",
      "H"
    ],
    "charge_variation": [
      -0.00406999999999999,
      -0.00606599999999996,
      0.023324999999999985,
      0.014288000000000023,
      -0.023478,
      0.014928,
      -0.022781999999999997,
      0.008139,
      -0.012593999999999994,
      0.011817000000000001,
      -0.0044350000000000014,
      0.008506,
      -0.0030950000000000005,
      -0.0007999999999999995,
      -0.0004990000000000029,
      -0.0014879999999999893,
      -0.005295999999999995,
      0.000956000000000002,
      -0.002799999999999997,
      -0.0004849999999999993,
      -0.0043330000000000035,
      -0.0007520000000000027,
      -0.001811000000000007,
      -0.000390999999999999,
      -0.0027690000000000006,
      0.0017150000000000012,
      -0.00204,
      -0.00293800000000001,
      -0.001338999999999993,
      0.002175,
      -0.0018970000000000029,
      0.0006600000000000009,
      -0.001583000000000001,
      0.0015129999999999866,
      -0.013266999999999973,
      0.0027790000000000037,
      0.00043299999999999936,
      0.000732,
      0.0012839999999999996,
      0.0009839999999999996,
      0.001124,
      0.0004740000000000022,
      0.0017149999999999978,
      0.0005840000000000012,
      0.000905000000000003,
      0.0016339999999999966,
      0.002353999999999995,
      -4.099999999999937e-05,
      0.0019479999999999983,
      -0.0003949999999999995,
      0.002976999999999997,
      0.0023440000000000023,
      -0.0004609999999999996,
      0.0014879999999999997,
      -0.000622000000000001,
      0.0011160000000000024,
      0.002152000000000001,
      -0.0005390000000000013,
      0.0022349999999999974,
      -0.00037699999999999886,
      0.0032839999999999987,
      0.0028789999999999996
    ]
  },
  "ground_state": {
    "HOMO-LUMO": 2.2611542359692307,
    "structure": {
      "bonds": 1.2781957667698507,
      "angles": 118.85833959403033,
      "DA": 90.62548238877248
    },
    "rotational_constant": {
      "A": 0.0615522,
      "B": 0.0788124,
      "C": 0.1951506
    },
    "rays_asymmetry_parameter": 0.7416106779721913,
    "volume": 672.54019
  },
  "excited_state": {
    "HOMO-LUMO": 1.372297180416414,
    "structure": {
      "bonds": 1.2847130949055223,
      "angles": 118.85442696332122,
      "DA": 90.67511357119383
    },
    "rotational_constant": {
      "A": 0.0633066,
      "B": 0.0792743,
      "C": 0.1930475
    },
    "rays_asymmetry_parameter": 0.7538524859932374,
    "excited_energy": "1.9522",
    "volume": 668.028
  },
  "exciting_path_mean_volume": 669.8435950000002
}