{
  "s0_rotational_constant_a": 0.0067934,
  "s0_rotational_constant_b": 0.0069291,
  "s0_rotational_constant_c": 0.0597002,
  "s1_rotational_constant_a": 0.0067928,
  "s1_rotational_constant_b": 0.0069705,
  "s1_rotational_constant_c": 0.057812,
  "s0_rays_asymmetry_parameter": 0.9948702246214096,
  "s1_rays_asymmetry_parameter": 0.9930339950450027,
  "s0_volume": 1462.80561,
  "s1_volume": 1455.97765,
  "delta_volume": -6.827959999999848,
  "s0_homo_lumo_gap": 2.098751268902124,
  "s1_homo_lumo_gap": 1.3251262505865102,
  "delta_gap": -0.7736250183156139,
  "s0_dihedral_avg": 0.3278404689463246,
  "s1_dihedral_avg": -2.675133649226308,
  "delta_dihedral": -3.0029741181726326,
  "delta_dipole": null,
  "excitation_energy": "1.6532",
  "exciting_path_mean_volume": 1458.2074599999999,
  "s0_bonds_avg": 1.2937354081061536,
  "s1_bonds_avg": 1.3039779064815384,
  "s0_angles_avg": 119.72238139033564,
  "s1_angles_avg": 119.71992550713686
}