{
  "s0_rotational_constant_a": 0.2932085,
  "s0_rotational_constant_b": 0.3590454,
  "s0_rotational_constant_c": 1.5828107,
  "s1_rotational_constant_a": 0.2914853,
  "s1_rotational_constant_b": 0.3577689,
  "s1_rotational_constant_c": 1.5575938,
  "s0_rays_asymmetry_parameter": 0.8978958007360718,
  "s1_rays_asymmetry_parameter": 0.8952955453659778,
  "s0_volume": 265.3798,
  "s1_volume": 266.55672,
  "delta_volume": 1.1769199999999955,
  "s0_homo_lumo_gap": 2.3354521920162847,
  "s1_homo_lumo_gap": 2.1044629378789326,
  "delta_gap": -0.23098925413735216,
  "s0_dihedral_avg": 3.5623765503817975,
  "s1_dihedral_avg": -3.635233863610633,
  "delta_dihedral": -7.197610413992431,
  "delta_dipole": null,
  "excitation_energy": "3.0091",
  "exciting_path_mean_volume": 265.82386333333335,
  "s0_bonds_avg": 1.2703107760704169,
  "s1_bonds_avg": 1.2872058542475,
  "s0_angles_avg": 117.57535736700211,
  "s1_angles_avg": 117.57205532076173
}