{
  "charge": {
    "element": [
      "C",
      "C",
      "N",
      "C",
      "C",
      "C",
      "C",
      "C",
      "C",
      "C",
      "C",
      "C",
      "O",
      "O",
      "H",
      "H",
      "H",
      "H",
      "H",
      "H",
      "H",
      "H",
      "H"
    ],
    "charge_variation": [
      0.0038529999999999953,
      -0.010939000000000032,
      -0.007368999999999959,
      0.011819000000000024,
      -0.0072590000000000016,
      0.009998000000000007,
      -0.009071999999999997,
      -0.007463000000000001,
      0.01175,
      -0.014195,
      -0.0025040000000000062,
      -0.007506000000000013,
      -0.01822899999999994,
      0.023789000000000005,
      0.0007669999999999969,
      0.000167999999999998,
      0.00015100000000000183,
      0.007300999999999995,
      0.005700000000000004,
      0.0022119999999999987,
      0.002524000000000002,
      0.0029390000000000006,
      0.0015639999999999994
    ]
  },
  "ground_state": {
    "HOMO-LUMO": 2.3354521920162847,
    "structure": {
      "bonds": 1.2703107760704169,
      "angles": 117.57535736700211,
      "DA": 90.04293019235467
    },
    "rotational_constant": {
      "A": 0.2932085,
      "B": 0.3590454,
      "C": 1.5828107
    },
    "rays_asymmetry_parameter": 0.8978958007360718,
    "volume": 265.3798
  },
  "excited_state": {
    "HOMO-LUMO": 2.1044629378789326,
    "structure": {
      "bonds": 1.2872058542475,
      "angles": 117.57205532076173,
      "DA": 90.0237934019973
    },
    "rotational_constant": {
      "A": 0.2914853,
      "B": 0.3577689,
      "C": 1.5575938
    },
    "rays_asymmetry_parameter": 0.8952955453659778,
    "excited_energy": "3.0091",
    "volume": 266.55672
  },
  "exciting_path_mean_volume": 265.82386333333335
}