{
  "s0_rotational_constant_a": 0.0330059,
  "s0_rotational_constant_b": 0.0362225,
  "s0_rotational_constant_c": 0.2928899,
  "s1_rotational_constant_a": 0.0342649,
  "s1_rotational_constant_b": 0.0366046,
  "s1_rotational_constant_c": 0.2704088,
  "s0_rays_asymmetry_parameter": 0.9752458789305997,
  "s1_rays_asymmetry_parameter": 0.9801841165492735,
  "s0_volume": 633.37631,
  "s1_volume": 635.17135,
  "delta_volume": 1.7950399999999718,
  "s0_homo_lumo_gap": 0.7733093662902171,
  "s1_homo_lumo_gap": 0.3876832733658011,
  "delta_gap": -0.38562609292441596,
  "s0_dihedral_avg": 90.11561043807859,
  "s1_dihedral_avg": 90.4334254177955,
  "delta_dihedral": 0.3178149797169141,
  "delta_dipole": {
    "element": [
      "C",
      "N",
      "C",
      "C",
      "C",
      "C",
      "C",
      "C",
      "C",
      "C",
      "C",
      "C",
      "C",
      "C",
      "C",
      "N",
      "C",
      "C",
      "C",
      "C",
      "C",
      "C",
      "C",
      "C",
      "C",
      "C",
      "C",
      "C",
      "C",
      "C",
      "O",
      "C",
      "C",
      "H",
      "H",
      "H",
      "H",
      "H",
      "H",
      "H",
      "H",
      "H",
      "H",
      "H",
      "H",
      "H",
      "H",
      "H",
      "H",
      "H",
      "H",
      "H",
      "H",
      "H",
      "H",
      "H",
      "H",
      "H"
    ],
    "charge_variation": [
      -0.004936999999999997,
      0.03132700000000002,
      -0.0031039999999999957,
      0.011348999999999998,
      -4.299999999998749e-05,
      0.0062359999999999915,
      0.017343,
      -0.010826000000000002,
      -0.008420999999999998,
      -0.012011999999999995,
      -0.009616999999999987,
      0.031791,
      -0.018734,
      0.03560400000000001,
      -0.0014060000000000183,
      -0.07327600000000001,
      0.025009000000000003,
      -0.0070380000000000165,
      0.0008740000000000006,
      -0.014384000000000008,
      0.002382,
      -0.023022999999999988,
      0.024533000000000027,
      -0.022002999999999995,
      0.0030629999999999998,
      -0.014299,
      0.0005380000000000003,
      -0.007567000000000018,
      0.037063,
      -0.015672000000000002,
      0.010653000000000024,
      0.011031000000000013,
      -0.0028940000000000077,
      0.002582000000000001,
      0.0017020000000000021,
      0.0016819999999999995,
      0.0023300000000000057,
      0.0019430000000000003,
      0.0017150000000000012,
      -0.002260000000000005,
      0.0010490000000000013,
      0.0033429999999999988,
      0.0007130000000000053,
      -0.0010819999999999996,
      0.002366,
      -0.0026460000000000025,
      -0.0010779999999999956,
      -0.003798999999999997,
      -0.004449999999999996,
      -0.004346000000000003,
      -0.0034170000000000034,
      -0.0009239999999999943,
      -0.002713999999999994,
      0.0021059999999999968,
      -0.0005990000000000023,
      0.0022070000000000006,
      0.001795999999999999,
      0.0022399999999999955
    ]
  },
  "excitation_energy": "0.8617",
  "exciting_path_mean_volume": 633.89732,
  "s0_bonds_avg": 1.2666149370440325,
  "s1_bonds_avg": 1.2702054883401617,
  "s0_angles_avg": 119.27618228029124,
  "s1_angles_avg": 119.27535722106623,
  "delta_bonds": 0.003590551296129174,
  "delta_angles": -0.0008250592250078626
}