{
  "charge": {
    "element": [
      "C",
      "N",
      "C",
      "C",
      "C",
      "C",
      "C",
      "C",
      "C",
      "C",
      "C",
      "C",
      "C",
      "C",
      "C",
      "N",
      "C",
      "C",
      "C",
      "C",
      "C",
      "C",
      "C",
      "C",
      "C",
      "C",
      "C",
      "C",
      "C",
      "C",
      "O",
      "C",
      "C",
      "H",
      "H",
      "H",
      "H",
      "H",
      "H",
      "H",
      "H",
      "H",
      "H",
      "H",
      "H",
      "H",
      "H",
      "H",
      "H",
      "H",
      "H",
      "H",
      "H",
      "H",
      "H",
      "H",
      "H",
      "H"
    ],
    "charge_variation": [
      -0.004936999999999997,
      0.03132700000000002,
      -0.0031039999999999957,
      0.011348999999999998,
      -4.299999999998749e-05,
      0.0062359999999999915,
      0.017343,
      -0.010826000000000002,
      -0.008420999999999998,
      -0.012011999999999995,
      -0.009616999999999987,
      0.031791,
      -0.018734,
      0.03560400000000001,
      -0.0014060000000000183,
      -0.07327600000000001,
      0.025009000000000003,
      -0.0070380000000000165,
      0.0008740000000000006,
      -0.014384000000000008,
      0.002382,
      -0.023022999999999988,
      0.024533000000000027,
      -0.022002999999999995,
      0.0030629999999999998,
      -0.014299,
      0.0005380000000000003,
      -0.007567000000000018,
      0.037063,
      -0.015672000000000002,
      0.010653000000000024,
      0.011031000000000013,
      -0.0028940000000000077,
      0.002582000000000001,
      0.0017020000000000021,
      0.0016819999999999995,
      0.0023300000000000057,
      0.0019430000000000003,
      0.0017150000000000012,
      -0.002260000000000005,
      0.0010490000000000013,
      0.0033429999999999988,
      0.0007130000000000053,
      -0.0010819999999999996,
      0.002366,
      -0.0026460000000000025,
      -0.0010779999999999956,
      -0.003798999999999997,
      -0.004449999999999996,
      -0.004346000000000003,
      -0.0034170000000000034,
      -0.0009239999999999943,
      -0.002713999999999994,
      0.0021059999999999968,
      -0.0005990000000000023,
      0.0022070000000000006,
      0.001795999999999999,
      0.0022399999999999955
    ]
  },
  "ground_state": {
    "HOMO-LUMO": 0.7733093662902171,
    "charge": {
      "element": [
        "C",
        "N",
        "C",
        "C",
        "C",
        "C",
        "C",
        "C",
        "C",
        "C",
        "C",
        "C",
        "C",
        "C",
        "C",
        "N",
        "C",
        "C",
        "C",
        "C",
        "C",
        "C",
        "C",
        "C",
        "C",
        "C",
        "C",
        "C",
        "C",
        "C",
        "O",
        "C",
        "C",
        "H",
        "H",
        "H",
        "H",
        "H",
        "H",
        "H",
        "H",
        "H",
        "H",
        "H",
        "H",
        "H",
        "H",
        "H",
        "H",
        "H",
        "H",
        "H",
        "H",
        "H",
        "H",
        "H",
        "H",
        "H"
      ],
      "charge": [
        0.20973,
        -0.256614,
        0.27019,
        -0.131776,
        0.16618,
        -0.174988,
        -0.033257,
        0.364181,
        -0.112745,
        -0.193969,
        0.469779,
        -0.063733,
        -0.016674,
        -0.140471,
        0.421866,
        -0.474816,
        0.360888,
        -0.128929,
        0.004127,
        -0.050773,
        -0.000476,
        -0.137749,
        0.362689,
        -0.138205,
        -0.002074,
        -0.05261,
        0.003958,
        -0.129234,
        -0.13938,
        -0.023648,
        -0.353368,
        -0.143263,
        0.273338,
        0.017397,
        0.020488,
        0.019711,
        0.032177,
        0.055924,
        0.048096,
        0.045525,
        0.055966,
        0.062974,
        0.035438,
        0.048001,
        0.041711,
        0.037045,
        0.038853,
        0.035475,
        0.037124,
        0.037341,
        0.034768,
        0.038435,
        0.036881,
        0.041972,
        0.049672,
        0.035092,
        0.054857,
        0.030901
      ]
    },
    "structure": {
      "bonds": 1.2666149370440325,
      "angles": 119.27618228029124,
      "DA": 90.11561043807859
    },
    "rotational_constant": {
      "A": 0.0330059,
      "B": 0.0362225,
      "C": 0.2928899
    },
    "rays_asymmetry_parameter": 0.9752458789305997,
    "volume": 633.37631
  },
  "excited_state": {
    "HOMO-LUMO": 0.3876832733658011,
    "charge": {
      "element": [
        "C",
        "N",
        "C",
        "C",
        "C",
        "C",
        "C",
        "C",
        "C",
        "C",
        "C",
        "C",
        "C",
        "C",
        "C",
        "N",
        "C",
        "C",
        "C",
        "C",
        "C",
        "C",
        "C",
        "C",
        "C",
        "C",
        "C",
        "C",
        "C",
        "C",
        "O",
        "C",
        "C",
        "H",
        "H",
        "H",
        "H",
        "H",
        "H",
        "H",
        "H",
        "H",
        "H",
        "H",
        "H",
        "H",
        "H",
        "H",
        "H",
        "H",
        "H",
        "H",
        "H",
        "H",
        "H",
        "H",
        "H",
        "H"
      ],
      "charge": [
        0.204793,
        -0.225287,
        0.267086,
        -0.120427,
        0.166137,
        -0.168752,
        -0.015914,
        0.353355,
        -0.121166,
        -0.205981,
        0.460162,
        -0.031942,
        -0.035408,
        -0.104867,
        0.42046,
        -0.548092,
        0.385897,
        -0.135967,
        0.005001,
        -0.065157,
        0.001906,
        -0.160772,
        0.387222,
        -0.160208,
        0.000989,
        -0.066909,
        0.004496,
        -0.136801,
        -0.102317,
        -0.03932,
        -0.342715,
        -0.132232,
        0.270444,
        0.019979,
        0.02219,
        0.021393,
        0.034507,
        0.057867,
        0.049811,
        0.043265,
        0.057015,
        0.066317,
        0.036151,
        0.046919,
        0.044077,
        0.034399,
        0.037775,
        0.031676,
        0.032674,
        0.032995,
        0.031351,
        0.037511,
        0.034167,
        0.044078,
        0.049073,
        0.037299,
        0.056653,
        0.033141
      ]
    },
    "structure": {
      "bonds": 1.2702054883401617,
      "angles": 119.27535722106623,
      "DA": 90.4334254177955
    },
    "rotational_constant": {
      "A": 0.0342649,
      "B": 0.0366046,
      "C": 0.2704088
    },
    "rays_asymmetry_parameter": 0.9801841165492735,
    "excited_energy": "0.8617",
    "volume": 635.17135
  },
  "exciting_path_mean_volume": 633.89732
}