{
  "s0_rotational_constant_a": 0.1165166,
  "s0_rotational_constant_b": 0.1395279,
  "s0_rotational_constant_c": 0.5592659,
  "s1_rotational_constant_a": 0.1186099,
  "s1_rotational_constant_b": 0.1363603,
  "s1_rotational_constant_c": 0.5568046,
  "s0_rays_asymmetry_parameter": 0.8960526871527521,
  "s1_rays_asymmetry_parameter": 0.9189839585006391,
  "s0_volume": 402.53369,
  "s1_volume": 407.37209,
  "delta_volume": 4.838400000000036,
  "s0_homo_lumo_gap": 1.5879038405919284,
  "s1_homo_lumo_gap": 1.6219316731574298,
  "delta_gap": 0.03402783256550146,
  "s0_dihedral_avg": 90.36618263016213,
  "s1_dihedral_avg": 90.36687880468742,
  "delta_dihedral": 0.0006961745252880291,
  "delta_dipole": {
    "element": [
      "C",
      "S",
      "C",
      "C",
      "C",
      "C",
      "C",
      "C",
      "C",
      "C",
      "C",
      "N",
      "B",
      "F",
      "F",
      "N",
      "C",
      "C",
      "C",
      "C",
      "C",
      "C",
      "H",
      "H",
      "H",
      "H",
      "H",
      "H",
      "H",
      "H",
      "H",
      "H",
      "H",
      "H",
      "H"
    ],
    "charge_variation": [
      0.003299,
      0.0013130000000000086,
      0.006339000000000011,
      -0.010579000000000005,
      0.0034179999999999974,
      -0.023518,
      0.012486999999999998,
      0.02376500000000001,
      -0.0024069999999999925,
      0.0020610000000000073,
      0.00750099999999998,
      -0.021060000000000023,
      0.0004529999999999257,
      -0.0008960000000000079,
      -0.0012739999999999974,
      -0.020966999999999958,
      0.007062000000000013,
      0.001574999999999993,
      -0.003818000000000016,
      0.023864999999999997,
      0.001683999999999998,
      -0.01441400000000001,
      -5.4999999999999494e-05,
      0.0002549999999999983,
      0.00017,
      0.001240999999999999,
      -0.0026390000000000025,
      0.002678,
      0.0008610000000000007,
      0.0005570000000000019,
      0.0005979999999999944,
      0.0006680000000000019,
      0.002024999999999999,
      -0.0029549999999999993,
      0.0007080000000000003
    ]
  },
  "excitation_energy": "2.0003",
  "exciting_path_mean_volume": 405.2695866666666,
  "s0_bonds_avg": 1.3059985309742104,
  "s1_bonds_avg": 1.3061123040292109,
  "delta_bonds": 0.00011377305500048784,
  "s0_angles_avg": 117.76853838044067,
  "s1_angles_avg": 117.81170716931754,
  "delta_angles": 0.04316878887686926
}