{
  "charge": {
    "element": [
      "C",
      "S",
      "C",
      "C",
      "C",
      "C",
      "C",
      "C",
      "C",
      "C",
      "C",
      "N",
      "B",
      "F",
      "F",
      "N",
      "C",
      "C",
      "C",
      "C",
      "C",
      "C",
      "H",
      "H",
      "H",
      "H",
      "H",
      "H",
      "H",
      "H",
      "H",
      "H",
      "H",
      "H",
      "H"
    ],
    "charge_variation": [
      0.003299,
      0.0013130000000000086,
      0.006339000000000011,
      -0.010579000000000005,
      0.0034179999999999974,
      -0.023518,
      0.012486999999999998,
      0.02376500000000001,
      -0.0024069999999999925,
      0.0020610000000000073,
      0.00750099999999998,
      -0.021060000000000023,
      0.0004529999999999257,
      -0.0008960000000000079,
      -0.0012739999999999974,
      -0.020966999999999958,
      0.007062000000000013,
      0.001574999999999993,
      -0.003818000000000016,
      0.023864999999999997,
      0.001683999999999998,
      -0.01441400000000001,
      -5.4999999999999494e-05,
      0.0002549999999999983,
      0.00017,
      0.001240999999999999,
      -0.0026390000000000025,
      0.002678,
      0.0008610000000000007,
      0.0005570000000000019,
      0.0005979999999999944,
      0.0006680000000000019,
      0.002024999999999999,
      -0.0029549999999999993,
      0.0007080000000000003
    ]
  },
  "ground_state": {
    "HOMO-LUMO": 1.5879038405919284,
    "charge": {
      "element": [
        "C",
        "S",
        "C",
        "C",
        "C",
        "C",
        "C",
        "C",
        "C",
        "C",
        "C",
        "N",
        "B",
        "F",
        "F",
        "N",
        "C",
        "C",
        "C",
        "C",
        "C",
        "C",
        "H",
        "H",
        "H",
        "H",
        "H",
        "H",
        "H",
        "H",
        "H",
        "H",
        "H",
        "H",
        "H"
      ],
      "charge": [
        0.018819,
        -0.188222,
        0.158596,
        -0.047947,
        -0.042746,
        0.025479,
        0.061462,
        0.201927,
        -0.127366,
        -0.145792,
        0.274094,
        -0.252052,
        0.733647,
        -0.518705,
        -0.518715,
        -0.252101,
        0.274542,
        -0.145306,
        -0.125962,
        0.201817,
        -0.041256,
        -0.070793,
        0.025661,
        0.039394,
        0.025435,
        0.041867,
        0.037608,
        0.045743,
        0.048269,
        0.044986,
        0.044949,
        0.048462,
        0.046391,
        0.037388,
        0.040428
      ]
    },
    "structure": {
      "bonds": 1.3059985309742104,
      "angles": 117.76853838044067,
      "DA": 90.36618263016213
    },
    "rotational_constant": {
      "A": 0.1165166,
      "B": 0.1395279,
      "C": 0.5592659
    },
    "rays_asymmetry_parameter": 0.8960526871527521,
    "volume": 402.53369
  },
  "excited_state": {
    "HOMO-LUMO": 1.6219316731574298,
    "charge": {
      "element": [
        "C",
        "S",
        "C",
        "C",
        "C",
        "C",
        "C",
        "C",
        "C",
        "C",
        "C",
        "N",
        "B",
        "F",
        "F",
        "N",
        "C",
        "C",
        "C",
        "C",
        "C",
        "C",
        "H",
        "H",
        "H",
        "H",
        "H",
        "H",
        "H",
        "H",
        "H",
        "H",
        "H",
        "H",
        "H"
      ],
      "charge": [
        0.022118,
        -0.186909,
        0.164935,
        -0.058526,
        -0.039328,
        0.001961,
        0.073949,
        0.225692,
        -0.129773,
        -0.143731,
        0.281595,
        -0.273112,
        0.7341,
        -0.519601,
        -0.519989,
        -0.273068,
        0.281604,
        -0.143731,
        -0.12978,
        0.225682,
        -0.039572,
        -0.085207,
        0.025606,
        0.039649,
        0.025605,
        0.043108,
        0.034969,
        0.048421,
        0.04913,
        0.045543,
        0.045547,
        0.04913,
        0.048416,
        0.034433,
        0.041136
      ]
    },
    "structure": {
      "bonds": 1.3061123040292109,
      "angles": 117.81170716931754,
      "DA": 90.36687880468742
    },
    "rotational_constant": {
      "A": 0.1186099,
      "B": 0.1363603,
      "C": 0.5568046
    },
    "rays_asymmetry_parameter": 0.9189839585006391,
    "excited_energy": "2.0003",
    "volume": 407.37209
  },
  "exciting_path_mean_volume": 405.2695866666666
}