{
  "s0_rotational_constant_a": 0.005537,
  "s0_rotational_constant_b": 0.0057351,
  "s0_rotational_constant_c": 0.0762176,
  "s1_rotational_constant_a": 0.0055787,
  "s1_rotational_constant_b": 0.0057021,
  "s1_rotational_constant_c": 0.0734035,
  "s0_rays_asymmetry_parameter": 0.9943945014615043,
  "s1_rays_asymmetry_parameter": 0.9963612130076316,
  "s0_volume": 1478.7968,
  "s1_volume": 1467.73941,
  "delta_volume": -11.057390000000169,
  "s0_homo_lumo_gap": 2.1563931383331507,
  "s1_homo_lumo_gap": 1.403263732563186,
  "delta_gap": -0.7531294057699647,
  "s0_dihedral_avg": -4.95931666735528,
  "s1_dihedral_avg": 8.493022602800572,
  "delta_dihedral": 13.452339270155852,
  "delta_dipole": null,
  "excitation_energy": "1.8174",
  "exciting_path_mean_volume": 1471.1342783333332,
  "s0_bonds_avg": 1.2867881419959313,
  "s1_bonds_avg": 1.277626409357517,
  "s0_angles_avg": 119.99809651667289,
  "s1_angles_avg": 119.99813814181184
}