{
  "s0_rotational_constant_a": 0.005537,
  "s0_rotational_constant_b": 0.0057351,
  "s0_rotational_constant_c": 0.0762176,
  "s1_rotational_constant_a": 0.0055787,
  "s1_rotational_constant_b": 0.0057021,
  "s1_rotational_constant_c": 0.0734035,
  "s0_rays_asymmetry_parameter": 0.9943945014615043,
  "s1_rays_asymmetry_parameter": 0.9963612130076316,
  "s0_volume": 1478.7968,
  "s1_volume": 1467.73941,
  "delta_volume": -11.057390000000169,
  "s0_homo_lumo_gap": 2.1563931383331507,
  "s1_homo_lumo_gap": 1.403263732563186,
  "delta_gap": -0.7531294057699647,
  "s0_dihedral_avg": 90.05448050648626,
  "s1_dihedral_avg": 90.08354845799708,
  "delta_dihedral": 0.029067951510825196,
  "delta_dipole": {
    "element": [
      "C",
      "C",
      "C",
      "C",
      "C",
      "C",
      "C",
      "C",
      "C",
      "C",
      "C",
      "C",
      "C",
      "C",
      "C",
      "C",
      "C",
      "C",
      "C",
      "C",
      "C",
      "C",
      "C",
      "C",
      "C",
      "C",
      "C",
      "C",
      "C",
      "C",
      "C",
      "C",
      "C",
      "C",
      "C",
      "C",
      "C",
      "C",
      "C",
      "C",
      "C",
      "C",
      "C",
      "C",
      "C",
      "C",
      "C",
      "C",
      "C",
      "C",
      "C",
      "C",
      "C",
      "C",
      "C",
      "C",
      "C",
      "C",
      "C",
      "C",
      "C",
      "C",
      "C",
      "C",
      "C",
      "C",
      "C",
      "C",
      "C",
      "C",
      "C",
      "C",
      "C",
      "C",
      "C",
      "C",
      "C",
      "C",
      "H",
      "H",
      "H",
      "H",
      "H",
      "H",
      "H",
      "H",
      "H",
      "H",
      "H",
      "H",
      "H",
      "H",
      "H",
      "H",
      "H",
      "H",
      "H",
      "H",
      "H",
      "H",
      "H",
      "H",
      "H",
      "H",
      "H",
      "H",
      "H",
      "H",
      "H",
      "H",
      "H",
      "H",
      "H",
      "H",
      "H",
      "H",
      "H",
      "H",
      "H",
      "H",
      "H",
      "H",
      "H",
      "H",
      "H",
      "H",
      "H",
      "H",
      "H",
      "H",
      "H",
      "H",
      "H",
      "H"
    ],
    "charge_variation": [
      -0.0008150000000000032,
      -0.001128999999999998,
      -0.0002560000000000062,
      -0.0003599999999999992,
      -0.0013510000000000015,
      0.0020359999999999996,
      -0.000686000000000006,
      -0.00022199999999999998,
      -0.001243000000000001,
      0.0003979999999999956,
      -0.0003730000000000018,
      0.0004030000000000006,
      -0.0019379999999999953,
      0.0010290000000000021,
      -0.0034100000000000033,
      0.0011660000000000004,
      0.0010809999999999986,
      -0.002374999999999995,
      -0.0003909999999999955,
      -0.0013930000000000053,
      -0.0002480000000000017,
      0.00020399999999999932,
      -0.0005189999999999917,
      -1.0999999999997123e-05,
      -6.300000000000056e-05,
      4.099999999999937e-05,
      -0.0012089999999999983,
      -0.00027399999999999647,
      -0.001582,
      7.700000000000762e-05,
      -0.004380999999999996,
      0.001137000000000006,
      0.001460999999999997,
      -0.004532000000000001,
      0.0006400000000000017,
      -0.001902000000000001,
      0.002005999999999999,
      -0.001623000000000003,
      -0.00024199999999999222,
      -0.0003569999999999962,
      -0.0011549999999999998,
      -0.0005960000000000062,
      -0.0005119999999999986,
      0.0004170000000000007,
      -0.0008100000000000052,
      -0.0004159999999999997,
      -0.0008289999999999999,
      1.1000000000004062e-05,
      0.00010199999999999793,
      -0.0010319999999999913,
      -0.0004799999999999943,
      8.299999999999974e-05,
      0.00011600000000000152,
      0.0005479999999999999,
      -0.0013720000000000017,
      0.00043499999999999095,
      0.0012920000000000015,
      -0.0035330000000000014,
      -0.0022910000000000014,
      -0.00029699999999999865,
      -0.00031299999999999384,
      -0.0003580000000000111,
      0.0001979999999999968,
      -0.0002070000000000058,
      -0.0013220000000000003,
      -0.0006450000000000067,
      1.7000000000003124e-05,
      -0.0034449999999999897,
      -0.0036559999999999926,
      0.000344000000000004,
      -0.001014000000000001,
      -0.000675999999999996,
      -0.0010349999999999977,
      -0.00046600000000000114,
      0.00022000000000000144,
      -0.0013299999999999979,
      0.00013599999999999723,
      -0.0004050000000000026,
      0.0006890000000000021,
      -2.8000000000000247e-05,
      0.001348000000000002,
      0.0011290000000000015,
      -2.999999999999531e-06,
      0.0003830000000000014,
      5.7999999999999025e-05,
      0.0004860000000000003,
      0.0010949999999999988,
      0.0020010000000000028,
      0.0018709999999999977,
      0.0013060000000000016,
      0.0005409999999999963,
      -0.00014100000000000223,
      0.0005350000000000008,
      -5.9999999999997555e-05,
      0.0014300000000000007,
      0.0018980000000000004,
      0.0018400000000000014,
      0.0021030000000000007,
      0.0013170000000000022,
      0.001165999999999997,
      9.000000000002062e-06,
      0.000562,
      -0.00010699999999999946,
      0.0007179999999999999,
      0.0012649999999999988,
      -0.00011800000000000005,
      0.00031899999999999984,
      -7.700000000000068e-05,
      0.0007399999999999976,
      0.0002679999999999974,
      -8.99999999999998e-05,
      0.0001910000000000002,
      5.400000000000196e-05,
      0.0008130000000000047,
      0.0010519999999999974,
      0.0019959999999999978,
      0.0020710000000000034,
      0.0013920000000000043,
      0.000622000000000001,
      -6.499999999999909e-05,
      0.0005159999999999991,
      -1.4000000000000123e-05,
      0.001457,
      0.0019539999999999974,
      0.001922,
      0.0019969999999999988,
      0.0015420000000000017,
      0.0015539999999999964,
      -2.2000000000001185e-05,
      0.0004730000000000012,
      -7.300000000000015e-05,
      0.0010529999999999984,
      0.000674000000000001,
      -0.00013099999999999917
    ]
  },
  "excitation_energy": "1.8174",
  "exciting_path_mean_volume": 1471.1342783333332,
  "s0_bonds_avg": 1.2867881419959313,
  "s1_bonds_avg": 1.277626409357517,
  "s0_angles_avg": 119.99809651667289,
  "s1_angles_avg": 119.99813814181184,
  "delta_bonds": -0.009161732638414355,
  "delta_angles": 4.1625138948120366e-05
}