{
  "s0_rotational_constant_a": 0.0579762,
  "s0_rotational_constant_b": 0.0599306,
  "s0_rotational_constant_c": 0.2019973,
  "s1_rotational_constant_a": 0.0554223,
  "s1_rotational_constant_b": 0.0606001,
  "s1_rotational_constant_c": 0.2009996,
  "s0_rays_asymmetry_parameter": 0.9728595323879626,
  "s1_rays_asymmetry_parameter": 0.928865283255013,
  "s0_volume": 645.28158,
  "s1_volume": 645.15105,
  "delta_volume": -0.1305299999999079,
  "s0_homo_lumo_gap": 2.3125864681420034,
  "s1_homo_lumo_gap": 1.3430585509948787,
  "delta_gap": -0.9695279171471247,
  "s0_dihedral_avg": 89.95778181826871,
  "s1_dihedral_avg": 90.00642742327742,
  "delta_dihedral": 0.04864560500870141,
  "delta_dipole": {
    "element": [
      "C",
      "C",
      "C",
      "C",
      "C",
      "N",
      "C",
      "C",
      "N",
      "C",
      "C",
      "C",
      "N",
      "C",
      "C",
      "C",
      "C",
      "C",
      "C",
      "C",
      "C",
      "C",
      "N",
      "C",
      "C",
      "C",
      "C",
      "C",
      "C",
      "C",
      "C",
      "C",
      "C",
      "C",
      "C",
      "H",
      "H",
      "H",
      "H",
      "H",
      "H",
      "H",
      "H",
      "H",
      "H",
      "H",
      "H",
      "H",
      "H",
      "H",
      "H",
      "H",
      "H",
      "H",
      "H",
      "H",
      "H",
      "H",
      "H"
    ],
    "charge_variation": [
      0.0031879999999999964,
      0.022074999999999997,
      0.0032259999999999997,
      0.013829,
      -0.023348000000000035,
      -0.0010390000000000121,
      0.01494899999999999,
      -0.0034809999999999564,
      0.0034600000000000186,
      0.009624000000000021,
      -0.008988999999999997,
      0.015583000000000014,
      -0.004707000000000017,
      0.0024150000000000005,
      -0.0033129999999999965,
      0.002324,
      -0.002831,
      0.0011549999999999998,
      -0.004897999999999986,
      -0.02188100000000001,
      0.035028000000000004,
      -0.02424599999999999,
      0.04188499999999995,
      -0.020266000000000006,
      0.015212000000000003,
      -0.004073,
      0.016199999999999992,
      -0.005879999999999999,
      0.026528999999999997,
      0.029540999999999984,
      -0.07084099999999999,
      0.027025,
      -0.06577299999999998,
      0.025397,
      -0.07209100000000002,
      0.003921999999999998,
      0.000792000000000001,
      -0.0035959999999999985,
      0.009152999999999994,
      0.002153000000000002,
      0.0005999999999999998,
      0.0033069999999999974,
      0.0010390000000000052,
      0.00024300000000000016,
      0.0017499999999999946,
      -0.00035199999999999815,
      0.0006319999999999937,
      0.009715999999999995,
      0.0007740000000000039,
      0.0038650000000000004,
      0.0006090000000000019,
      -0.000337999999999998,
      0.0028310000000000037,
      0.0019600000000000034,
      -0.0033000000000000043,
      -0.004210000000000002,
      0.001003999999999998,
      -0.0037979999999999993,
      0.0002549999999999983
    ]
  },
  "excitation_energy": "1.5484",
  "exciting_path_mean_volume": 645.3426266666667,
  "s0_bonds_avg": 1.2823811656339061,
  "s1_bonds_avg": 1.2821625493857813,
  "s0_angles_avg": 119.22220392641196,
  "s1_angles_avg": 119.19572666522544,
  "delta_bonds": -0.0002186162481248033,
  "delta_angles": -0.026477261186528267
}