{
  "s0_rotational_constant_a": 0.0113596,
  "s0_rotational_constant_b": 0.0139453,
  "s0_rotational_constant_c": 0.0548663,
  "s1_rotational_constant_a": 0.0114485,
  "s1_rotational_constant_b": 0.0140138,
  "s1_rotational_constant_c": 0.0541893,
  "s0_rays_asymmetry_parameter": 0.8811355492372438,
  "s1_rays_asymmetry_parameter": 0.8799601317710478,
  "s0_volume": 1093.07791,
  "s1_volume": 1090.26186,
  "delta_volume": -2.8160499999999047,
  "s0_homo_lumo_gap": 1.718034109200273,
  "s1_homo_lumo_gap": 1.0825095731342942,
  "delta_gap": -0.6355245360659789,
  "s0_dihedral_avg": 90.40398013516398,
  "s1_dihedral_avg": 90.37054379965194,
  "delta_dihedral": -0.03343633551203595,
  "delta_dipole": {
    "element": [
      "C",
      "C",
      "N",
      "C",
      "C",
      "C",
      "C",
      "C",
      "C",
      "C",
      "C",
      "C",
      "C",
      "N",
      "C",
      "C",
      "C",
      "C",
      "C",
      "C",
      "C",
      "C",
      "C",
      "C",
      "C",
      "C",
      "C",
      "C",
      "C",
      "C",
      "C",
      "C",
      "C",
      "C",
      "C",
      "C",
      "C",
      "C",
      "C",
      "C",
      "N",
      "C",
      "C",
      "C",
      "C",
      "C",
      "C",
      "C",
      "C",
      "C",
      "C",
      "C",
      "C",
      "C",
      "C",
      "C",
      "C",
      "C",
      "C",
      "H",
      "H",
      "H",
      "H",
      "H",
      "H",
      "H",
      "H",
      "H",
      "H",
      "H",
      "H",
      "H",
      "H",
      "H",
      "H",
      "H",
      "H",
      "H",
      "H",
      "H",
      "H",
      "H",
      "H",
      "H",
      "H",
      "H",
      "H",
      "H",
      "H",
      "H",
      "H",
      "H",
      "H",
      "H",
      "H",
      "H",
      "H",
      "H"
    ],
    "charge_variation": [
      0.0004170000000000007,
      -0.003703999999999985,
      0.01925899999999997,
      0.01428299999999999,
      -0.014724999999999988,
      0.009999999999999995,
      -0.017076,
      0.007532999999999998,
      -0.010649000000000006,
      0.0033409999999999968,
      -0.009022000000000002,
      0.0026949999999999995,
      0.0016019999999999923,
      -0.0037559999999999816,
      -0.008813999999999999,
      0.0029570000000000013,
      -0.0007769999999999999,
      -0.0009919999999999998,
      -0.000511000000000001,
      -0.0005460000000000013,
      -0.0012710000000000013,
      0.0034449999999999967,
      -0.0012860000000000024,
      -0.0009809999999999992,
      -0.0012630000000000002,
      -0.0013150000000000002,
      0.00021000000000000185,
      0.002475000000000005,
      -0.009801999999999998,
      0.005887000000000003,
      -0.012177,
      0.011619000000000004,
      -0.0018900000000000028,
      0.010090999999999998,
      -0.005164999999999989,
      0.004791000000000004,
      -0.0007720000000000019,
      0.013895999999999999,
      -0.024720000000000002,
      0.0034930000000000794,
      -0.024829999999999908,
      0.004828000000000002,
      -0.0008639999999999967,
      0.0024430000000000007,
      -0.0009510000000000005,
      0.003325999999999999,
      -0.0002659999999999989,
      0.003701000000000003,
      0.0012179999999999969,
      0.005054999999999997,
      0.00028199999999999927,
      0.005027,
      -0.0010539999999999994,
      0.003730999999999998,
      -0.008073999999999998,
      0.005728999999999998,
      -0.004983000000000001,
      0.009963,
      -0.020477999999999996,
      0.00068,
      3.200000000000078e-05,
      -7.999999999997592e-06,
      0.00145,
      5.399999999999936e-05,
      -1.4000000000000123e-05,
      0.0022179999999999978,
      0.001919999999999998,
      0.0018970000000000029,
      -0.00023300000000000404,
      -5.6000000000000494e-05,
      -0.0005959999999999993,
      -0.00017099999999999754,
      0.0006900000000000031,
      0.0002510000000000012,
      -7.999999999999674e-05,
      -0.00025199999999999875,
      2.3999999999999716e-05,
      0.0002400000000000041,
      0.000609999999999996,
      0.0017619999999999997,
      0.002723000000000003,
      0.0007760000000000059,
      -0.0009190000000000031,
      0.005611999999999999,
      0.0018639999999999976,
      -0.0003339999999999975,
      0.0018789999999999987,
      0.00010800000000000046,
      0.0019660000000000025,
      0.0015179999999999985,
      -0.00013099999999999917,
      0.0018269999999999953,
      4.100000000000284e-05,
      0.002484,
      0.0015910000000000021,
      -0.0018600000000000005,
      -0.00042600000000000277,
      0.00027900000000000147
    ]
  },
  "excitation_energy": "1.2740",
  "exciting_path_mean_volume": 1091.2958383333334,
  "s0_bonds_avg": 1.2922601685493398,
  "s1_bonds_avg": 1.2893017196628305,
  "delta_bonds": -0.002958448886509313,
  "s0_angles_avg": 119.92906162707536,
  "s1_angles_avg": 119.91516822851716,
  "delta_angles": -0.013893398558195713
}