{
  "s0_rotational_constant_a": 0.0619931,
  "s0_rotational_constant_b": 0.0697209,
  "s0_rotational_constant_c": 0.3628071,
  "s1_rotational_constant_a": 0.0646524,
  "s1_rotational_constant_b": 0.0716028,
  "s1_rotational_constant_c": 0.3312424,
  "s0_rays_asymmetry_parameter": 0.9486207423856604,
  "s1_rays_asymmetry_parameter": 0.947857008890056,
  "s0_volume": 562.75009,
  "s1_volume": 567.17317,
  "delta_volume": 4.423080000000027,
  "s0_homo_lumo_gap": 1.7331772430049117,
  "s1_homo_lumo_gap": 0.6774545538190209,
  "delta_gap": -1.0557226891858909,
  "s0_dihedral_avg": 92.39699575476054,
  "s1_dihedral_avg": 92.07425990026661,
  "delta_dihedral": -0.32273585449392783,
  "delta_dipole": {
    "element": [
      "C",
      "C",
      "C",
      "O",
      "C",
      "C",
      "C",
      "N",
      "C",
      "C",
      "C",
      "C",
      "C",
      "C",
      "C",
      "C",
      "C",
      "C",
      "N",
      "C",
      "N",
      "C",
      "C",
      "C",
      "C",
      "C",
      "C",
      "S",
      "H",
      "H",
      "H",
      "H",
      "H",
      "H",
      "H",
      "H",
      "H",
      "H",
      "H",
      "H",
      "H",
      "H",
      "H",
      "H",
      "H",
      "H",
      "H",
      "H",
      "H",
      "H",
      "H"
    ],
    "charge_variation": [
      0.015699999999999992,
      -0.018349,
      0.005433999999999994,
      -0.032367000000000035,
      -0.021876999999999924,
      0.0070530000000000315,
      0.0007809999999999762,
      0.0005880000000000329,
      -0.0008400000000000074,
      -0.0005489999999999939,
      0.0006529999999999592,
      -0.007309999999999997,
      -0.04246,
      0.005454,
      -0.033923999999999996,
      0.011330999999999999,
      0.065305,
      -0.008885000000000032,
      0.037461999999999995,
      -0.03018300000000007,
      -0.004597999999999991,
      0.0064509999999999845,
      0.003377000000000005,
      0.006866000000000004,
      0.008000999999999994,
      0.0009860000000000008,
      0.0006900000000000031,
      0.04364,
      -0.0025369999999999976,
      0.007098,
      -0.020876,
      0.0059320000000000015,
      -0.005807,
      -0.007304000000000005,
      -0.005694,
      -0.001079,
      -0.0018139999999999996,
      0.007751999999999995,
      -0.006818000000000001,
      0.0009060000000000006,
      -0.002298,
      -0.004002000000000002,
      -0.0008679999999999972,
      -0.0009090000000000001,
      0.0005560000000000009,
      -0.006762000000000001,
      0.017562,
      0.002002999999999998,
      0.0019290000000000002,
      0.0028779999999999986,
      0.0017210000000000003
    ]
  },
  "excitation_energy": "0.7827",
  "exciting_path_mean_volume": 565.61282,
  "s0_bonds_avg": 1.2654113750071696,
  "s1_bonds_avg": 1.2843886606743395,
  "delta_bonds": 0.01897728566716994,
  "s0_angles_avg": 116.76870749528528,
  "s1_angles_avg": 116.39544502440965,
  "delta_angles": -0.37326247087563047
}