{
  "charge": {
    "element": [
      "C",
      "C",
      "C",
      "O",
      "C",
      "C",
      "C",
      "N",
      "C",
      "C",
      "C",
      "C",
      "C",
      "C",
      "C",
      "C",
      "C",
      "C",
      "N",
      "C",
      "N",
      "C",
      "C",
      "C",
      "C",
      "C",
      "C",
      "S",
      "H",
      "H",
      "H",
      "H",
      "H",
      "H",
      "H",
      "H",
      "H",
      "H",
      "H",
      "H",
      "H",
      "H",
      "H",
      "H",
      "H",
      "H",
      "H",
      "H",
      "H",
      "H",
      "H"
    ],
    "charge_variation": [
      0.015699999999999992,
      -0.018349,
      0.005433999999999994,
      -0.032367000000000035,
      -0.021876999999999924,
      0.0070530000000000315,
      0.0007809999999999762,
      0.0005880000000000329,
      -0.0008400000000000074,
      -0.0005489999999999939,
      0.0006529999999999592,
      -0.007309999999999997,
      -0.04246,
      0.005454,
      -0.033923999999999996,
      0.011330999999999999,
      0.065305,
      -0.008885000000000032,
      0.037461999999999995,
      -0.03018300000000007,
      -0.004597999999999991,
      0.0064509999999999845,
      0.003377000000000005,
      0.006866000000000004,
      0.008000999999999994,
      0.0009860000000000008,
      0.0006900000000000031,
      0.04364,
      -0.0025369999999999976,
      0.007098,
      -0.020876,
      0.0059320000000000015,
      -0.005807,
      -0.007304000000000005,
      -0.005694,
      -0.001079,
      -0.0018139999999999996,
      0.007751999999999995,
      -0.006818000000000001,
      0.0009060000000000006,
      -0.002298,
      -0.004002000000000002,
      -0.0008679999999999972,
      -0.0009090000000000001,
      0.0005560000000000009,
      -0.006762000000000001,
      0.017562,
      0.002002999999999998,
      0.0019290000000000002,
      0.0028779999999999986,
      0.0017210000000000003
    ]
  },
  "ground_state": {
    "HOMO-LUMO": 1.7331772430049117,
    "charge": {
      "element": [
        "C",
        "C",
        "C",
        "O",
        "C",
        "C",
        "C",
        "N",
        "C",
        "C",
        "C",
        "C",
        "C",
        "C",
        "C",
        "C",
        "C",
        "C",
        "N",
        "C",
        "N",
        "C",
        "C",
        "C",
        "C",
        "C",
        "C",
        "S",
        "H",
        "H",
        "H",
        "H",
        "H",
        "H",
        "H",
        "H",
        "H",
        "H",
        "H",
        "H",
        "H",
        "H",
        "H",
        "H",
        "H",
        "H",
        "H",
        "H",
        "H",
        "H",
        "H"
      ],
      "charge": [
        -0.137622,
        -0.010366,
        0.358387,
        -0.476908,
        0.560429,
        -0.390701,
        0.476021,
        -0.571009,
        0.275739,
        -0.114347,
        0.27766,
        -0.113715,
        -0.242392,
        -0.0017,
        -0.123105,
        -0.020168,
        -0.04193,
        0.670964,
        -0.787953,
        0.558366,
        -0.861028,
        0.423908,
        -0.066026,
        -0.04123,
        -0.058473,
        -0.067954,
        0.04539,
        -0.167963,
        0.044223,
        0.035696,
        0.065466,
        -0.01887,
        0.003543,
        0.060283,
        0.001274,
        0.01459,
        0.02725,
        0.03563,
        0.022405,
        0.015317,
        0.001832,
        0.022828,
        0.031845,
        0.027351,
        0.047387,
        0.029855,
        0.027206,
        0.051822,
        0.031697,
        0.03261,
        0.036488
      ]
    },
    "structure": {
      "bonds": 1.2654113750071696,
      "angles": 116.76870749528528,
      "DA": 92.39699575476054
    },
    "rotational_constant": {
      "A": 0.0619931,
      "B": 0.0697209,
      "C": 0.3628071
    },
    "rays_asymmetry_parameter": 0.9486207423856604,
    "volume": 562.75009
  },
  "excited_state": {
    "HOMO-LUMO": 0.6774545538190209,
    "charge": {
      "element": [
        "C",
        "C",
        "C",
        "O",
        "C",
        "C",
        "C",
        "N",
        "C",
        "C",
        "C",
        "C",
        "C",
        "C",
        "C",
        "C",
        "C",
        "C",
        "N",
        "C",
        "N",
        "C",
        "C",
        "C",
        "C",
        "C",
        "C",
        "S",
        "H",
        "H",
        "H",
        "H",
        "H",
        "H",
        "H",
        "H",
        "H",
        "H",
        "H",
        "H",
        "H",
        "H",
        "H",
        "H",
        "H",
        "H",
        "H",
        "H",
        "H",
        "H",
        "H"
      ],
      "charge": [
        -0.121922,
        -0.028715,
        0.363821,
        -0.509275,
        0.538552,
        -0.383648,
        0.476802,
        -0.570421,
        0.274899,
        -0.114896,
        0.278313,
        -0.121025,
        -0.284852,
        0.003754,
        -0.157029,
        -0.008837,
        0.023375,
        0.662079,
        -0.750491,
        0.528183,
        -0.865626,
        0.430359,
        -0.062649,
        -0.034364,
        -0.050472,
        -0.066968,
        0.04608,
        -0.124323,
        0.041686,
        0.042794,
        0.04459,
        -0.012938,
        -0.002264,
        0.052979,
        -0.00442,
        0.013511,
        0.025436,
        0.043382,
        0.015587,
        0.016223,
        -0.000466,
        0.018826,
        0.030977,
        0.026442,
        0.047943,
        0.023093,
        0.044768,
        0.053825,
        0.033626,
        0.035488,
        0.038209
      ]
    },
    "structure": {
      "bonds": 1.2843886606743395,
      "angles": 116.39544502440965,
      "DA": 92.07425990026661
    },
    "rotational_constant": {
      "A": 0.0646524,
      "B": 0.0716028,
      "C": 0.3312424
    },
    "rays_asymmetry_parameter": 0.947857008890056,
    "excited_energy": "0.7827",
    "volume": 567.17317
  },
  "exciting_path_mean_volume": 565.61282
}