{
  "s0_rotational_constant_a": 0.0553688,
  "s0_rotational_constant_b": 0.0838841,
  "s0_rotational_constant_c": 0.1489613,
  "s1_rotational_constant_a": 0.0551137,
  "s1_rotational_constant_b": 0.086558,
  "s1_rotational_constant_c": 0.1404534,
  "s0_rays_asymmetry_parameter": 0.3906498918182545,
  "s1_rays_asymmetry_parameter": 0.26307919995031637,
  "s0_volume": 613.3979,
  "s1_volume": 615.41972,
  "delta_volume": 2.0218199999999342,
  "s0_homo_lumo_gap": 1.824123122253543,
  "s1_homo_lumo_gap": 1.1673056801639703,
  "delta_gap": -0.6568174420895727,
  "s0_dihedral_avg": 89.99634676349176,
  "s1_dihedral_avg": 90.15726414360334,
  "delta_dihedral": 0.1609173801115844,
  "delta_dipole": {
    "element": [
      "N",
      "C",
      "C",
      "C",
      "C",
      "C",
      "N",
      "C",
      "C",
      "C",
      "C",
      "C",
      "C",
      "C",
      "C",
      "C",
      "C",
      "C",
      "N",
      "C",
      "C",
      "C",
      "C",
      "C",
      "C",
      "C",
      "C",
      "C",
      "C",
      "C",
      "C",
      "C",
      "C",
      "C",
      "C",
      "H",
      "H",
      "H",
      "H",
      "H",
      "H",
      "H",
      "H",
      "H",
      "H",
      "H",
      "H",
      "H",
      "H",
      "H",
      "H",
      "H",
      "H",
      "H"
    ],
    "charge_variation": [
      -0.019303999999999988,
      0.01667300000000005,
      -0.015357999999999997,
      0.004123999999999999,
      0.021115999999999996,
      -0.012508000000000019,
      0.01883800000000002,
      -0.03895000000000004,
      -0.0015530000000000006,
      -0.015300000000000008,
      0.004070999999999998,
      -0.001904000000000003,
      -0.0011879999999999946,
      -0.0016690000000000003,
      -0.0007880000000000005,
      0.0010490000000000013,
      -0.0008029999999999982,
      0.005320999999999999,
      0.005153999999999992,
      0.010070999999999997,
      -0.0012959999999999985,
      -0.002294000000000001,
      0.001232999999999998,
      -0.002478999999999995,
      0.0004569999999999991,
      6.400000000000004e-05,
      -0.004579,
      0.0033280000000000046,
      -0.005174999999999999,
      0.004393000000000001,
      -0.0072539999999999966,
      -0.0025019999999999995,
      0.005449000000000009,
      0.014146000000000006,
      0.004248999999999999,
      0.004899000000000001,
      0.002600999999999999,
      0.002043000000000003,
      -0.0020000000000000018,
      -0.00035500000000000115,
      -0.0005129999999999996,
      -0.00035299999999999915,
      0.00042900000000000577,
      0.005048999999999998,
      4.399999999999543e-05,
      9.10000000000008e-05,
      0.0002020000000000008,
      0.00012799999999999617,
      0.00022099999999999898,
      4.400000000000237e-05,
      -0.000281,
      -0.0021849999999999994,
      0.0005240000000000036,
      0.004577999999999999
    ]
  },
  "excitation_energy": "1.3452",
  "exciting_path_mean_volume": 614.2778966666667,
  "s0_bonds_avg": 1.308880679579,
  "s1_bonds_avg": 1.3091795763878336,
  "s0_angles_avg": 120.49218826535188,
  "s1_angles_avg": 120.4556826686907,
  "delta_bonds": 0.00029889680883354863,
  "delta_angles": -0.036505596661186246
}