{
  "s0_rotational_constant_a": 0.0553688,
  "s0_rotational_constant_b": 0.0838841,
  "s0_rotational_constant_c": 0.1489613,
  "s1_rotational_constant_a": 0.0551137,
  "s1_rotational_constant_b": 0.086558,
  "s1_rotational_constant_c": 0.1404534,
  "s0_rays_asymmetry_parameter": 0.3906498918182545,
  "s1_rays_asymmetry_parameter": 0.26307919995031637,
  "s0_volume": 613.3979,
  "s1_volume": 615.41972,
  "delta_volume": 2.0218199999999342,
  "s0_homo_lumo_gap": 1.824123122253543,
  "s1_homo_lumo_gap": 1.1673056801639703,
  "delta_gap": -0.6568174420895727,
  "s0_dihedral_avg": -2.1515582961140596,
  "s1_dihedral_avg": 5.64719480547978,
  "delta_dihedral": 7.798753101593839,
  "delta_dipole": null,
  "excitation_energy": "1.3452",
  "exciting_path_mean_volume": 614.2778966666667,
  "s0_bonds_avg": 1.308880679579,
  "s1_bonds_avg": 1.3091795763878336,
  "s0_angles_avg": 120.49218826535188,
  "s1_angles_avg": 120.4556826686907
}