{
  "charge": {
    "element": [
      "N",
      "C",
      "C",
      "C",
      "C",
      "C",
      "N",
      "C",
      "C",
      "C",
      "C",
      "C",
      "C",
      "C",
      "C",
      "C",
      "C",
      "C",
      "N",
      "C",
      "C",
      "C",
      "C",
      "C",
      "C",
      "C",
      "C",
      "C",
      "C",
      "C",
      "C",
      "C",
      "C",
      "C",
      "C",
      "H",
      "H",
      "H",
      "H",
      "H",
      "H",
      "H",
      "H",
      "H",
      "H",
      "H",
      "H",
      "H",
      "H",
      "H",
      "H",
      "H",
      "H",
      "H"
    ],
    "charge_variation": [
      -0.019303999999999988,
      0.01667300000000005,
      -0.015357999999999997,
      0.004123999999999999,
      0.021115999999999996,
      -0.012508000000000019,
      0.01883800000000002,
      -0.03895000000000004,
      -0.0015530000000000006,
      -0.015300000000000008,
      0.004070999999999998,
      -0.001904000000000003,
      -0.0011879999999999946,
      -0.0016690000000000003,
      -0.0007880000000000005,
      0.0010490000000000013,
      -0.0008029999999999982,
      0.005320999999999999,
      0.005153999999999992,
      0.010070999999999997,
      -0.0012959999999999985,
      -0.002294000000000001,
      0.001232999999999998,
      -0.002478999999999995,
      0.0004569999999999991,
      6.400000000000004e-05,
      -0.004579,
      0.0033280000000000046,
      -0.005174999999999999,
      0.004393000000000001,
      -0.0072539999999999966,
      -0.0025019999999999995,
      0.005449000000000009,
      0.014146000000000006,
      0.004248999999999999,
      0.004899000000000001,
      0.002600999999999999,
      0.002043000000000003,
      -0.0020000000000000018,
      -0.00035500000000000115,
      -0.0005129999999999996,
      -0.00035299999999999915,
      0.00042900000000000577,
      0.005048999999999998,
      4.399999999999543e-05,
      9.10000000000008e-05,
      0.0002020000000000008,
      0.00012799999999999617,
      0.00022099999999999898,
      4.400000000000237e-05,
      -0.000281,
      -0.0021849999999999994,
      0.0005240000000000036,
      0.004577999999999999
    ]
  },
  "ground_state": {
    "HOMO-LUMO": 1.824123122253543,
    "charge": {
      "element": [
        "N",
        "C",
        "C",
        "C",
        "C",
        "C",
        "N",
        "C",
        "C",
        "C",
        "C",
        "C",
        "C",
        "C",
        "C",
        "C",
        "C",
        "C",
        "N",
        "C",
        "C",
        "C",
        "C",
        "C",
        "C",
        "C",
        "C",
        "C",
        "C",
        "C",
        "C",
        "C",
        "C",
        "C",
        "C",
        "H",
        "H",
        "H",
        "H",
        "H",
        "H",
        "H",
        "H",
        "H",
        "H",
        "H",
        "H",
        "H",
        "H",
        "H",
        "H",
        "H",
        "H",
        "H"
      ],
      "charge": [
        -0.703402,
        0.589845,
        0.047059,
        -0.02352,
        -0.121447,
        0.375165,
        -0.370251,
        0.694044,
        0.014636,
        -0.106135,
        -0.049533,
        0.065902,
        -0.062792,
        -0.028951,
        -0.029109,
        -0.055362,
        0.067253,
        -0.059455,
        -0.94495,
        0.334145,
        0.038463,
        -0.029268,
        -0.036849,
        -0.0391,
        -0.067976,
        -0.00097,
        0.016728,
        -0.050193,
        -0.045582,
        -0.018343,
        -0.109326,
        0.006101,
        0.140867,
        -0.108125,
        -0.024631,
        0.043122,
        0.046466,
        0.023526,
        0.035228,
        0.033679,
        0.03236,
        0.032222,
        0.035805,
        0.05183,
        0.048535,
        0.029113,
        0.028561,
        0.036566,
        0.038833,
        0.030895,
        0.029191,
        0.026479,
        0.049489,
        0.043166
      ]
    },
    "structure": {
      "bonds": 1.308880679579,
      "angles": 120.49218826535188,
      "DA": 89.99634676349176
    },
    "rotational_constant": {
      "A": 0.0553688,
      "B": 0.0838841,
      "C": 0.1489613
    },
    "rays_asymmetry_parameter": 0.3906498918182545,
    "volume": 613.3979
  },
  "excited_state": {
    "HOMO-LUMO": 1.1673056801639703,
    "charge": {
      "element": [
        "N",
        "C",
        "C",
        "C",
        "C",
        "C",
        "N",
        "C",
        "C",
        "C",
        "C",
        "C",
        "C",
        "C",
        "C",
        "C",
        "C",
        "C",
        "N",
        "C",
        "C",
        "C",
        "C",
        "C",
        "C",
        "C",
        "C",
        "C",
        "C",
        "C",
        "C",
        "C",
        "C",
        "C",
        "C",
        "H",
        "H",
        "H",
        "H",
        "H",
        "H",
        "H",
        "H",
        "H",
        "H",
        "H",
        "H",
        "H",
        "H",
        "H",
        "H",
        "H",
        "H",
        "H"
      ],
      "charge": [
        -0.722706,
        0.606518,
        0.031701,
        -0.019396,
        -0.100331,
        0.362657,
        -0.351413,
        0.655094,
        0.013083,
        -0.121435,
        -0.045462,
        0.063998,
        -0.06398,
        -0.03062,
        -0.029897,
        -0.054313,
        0.06645,
        -0.054134,
        -0.939796,
        0.344216,
        0.037167,
        -0.031562,
        -0.035616,
        -0.041579,
        -0.067519,
        -0.000906,
        0.012149,
        -0.046865,
        -0.050757,
        -0.01395,
        -0.11658,
        0.003599,
        0.146316,
        -0.093979,
        -0.020382,
        0.048021,
        0.049067,
        0.025569,
        0.033228,
        0.033324,
        0.031847,
        0.031869,
        0.036234,
        0.056879,
        0.048579,
        0.029204,
        0.028763,
        0.036694,
        0.039054,
        0.030939,
        0.02891,
        0.024294,
        0.050013,
        0.047744
      ]
    },
    "structure": {
      "bonds": 1.3091795763878336,
      "angles": 120.4556826686907,
      "DA": 90.15726414360334
    },
    "rotational_constant": {
      "A": 0.0551137,
      "B": 0.086558,
      "C": 0.1404534
    },
    "rays_asymmetry_parameter": 0.26307919995031637,
    "excited_energy": "1.3452",
    "volume": 615.41972
  },
  "exciting_path_mean_volume": 614.2778966666667
}