{
  "s0_rotational_constant_a": 0.0076468,
  "s0_rotational_constant_b": 0.0085419,
  "s0_rotational_constant_c": 0.0594742,
  "s1_rotational_constant_a": 0.0075824,
  "s1_rotational_constant_b": 0.008473,
  "s1_rotational_constant_c": 0.0594585,
  "s0_rays_asymmetry_parameter": 0.9654584254660662,
  "s1_rays_asymmetry_parameter": 0.9656643425392426,
  "s0_volume": 1361.53096,
  "s1_volume": 1358.8353,
  "delta_volume": -2.695660000000089,
  "s0_homo_lumo_gap": 1.981774982110784,
  "s1_homo_lumo_gap": 1.4004283066109071,
  "delta_gap": -0.5813466754998768,
  "s0_dihedral_avg": -2.081887295712045,
  "s1_dihedral_avg": 1.7803670247397902,
  "delta_dihedral": 3.8622543204518354,
  "delta_dipole": null,
  "excitation_energy": "1.6762",
  "exciting_path_mean_volume": 1359.868605,
  "s0_bonds_avg": 1.280400925623696,
  "s1_bonds_avg": 1.292470839455145,
  "s0_angles_avg": 118.82222434143031,
  "s1_angles_avg": 118.81660485143965
}