{
  "charge": {
    "element": [
      "Cl",
      "C",
      "C",
      "C",
      "C",
      "C",
      "C",
      "C",
      "C",
      "C",
      "C",
      "C",
      "C",
      "C",
      "C",
      "C",
      "C",
      "C",
      "C",
      "C",
      "C",
      "C",
      "C",
      "C",
      "C",
      "C",
      "C",
      "H",
      "H",
      "H",
      "H",
      "H",
      "H",
      "H",
      "H",
      "H",
      "H",
      "H",
      "H",
      "H",
      "H",
      "H",
      "H",
      "H"
    ],
    "charge_variation": [
      0.00011199999999997323,
      -0.0003830000000000222,
      -3.100000000000325e-05,
      -0.00016700000000000048,
      0.00015400000000000136,
      -0.000556999999999995,
      0.002207999999999998,
      -0.009189999999999997,
      0.007343000000000002,
      -0.008078999999999989,
      0.0005749999999999991,
      0.0003270000000000009,
      -0.007024000000000009,
      0.0066900000000000015,
      -0.006915000000000001,
      0.001237000000000002,
      -4.500000000000337e-05,
      0.0002899999999999986,
      -0.0007300000000000015,
      0.0003029999999999977,
      -4.699999999999149e-05,
      0.006738000000000001,
      -0.006990999999999997,
      0.0003459999999999991,
      0.0006169999999999995,
      -0.008069999999999994,
      0.0073690000000000005,
      -7.199999999999568e-05,
      -0.00011599999999999805,
      -0.00010799999999999699,
      0.00014200000000000323,
      0.0023539999999999985,
      0.0012679999999999983,
      0.001228,
      0.0022900000000000004,
      -4.60000000000009e-05,
      -0.0001559999999999999,
      0.00018599999999999867,
      -0.0001559999999999999,
      -5.6000000000000494e-05,
      0.0023179999999999937,
      0.0012270000000000024,
      0.0012659999999999998,
      0.0023479999999999994
    ]
  },
  "ground_state": {
    "HOMO-LUMO": 2.0367691841218796,
    "charge": {
      "element": [
        "Cl",
        "C",
        "C",
        "C",
        "C",
        "C",
        "C",
        "C",
        "C",
        "C",
        "C",
        "C",
        "C",
        "C",
        "C",
        "C",
        "C",
        "C",
        "C",
        "C",
        "C",
        "C",
        "C",
        "C",
        "C",
        "C",
        "C",
        "H",
        "H",
        "H",
        "H",
        "H",
        "H",
        "H",
        "H",
        "H",
        "H",
        "H",
        "H",
        "H",
        "H",
        "H",
        "H",
        "H"
      ],
      "charge": [
        -0.207524,
        0.251394,
        -0.085462,
        -0.032825,
        -0.04184,
        -0.057992,
        0.024421,
        -0.023723,
        0.042773,
        -0.065239,
        -0.026796,
        -0.030759,
        -0.058965,
        0.039504,
        -0.017689,
        0.086274,
        -0.069063,
        -0.01942,
        -0.045103,
        -0.020058,
        -0.071968,
        0.039508,
        -0.058964,
        -0.030756,
        -0.026791,
        -0.065235,
        0.042777,
        0.041023,
        0.031789,
        0.033393,
        0.033401,
        0.030677,
        0.02851,
        0.028671,
        0.033979,
        0.031196,
        0.02865,
        0.028471,
        0.028357,
        0.029571,
        0.03398,
        0.028671,
        0.028509,
        0.030676
      ]
    },
    "structure": {
      "bonds": 1.3145472171402082,
      "angles": 120.0000382069786,
      "DA": 90.0036386566239
    },
    "rotational_constant": {
      "A": 0.1043006,
      "B": 0.123586,
      "C": 0.322567
    },
    "rays_asymmetry_parameter": 0.8232856729207977,
    "volume": 513.02274
  },
  "excited_state": {
    "HOMO-LUMO": 1.6572411617915703,
    "charge": {
      "element": [
        "Cl",
        "C",
        "C",
        "C",
        "C",
        "C",
        "C",
        "C",
        "C",
        "C",
        "C",
        "C",
        "C",
        "C",
        "C",
        "C",
        "C",
        "C",
        "C",
        "C",
        "C",
        "C",
        "C",
        "C",
        "C",
        "C",
        "C",
        "H",
        "H",
        "H",
        "H",
        "H",
        "H",
        "H",
        "H",
        "H",
        "H",
        "H",
        "H",
        "H",
        "H",
        "H",
        "H",
        "H"
      ],
      "charge": [
        -0.207412,
        0.251011,
        -0.085493,
        -0.032992,
        -0.041686,
        -0.058549,
        0.026629,
        -0.032913,
        0.050116,
        -0.073318,
        -0.026221,
        -0.030432,
        -0.065989,
        0.046194,
        -0.024604,
        0.087511,
        -0.069108,
        -0.01913,
        -0.045833,
        -0.019755,
        -0.072015,
        0.046246,
        -0.065955,
        -0.03041,
        -0.026174,
        -0.073305,
        0.050146,
        0.040951,
        0.031673,
        0.033285,
        0.033543,
        0.033031,
        0.029778,
        0.029899,
        0.036269,
        0.03115,
        0.028494,
        0.028657,
        0.028201,
        0.029515,
        0.036298,
        0.029898,
        0.029775,
        0.033024
      ]
    },
    "structure": {
      "bonds": 1.3160767591606248,
      "angles": 119.999964750851,
      "DA": 90.0002104591497
    },
    "rotational_constant": {
      "A": 0.10426,
      "B": 0.1240417,
      "C": 0.3193163
    },
    "rays_asymmetry_parameter": 0.8160323598983151,
    "excited_energy": "2.4964",
    "volume": 513.74458
  },
  "exciting_path_mean_volume": 513.3264833333334
}