{
  "s0_rotational_constant_a": 0.0604591,
  "s0_rotational_constant_b": 0.0688681,
  "s0_rotational_constant_c": 0.3861213,
  "s1_rotational_constant_a": 0.0626706,
  "s1_rotational_constant_b": 0.0696545,
  "s1_rotational_constant_c": 0.3963129,
  "s0_rays_asymmetry_parameter": 0.9483575312087187,
  "s1_rays_asymmetry_parameter": 0.9581354042937602,
  "s0_volume": 566.10017,
  "s1_volume": 565.78038,
  "delta_volume": -0.3197900000000118,
  "s0_homo_lumo_gap": 2.1796207735813806,
  "s1_homo_lumo_gap": 1.416050360729943,
  "delta_gap": -0.7635704128514376,
  "s0_dihedral_avg": -1.4772502076922562,
  "s1_dihedral_avg": -1.7153439653744624,
  "delta_dihedral": -0.2380937576822062,
  "delta_dipole": null,
  "excitation_energy": "1.7286",
  "exciting_path_mean_volume": 565.460855,
  "s0_bonds_avg": 1.26066510208,
  "s1_bonds_avg": 1.2660627074800004,
  "s0_angles_avg": 116.72996484154737,
  "s1_angles_avg": 116.69840123323338
}