{
  "s0_rotational_constant_a": 0.0395265,
  "s0_rotational_constant_b": 0.0650326,
  "s0_rotational_constant_c": 0.0778846,
  "s1_rotational_constant_a": 0.0390042,
  "s1_rotational_constant_b": 0.0634532,
  "s1_rotational_constant_c": 0.0829383,
  "s0_rays_asymmetry_parameter": -0.3298938164299066,
  "s1_rays_asymmetry_parameter": -0.11298513000152485,
  "s0_volume": 756.79301,
  "s1_volume": 751.85712,
  "delta_volume": -4.935889999999972,
  "s0_homo_lumo_gap": 1.8731580317161831,
  "s1_homo_lumo_gap": 1.2633237609241652,
  "delta_gap": -0.6098342707920179,
  "s0_dihedral_avg": -3.0494877737092154,
  "s1_dihedral_avg": -7.268320798915377,
  "delta_dihedral": -4.218833025206161,
  "delta_dipole": null,
  "excitation_energy": "1.7396",
  "exciting_path_mean_volume": 754.3240783333334,
  "s0_bonds_avg": 1.3058592166399998,
  "s1_bonds_avg": 1.30320108083,
  "s0_angles_avg": 119.45295312910432,
  "s1_angles_avg": 119.42523152111659
}