{
  "s0_rotational_constant_a": 0.0133995,
  "s0_rotational_constant_b": 0.0137992,
  "s0_rotational_constant_c": 0.0954136,
  "s1_rotational_constant_a": 0.0133186,
  "s1_rotational_constant_b": 0.0137703,
  "s1_rotational_constant_c": 0.097906,
  "s0_rays_asymmetry_parameter": 0.9902528955386939,
  "s1_rays_asymmetry_parameter": 0.9893199223525017,
  "s0_volume": 1075.54012,
  "s1_volume": 1070.88175,
  "delta_volume": -4.658369999999877,
  "s0_homo_lumo_gap": 1.9076675057342296,
  "s1_homo_lumo_gap": 1.291237196066659,
  "delta_gap": -0.6164303096675705,
  "s0_dihedral_avg": -2.9317377511453224,
  "s1_dihedral_avg": 9.141425239260148,
  "delta_dihedral": 12.07316299040547,
  "delta_dipole": null,
  "excitation_energy": "1.6433",
  "exciting_path_mean_volume": 1072.1551266666665,
  "s0_bonds_avg": 1.2860208127538095,
  "s1_bonds_avg": 1.2850275727237144,
  "s0_angles_avg": 119.94246950969922,
  "s1_angles_avg": 119.94502917322183
}