{
  "s0_rotational_constant_a": 0.0220673,
  "s0_rotational_constant_b": 0.0271096,
  "s0_rotational_constant_c": 0.0805214,
  "s1_rotational_constant_a": 0.0238902,
  "s1_rotational_constant_b": 0.0290197,
  "s1_rotational_constant_c": 0.0692409,
  "s0_rays_asymmetry_parameter": 0.8274783120431245,
  "s1_rays_asymmetry_parameter": 0.7737851896442614,
  "s0_volume": 1016.09199,
  "s1_volume": 1015.63196,
  "delta_volume": -0.46002999999996064,
  "s0_homo_lumo_gap": 1.5378811579808462,
  "s1_homo_lumo_gap": 0.3788504589309656,
  "delta_gap": -1.1590306990498807,
  "s0_dihedral_avg": -3.094499302019835,
  "s1_dihedral_avg": -1.012778062756591,
  "delta_dihedral": 2.081721239263244,
  "delta_dipole": null,
  "excitation_energy": "0.4446",
  "exciting_path_mean_volume": 1015.2013716666667,
  "s0_bonds_avg": 1.2758394790782526,
  "s1_bonds_avg": 1.2762065121353396,
  "s0_angles_avg": 117.81362670141351,
  "s1_angles_avg": 117.81677467642585
}