{
  "charge": {
    "element": [
      "C",
      "C",
      "C",
      "C",
      "C",
      "O",
      "C",
      "C",
      "C",
      "C",
      "N",
      "C",
      "C",
      "C",
      "C",
      "C",
      "C",
      "C",
      "C",
      "C",
      "C",
      "C",
      "C",
      "C",
      "C",
      "H",
      "H",
      "H",
      "H",
      "H",
      "H",
      "H",
      "H",
      "H",
      "H",
      "H",
      "H",
      "H",
      "H",
      "H",
      "H",
      "H",
      "H",
      "H",
      "H",
      "H"
    ],
    "charge_variation": [
      -0.0009230000000000071,
      0.001177000000000001,
      -0.0018330000000000013,
      0.0012780000000000014,
      -0.00349900000000003,
      -0.025908000000000042,
      0.024394000000000006,
      0.007956999999999999,
      0.024421999999999985,
      -0.008640999999999954,
      0.021015000000000006,
      0.007475999999999983,
      -0.02745699999999998,
      0.014445,
      -0.02839,
      0.011055000000000002,
      -0.016859,
      -0.0061200000000000004,
      0.004979999999999998,
      -0.016873,
      0.009914,
      -0.020555000000000018,
      -0.00047999999999998044,
      0.032296000000000005,
      -0.010095,
      0.0008640000000000002,
      -0.00019500000000000073,
      -0.0006280000000000001,
      0.0009370000000000003,
      0.000392,
      0.001679,
      -0.0016260000000000007,
      -0.0021049999999999992,
      0.003587,
      0.00546,
      0.0009730000000000016,
      -0.006660999999999993,
      -0.0013029999999999986,
      0.0014079999999999995,
      0.00032500000000000584,
      0.0007430000000000006,
      0.0008089999999999972,
      -0.0004280000000000013,
      -0.00544,
      -0.0010590000000000044,
      0.009492
    ]
  },
  "ground_state": {
    "HOMO-LUMO": 2.4197911478367646,
    "charge": {
      "element": [
        "C",
        "C",
        "C",
        "C",
        "C",
        "O",
        "C",
        "C",
        "C",
        "C",
        "N",
        "C",
        "C",
        "C",
        "C",
        "C",
        "C",
        "C",
        "C",
        "C",
        "C",
        "C",
        "C",
        "C",
        "C",
        "H",
        "H",
        "H",
        "H",
        "H",
        "H",
        "H",
        "H",
        "H",
        "H",
        "H",
        "H",
        "H",
        "H",
        "H",
        "H",
        "H",
        "H",
        "H",
        "H",
        "H"
      ],
      "charge": [
        -0.081482,
        -0.021151,
        -0.023455,
        -0.132529,
        0.730195,
        -0.714576,
        -0.067625,
        0.021256,
        -0.131929,
        0.389634,
        -0.426136,
        0.314965,
        -0.152289,
        -0.021825,
        -0.076203,
        -0.03901,
        -0.043463,
        -0.042674,
        -0.038775,
        -0.076512,
        -0.023381,
        -0.153246,
        0.315121,
        -0.126891,
        -0.041782,
        0.024394,
        0.020729,
        0.020181,
        0.022186,
        0.019667,
        0.027742,
        0.011396,
        0.021817,
        0.042731,
        0.052061,
        0.046118,
        0.041543,
        0.030025,
        0.032372,
        0.034154,
        0.034262,
        0.032304,
        0.02936,
        0.040398,
        0.045378,
        0.034945
      ]
    },
    "structure": {
      "bonds": 1.2742044343375512,
      "angles": 116.99088118161018,
      "DA": 91.56813925933056
    },
    "rotational_constant": {
      "A": 0.0920756,
      "B": 0.1141135,
      "C": 0.3805367
    },
    "rays_asymmetry_parameter": 0.847203661082898,
    "volume": 492.01286
  },
  "excited_state": {
    "HOMO-LUMO": 1.5966604631585644,
    "charge": {
      "element": [
        "C",
        "C",
        "C",
        "C",
        "C",
        "O",
        "C",
        "C",
        "C",
        "C",
        "N",
        "C",
        "C",
        "C",
        "C",
        "C",
        "C",
        "C",
        "C",
        "C",
        "C",
        "C",
        "C",
        "C",
        "C",
        "H",
        "H",
        "H",
        "H",
        "H",
        "H",
        "H",
        "H",
        "H",
        "H",
        "H",
        "H",
        "H",
        "H",
        "H",
        "H",
        "H",
        "H",
        "H",
        "H",
        "H"
      ],
      "charge": [
        -0.082405,
        -0.019974,
        -0.025288,
        -0.131251,
        0.726696,
        -0.740484,
        -0.043231,
        0.029213,
        -0.107507,
        0.380993,
        -0.405121,
        0.322441,
        -0.179746,
        -0.00738,
        -0.104593,
        -0.027955,
        -0.060322,
        -0.048794,
        -0.033795,
        -0.093385,
        -0.013467,
        -0.173801,
        0.314641,
        -0.094595,
        -0.051877,
        0.025258,
        0.020534,
        0.019553,
        0.023123,
        0.020059,
        0.029421,
        0.00977,
        0.019712,
        0.046318,
        0.057521,
        0.047091,
        0.034882,
        0.028722,
        0.03378,
        0.034479,
        0.035005,
        0.033113,
        0.028932,
        0.034958,
        0.044319,
        0.044437
      ]
    },
    "structure": {
      "bonds": 1.2777378247632654,
      "angles": 116.98420349492642,
      "DA": 91.49040492934957
    },
    "rotational_constant": {
      "A": 0.0977156,
      "B": 0.1081705,
      "C": 0.3709489
    },
    "rays_asymmetry_parameter": 0.9234727245910364,
    "excited_energy": "1.8362",
    "volume": 497.38953
  },
  "exciting_path_mean_volume": 494.49191833333333
}