{
  "s0_rotational_constant_a": 0.0325854,
  "s0_rotational_constant_b": 0.0338318,
  "s0_rotational_constant_c": 0.6900618,
  "s1_rotational_constant_a": 0.0323551,
  "s1_rotational_constant_b": 0.0337123,
  "s1_rotational_constant_c": 0.6861303,
  "s0_rays_asymmetry_parameter": 0.9962085331123672,
  "s1_rays_asymmetry_parameter": 0.9958481141529993,
  "s0_volume": 600.52929,
  "s1_volume": 599.83851,
  "delta_volume": -0.6907799999999042,
  "s0_homo_lumo_gap": 1.9855709698300075,
  "s1_homo_lumo_gap": 1.657067008949971,
  "delta_gap": -0.3285039608800364,
  "s0_dihedral_avg": -0.991195282629542,
  "s1_dihedral_avg": 4.615144655653283,
  "delta_dihedral": 5.606339938282825,
  "delta_dipole": null,
  "excitation_energy": "2.3772",
  "exciting_path_mean_volume": 599.94252,
  "s0_bonds_avg": 1.2698937126449121,
  "s1_bonds_avg": 1.2755321399989477,
  "s0_angles_avg": 119.92899718912278,
  "s1_angles_avg": 119.89632613919608
}