{
  "charge": {
    "element": [
      "C",
      "O",
      "C",
      "C",
      "C",
      "C",
      "C",
      "C",
      "C",
      "C",
      "C",
      "N",
      "B",
      "F",
      "F",
      "N",
      "C",
      "C",
      "C",
      "C",
      "C",
      "C",
      "O",
      "C",
      "H",
      "H",
      "H",
      "H",
      "H",
      "H",
      "H",
      "H",
      "H",
      "H",
      "H",
      "H",
      "H",
      "H",
      "H"
    ],
    "charge_variation": [
      -0.0063149999999999595,
      0.0021399999999999753,
      -0.04196699999999998,
      0.019654999999999978,
      -0.03516999999999999,
      -0.022112,
      0.021808999999999995,
      0.023605000000000015,
      0.007884000000000002,
      0.0031809999999999894,
      0.012928999999999968,
      -0.021687999999999985,
      -0.00020699999999995722,
      0.0005180000000000184,
      -0.0014180000000000303,
      -0.021023999999999987,
      0.010228999999999988,
      0.0024210000000000065,
      0.00020200000000000773,
      0.02348699999999998,
      0.011798999999999976,
      -0.010772000000000004,
      0.01826899999999998,
      -0.009272000000000002,
      0.004429999999999999,
      0.004353,
      -7.200000000000002e-05,
      -0.003570999999999998,
      -0.004975,
      0.004754000000000001,
      0.0013960000000000014,
      0.0005259999999999987,
      0.000671999999999999,
      0.0010239999999999971,
      0.0018970000000000029,
      -0.010819000000000002,
      0.0010140000000000001,
      0.0059429999999999995,
      0.005245
    ]
  },
  "ground_state": {
    "HOMO-LUMO": 1.5966441363296644,
    "charge": {
      "element": [
        "C",
        "O",
        "C",
        "C",
        "C",
        "C",
        "C",
        "C",
        "C",
        "C",
        "C",
        "N",
        "B",
        "F",
        "F",
        "N",
        "C",
        "C",
        "C",
        "C",
        "C",
        "C",
        "O",
        "C",
        "H",
        "H",
        "H",
        "H",
        "H",
        "H",
        "H",
        "H",
        "H",
        "H",
        "H",
        "H",
        "H",
        "H",
        "H"
      ],
      "charge": [
        0.328553,
        -0.482817,
        0.440169,
        -0.223153,
        -0.082222,
        0.003012,
        0.077116,
        0.200728,
        -0.136169,
        -0.152057,
        0.261846,
        -0.25062,
        0.735606,
        -0.521078,
        -0.522242,
        -0.251392,
        0.264274,
        -0.151454,
        -0.12881,
        0.200857,
        -0.261024,
        0.431734,
        -0.489911,
        0.331553,
        -0.011118,
        -0.011098,
        0.005969,
        0.048636,
        0.04126,
        0.042769,
        0.045912,
        0.043991,
        0.04381,
        0.04628,
        0.045637,
        0.053544,
        0.004191,
        -0.011458,
        -0.010823
      ]
    },
    "structure": {
      "bonds": 1.282885187039762,
      "angles": 117.20078461570611,
      "DA": 90.47339759332229
    },
    "rotational_constant": {
      "A": 0.1189005,
      "B": 0.1460468,
      "C": 0.4490732
    },
    "rays_asymmetry_parameter": 0.835563025047195,
    "volume": 421.61071
  },
  "excited_state": {
    "HOMO-LUMO": 0.9136221338557848,
    "charge": {
      "element": [
        "C",
        "O",
        "C",
        "C",
        "C",
        "C",
        "C",
        "C",
        "C",
        "C",
        "C",
        "N",
        "B",
        "F",
        "F",
        "N",
        "C",
        "C",
        "C",
        "C",
        "C",
        "C",
        "O",
        "C",
        "H",
        "H",
        "H",
        "H",
        "H",
        "H",
        "H",
        "H",
        "H",
        "H",
        "H",
        "H",
        "H",
        "H",
        "H"
      ],
      "charge": [
        0.322238,
        -0.480677,
        0.398202,
        -0.203498,
        -0.117392,
        -0.0191,
        0.098925,
        0.224333,
        -0.128285,
        -0.148876,
        0.274775,
        -0.272308,
        0.735399,
        -0.52056,
        -0.52366,
        -0.272416,
        0.274503,
        -0.149033,
        -0.128608,
        0.224344,
        -0.249225,
        0.420962,
        -0.471642,
        0.322281,
        -0.006688,
        -0.006745,
        0.005897,
        0.045065,
        0.036285,
        0.047523,
        0.047308,
        0.044517,
        0.044482,
        0.047304,
        0.047534,
        0.042725,
        0.005205,
        -0.005515,
        -0.005578
      ]
    },
    "structure": {
      "bonds": 1.2839483288316669,
      "angles": 117.21490681488187,
      "DA": 90.75847332894044
    },
    "rotational_constant": {
      "A": 0.1251538,
      "B": 0.1364067,
      "C": 0.4462889
    },
    "rays_asymmetry_parameter": 0.929917969103969,
    "excited_energy": "1.0513",
    "volume": 427.75293
  },
  "exciting_path_mean_volume": 424.8962383333333
}