{
  "s0_rotational_constant_a": 0.0459992,
  "s0_rotational_constant_b": 0.0546614,
  "s0_rotational_constant_c": 0.2175239,
  "s1_rotational_constant_a": 0.0469859,
  "s1_rotational_constant_b": 0.0549156,
  "s1_rotational_constant_c": 0.2160694,
  "s0_rays_asymmetry_parameter": 0.8989976370750101,
  "s1_rays_asymmetry_parameter": 0.9062037395724596,
  "s0_volume": 658.11982,
  "s1_volume": 656.06268,
  "delta_volume": -2.057140000000004,
  "s0_homo_lumo_gap": 2.0124993529622093,
  "s1_homo_lumo_gap": 1.4807916795942666,
  "delta_gap": -0.5317076733679427,
  "s0_dihedral_avg": 4.9731149369409495,
  "s1_dihedral_avg": -16.424202974388137,
  "delta_dihedral": -21.397317911329086,
  "delta_dipole": null,
  "excitation_energy": "2.0921",
  "exciting_path_mean_volume": 656.5519083333334,
  "s0_bonds_avg": 1.283420621767778,
  "s1_bonds_avg": 1.2857466486700002,
  "s0_angles_avg": 119.97112279000541,
  "s1_angles_avg": 119.96059182573089
}