{
  "charge": {
    "element": [
      "C",
      "C",
      "C",
      "C",
      "C",
      "C",
      "C",
      "N",
      "C",
      "C",
      "C",
      "C",
      "C",
      "C",
      "C",
      "C",
      "C",
      "C",
      "C",
      "C",
      "C",
      "C",
      "C",
      "C",
      "C",
      "C",
      "C",
      "C",
      "C",
      "C",
      "C",
      "C",
      "C",
      "C",
      "H",
      "H",
      "H",
      "H",
      "H",
      "H",
      "H",
      "H",
      "H",
      "H",
      "H",
      "H",
      "H",
      "H",
      "H",
      "H",
      "H",
      "H",
      "H",
      "H",
      "H",
      "H",
      "H",
      "H",
      "H"
    ],
    "charge_variation": [
      0.0019570000000000004,
      -0.0006009999999999904,
      -0.0027199999999999447,
      0.004150999999999988,
      -0.0008079999999999962,
      -0.006747000000000003,
      0.0041959999999999775,
      -0.013722000000000012,
      0.0018279999999999963,
      -0.0011970000000000036,
      0.00192500000000001,
      0.0004679999999999962,
      -0.00043299999999999936,
      0.0021019999999999997,
      -0.0005249999999999977,
      -0.001341999999999996,
      0.0002570000000000003,
      -0.000449999999999999,
      -0.00040899999999999964,
      -0.0010010000000000019,
      -0.002479000000000009,
      -0.0010350000000000081,
      -0.00016499999999999848,
      0.0001419999999999963,
      0.0017200000000000028,
      -0.0014419999999999988,
      0.0005949999999999983,
      -0.0032029999999999975,
      0.0007959999999999981,
      -0.0021629999999999983,
      0.0008509999999999976,
      -0.00418099999999999,
      0.001797999999999994,
      -0.0012879999999999975,
      0.0029709999999999945,
      0.0002920000000000006,
      -0.0012520000000000031,
      0.0007019999999999978,
      0.0013680000000000046,
      -0.0006689999999999995,
      0.0012169999999999959,
      0.0009890000000000038,
      0.0013619999999999952,
      0.0005229999999999992,
      0.000959999999999999,
      0.00022500000000000298,
      0.00204,
      0.002055999999999999,
      4.29999999999979e-05,
      0.0006560000000000003,
      0.0004299999999999998,
      0.0012209999999999999,
      0.0021950000000000025,
      0.0005429999999999983,
      0.0007100000000000023,
      0.00016200000000000242,
      0.0026719999999999973,
      -0.00024199999999999916,
      0.0019529999999999964
    ]
  },
  "ground_state": {
    "HOMO-LUMO": 2.0124993529622093,
    "charge": {
      "element": [
        "C",
        "C",
        "C",
        "C",
        "C",
        "C",
        "C",
        "N",
        "C",
        "C",
        "C",
        "C",
        "C",
        "C",
        "C",
        "C",
        "C",
        "C",
        "C",
        "C",
        "C",
        "C",
        "C",
        "C",
        "C",
        "C",
        "C",
        "C",
        "C",
        "C",
        "C",
        "C",
        "C",
        "C",
        "H",
        "H",
        "H",
        "H",
        "H",
        "H",
        "H",
        "H",
        "H",
        "H",
        "H",
        "H",
        "H",
        "H",
        "H",
        "H",
        "H",
        "H",
        "H",
        "H",
        "H",
        "H",
        "H",
        "H",
        "H"
      ],
      "charge": [
        0.006985,
        -0.115095,
        0.521072,
        -0.141737,
        0.043626,
        -0.131615,
        0.414648,
        -0.827288,
        0.068791,
        -0.042899,
        -0.067488,
        0.077848,
        -0.017782,
        -0.018915,
        0.081372,
        -0.066022,
        -0.021172,
        -0.040598,
        -0.021493,
        -0.067851,
        0.081444,
        -0.068141,
        -0.02188,
        -0.041203,
        -0.020868,
        -0.065309,
        0.08093,
        -0.065837,
        -0.021056,
        -0.040328,
        -0.021251,
        -0.067847,
        -0.064925,
        -0.051526,
        0.052546,
        0.028994,
        0.030537,
        0.024902,
        0.031134,
        0.018584,
        0.031522,
        0.032422,
        0.031495,
        0.02866,
        0.027406,
        0.02763,
        0.030985,
        0.031039,
        0.027667,
        0.027417,
        0.028712,
        0.03131,
        0.031431,
        0.028694,
        0.027475,
        0.027821,
        0.030615,
        0.032235,
        0.032174
      ]
    },
    "structure": {
      "bonds": 1.283420621767778,
      "angles": 119.97112279000541,
      "DA": 90.0568132694376
    },
    "rotational_constant": {
      "A": 0.0459992,
      "B": 0.0546614,
      "C": 0.2175239
    },
    "rays_asymmetry_parameter": 0.8989976370750101,
    "volume": 658.11982
  },
  "excited_state": {
    "HOMO-LUMO": 1.4807916795942666,
    "charge": {
      "element": [
        "C",
        "C",
        "C",
        "C",
        "C",
        "C",
        "C",
        "N",
        "C",
        "C",
        "C",
        "C",
        "C",
        "C",
        "C",
        "C",
        "C",
        "C",
        "C",
        "C",
        "C",
        "C",
        "C",
        "C",
        "C",
        "C",
        "C",
        "C",
        "C",
        "C",
        "C",
        "C",
        "C",
        "C",
        "H",
        "H",
        "H",
        "H",
        "H",
        "H",
        "H",
        "H",
        "H",
        "H",
        "H",
        "H",
        "H",
        "H",
        "H",
        "H",
        "H",
        "H",
        "H",
        "H",
        "H",
        "H",
        "H",
        "H",
        "H"
      ],
      "charge": [
        0.008942,
        -0.115696,
        0.518352,
        -0.137586,
        0.042818,
        -0.138362,
        0.418844,
        -0.84101,
        0.070619,
        -0.044096,
        -0.065563,
        0.078316,
        -0.018215,
        -0.016813,
        0.080847,
        -0.067364,
        -0.020915,
        -0.041048,
        -0.021902,
        -0.068852,
        0.078965,
        -0.069176,
        -0.022045,
        -0.041061,
        -0.019148,
        -0.066751,
        0.081525,
        -0.06904,
        -0.02026,
        -0.042491,
        -0.0204,
        -0.072028,
        -0.063127,
        -0.052814,
        0.055517,
        0.029286,
        0.029285,
        0.025604,
        0.032502,
        0.017915,
        0.032739,
        0.033411,
        0.032857,
        0.029183,
        0.028366,
        0.027855,
        0.033025,
        0.033095,
        0.02771,
        0.028073,
        0.029142,
        0.032531,
        0.033626,
        0.029237,
        0.028185,
        0.027983,
        0.033287,
        0.031993,
        0.034127
      ]
    },
    "structure": {
      "bonds": 1.2857466486700002,
      "angles": 119.96059182573089,
      "DA": 90.23802278615709
    },
    "rotational_constant": {
      "A": 0.0469859,
      "B": 0.0549156,
      "C": 0.2160694
    },
    "rays_asymmetry_parameter": 0.9062037395724596,
    "excited_energy": "2.0921",
    "volume": 656.06268
  },
  "exciting_path_mean_volume": 656.5519083333334
}