{
  "s0_rotational_constant_a": 0.032888,
  "s0_rotational_constant_b": 0.0466201,
  "s0_rotational_constant_c": 0.0943733,
  "s1_rotational_constant_a": 0.0316748,
  "s1_rotational_constant_b": 0.0443815,
  "s1_rotational_constant_c": 0.094543,
  "s0_rays_asymmetry_parameter": 0.553320875070952,
  "s1_rays_asymmetry_parameter": 0.5957670173474031,
  "s0_volume": 909.90682,
  "s1_volume": 915.52747,
  "delta_volume": 5.620649999999955,
  "s0_homo_lumo_gap": 2.886779271445583,
  "s1_homo_lumo_gap": 0.6890193909564362,
  "delta_gap": -2.197759880489147,
  "s0_dihedral_avg": 90.27836193574312,
  "s1_dihedral_avg": 90.17165314884922,
  "delta_dihedral": -0.10670878689390406,
  "delta_dipole": {
    "element": [
      "C",
      "S",
      "C",
      "C",
      "C",
      "C",
      "C",
      "C",
      "C",
      "C",
      "C",
      "C",
      "C",
      "C",
      "C",
      "C",
      "C",
      "C",
      "C",
      "C",
      "C",
      "C",
      "C",
      "C",
      "C",
      "C",
      "S",
      "C",
      "C",
      "C",
      "C",
      "C",
      "C",
      "C",
      "C",
      "C",
      "C",
      "C",
      "C",
      "C",
      "C",
      "C",
      "C",
      "C",
      "C",
      "C",
      "H",
      "H",
      "H",
      "H",
      "H",
      "H",
      "H",
      "H",
      "H",
      "H",
      "H",
      "H",
      "H",
      "H",
      "H",
      "H",
      "H",
      "H",
      "H",
      "H",
      "H",
      "H",
      "H",
      "H",
      "H",
      "H",
      "H",
      "H",
      "H",
      "H",
      "H",
      "H",
      "H",
      "H"
    ],
    "charge_variation": [
      0.044784,
      -0.27270099999999997,
      0.089647,
      0.021308,
      -0.011026000000000008,
      0.017911999999999997,
      -0.0015829999999999993,
      -0.000116,
      -0.0012839999999999935,
      -0.0024330000000000046,
      0.0027839999999999983,
      -0.0005980000000000013,
      -0.0017040000000000007,
      0.0009789999999999938,
      -0.0019060000000000001,
      0.00044500000000000095,
      -0.0015580000000000038,
      -0.001011999999999999,
      -0.0019750000000000045,
      -0.0018080000000000006,
      -0.0001789999999999986,
      0.0052320000000000005,
      -0.002920000000000006,
      0.0023809999999999942,
      -0.007960000000000002,
      0.0012409999999999921,
      0.010047000000000028,
      0.002404,
      -0.004129000000000001,
      0.0019880000000000037,
      -0.0017439999999999999,
      0.0009940000000000088,
      -4.100000000001325e-05,
      -0.0016030000000000003,
      -0.0016690000000000038,
      -0.0010340000000000002,
      -0.0013240000000000057,
      0.000218,
      -0.0018149999999999972,
      0.0005290000000000017,
      -0.0015200000000000005,
      0.00010299999999999893,
      0.0022369999999999994,
      -0.002593000000000012,
      -0.012476000000000001,
      0.0247,
      0.02732,
      0.028971999999999998,
      0.027882999999999998,
      0.003712,
      -0.0009090000000000001,
      0.0015949999999999992,
      0.001077999999999999,
      0.0007500000000000007,
      0.0008969999999999985,
      0.0008930000000000014,
      0.0015370000000000002,
      0.00068,
      0.0008319999999999994,
      0.0009100000000000011,
      0.0016030000000000037,
      -0.00012199999999999711,
      -0.00021799999999999597,
      -0.0006230000000000055,
      -0.0004019999999999996,
      0.0002680000000000009,
      0.0009819999999999968,
      -0.00022699999999999804,
      0.0012049999999999977,
      0.0008439999999999975,
      0.0006770000000000005,
      0.0005189999999999986,
      0.0012439999999999986,
      0.0010190000000000025,
      0.0008100000000000017,
      0.0007290000000000005,
      0.0014210000000000021,
      0.0016980000000000016,
      -0.0007039999999999963,
      0.0039060000000000067
    ]
  },
  "excitation_energy": "0.7976",
  "exciting_path_mean_volume": 912.028515,
  "s0_bonds_avg": 1.311204388692556,
  "s1_bonds_avg": 1.3055293313721377,
  "delta_bonds": -0.005675057320418286,
  "s0_angles_avg": 118.82573935480173,
  "s1_angles_avg": 119.3848516698378,
  "delta_angles": 0.5591123150360744
}