{
  "s0_rotational_constant_a": 0.082253,
  "s0_rotational_constant_b": 0.1028623,
  "s0_rotational_constant_c": 0.1487675,
  "s1_rotational_constant_a": 0.0820675,
  "s1_rotational_constant_b": 0.1024029,
  "s1_rotational_constant_c": 0.1517537,
  "s0_rays_asymmetry_parameter": 0.3803065496996895,
  "s1_rays_asymmetry_parameter": 0.4163722516079222,
  "s0_volume": 682.63288,
  "s1_volume": 678.95948,
  "delta_volume": -3.673400000000015,
  "s0_homo_lumo_gap": 2.435908449099097,
  "s1_homo_lumo_gap": 1.7837659223511895,
  "delta_gap": -0.6521425267479075,
  "s0_dihedral_avg": 89.97450421856085,
  "s1_dihedral_avg": 90.01751448329169,
  "delta_dihedral": 0.0430102647308388,
  "delta_dipole": {
    "element": [
      "C",
      "C",
      "C",
      "C",
      "C",
      "C",
      "C",
      "C",
      "C",
      "C",
      "C",
      "C",
      "C",
      "C",
      "C",
      "C",
      "C",
      "C",
      "C",
      "C",
      "C",
      "C",
      "C",
      "C",
      "C",
      "C",
      "C",
      "C",
      "C",
      "C",
      "C",
      "C",
      "C",
      "C",
      "C",
      "C",
      "H",
      "H",
      "H",
      "H",
      "H",
      "H",
      "H",
      "H",
      "H",
      "H",
      "H",
      "H",
      "H",
      "H",
      "H",
      "H",
      "H",
      "H",
      "H",
      "H",
      "H",
      "H",
      "H",
      "H",
      "H",
      "H"
    ],
    "charge_variation": [
      -0.0012029999999999957,
      -0.0005979999999999978,
      -0.0026329999999999965,
      0.0005150000000000016,
      -0.002408999999999998,
      0.0007670000000000003,
      0.005353999999999998,
      -0.004085999999999992,
      0.0015119999999999995,
      -0.0026480000000000045,
      -0.0007179999999999999,
      -0.0025100000000000122,
      0.0027270000000000003,
      -0.0017630000000000007,
      0.0001399999999999943,
      6.300000000000056e-05,
      -9.699999999999986e-05,
      -0.0008860000000000014,
      0.0072389999999999954,
      0.00020299999999999485,
      -0.013033000000000003,
      0.010217000000000004,
      -0.010352999999999994,
      0.004158999999999996,
      0.004431000000000004,
      -0.01188800000000001,
      0.007189999999999988,
      -0.014562999999999993,
      0.0006710000000000049,
      -0.002817999999999987,
      -0.0004839999999999983,
      -0.0017269999999999994,
      0.001514999999999999,
      -0.004486000000000004,
      -0.002696000000000004,
      0.000725,
      0.00036699999999999927,
      0.0002720000000000014,
      0.0021989999999999996,
      0.0006819999999999951,
      0.00013799999999999923,
      0.00037699999999999886,
      0.0010379999999999973,
      0.0007869999999999995,
      0.001353,
      0.001405,
      -0.0004740000000000022,
      0.0005490000000000009,
      0.0008359999999999965,
      0.0038520000000000013,
      0.003504,
      0.0003799999999999984,
      0.0007390000000000001,
      0.00366,
      0.005599,
      0.0025370000000000045,
      0.00027600000000000194,
      0.00017499999999999807,
      -6.199999999999956e-05,
      0.002517000000000002,
      0.0011390000000000011,
      0.00033100000000000143
    ]
  },
  "excitation_energy": "2.1789",
  "exciting_path_mean_volume": 680.4162883333333,
  "s0_bonds_avg": 1.2850080913376118,
  "s1_bonds_avg": 1.289150836412836,
  "delta_bonds": 0.0041427450752240524,
  "s0_angles_avg": 119.99603117521907,
  "s1_angles_avg": 119.99347939096484,
  "delta_angles": -0.0025517842542370772
}