{
  "s0_rotational_constant_a": 0.0291447,
  "s0_rotational_constant_b": 0.0328149,
  "s0_rotational_constant_c": 0.1638962,
  "s1_rotational_constant_a": 0.028118,
  "s1_rotational_constant_b": 0.0313121,
  "s1_rotational_constant_c": 0.1626163,
  "s0_rays_asymmetry_parameter": 0.9455263948824317,
  "s1_rays_asymmetry_parameter": 0.9525034888916812,
  "s0_volume": 747.80715,
  "s1_volume": 750.54341,
  "delta_volume": 2.7362600000000157,
  "s0_homo_lumo_gap": 1.786337397902921,
  "s1_homo_lumo_gap": 0.755826053676595,
  "delta_gap": -1.0305113442263258,
  "s0_dihedral_avg": -6.9393596523206025,
  "s1_dihedral_avg": -2.614854820934658,
  "delta_dihedral": 4.324504831385944,
  "delta_dipole": null,
  "excitation_energy": "0.8692",
  "exciting_path_mean_volume": 749.305915,
  "s0_bonds_avg": 1.3086650840495835,
  "s1_bonds_avg": 1.3085272775391668,
  "s0_angles_avg": 119.97098207545538,
  "s1_angles_avg": 119.97147734405796
}