{
  "s0_rotational_constant_a": 0.0734428,
  "s0_rotational_constant_b": 0.0902004,
  "s0_rotational_constant_c": 0.1610048,
  "s1_rotational_constant_a": 0.0718746,
  "s1_rotational_constant_b": 0.0887415,
  "s1_rotational_constant_c": 0.164196,
  "s0_rays_asymmetry_parameter": 0.6172403554053129,
  "s1_rays_asymmetry_parameter": 0.6346047611929628,
  "s0_volume": 703.63135,
  "s1_volume": 700.20291,
  "delta_volume": -3.4284400000000232,
  "s0_homo_lumo_gap": 2.4314729939146287,
  "s1_homo_lumo_gap": 1.7727072169096707,
  "delta_gap": -0.658765777004958,
  "s0_dihedral_avg": 90.08058525814228,
  "s1_dihedral_avg": 90.04186518958474,
  "delta_dihedral": -0.03872006855753796,
  "delta_dipole": {
    "element": [
      "C",
      "C",
      "C",
      "C",
      "C",
      "C",
      "C",
      "C",
      "C",
      "C",
      "C",
      "C",
      "C",
      "C",
      "C",
      "C",
      "C",
      "C",
      "C",
      "C",
      "C",
      "N",
      "C",
      "C",
      "C",
      "C",
      "C",
      "C",
      "C",
      "C",
      "C",
      "C",
      "C",
      "N",
      "C",
      "C",
      "C",
      "C",
      "H",
      "H",
      "H",
      "H",
      "H",
      "H",
      "H",
      "H",
      "H",
      "H",
      "H",
      "H",
      "H",
      "H",
      "H",
      "H",
      "H",
      "H",
      "H",
      "H",
      "H",
      "H",
      "H",
      "H",
      "H",
      "H"
    ],
    "charge_variation": [
      0.0032949999999999993,
      0.002283999999999998,
      -0.0014110000000000095,
      0.003355999999999998,
      0.001459000000000002,
      0.000839999999999997,
      0.0035680000000000017,
      -0.0014070000000000055,
      0.0015989999999999997,
      0.003573,
      -0.0013819999999999995,
      -0.006539000000000003,
      0.0002009999999999998,
      -0.00043499999999999095,
      0.0009840000000000022,
      -0.0018950000000000009,
      0.0017230000000000023,
      -0.001738,
      0.00278299999999998,
      -0.0007550000000000057,
      -0.0036229999999999873,
      -0.00584399999999996,
      1.2000000000012001e-05,
      -0.0018179999999999863,
      0.0004170000000000007,
      0.0,
      0.0008500000000000001,
      -0.0018820000000000017,
      0.0020030000000000048,
      -0.0021220000000000006,
      0.0028640000000000054,
      -0.0016329999999999956,
      -0.0034129999999999994,
      -0.006904000000000021,
      0.00033199999999999896,
      -0.0018519999999999925,
      -0.0061360000000000026,
      -0.0014410000000000013,
      0.0008809999999999998,
      0.0007950000000000006,
      0.00016399999999999748,
      0.00017500000000000154,
      0.0009460000000000024,
      0.0011369999999999991,
      -0.0013400000000000044,
      0.002534999999999999,
      0.0013989999999999975,
      0.0011530000000000012,
      0.0008229999999999973,
      0.0010910000000000017,
      0.0006419999999999967,
      0.0014920000000000003,
      8.700000000000027e-05,
      -0.00010299999999999893,
      0.0012670000000000008,
      0.0012920000000000015,
      0.0008519999999999986,
      0.001124,
      0.0008490000000000025,
      0.0015530000000000023,
      7.800000000000168e-05,
      -5.6000000000000494e-05,
      0.002644999999999998,
      -0.0013989999999999975
    ]
  },
  "excitation_energy": "2.4670",
  "exciting_path_mean_volume": 701.4888183333333,
  "s0_bonds_avg": 1.2831231578271014,
  "s1_bonds_avg": 1.2910523766720288,
  "delta_bonds": 0.007929218844927366,
  "s0_angles_avg": 119.93617184363171,
  "s1_angles_avg": 119.91095649193872,
  "delta_angles": -0.02521535169299227
}