{
  "s0_rotational_constant_a": 0.1063105,
  "s0_rotational_constant_b": 0.1168963,
  "s0_rotational_constant_c": 1.090999,
  "s1_rotational_constant_a": 0.1060211,
  "s1_rotational_constant_b": 0.1173926,
  "s1_rotational_constant_c": 1.0715009,
  "s0_rays_asymmetry_parameter": 0.9784991903530914,
  "s1_rays_asymmetry_parameter": 0.9764438365256322,
  "s0_volume": 375.53284,
  "s1_volume": 375.60365,
  "delta_volume": 0.07080999999999449,
  "s0_homo_lumo_gap": 2.104609879339032,
  "s1_homo_lumo_gap": 1.8724859105931375,
  "delta_gap": -0.2321239687458947,
  "s0_dihedral_avg": 5.825541036379888,
  "s1_dihedral_avg": 14.73114892151516,
  "delta_dihedral": 8.905607885135272,
  "delta_dipole": null,
  "excitation_energy": "2.7428",
  "exciting_path_mean_volume": 375.30792,
  "s0_bonds_avg": 1.2785097752114287,
  "s1_bonds_avg": 1.290311329472,
  "s0_angles_avg": 118.34957897303852,
  "s1_angles_avg": 118.35827565385748
}