{
  "s0_rotational_constant_a": 0.0536289,
  "s0_rotational_constant_b": 0.0592067,
  "s0_rotational_constant_c": 0.2640145,
  "s1_rotational_constant_a": 0.0542741,
  "s1_rotational_constant_b": 0.0605475,
  "s1_rotational_constant_c": 0.2620454,
  "s0_rays_asymmetry_parameter": 0.9469754583963922,
  "s1_rays_asymmetry_parameter": 0.9396124488800908,
  "s0_volume": 542.23812,
  "s1_volume": 543.48764,
  "delta_volume": 1.249520000000075,
  "s0_homo_lumo_gap": 1.140992274253664,
  "s1_homo_lumo_gap": 0.4447020021604806,
  "delta_gap": -0.6962902720931834,
  "s0_dihedral_avg": 88.50035261873327,
  "s1_dihedral_avg": 88.7654625374013,
  "delta_dihedral": 0.26510991866803124,
  "delta_dipole": {
    "element": [
      "N",
      "C",
      "C",
      "C",
      "F",
      "C",
      "C",
      "C",
      "C",
      "C",
      "C",
      "N",
      "C",
      "C",
      "C",
      "C",
      "C",
      "C",
      "C",
      "C",
      "C",
      "C",
      "C",
      "C",
      "C",
      "C",
      "C",
      "N",
      "S",
      "N",
      "C",
      "H",
      "H",
      "H",
      "H",
      "H",
      "H",
      "H",
      "H",
      "H",
      "H",
      "H",
      "H",
      "H",
      "H",
      "H"
    ],
    "charge_variation": [
      0.009422000000000041,
      -0.001615000000000033,
      0.014066999999999996,
      -0.007655000000000078,
      -0.003043999999999991,
      0.015095000000000025,
      -0.013925000000000007,
      0.034175,
      -0.014268000000000003,
      0.041113999999999984,
      -0.013790000000000024,
      0.00576500000000002,
      0.014220999999999984,
      -0.028911999999999993,
      0.007412,
      -0.031613,
      0.012496,
      -0.04875299999999999,
      0.008337999999999957,
      -0.037384,
      0.009066000000000001,
      -0.023383,
      0.0036699999999999997,
      -0.017839999999999995,
      0.04292800000000001,
      -0.011018,
      0.0069530000000000425,
      -0.038583000000000034,
      0.07599899999999993,
      -0.017442999999999986,
      0.008579000000000003,
      0.003502000000000005,
      0.0012770000000000004,
      0.0007110000000000033,
      0.003818000000000002,
      -0.0021699999999999983,
      -0.0007290000000000005,
      -0.003464000000000002,
      -0.0021599999999999953,
      -0.0003959999999999936,
      -0.0030060000000000017,
      -0.0010620000000000004,
      -0.0015550000000000008,
      0.003958999999999997,
      8.000000000000368e-05,
      0.001118999999999995
    ]
  },
  "excitation_energy": "0.5160",
  "exciting_path_mean_volume": 543.6816516666668,
  "s0_bonds_avg": 1.2946386214718002,
  "s1_bonds_avg": 1.3021249943262,
  "delta_bonds": 0.007486372854399903,
  "s0_angles_avg": 121.31950505654287,
  "s1_angles_avg": 120.15820663737651,
  "delta_angles": -1.1612984191663571
}