{"charge": {"element": ["C", "C", "C", "C", "C", "C", "S", "C", "C", "C", "C", "S", "H", "H", "H", "H", "H", "H", "H", "H"], "charge_variation": [-0.007679999999999992, -0.009045999999999998, -0.003497, -0.0022940000000000044, 0.005247999999999996, -0.009208999999999998, 0.011797000000000002, -0.005725000000000008, 0.0037660000000000055, 0.0007409999999999986, -0.010977, 0.016297, 0.003387000000000001, 0.0030970000000000025, 0.0020960000000000006, -0.00033400000000000096, 0.0001470000000000013, 0.0009989999999999999, 0.0008050000000000002, 0.0003830000000000014]}, "ground_state": {"HOMO": -4.778596147456178, "LUMO": -2.63538964459783, "HOMO-LUMO": 2.143206502858348, "structure": {"bonds": 1.3451802814633336, "angles": 118.31995654346079, "DA": -8.181785227395869}, "rotational_constant": {"A": 0.255908, "B": 0.2846325, "C": 2.5358047}, "rays_asymmetry_parameter": 0.9748019285259722, "volume": 263.60133}, "excited_state": {"HOMO": -4.596786023103414, "LUMO": -2.8100350122016966, "HOMO-LUMO": 1.7867510109017175, "structure": {"bonds": 1.3484112850319048, "angles": 118.27766509620768, "DA": 8.181811270932014}, "rotational_constant": {"A": 0.2599745, "B": 0.290487, "C": 2.4750325}, "rays_asymmetry_parameter": 0.9724499313336266, "volume": 263.6122}, "exciting_path_mean_volume": 263.321576}