{
  "s0_rotational_constant_a": 0.0269265,
  "s0_rotational_constant_b": 0.0294261,
  "s0_rotational_constant_c": 0.2229784,
  "s1_rotational_constant_a": 0.0268726,
  "s1_rotational_constant_b": 0.0298727,
  "s1_rotational_constant_c": 0.215034,
  "s0_rays_asymmetry_parameter": 0.974500629680202,
  "s1_rays_asymmetry_parameter": 0.9681114192390151,
  "s0_volume": 748.55721,
  "s1_volume": 747.43438,
  "delta_volume": -1.1228300000000218,
  "s0_homo_lumo_gap": 2.030080626549229,
  "s1_homo_lumo_gap": 1.4360833797900945,
  "delta_gap": -0.5939972467591343,
  "s0_dihedral_avg": -0.7800462282084234,
  "s1_dihedral_avg": -12.452707040119543,
  "delta_dihedral": -11.67266081191112,
  "delta_dipole": null,
  "excitation_energy": "1.7326",
  "exciting_path_mean_volume": 747.4633049999999,
  "s0_bonds_avg": 1.28120007587,
  "s1_bonds_avg": 1.27845161752,
  "s0_angles_avg": 119.9978320746136,
  "s1_angles_avg": 119.99424741558762
}