{
  "s0_rotational_constant_a": 0.0186848,
  "s0_rotational_constant_b": 0.0215499,
  "s0_rotational_constant_c": 0.1061624,
  "s1_rotational_constant_a": 0.0190614,
  "s1_rotational_constant_b": 0.0217558,
  "s1_rotational_constant_c": 0.1043342,
  "s0_rays_asymmetry_parameter": 0.9344952307790794,
  "s1_rays_asymmetry_parameter": 0.9368051711682975,
  "s0_volume": 1044.73122,
  "s1_volume": 1039.66106,
  "delta_volume": -5.070159999999987,
  "s0_homo_lumo_gap": 2.062715236381939,
  "s1_homo_lumo_gap": 1.3370965373082728,
  "delta_gap": -0.7256186990736664,
  "s0_dihedral_avg": 90.37438065786951,
  "s1_dihedral_avg": 90.44413771637863,
  "delta_dihedral": 0.06975705850912561,
  "delta_dipole": {
    "element": [
      "C",
      "C",
      "N",
      "C",
      "C",
      "C",
      "C",
      "C",
      "C",
      "C",
      "C",
      "C",
      "C",
      "C",
      "C",
      "C",
      "C",
      "C",
      "C",
      "C",
      "C",
      "C",
      "C",
      "C",
      "C",
      "C",
      "C",
      "C",
      "C",
      "C",
      "C",
      "C",
      "C",
      "C",
      "C",
      "C",
      "C",
      "C",
      "C",
      "C",
      "C",
      "C",
      "C",
      "C",
      "C",
      "C",
      "C",
      "C",
      "C",
      "C",
      "C",
      "C",
      "C",
      "C",
      "C",
      "H",
      "H",
      "H",
      "H",
      "H",
      "H",
      "H",
      "H",
      "H",
      "H",
      "H",
      "H",
      "H",
      "H",
      "H",
      "H",
      "H",
      "H",
      "H",
      "H",
      "H",
      "H",
      "H",
      "H",
      "H",
      "H",
      "H",
      "H",
      "H",
      "H",
      "H",
      "H",
      "H",
      "H",
      "H",
      "H",
      "H",
      "H",
      "H",
      "H",
      "H"
    ],
    "charge_variation": [
      -0.0008199999999999874,
      -8.999999999997899e-05,
      0.000124000000000013,
      0.006551000000000029,
      -0.00939899999999999,
      0.0019979999999999998,
      0.002449,
      -0.00204,
      3.0000000000002247e-05,
      -0.002029000000000003,
      0.0006870000000000001,
      -0.0018449999999999994,
      -0.0006519999999999998,
      -0.0018369999999999914,
      0.0007629999999999998,
      -0.002154000000000003,
      -0.00037599999999999786,
      -0.0014899999999999983,
      0.0004600000000000021,
      -0.002718999999999999,
      0.001228999999999994,
      -0.00027199999999999447,
      -8.000000000001062e-06,
      -0.00032000000000000084,
      -0.000504000000000001,
      -0.0034190000000000054,
      -0.003248000000000001,
      -0.00019199999999999773,
      0.001237999999999996,
      0.0020939999999999986,
      -0.0019739999999999966,
      0.007997000000000004,
      -0.0017690000000000067,
      -0.0015839999999999995,
      -0.00028600000000000153,
      -0.0012439999999999951,
      -0.0009890000000000038,
      -0.00042199999999999876,
      -0.0034100000000000033,
      0.002342999999999998,
      -0.002004999999999993,
      -0.0016629999999999978,
      -0.0038870000000000016,
      -0.0001460000000000003,
      -0.002682999999999998,
      0.0019319999999999997,
      -0.004042000000000004,
      -0.0036759999999999987,
      -0.0013330000000000009,
      0.0025529999999999997,
      -0.002586999999999999,
      0.0007500000000000007,
      -0.0009819999999999968,
      0.006202999999999986,
      -0.003912000000000027,
      0.0010630000000000014,
      -0.00036600000000000174,
      0.000392,
      0.0014609999999999996,
      -0.00114,
      0.0028849999999999987,
      0.000952999999999999,
      2.6999999999999247e-05,
      0.00029900000000000065,
      0.00019800000000000026,
      0.001986999999999999,
      0.0018320000000000003,
      7.199999999999915e-05,
      0.0003099999999999978,
      0.0001250000000000001,
      0.0010980000000000018,
      0.0007010000000000002,
      0.0006579999999999989,
      0.00011099999999999999,
      -2.5000000000000716e-05,
      0.001413000000000001,
      0.002010999999999999,
      0.0003270000000000009,
      0.0001470000000000013,
      0.0014320000000000027,
      0.0019410000000000018,
      -0.00038699999999999846,
      0.0014949999999999998,
      -0.0008990000000000005,
      0.0010059999999999965,
      0.0023409999999999993,
      -0.0007449999999999991,
      0.0015939999999999982,
      -0.0003939999999999985,
      0.0014189999999999967,
      0.002059000000000002,
      -0.0007610000000000013,
      0.002149999999999999,
      -0.00041699999999999723,
      0.0031230000000000008,
      0.0011099999999999999
    ]
  },
  "excitation_energy": "1.7387",
  "exciting_path_mean_volume": 1041.4804883333334,
  "s0_bonds_avg": 1.2779370646804808,
  "s1_bonds_avg": 1.28659399334125,
  "delta_bonds": 0.00865692866076917,
  "s0_angles_avg": 119.2553550634004,
  "s1_angles_avg": 119.25320060806551,
  "delta_angles": -0.002154455334888894
}