{
  "s0_rotational_constant_a": 0.0191845,
  "s0_rotational_constant_b": 0.0277926,
  "s0_rotational_constant_c": 0.0403492,
  "s1_rotational_constant_a": 0.0193575,
  "s1_rotational_constant_b": 0.0279333,
  "s1_rotational_constant_c": 0.0412651,
  "s0_rays_asymmetry_parameter": 0.18656064106743778,
  "s1_rays_asymmetry_parameter": 0.21709361134948588,
  "s0_volume": 1273.36801,
  "s1_volume": 1266.84227,
  "delta_volume": -6.525739999999814,
  "s0_homo_lumo_gap": 1.8597482629130804,
  "s1_homo_lumo_gap": 1.42330219389964,
  "delta_gap": -0.4364460690134404,
  "s0_dihedral_avg": 2.915794881471482,
  "s1_dihedral_avg": 0.6153756650465848,
  "delta_dihedral": -2.3004192164248973,
  "delta_dipole": null,
  "excitation_energy": "2.1492",
  "exciting_path_mean_volume": 1270.1138233333334,
  "s0_bonds_avg": 1.3053992158917056,
  "s1_bonds_avg": 1.3137063923193024,
  "s0_angles_avg": 118.56416706048616,
  "s1_angles_avg": 118.55433128500307
}