{
  "s0_rotational_constant_a": 0.0994339,
  "s0_rotational_constant_b": 0.12732,
  "s0_rotational_constant_c": 0.3523447,
  "s1_rotational_constant_a": 0.0990274,
  "s1_rotational_constant_b": 0.1269461,
  "s1_rotational_constant_c": 0.3522811,
  "s0_rays_asymmetry_parameter": 0.7794787727530815,
  "s1_rays_asymmetry_parameter": 0.7795199043488801,
  "s0_volume": 481.38533,
  "s1_volume": 481.43638,
  "delta_volume": 0.05104999999997517,
  "s0_homo_lumo_gap": 1.4622634499310525,
  "s1_homo_lumo_gap": 1.3255453058616062,
  "delta_gap": -0.13671814406944627,
  "s0_dihedral_avg": 1.5708201518555913,
  "s1_dihedral_avg": -7.157867807061979,
  "delta_dihedral": -8.72868795891757,
  "delta_dipole": null,
  "excitation_energy": "2.1365",
  "exciting_path_mean_volume": 481.2363583333334,
  "s0_bonds_avg": 1.2872737652958335,
  "s1_bonds_avg": 1.291884771134375,
  "s0_angles_avg": 116.23242147937961,
  "s1_angles_avg": 116.21677427483162
}