{
  "s0_rotational_constant_a": 0.0190305,
  "s0_rotational_constant_b": 0.0220514,
  "s0_rotational_constant_c": 0.1009756,
  "s1_rotational_constant_a": 0.019114,
  "s1_rotational_constant_b": 0.0220041,
  "s1_rotational_constant_c": 0.1018612,
  "s0_rays_asymmetry_parameter": 0.9262701491608408,
  "s1_rays_asymmetry_parameter": 0.9301462768528725,
  "s0_volume": 1044.60163,
  "s1_volume": 1038.08036,
  "delta_volume": -6.521269999999959,
  "s0_homo_lumo_gap": 2.0567096844849333,
  "s1_homo_lumo_gap": 1.1252967494045794,
  "delta_gap": -0.9314129350803539,
  "s0_dihedral_avg": 90.4457813752272,
  "s1_dihedral_avg": 90.51792760137624,
  "delta_dihedral": 0.07214622614904442,
  "delta_dipole": {
    "element": [
      "C",
      "C",
      "N",
      "C",
      "C",
      "C",
      "C",
      "C",
      "C",
      "C",
      "C",
      "C",
      "C",
      "C",
      "C",
      "C",
      "C",
      "C",
      "C",
      "C",
      "C",
      "C",
      "C",
      "C",
      "C",
      "C",
      "C",
      "C",
      "C",
      "C",
      "C",
      "C",
      "C",
      "C",
      "C",
      "C",
      "C",
      "C",
      "C",
      "C",
      "C",
      "C",
      "C",
      "C",
      "C",
      "C",
      "C",
      "C",
      "C",
      "C",
      "C",
      "C",
      "C",
      "C",
      "C",
      "H",
      "H",
      "H",
      "H",
      "H",
      "H",
      "H",
      "H",
      "H",
      "H",
      "H",
      "H",
      "H",
      "H",
      "H",
      "H",
      "H",
      "H",
      "H",
      "H",
      "H",
      "H",
      "H",
      "H",
      "H",
      "H",
      "H",
      "H",
      "H",
      "H",
      "H",
      "H",
      "H",
      "H",
      "H",
      "H",
      "H",
      "H",
      "H",
      "H",
      "H"
    ],
    "charge_variation": [
      -0.0002940000000000026,
      -0.004973000000000005,
      0.02373799999999998,
      0.015596999999999972,
      -0.014759999999999995,
      0.013547000000000003,
      -0.012972000000000001,
      0.008618,
      -0.018085000000000004,
      0.003582000000000002,
      -0.004138000000000003,
      -0.0002710000000000004,
      -0.0044289999999999954,
      0.0007559999999999997,
      -0.006397,
      0.004806000000000005,
      -0.0047619999999999885,
      -0.0004380000000000009,
      -0.005306999999999999,
      -0.00017199999999999854,
      -0.005760000000000001,
      0.0005509999999999959,
      -0.0013880000000000003,
      -0.0019909999999999997,
      0.00020699999999999885,
      0.00020600000000000132,
      0.0006039999999999934,
      0.0025070000000000092,
      -0.007734999999999999,
      0.006512000000000004,
      -0.0016620000000000003,
      0.011761999999999995,
      -0.0033090000000000064,
      -0.0024220000000000005,
      0.0004399999999999994,
      -0.0011459999999999942,
      -0.001472000000000001,
      -0.00026500000000000135,
      -0.002147999999999997,
      0.001686,
      -0.0018180000000000002,
      -0.002578999999999998,
      -0.0038760000000000044,
      0.0003039999999999987,
      -0.003148000000000005,
      0.001740000000000002,
      -0.004646999999999998,
      -0.0029479999999999923,
      -0.0007100000000000023,
      0.002155999999999998,
      -0.001335999999999997,
      0.000959999999999999,
      -0.002019999999999994,
      0.008549000000000001,
      -0.016593999999999998,
      0.001686,
      0.0001339999999999987,
      0.0010009999999999984,
      0.0004869999999999996,
      0.001137,
      0.0006630000000000039,
      0.003139000000000003,
      0.0017780000000000018,
      -0.000621,
      -0.0003569999999999997,
      -0.0005830000000000002,
      0.00044399999999999995,
      0.0018020000000000015,
      -0.0002950000000000001,
      -0.00017,
      -0.0003970000000000015,
      -8.199999999999874e-05,
      0.0009569999999999995,
      0.00011500000000000052,
      -0.0003439999999999971,
      0.00015099999999999836,
      0.0006710000000000049,
      0.003700000000000002,
      0.001024000000000004,
      0.0017809999999999979,
      0.002629999999999997,
      -0.00036800000000000027,
      0.0016560000000000012,
      -0.0004989999999999994,
      0.0011280000000000005,
      0.0029589999999999964,
      -0.0004600000000000021,
      0.0023,
      -0.00024500000000000216,
      0.0016299999999999995,
      0.0019710000000000005,
      -0.00042400000000000077,
      0.0022760000000000002,
      -0.0003380000000000015,
      0.002939999999999998,
      0.002162000000000004
    ]
  },
  "excitation_energy": "1.3354",
  "exciting_path_mean_volume": 1040.5330700000002,
  "s0_bonds_avg": 1.2784393248888462,
  "s1_bonds_avg": 1.2874216465222115,
  "delta_bonds": 0.00898232163336532,
  "s0_angles_avg": 119.2575363237784,
  "s1_angles_avg": 119.25546898483334,
  "delta_angles": -0.0020673389450536206
}