{
  "s0_rotational_constant_a": 0.0380879,
  "s0_rotational_constant_b": 0.0451111,
  "s0_rotational_constant_c": 0.1013915,
  "s1_rotational_constant_a": 0.0393304,
  "s1_rotational_constant_b": 0.0427978,
  "s1_rotational_constant_c": 0.0984894,
  "s0_rays_asymmetry_parameter": 0.7781105655918463,
  "s1_rays_asymmetry_parameter": 0.8827769232069509,
  "s0_volume": 730.27361,
  "s1_volume": 734.66545,
  "delta_volume": 4.391840000000002,
  "s0_homo_lumo_gap": 1.1582878283349367,
  "s1_homo_lumo_gap": 0.14752378366301544,
  "delta_gap": -1.0107640446719213,
  "s0_dihedral_avg": -8.952465549110284e-06,
  "s1_dihedral_avg": 0.3214352913787555,
  "delta_dihedral": 0.3214442438443046,
  "delta_dipole": null,
  "excitation_energy": "0.1698",
  "exciting_path_mean_volume": 732.6759166666667,
  "s0_bonds_avg": 1.31480977441,
  "s1_bonds_avg": 1.31398984002,
  "s0_angles_avg": 119.39035764653212,
  "s1_angles_avg": 119.40068497597059
}