{
  "s0_rotational_constant_a": 0.0244999,
  "s0_rotational_constant_b": 0.0287899,
  "s0_rotational_constant_c": 0.1382297,
  "s1_rotational_constant_a": 0.0249889,
  "s1_rotational_constant_b": 0.0294072,
  "s1_rotational_constant_c": 0.1375709,
  "s0_rays_asymmetry_parameter": 0.9245580314042583,
  "s1_rays_asymmetry_parameter": 0.9215096551846654,
  "s0_volume": 731.98954,
  "s1_volume": 730.76591,
  "delta_volume": -1.223630000000071,
  "s0_homo_lumo_gap": 1.0823027666348954,
  "s1_homo_lumo_gap": 0.16989153925585176,
  "delta_gap": -0.9124112273790437,
  "s0_dihedral_avg": -0.3669158058040557,
  "s1_dihedral_avg": -7.009937027164372,
  "delta_dihedral": -6.643021221360316,
  "delta_dipole": null,
  "excitation_energy": "0.2005",
  "exciting_path_mean_volume": 731.24266,
  "s0_bonds_avg": 1.2945633422637144,
  "s1_bonds_avg": 1.3053744283737145,
  "s0_angles_avg": 118.57931009865618,
  "s1_angles_avg": 118.55962849579889
}