{
  "s0_rotational_constant_a": 0.0117092,
  "s0_rotational_constant_b": 0.0139872,
  "s0_rotational_constant_c": 0.0632614,
  "s1_rotational_constant_a": 0.0116997,
  "s1_rotational_constant_b": 0.0140186,
  "s1_rotational_constant_c": 0.0631,
  "s0_rays_asymmetry_parameter": 0.9116235582574556,
  "s1_rays_asymmetry_parameter": 0.9097709546442335,
  "s0_volume": 1290.77847,
  "s1_volume": 1291.29674,
  "delta_volume": 0.5182700000000295,
  "s0_homo_lumo_gap": 1.8225639100936046,
  "s1_homo_lumo_gap": 1.5370049514965536,
  "delta_gap": -0.28555895859705105,
  "s0_dihedral_avg": 0.9218522354313052,
  "s1_dihedral_avg": -4.424906142970016,
  "delta_dihedral": -5.346758378401321,
  "delta_dipole": null,
  "excitation_energy": "1.9174",
  "exciting_path_mean_volume": 1291.005918333333,
  "s0_bonds_avg": 1.2836897537066667,
  "s1_bonds_avg": 1.2898852938800003,
  "s0_angles_avg": 117.75046633665256,
  "s1_angles_avg": 117.745895406687
}