{
  "s0_rotational_constant_a": 0.110586,
  "s0_rotational_constant_b": 0.1486885,
  "s0_rotational_constant_c": 0.1814473,
  "s1_rotational_constant_a": 0.1092477,
  "s1_rotational_constant_b": 0.1494877,
  "s1_rotational_constant_c": 0.1917383,
  "s0_rays_asymmetry_parameter": -0.07541069667082002,
  "s1_rays_asymmetry_parameter": 0.024373686213944392,
  "s0_volume": 613.09933,
  "s1_volume": 605.58321,
  "delta_volume": -7.516120000000001,
  "s0_homo_lumo_gap": 2.4507794690887375,
  "s1_homo_lumo_gap": 1.2242727073338018,
  "delta_gap": -1.2265067617549357,
  "s0_dihedral_avg": 89.99704963349404,
  "s1_dihedral_avg": 89.85081303824761,
  "delta_dihedral": -0.14623659524643529,
  "delta_dipole": {
    "element": [
      "C",
      "C",
      "C",
      "C",
      "C",
      "C",
      "C",
      "C",
      "C",
      "C",
      "C",
      "C",
      "C",
      "C",
      "C",
      "C",
      "C",
      "C",
      "C",
      "C",
      "C",
      "C",
      "C",
      "C",
      "C",
      "C",
      "C",
      "C",
      "C",
      "C",
      "C",
      "C",
      "H",
      "H",
      "H",
      "H",
      "H",
      "H",
      "H",
      "H",
      "H",
      "H",
      "H",
      "H",
      "H",
      "H",
      "H",
      "H",
      "H",
      "H",
      "H",
      "H",
      "H",
      "H",
      "H",
      "H"
    ],
    "charge_variation": [
      -0.0012080000000000007,
      -0.0013090000000000011,
      -0.0031340000000000118,
      -0.0017479999999999996,
      0.006872999999999999,
      -0.0029379999999999996,
      0.00013399999999999523,
      0.0017109999999999903,
      -0.004463999999999999,
      0.0006519999999999998,
      -0.0001239999999999991,
      -0.0021860000000000074,
      -0.007323999999999997,
      0.00044299999999999895,
      -0.004511000000000001,
      0.0013930000000000053,
      -0.004360999999999997,
      0.0044469999999999996,
      0.0020580000000000043,
      -0.005140999999999993,
      7.199999999999915e-05,
      -0.0035320000000000004,
      -0.004531999999999998,
      -0.0022960000000000064,
      -0.006931000000000007,
      -0.0019939999999999958,
      -0.0008139999999999988,
      0.002242999999999995,
      0.00042000000000000023,
      0.0008950000000000069,
      -0.0010010000000000019,
      -0.001801999999999998,
      0.001523,
      0.0003829999999999979,
      0.0030060000000000017,
      0.0016980000000000016,
      0.0004420000000000014,
      0.0009830000000000012,
      0.0002249999999999995,
      0.001519000000000003,
      0.005477999999999997,
      0.0009179999999999987,
      0.001623999999999997,
      0.003502000000000005,
      0.0026620000000000046,
      -1.8999999999998185e-05,
      0.0017269999999999994,
      0.000843,
      0.004688999999999999,
      0.0019609999999999975,
      0.0002610000000000008,
      0.0005659999999999971,
      -0.0009969999999999979,
      0.0035920000000000014,
      0.0033130000000000034,
      0.00010800000000000046
    ]
  },
  "excitation_energy": "1.8755",
  "exciting_path_mean_volume": 609.0886766666667,
  "s0_bonds_avg": 1.2910561100107796,
  "s1_bonds_avg": 1.2919569019565864,
  "delta_bonds": 0.0009007919458068336,
  "s0_angles_avg": 119.99671543013376,
  "s1_angles_avg": 119.98231064873649,
  "delta_angles": -0.014404781397274746
}