{
  "charge": {
    "element": [
      "C",
      "C",
      "C",
      "C",
      "C",
      "C",
      "C",
      "C",
      "C",
      "C",
      "C",
      "C",
      "C",
      "C",
      "C",
      "C",
      "C",
      "C",
      "C",
      "C",
      "C",
      "C",
      "C",
      "C",
      "C",
      "C",
      "C",
      "C",
      "C",
      "C",
      "C",
      "C",
      "H",
      "H",
      "H",
      "H",
      "H",
      "H",
      "H",
      "H",
      "H",
      "H",
      "H",
      "H",
      "H",
      "H",
      "H",
      "H",
      "H",
      "H",
      "H",
      "H",
      "H",
      "H",
      "H",
      "H"
    ],
    "charge_variation": [
      -0.0012080000000000007,
      -0.0013090000000000011,
      -0.0031340000000000118,
      -0.0017479999999999996,
      0.006872999999999999,
      -0.0029379999999999996,
      0.00013399999999999523,
      0.0017109999999999903,
      -0.004463999999999999,
      0.0006519999999999998,
      -0.0001239999999999991,
      -0.0021860000000000074,
      -0.007323999999999997,
      0.00044299999999999895,
      -0.004511000000000001,
      0.0013930000000000053,
      -0.004360999999999997,
      0.0044469999999999996,
      0.0020580000000000043,
      -0.005140999999999993,
      7.199999999999915e-05,
      -0.0035320000000000004,
      -0.004531999999999998,
      -0.0022960000000000064,
      -0.006931000000000007,
      -0.0019939999999999958,
      -0.0008139999999999988,
      0.002242999999999995,
      0.00042000000000000023,
      0.0008950000000000069,
      -0.0010010000000000019,
      -0.001801999999999998,
      0.001523,
      0.0003829999999999979,
      0.0030060000000000017,
      0.0016980000000000016,
      0.0004420000000000014,
      0.0009830000000000012,
      0.0002249999999999995,
      0.001519000000000003,
      0.005477999999999997,
      0.0009179999999999987,
      0.001623999999999997,
      0.003502000000000005,
      0.0026620000000000046,
      -1.8999999999998185e-05,
      0.0017269999999999994,
      0.000843,
      0.004688999999999999,
      0.0019609999999999975,
      0.0002610000000000008,
      0.0005659999999999971,
      -0.0009969999999999979,
      0.0035920000000000014,
      0.0033130000000000034,
      0.00010800000000000046
    ]
  },
  "ground_state": {
    "HOMO-LUMO": 2.4507794690887375,
    "charge": {
      "element": [
        "C",
        "C",
        "C",
        "C",
        "C",
        "C",
        "C",
        "C",
        "C",
        "C",
        "C",
        "C",
        "C",
        "C",
        "C",
        "C",
        "C",
        "C",
        "C",
        "C",
        "C",
        "C",
        "C",
        "C",
        "C",
        "C",
        "C",
        "C",
        "C",
        "C",
        "C",
        "C",
        "H",
        "H",
        "H",
        "H",
        "H",
        "H",
        "H",
        "H",
        "H",
        "H",
        "H",
        "H",
        "H",
        "H",
        "H",
        "H",
        "H",
        "H",
        "H",
        "H",
        "H",
        "H",
        "H",
        "H"
      ],
      "charge": [
        -0.038322,
        -0.020628,
        -0.068434,
        0.078236,
        -0.021175,
        -0.01563,
        0.081942,
        -0.068571,
        -0.019508,
        -0.042292,
        -0.022095,
        -0.063886,
        0.049137,
        -0.063087,
        -0.031306,
        -0.036471,
        -0.055633,
        0.029066,
        0.070881,
        -0.068289,
        -0.022102,
        -0.03697,
        -0.020251,
        -0.068768,
        0.086069,
        -0.067664,
        -0.01879,
        -0.042426,
        -0.023648,
        -0.064125,
        -0.066749,
        -0.019876,
        0.026269,
        0.027657,
        0.032116,
        0.029508,
        0.02666,
        0.027041,
        0.028294,
        0.030843,
        0.030349,
        0.027917,
        0.02755,
        0.031351,
        0.031726,
        0.027839,
        0.026235,
        0.027639,
        0.031217,
        0.031145,
        0.027351,
        0.026551,
        0.026864,
        0.028928,
        0.032414,
        0.027901
      ]
    },
    "structure": {
      "bonds": 1.2910561100107796,
      "angles": 119.99671543013376,
      "DA": 89.99704963349404
    },
    "rotational_constant": {
      "A": 0.110586,
      "B": 0.1486885,
      "C": 0.1814473
    },
    "rays_asymmetry_parameter": -0.07541069667082002,
    "volume": 613.09933
  },
  "excited_state": {
    "HOMO-LUMO": 1.2242727073338018,
    "charge": {
      "element": [
        "C",
        "C",
        "C",
        "C",
        "C",
        "C",
        "C",
        "C",
        "C",
        "C",
        "C",
        "C",
        "C",
        "C",
        "C",
        "C",
        "C",
        "C",
        "C",
        "C",
        "C",
        "C",
        "C",
        "C",
        "C",
        "C",
        "C",
        "C",
        "C",
        "C",
        "C",
        "C",
        "H",
        "H",
        "H",
        "H",
        "H",
        "H",
        "H",
        "H",
        "H",
        "H",
        "H",
        "H",
        "H",
        "H",
        "H",
        "H",
        "H",
        "H",
        "H",
        "H",
        "H",
        "H",
        "H",
        "H"
      ],
      "charge": [
        -0.03953,
        -0.021937,
        -0.071568,
        0.076488,
        -0.014302,
        -0.018568,
        0.082076,
        -0.06686,
        -0.023972,
        -0.04164,
        -0.022219,
        -0.066072,
        0.041813,
        -0.062644,
        -0.035817,
        -0.035078,
        -0.059994,
        0.033513,
        0.072939,
        -0.07343,
        -0.02203,
        -0.040502,
        -0.024783,
        -0.071064,
        0.079138,
        -0.069658,
        -0.019604,
        -0.040183,
        -0.023228,
        -0.06323,
        -0.06775,
        -0.021678,
        0.027792,
        0.02804,
        0.035122,
        0.031206,
        0.027102,
        0.028024,
        0.028519,
        0.032362,
        0.035827,
        0.028835,
        0.029174,
        0.034853,
        0.034388,
        0.02782,
        0.027962,
        0.028482,
        0.035906,
        0.033106,
        0.027612,
        0.027117,
        0.025867,
        0.03252,
        0.035727,
        0.028009
      ]
    },
    "structure": {
      "bonds": 1.2919569019565864,
      "angles": 119.98231064873649,
      "DA": 89.85081303824761
    },
    "rotational_constant": {
      "A": 0.1092477,
      "B": 0.1494877,
      "C": 0.1917383
    },
    "rays_asymmetry_parameter": 0.024373686213944392,
    "excited_energy": "1.8755",
    "volume": 605.58321
  },
  "exciting_path_mean_volume": 609.0886766666667
}