{
  "s0_rotational_constant_a": 0.0134333,
  "s0_rotational_constant_b": 0.0240882,
  "s0_rotational_constant_c": 0.0245058,
  "s1_rotational_constant_a": 0.0137915,
  "s1_rotational_constant_b": 0.0238536,
  "s1_rotational_constant_c": 0.0242348,
  "s0_rays_asymmetry_parameter": -0.924569880334161,
  "s1_rays_asymmetry_parameter": -0.9269962559727288,
  "s0_volume": 1176.64345,
  "s1_volume": 1175.66688,
  "delta_volume": -0.9765700000000379,
  "s0_homo_lumo_gap": 0.9473778526062873,
  "s1_homo_lumo_gap": 0.414440224794554,
  "delta_gap": -0.5329376278117333,
  "s0_dihedral_avg": 90.01233941078466,
  "s1_dihedral_avg": 90.04663993492319,
  "delta_dihedral": 0.03430052413852991,
  "delta_dipole": {
    "element": [
      "N",
      "C",
      "C",
      "N",
      "C",
      "C",
      "C",
      "C",
      "C",
      "C",
      "C",
      "C",
      "C",
      "N",
      "C",
      "C",
      "C",
      "C",
      "C",
      "C",
      "C",
      "C",
      "C",
      "C",
      "C",
      "C",
      "C",
      "C",
      "C",
      "C",
      "C",
      "C",
      "N",
      "C",
      "C",
      "N",
      "C",
      "C",
      "C",
      "C",
      "C",
      "N",
      "C",
      "C",
      "C",
      "C",
      "C",
      "C",
      "C",
      "C",
      "C",
      "C",
      "C",
      "C",
      "C",
      "C",
      "C",
      "C",
      "C",
      "C",
      "C",
      "C",
      "C",
      "C",
      "N",
      "C",
      "C",
      "N",
      "H",
      "H",
      "H",
      "H",
      "H",
      "H",
      "H",
      "H",
      "H",
      "H",
      "H",
      "H",
      "H",
      "H",
      "H",
      "H",
      "H",
      "H",
      "H",
      "H",
      "H",
      "H",
      "H",
      "H",
      "H",
      "H",
      "H",
      "H",
      "H",
      "H",
      "H",
      "H",
      "H",
      "H",
      "H",
      "H"
    ],
    "charge_variation": [
      0.004693000000000058,
      -0.000528000000000084,
      -0.006901000000000046,
      0.003361999999999976,
      -0.006103999999999998,
      0.011854000000000003,
      0.0037809999999999996,
      0.004035999999999984,
      -0.0032090000000000174,
      0.021537,
      -0.010265999999999997,
      0.028378999999999988,
      -0.01947399999999999,
      0.011840000000000073,
      0.007039999999999991,
      -0.02172099999999999,
      0.00494,
      -0.013125999999999999,
      0.00041399999999999987,
      -0.007122000000000017,
      0.005950000000000011,
      -0.022699999999999998,
      0.005301999999999999,
      -0.022909,
      0.007733000000000004,
      -0.0023099999999999996,
      -0.0006360000000000011,
      -0.00935,
      -0.008754000000000012,
      -0.010356999999999998,
      0.028916999999999998,
      -0.014626,
      0.009421000000000013,
      -0.011287999999999965,
      -0.002251000000000003,
      -0.00042399999999997995,
      0.0009900000000000464,
      0.0055150000000000025,
      -0.004603000000000003,
      0.009813000000000016,
      -0.002022999999999997,
      -0.003419000000000061,
      0.0031950000000000034,
      -0.00786400000000001,
      0.0011909999999999998,
      -0.0012939999999999896,
      0.0002990000000000002,
      0.0017890000000000128,
      0.0009640000000000204,
      -0.005647999999999986,
      0.001353,
      -0.004213000000000008,
      0.0011349999999999971,
      -0.00048400000000000526,
      -4.000000000000184e-05,
      -0.0024449999999999993,
      -0.0016400000000000026,
      -0.0017840000000000009,
      0.012512999999999996,
      -0.001226999999999999,
      0.0018710000000000115,
      0.0018609999999999946,
      0.007543999999999995,
      -0.013880000000000003,
      -0.008867999999999987,
      0.021880999999999984,
      -0.0019060000000000743,
      0.010001999999999955,
      0.002154000000000003,
      0.0005240000000000036,
      0.0011339999999999996,
      -0.0008050000000000002,
      -0.0014949999999999963,
      -0.0012840000000000004,
      -0.0002500000000000002,
      -0.0003480000000000011,
      0.002688999999999997,
      0.002799000000000003,
      -0.0009559999999999985,
      0.0005969999999999934,
      -0.0002909999999999996,
      -0.0009650000000000006,
      -0.0011839999999999976,
      0.0006849999999999981,
      0.0008279999999999954,
      -0.0009280000000000052,
      0.00162,
      0.0005299999999999958,
      -0.0008229999999999973,
      0.0003480000000000011,
      0.0010799999999999976,
      0.00023000000000000104,
      0.0006499999999999978,
      0.0006299999999999986,
      -0.0003270000000000009,
      0.0003060000000000007,
      -6.899999999999962e-05,
      -0.00016499999999999848,
      4.099999999999937e-05,
      0.00033500000000000196,
      0.0001999999999999988,
      0.0032309999999999978,
      0.0016190000000000024,
      0.0019449999999999953
    ]
  },
  "excitation_energy": "0.5399",
  "exciting_path_mean_volume": 1175.132385,
  "s0_bonds_avg": 1.3012757848812178,
  "s1_bonds_avg": 1.304170291040435,
  "s0_angles_avg": 120.62221089672288,
  "s1_angles_avg": 120.51384794340507,
  "delta_bonds": 0.0028945061592171584,
  "delta_angles": -0.10836295331780832
}