{
  "s0_rotational_constant_a": 0.0134333,
  "s0_rotational_constant_b": 0.0240882,
  "s0_rotational_constant_c": 0.0245058,
  "s1_rotational_constant_a": 0.0137915,
  "s1_rotational_constant_b": 0.0238536,
  "s1_rotational_constant_c": 0.0242348,
  "s0_rays_asymmetry_parameter": -0.924569880334161,
  "s1_rays_asymmetry_parameter": -0.9269962559727288,
  "s0_volume": 1176.64345,
  "s1_volume": 1175.66688,
  "delta_volume": -0.9765700000000379,
  "s0_homo_lumo_gap": 0.9473778526062873,
  "s1_homo_lumo_gap": 0.414440224794554,
  "delta_gap": -0.5329376278117333,
  "s0_dihedral_avg": 6.798410543554533,
  "s1_dihedral_avg": 5.400541021960048,
  "delta_dihedral": -1.397869521594485,
  "delta_dipole": null,
  "excitation_energy": "0.5399",
  "exciting_path_mean_volume": 1175.132385,
  "s0_bonds_avg": 1.3012757848812178,
  "s1_bonds_avg": 1.304170291040435,
  "s0_angles_avg": 120.62221089672288,
  "s1_angles_avg": 120.51384794340507
}