{
  "s0_rotational_constant_a": 0.0133048,
  "s0_rotational_constant_b": 0.0140151,
  "s0_rotational_constant_c": 0.1086694,
  "s1_rotational_constant_a": 0.013252,
  "s1_rotational_constant_b": 0.0141199,
  "s1_rotational_constant_c": 0.1082195,
  "s0_rays_asymmetry_parameter": 0.9851034870381673,
  "s1_rays_asymmetry_parameter": 0.981722168110143,
  "s0_volume": 1065.23851,
  "s1_volume": 1065.79127,
  "delta_volume": 0.5527600000000348,
  "s0_homo_lumo_gap": 1.0815299634003015,
  "s1_homo_lumo_gap": 0.8258735919333797,
  "delta_gap": -0.2556563714669218,
  "s0_dihedral_avg": -5.058393426578839,
  "s1_dihedral_avg": -11.869584669861844,
  "delta_dihedral": -6.811191243283005,
  "delta_dipole": null,
  "excitation_energy": "0.9805",
  "exciting_path_mean_volume": 1064.9148116666665,
  "s0_bonds_avg": 1.2916396960362502,
  "s1_bonds_avg": 1.2947513076786539,
  "s0_angles_avg": 119.76096841884052,
  "s1_angles_avg": 119.74368419202072
}