{"charge": {"element": ["C", "C", "C", "C", "C", "C", "N", "C", "C", "C", "C", "C", "C", "C", "C", "C", "C", "C", "C", "C", "O", "C", "C", "H", "H", "H", "H", "H", "H", "H", "H", "H", "H", "H", "H", "H", "H", "H", "H"], "charge_variation": [-0.005223, -0.000918, 0.005852000000000003, -0.010654999999999998, -8.500000000000174e-05, 0.033915, -0.06026999999999999, 0.021147000000000027, -0.0014040000000000025, -0.00035600000000000215, -0.004029, -0.001007000000000001, -0.011321999999999999, 0.022518999999999956, -0.018993999999999997, 0.010576000000000002, -0.002935, 0.010956999999999998, -0.004084, 0.014775000000000003, -0.023206000000000004, 0.006770999999999992, -0.0023020000000000002, 0.0028490000000000043, 0.0007380000000000025, 0.0011019999999999988, -0.001474000000000003, 0.0007810000000000039, -0.0006980000000000042, 0.00047699999999999826, -0.0013979999999999965, 0.0016649999999999998, 0.007634000000000002, 0.00040599999999999664, 0.0025640000000000038, 0.0010819999999999996, 0.0030769999999999964, 0.00025099999999999775, 0.001226999999999999]}, "ground_state": {"HOMO-LUMO": 2.6755400380007854, "structure": {"bonds": 1.2787116184385714, "angles": 119.84084441619338, "DA": 6.541315907559827}, "rotational_constant": {"A": 0.1212486, "B": 0.1686643, "C": 0.3819231}, "rays_asymmetry_parameter": 0.6362076075718952, "volume": 436.03461}, "excited_state": {"HOMO-LUMO": 2.000482806891898, "structure": {"bonds": 1.281688617047143, "angles": 119.81409498360875, "DA": 1.9571149661858167}, "rotational_constant": {"A": 0.1204056, "B": 0.1701048, "C": 0.3716593}, "rays_asymmetry_parameter": 0.6043903035059782, "excited_energy": "2.5940", "volume": 435.81256}, "exciting_path_mean_volume": 435.60773}