{
  "charge": {
    "element": [
      "O",
      "C",
      "C",
      "C",
      "C",
      "C",
      "C",
      "C",
      "C",
      "C",
      "C",
      "C",
      "N",
      "C",
      "C",
      "C",
      "C",
      "C",
      "C",
      "C",
      "C",
      "C",
      "C",
      "C",
      "C",
      "C",
      "C",
      "H",
      "H",
      "H",
      "H",
      "H",
      "H",
      "H",
      "H",
      "H",
      "H",
      "H",
      "H",
      "H",
      "H",
      "H",
      "H",
      "H"
    ],
    "charge_variation": [
      -0.015871999999999997,
      0.006742000000000026,
      -0.0015790000000000005,
      0.011145000000000002,
      0.008008999999999999,
      0.010941,
      0.000681000000000001,
      0.021232,
      0.022019999999999998,
      -0.0003809999999999994,
      0.023577,
      -0.03458800000000001,
      0.03178399999999998,
      -0.0012949999999999906,
      -0.014349,
      0.000564000000000002,
      -0.01346,
      0.0016209999999999974,
      -0.002464000000000001,
      -0.014721000000000005,
      0.00469,
      -0.022540000000000004,
      0.010008999999999999,
      -0.014497999999999983,
      0.00595699999999999,
      0.024904999999999983,
      -0.049746,
      0.006154,
      0.0028739999999999946,
      0.009583000000000001,
      0.003169000000000005,
      0.006850000000000002,
      0.0001899999999999992,
      -0.003266000000000005,
      -0.0038660000000000014,
      -0.001617999999999998,
      -0.00042299999999999977,
      0.00032400000000000484,
      -0.0004289999999999988,
      0.0002710000000000004,
      -9.600000000000233e-05,
      0.0016939999999999941,
      -0.003049999999999997,
      -0.016748
    ]
  },
  "ground_state": {
    "HOMO-LUMO": 2.2617501652240763,
    "charge": {
      "element": [
        "O",
        "C",
        "C",
        "C",
        "C",
        "C",
        "C",
        "C",
        "C",
        "C",
        "C",
        "C",
        "N",
        "C",
        "C",
        "C",
        "C",
        "C",
        "C",
        "C",
        "C",
        "C",
        "C",
        "C",
        "C",
        "C",
        "C",
        "H",
        "H",
        "H",
        "H",
        "H",
        "H",
        "H",
        "H",
        "H",
        "H",
        "H",
        "H",
        "H",
        "H",
        "H",
        "H",
        "H"
      ],
      "charge": [
        -0.731921,
        0.709714,
        -0.023088,
        -0.061223,
        -0.027986,
        -0.018264,
        -0.029686,
        -0.005119,
        -0.063999,
        -0.039595,
        -0.127909,
        0.384131,
        -0.426766,
        0.31621,
        -0.153162,
        -0.022876,
        -0.077337,
        -0.039103,
        -0.043661,
        -0.043591,
        -0.039127,
        -0.077597,
        -0.023423,
        -0.1529,
        0.316551,
        -0.129539,
        0.017449,
        0.027724,
        0.032043,
        0.031277,
        0.032927,
        0.047163,
        0.030731,
        0.044637,
        0.040673,
        0.029431,
        0.032014,
        0.033891,
        0.033894,
        0.031971,
        0.029138,
        0.040953,
        0.045319,
        0.050032
      ]
    },
    "structure": {
      "bonds": 1.2926535109720834,
      "angles": 119.99729094780706,
      "DA": 89.99999082532825
    },
    "rotational_constant": {
      "A": 0.0782968,
      "B": 0.0866614,
      "C": 0.3941458
    },
    "rays_asymmetry_parameter": 0.9470341840563054,
    "volume": 495.15498
  },
  "excited_state": {
    "HOMO-LUMO": 1.2252414325151948,
    "charge": {
      "element": [
        "O",
        "C",
        "C",
        "C",
        "C",
        "C",
        "C",
        "C",
        "C",
        "C",
        "C",
        "C",
        "N",
        "C",
        "C",
        "C",
        "C",
        "C",
        "C",
        "C",
        "C",
        "C",
        "C",
        "C",
        "C",
        "C",
        "C",
        "H",
        "H",
        "H",
        "H",
        "H",
        "H",
        "H",
        "H",
        "H",
        "H",
        "H",
        "H",
        "H",
        "H",
        "H",
        "H",
        "H"
      ],
      "charge": [
        -0.747793,
        0.716456,
        -0.024667,
        -0.050078,
        -0.019977,
        -0.007323,
        -0.029005,
        0.016113,
        -0.041979,
        -0.039976,
        -0.104332,
        0.349543,
        -0.394982,
        0.314915,
        -0.167511,
        -0.022312,
        -0.090797,
        -0.037482,
        -0.046125,
        -0.058312,
        -0.034437,
        -0.100137,
        -0.013414,
        -0.167398,
        0.322508,
        -0.104634,
        -0.032297,
        0.033878,
        0.034917,
        0.04086,
        0.036096,
        0.054013,
        0.030921,
        0.041371,
        0.036807,
        0.027813,
        0.031591,
        0.034215,
        0.033465,
        0.032242,
        0.029042,
        0.042647,
        0.042269,
        0.033284
      ]
    },
    "structure": {
      "bonds": 1.2926468962595834,
      "angles": 119.99891432822662,
      "DA": 90.07071769048885
    },
    "rotational_constant": {
      "A": 0.0763724,
      "B": 0.0884266,
      "C": 0.4082993
    },
    "rays_asymmetry_parameter": 0.927368345259152,
    "excited_energy": "1.4094",
    "volume": 498.89646
  },
  "exciting_path_mean_volume": 496.29452
}