{
  "s0_rotational_constant_a": 0.0745462,
  "s0_rotational_constant_b": 0.0998455,
  "s0_rotational_constant_c": 0.213276,
  "s1_rotational_constant_a": 0.0745483,
  "s1_rotational_constant_b": 0.0998067,
  "s1_rotational_constant_c": 0.2093608,
  "s0_rays_asymmetry_parameter": 0.6352723063105403,
  "s1_rays_asymmetry_parameter": 0.6252810384793697,
  "s0_volume": 621.22797,
  "s1_volume": 625.69112,
  "delta_volume": 4.463149999999928,
  "s0_homo_lumo_gap": 2.147086845860219,
  "s1_homo_lumo_gap": 1.7522551425744206,
  "delta_gap": -0.3948317032857984,
  "s0_dihedral_avg": -5.7013802426764375,
  "s1_dihedral_avg": -7.382922079261484,
  "delta_dihedral": -1.6815418365850467,
  "delta_dipole": null,
  "excitation_energy": "2.0469",
  "exciting_path_mean_volume": 623.3582583333334,
  "s0_bonds_avg": 1.2828325050714517,
  "s1_bonds_avg": 1.2924584907548387,
  "s0_angles_avg": 119.3775597473917,
  "s1_angles_avg": 119.376739631332
}