{
  "s0_rotational_constant_a": 0.0745462,
  "s0_rotational_constant_b": 0.0998455,
  "s0_rotational_constant_c": 0.213276,
  "s1_rotational_constant_a": 0.0745483,
  "s1_rotational_constant_b": 0.0998067,
  "s1_rotational_constant_c": 0.2093608,
  "s0_rays_asymmetry_parameter": 0.6352723063105403,
  "s1_rays_asymmetry_parameter": 0.6252810384793697,
  "s0_volume": 621.22797,
  "s1_volume": 625.69112,
  "delta_volume": 4.463149999999928,
  "s0_homo_lumo_gap": 2.147086845860219,
  "s1_homo_lumo_gap": 1.7522551425744206,
  "delta_gap": -0.3948317032857984,
  "s0_dihedral_avg": 90.10659830429105,
  "s1_dihedral_avg": 90.17105233573812,
  "delta_dihedral": 0.06445403144707029,
  "delta_dipole": {
    "element": [
      "C",
      "C",
      "C",
      "C",
      "C",
      "C",
      "C",
      "C",
      "C",
      "C",
      "C",
      "C",
      "C",
      "C",
      "C",
      "C",
      "C",
      "C",
      "C",
      "C",
      "C",
      "C",
      "C",
      "C",
      "C",
      "C",
      "C",
      "C",
      "C",
      "C",
      "C",
      "N",
      "C",
      "H",
      "H",
      "H",
      "H",
      "H",
      "H",
      "H",
      "H",
      "H",
      "H",
      "H",
      "H",
      "H",
      "H",
      "H",
      "H",
      "H",
      "H",
      "H",
      "H",
      "H",
      "H",
      "H",
      "H"
    ],
    "charge_variation": [
      0.0006140000000000034,
      0.002148999999999998,
      0.0015980000000000022,
      -0.0007859999999999985,
      -0.0011699999999999974,
      0.00014000000000000123,
      -0.0001910000000000002,
      0.0006810000000000001,
      -0.0005320000000000001,
      0.0024440000000000017,
      0.014790999999999999,
      0.004646000000000001,
      0.0030880000000000005,
      -0.0011079999999999996,
      -0.00014300000000000077,
      0.005639999999999999,
      -0.0008610000000000007,
      -0.0032140000000000003,
      -0.017812,
      0.0018770000000000037,
      0.002843,
      -0.020271,
      0.0035359999999999996,
      0.008992,
      0.03270500000000001,
      -0.004439,
      -2.0999999999993246e-05,
      -0.0003080000000000001,
      0.001402,
      -0.00028800000000000006,
      0.0034000000000000002,
      -0.06578999999999999,
      0.021579000000000015,
      -0.00037599999999999786,
      -0.0005129999999999996,
      -0.0002530000000000032,
      0.0035360000000000044,
      -0.0006900000000000031,
      -0.00013200000000000017,
      0.00019099999999999673,
      1.5000000000001124e-05,
      6.400000000000156e-05,
      -0.0020570000000000033,
      0.0002549999999999983,
      -3.500000000000031e-05,
      -0.0026380000000000015,
      -0.00022900000000000004,
      0.001573999999999999,
      0.004519000000000002,
      0.0008020000000000041,
      0.0008279999999999989,
      0.0016149999999999984,
      -0.000338999999999999,
      -0.0002740000000000034,
      -0.0007680000000000048,
      -0.00014300000000000077,
      -0.00014200000000000323
    ]
  },
  "excitation_energy": "2.0469",
  "exciting_path_mean_volume": 623.3582583333334,
  "s0_bonds_avg": 1.2828325050714517,
  "s1_bonds_avg": 1.2924584907548387,
  "s0_angles_avg": 119.3775597473917,
  "s1_angles_avg": 119.376739631332,
  "delta_bonds": 0.009625985683386906,
  "delta_angles": -0.0008201160596996715
}