{
  "charge": {
    "element": [
      "C",
      "C",
      "C",
      "C",
      "C",
      "C",
      "C",
      "C",
      "C",
      "C",
      "C",
      "C",
      "C",
      "C",
      "C",
      "C",
      "C",
      "C",
      "C",
      "C",
      "C",
      "C",
      "C",
      "C",
      "C",
      "C",
      "C",
      "C",
      "C",
      "C",
      "C",
      "N",
      "C",
      "H",
      "H",
      "H",
      "H",
      "H",
      "H",
      "H",
      "H",
      "H",
      "H",
      "H",
      "H",
      "H",
      "H",
      "H",
      "H",
      "H",
      "H",
      "H",
      "H",
      "H",
      "H",
      "H",
      "H"
    ],
    "charge_variation": [
      0.0006140000000000034,
      0.002148999999999998,
      0.0015980000000000022,
      -0.0007859999999999985,
      -0.0011699999999999974,
      0.00014000000000000123,
      -0.0001910000000000002,
      0.0006810000000000001,
      -0.0005320000000000001,
      0.0024440000000000017,
      0.014790999999999999,
      0.004646000000000001,
      0.0030880000000000005,
      -0.0011079999999999996,
      -0.00014300000000000077,
      0.005639999999999999,
      -0.0008610000000000007,
      -0.0032140000000000003,
      -0.017812,
      0.0018770000000000037,
      0.002843,
      -0.020271,
      0.0035359999999999996,
      0.008992,
      0.03270500000000001,
      -0.004439,
      -2.0999999999993246e-05,
      -0.0003080000000000001,
      0.001402,
      -0.00028800000000000006,
      0.0034000000000000002,
      -0.06578999999999999,
      0.021579000000000015,
      -0.00037599999999999786,
      -0.0005129999999999996,
      -0.0002530000000000032,
      0.0035360000000000044,
      -0.0006900000000000031,
      -0.00013200000000000017,
      0.00019099999999999673,
      1.5000000000001124e-05,
      6.400000000000156e-05,
      -0.0020570000000000033,
      0.0002549999999999983,
      -3.500000000000031e-05,
      -0.0026380000000000015,
      -0.00022900000000000004,
      0.001573999999999999,
      0.004519000000000002,
      0.0008020000000000041,
      0.0008279999999999989,
      0.0016149999999999984,
      -0.000338999999999999,
      -0.0002740000000000034,
      -0.0007680000000000048,
      -0.00014300000000000077,
      -0.00014200000000000323
    ]
  },
  "ground_state": {
    "HOMO-LUMO": 2.147086845860219,
    "charge": {
      "element": [
        "C",
        "C",
        "C",
        "C",
        "C",
        "C",
        "C",
        "C",
        "C",
        "C",
        "C",
        "C",
        "C",
        "C",
        "C",
        "C",
        "C",
        "C",
        "C",
        "C",
        "C",
        "C",
        "C",
        "C",
        "C",
        "C",
        "C",
        "C",
        "C",
        "C",
        "C",
        "N",
        "C",
        "H",
        "H",
        "H",
        "H",
        "H",
        "H",
        "H",
        "H",
        "H",
        "H",
        "H",
        "H",
        "H",
        "H",
        "H",
        "H",
        "H",
        "H",
        "H",
        "H",
        "H",
        "H",
        "H",
        "H"
      ],
      "charge": [
        -0.065751,
        0.056396,
        -0.043925,
        0.019423,
        0.026794,
        -0.061182,
        0.003167,
        -0.000122,
        -0.001359,
        -0.07519,
        0.280266,
        -0.030238,
        -0.060208,
        0.009302,
        0.024537,
        -0.045018,
        0.05283,
        -0.00012,
        0.031367,
        -0.068694,
        0.000442,
        -0.00492,
        -4.1e-05,
        -0.073802,
        0.216558,
        0.000169,
        -0.068111,
        0.005612,
        -0.001264,
        0.00404,
        -0.081086,
        -0.142685,
        0.141334,
        0.024443,
        0.036169,
        0.036761,
        0.05878,
        0.035415,
        0.041844,
        0.041189,
        0.040928,
        0.026118,
        0.046932,
        0.045163,
        0.044019,
        0.050142,
        0.031661,
        0.03948,
        0.038918,
        0.040204,
        0.029846,
        0.034958,
        0.04356,
        0.041818,
        0.041869,
        0.028023,
        0.05324
      ]
    },
    "structure": {
      "bonds": 1.2828325050714517,
      "angles": 119.3775597473917,
      "DA": 90.10659830429105
    },
    "rotational_constant": {
      "A": 0.0745462,
      "B": 0.0998455,
      "C": 0.213276
    },
    "rays_asymmetry_parameter": 0.6352723063105403,
    "volume": 621.22797
  },
  "excited_state": {
    "HOMO-LUMO": 1.7522551425744206,
    "charge": {
      "element": [
        "C",
        "C",
        "C",
        "C",
        "C",
        "C",
        "C",
        "C",
        "C",
        "C",
        "C",
        "C",
        "C",
        "C",
        "C",
        "C",
        "C",
        "C",
        "C",
        "C",
        "C",
        "C",
        "C",
        "C",
        "C",
        "C",
        "C",
        "C",
        "C",
        "C",
        "C",
        "N",
        "C",
        "H",
        "H",
        "H",
        "H",
        "H",
        "H",
        "H",
        "H",
        "H",
        "H",
        "H",
        "H",
        "H",
        "H",
        "H",
        "H",
        "H",
        "H",
        "H",
        "H",
        "H",
        "H",
        "H",
        "H"
      ],
      "charge": [
        -0.065137,
        0.058545,
        -0.042327,
        0.018637,
        0.025624,
        -0.061042,
        0.002976,
        0.000559,
        -0.001891,
        -0.072746,
        0.295057,
        -0.025592,
        -0.05712,
        0.008194,
        0.024394,
        -0.039378,
        0.051969,
        -0.003334,
        0.013555,
        -0.066817,
        0.003285,
        -0.025191,
        0.003495,
        -0.06481,
        0.249263,
        -0.00427,
        -0.068132,
        0.005304,
        0.000138,
        0.003752,
        -0.077686,
        -0.208475,
        0.162913,
        0.024067,
        0.035656,
        0.036508,
        0.062316,
        0.034725,
        0.041712,
        0.04138,
        0.040943,
        0.026182,
        0.044875,
        0.045418,
        0.043984,
        0.047504,
        0.031432,
        0.041054,
        0.043437,
        0.041006,
        0.030674,
        0.036573,
        0.043221,
        0.041544,
        0.041101,
        0.02788,
        0.053098
      ]
    },
    "structure": {
      "bonds": 1.2924584907548387,
      "angles": 119.376739631332,
      "DA": 90.17105233573812
    },
    "rotational_constant": {
      "A": 0.0745483,
      "B": 0.0998067,
      "C": 0.2093608
    },
    "rays_asymmetry_parameter": 0.6252810384793697,
    "excited_energy": "2.0469",
    "volume": 625.69112
  },
  "exciting_path_mean_volume": 623.3582583333334
}