{
  "s0_rotational_constant_a": 0.1228845,
  "s0_rotational_constant_b": 0.1296302,
  "s0_rotational_constant_c": 1.0870111,
  "s1_rotational_constant_a": 0.1211569,
  "s1_rotational_constant_b": 0.1293559,
  "s1_rotational_constant_c": 1.1392707,
  "s0_rays_asymmetry_parameter": 0.9860066095054322,
  "s1_rays_asymmetry_parameter": 0.9838937454732466,
  "s0_volume": 391.42889,
  "s1_volume": 390.73891,
  "delta_volume": -0.6899800000000482,
  "s0_homo_lumo_gap": 2.9698229655066726,
  "s1_homo_lumo_gap": 1.8361396683238551,
  "delta_gap": -1.1336832971828175,
  "s0_dihedral_avg": 92.47052107327451,
  "s1_dihedral_avg": 92.5606910763878,
  "delta_dihedral": 0.09017000311328616,
  "delta_dipole": {
    "element": [
      "C",
      "C",
      "C",
      "C",
      "N",
      "C",
      "O",
      "C",
      "C",
      "N",
      "C",
      "C",
      "C",
      "C",
      "C",
      "C",
      "C",
      "C",
      "O",
      "H",
      "H",
      "H",
      "H",
      "H",
      "H",
      "H",
      "H",
      "H",
      "H",
      "H",
      "H",
      "H",
      "H",
      "H",
      "H",
      "H",
      "H"
    ],
    "charge_variation": [
      -0.0005109999999999976,
      0.007418000000000001,
      -0.037092,
      -0.0019220000000000348,
      -0.05732400000000004,
      -0.0063790000000000235,
      -0.006718000000000002,
      0.07292500000000002,
      0.024475000000000025,
      -0.047978000000000076,
      0.0034560000000000146,
      0.0030810000000000004,
      0.006108000000000002,
      0.0024849999999999994,
      0.0016489999999999977,
      0.003007000000000001,
      -0.007336000000000009,
      -0.009986999999999968,
      0.03384700000000007,
      0.0013699999999999997,
      -0.0023409999999999993,
      -0.00011000000000000246,
      -0.0033440000000000015,
      -0.00023300000000000057,
      0.004084999999999998,
      0.007999,
      0.006113,
      0.010592,
      -0.004656000000000007,
      0.003450999999999982,
      0.009500999999999999,
      -0.011894,
      0.0007980000000000001,
      -0.00022199999999999998,
      0.00020900000000000085,
      0.0003980000000000025,
      -0.004919000000000003
    ]
  },
  "excitation_energy": "2.2365",
  "exciting_path_mean_volume": 390.85566,
  "s0_bonds_avg": 1.2555112852323687,
  "s1_bonds_avg": 1.2591380972818422,
  "delta_bonds": 0.003626812049473571,
  "s0_angles_avg": 115.22413915670393,
  "s1_angles_avg": 114.94772174526815,
  "delta_angles": -0.2764174114357729
}