{
  "charge": {
    "element": [
      "C",
      "C",
      "C",
      "C",
      "N",
      "C",
      "O",
      "C",
      "C",
      "N",
      "C",
      "C",
      "C",
      "C",
      "C",
      "C",
      "C",
      "C",
      "O",
      "H",
      "H",
      "H",
      "H",
      "H",
      "H",
      "H",
      "H",
      "H",
      "H",
      "H",
      "H",
      "H",
      "H",
      "H",
      "H",
      "H",
      "H"
    ],
    "charge_variation": [
      -0.0005109999999999976,
      0.007418000000000001,
      -0.037092,
      -0.0019220000000000348,
      -0.05732400000000004,
      -0.0063790000000000235,
      -0.006718000000000002,
      0.07292500000000002,
      0.024475000000000025,
      -0.047978000000000076,
      0.0034560000000000146,
      0.0030810000000000004,
      0.006108000000000002,
      0.0024849999999999994,
      0.0016489999999999977,
      0.003007000000000001,
      -0.007336000000000009,
      -0.009986999999999968,
      0.03384700000000007,
      0.0013699999999999997,
      -0.0023409999999999993,
      -0.00011000000000000246,
      -0.0033440000000000015,
      -0.00023300000000000057,
      0.004084999999999998,
      0.007999,
      0.006113,
      0.010592,
      -0.004656000000000007,
      0.003450999999999982,
      0.009500999999999999,
      -0.011894,
      0.0007980000000000001,
      -0.00022199999999999998,
      0.00020900000000000085,
      0.0003980000000000025,
      -0.004919000000000003
    ]
  },
  "ground_state": {
    "HOMO-LUMO": 2.9698229655066726,
    "charge": {
      "element": [
        "C",
        "C",
        "C",
        "C",
        "N",
        "C",
        "O",
        "C",
        "C",
        "N",
        "C",
        "C",
        "C",
        "C",
        "C",
        "C",
        "C",
        "C",
        "O",
        "H",
        "H",
        "H",
        "H",
        "H",
        "H",
        "H",
        "H",
        "H",
        "H",
        "H",
        "H",
        "H",
        "H",
        "H",
        "H",
        "H",
        "H"
      ],
      "charge": [
        -0.078551,
        -0.019896,
        -0.063306,
        0.266832,
        -0.606525,
        0.980573,
        -0.774266,
        -0.451842,
        0.36151,
        -0.623489,
        0.2586,
        0.026617,
        -0.060994,
        -0.015368,
        -0.028924,
        -0.015247,
        -0.062663,
        0.936643,
        -0.807104,
        0.027895,
        0.01898,
        0.019605,
        0.017663,
        0.019617,
        0.018921,
        0.0312,
        0.016268,
        0.022707,
        0.075186,
        0.335279,
        0.00455,
        0.002451,
        0.033025,
        0.034095,
        0.033413,
        0.034238,
        0.032308
      ]
    },
    "structure": {
      "bonds": 1.2555112852323687,
      "angles": 115.22413915670393,
      "DA": 92.47052107327451
    },
    "rotational_constant": {
      "A": 0.1228845,
      "B": 0.1296302,
      "C": 1.0870111
    },
    "rays_asymmetry_parameter": 0.9860066095054322,
    "volume": 391.42889
  },
  "excited_state": {
    "HOMO-LUMO": 1.8361396683238551,
    "charge": {
      "element": [
        "C",
        "C",
        "C",
        "C",
        "N",
        "C",
        "O",
        "C",
        "C",
        "N",
        "C",
        "C",
        "C",
        "C",
        "C",
        "C",
        "C",
        "C",
        "O",
        "H",
        "H",
        "H",
        "H",
        "H",
        "H",
        "H",
        "H",
        "H",
        "H",
        "H",
        "H",
        "H",
        "H",
        "H",
        "H",
        "H",
        "H"
      ],
      "charge": [
        -0.079062,
        -0.012478,
        -0.100398,
        0.26491,
        -0.663849,
        0.974194,
        -0.780984,
        -0.378917,
        0.385985,
        -0.671467,
        0.262056,
        0.029698,
        -0.054886,
        -0.012883,
        -0.027275,
        -0.01224,
        -0.069999,
        0.926656,
        -0.773257,
        0.029265,
        0.016639,
        0.019495,
        0.014319,
        0.019384,
        0.023006,
        0.039199,
        0.022381,
        0.033299,
        0.07053,
        0.33873,
        0.014051,
        -0.009443,
        0.033823,
        0.033873,
        0.033622,
        0.034636,
        0.027389
      ]
    },
    "structure": {
      "bonds": 1.2591380972818422,
      "angles": 114.94772174526815,
      "DA": 92.5606910763878
    },
    "rotational_constant": {
      "A": 0.1211569,
      "B": 0.1293559,
      "C": 1.1392707
    },
    "rays_asymmetry_parameter": 0.9838937454732466,
    "excited_energy": "2.2365",
    "volume": 390.73891
  },
  "exciting_path_mean_volume": 390.85566
}