{
  "s0_rotational_constant_a": 0.028579,
  "s0_rotational_constant_b": 0.0368583,
  "s0_rotational_constant_c": 0.0927426,
  "s1_rotational_constant_a": 0.0307844,
  "s1_rotational_constant_b": 0.0405705,
  "s1_rotational_constant_c": 0.0862227,
  "s0_rays_asymmetry_parameter": 0.741931562443504,
  "s1_rays_asymmetry_parameter": 0.6469552637797336,
  "s0_volume": 908.18976,
  "s1_volume": 905.05648,
  "delta_volume": -3.1332800000000134,
  "s0_homo_lumo_gap": 1.8016437999965578,
  "s1_homo_lumo_gap": 0.8337159120816224,
  "delta_gap": -0.9679278879149353,
  "s0_dihedral_avg": 91.19729238355127,
  "s1_dihedral_avg": 91.18025071747395,
  "delta_dihedral": -0.017041666077318496,
  "delta_dipole": {
    "element": [
      "C",
      "C",
      "C",
      "C",
      "C",
      "C",
      "C",
      "C",
      "C",
      "C",
      "C",
      "C",
      "C",
      "N",
      "C",
      "C",
      "C",
      "C",
      "C",
      "C",
      "C",
      "C",
      "C",
      "C",
      "C",
      "C",
      "C",
      "C",
      "C",
      "C",
      "C",
      "C",
      "C",
      "C",
      "C",
      "C",
      "C",
      "C",
      "C",
      "C",
      "C",
      "C",
      "N",
      "C",
      "C",
      "C",
      "C",
      "H",
      "H",
      "H",
      "H",
      "H",
      "H",
      "H",
      "H",
      "H",
      "H",
      "H",
      "H",
      "H",
      "H",
      "H",
      "H",
      "H",
      "H",
      "H",
      "H",
      "H",
      "H",
      "H",
      "H",
      "H",
      "H",
      "H",
      "H",
      "H",
      "H",
      "H",
      "H",
      "H",
      "H",
      "H",
      "H",
      "H",
      "H"
    ],
    "charge_variation": [
      -0.0004220000000000057,
      5.100000000000243e-05,
      0.000907000000000005,
      0.0011489999999999972,
      0.000673999999999994,
      -0.007102999999999998,
      0.004167000000000004,
      -0.0039120000000000005,
      -4.899999999999349e-05,
      0.015922999999999993,
      0.0001399999999999995,
      0.013357000000000008,
      -0.024119,
      0.12242199999999992,
      0.018935999999999953,
      -0.068687,
      0.031176000000000002,
      -0.06802899999999999,
      0.021908,
      -0.059142,
      -0.00010399999999999993,
      0.005859999999999997,
      -0.005145000000000004,
      0.0040820000000000006,
      -0.018935999999999995,
      -0.013090000000000046,
      0.011717000000000005,
      0.0036209999999999992,
      -0.0060160000000000075,
      0.005358000000000002,
      -0.0013170000000000057,
      0.0012680000000000052,
      0.0013970000000000093,
      -0.004242999999999997,
      -0.001358999999999999,
      0.0055670000000000025,
      -0.002593000000000005,
      -0.006720000000000004,
      -0.001121999999999998,
      -0.0013659999999999992,
      -0.0060190000000000035,
      0.005099999999999993,
      -0.010292999999999997,
      0.00031699999999999784,
      -0.0018249999999999933,
      0.007512999999999999,
      -0.0008489999999999887,
      0.00017199999999999854,
      0.0008390000000000029,
      -0.0006650000000000024,
      -0.00012400000000000085,
      0.00019800000000000026,
      0.00025400000000000075,
      7.000000000000062e-06,
      0.001245000000000003,
      0.0013960000000000014,
      0.0014429999999999998,
      0.0019559999999999994,
      0.002237999999999997,
      -0.0029969999999999997,
      -0.003301000000000002,
      0.0019590000000000024,
      -0.0011350000000000006,
      0.0032099999999999993,
      0.003823,
      -0.00010499999999999399,
      0.0016589999999999973,
      -0.0011080000000000048,
      0.002155999999999998,
      -0.0008199999999999943,
      0.001577000000000002,
      -0.00020399999999999932,
      0.00030799999999999925,
      -0.000508999999999999,
      0.0001559999999999999,
      9.600000000000233e-05,
      0.0001460000000000003,
      -5.100000000000243e-05,
      0.0018589999999999995,
      0.005603999999999998,
      0.0013199999999999948,
      -0.0003970000000000015,
      0.00031699999999999784,
      0.0015130000000000005,
      0.005819000000000005
    ]
  },
  "excitation_energy": "0.9612",
  "exciting_path_mean_volume": 906.5903316666668,
  "s0_bonds_avg": 1.2981025096865395,
  "s1_bonds_avg": 1.297827872226764,
  "delta_bonds": -0.00027463745977551746,
  "s0_angles_avg": 117.097007115661,
  "s1_angles_avg": 117.20015560168353,
  "delta_angles": 0.10314848602253335
}