{"charge": {"element": ["N", "N", "N", "C", "C", "O", "C", "C", "C", "C", "C", "N", "N", "C", "C", "C", "C", "C", "C", "C", "C", "C", "C", "C", "C", "C", "C", "O", "C", "H", "H", "H", "H", "H", "H", "H", "H", "H", "H", "H", "H", "H", "H", "H", "H", "H"], "charge_variation": [0.0015240000000000808, 0.00030799999999997496, -0.0015719999999999068, -0.0003770000000000162, 0.0006839999999999624, -0.00025799999999998047, -0.0009869999999999601, 0.0024520000000000097, -0.002820000000000003, 0.00450600000000001, -0.009973999999999927, 0.026943999999999968, 0.013392999999999988, -0.015807999999999933, -0.014144, 0.010297, -0.010513000000000002, 0.0001899999999999992, 0.005436999999999997, -0.0024059999999999984, -0.0019629999999999995, 0.006236000000000005, 0.001021000000000001, -0.011032999999999994, 0.007509, -0.012998000000000001, -8.500000000000174e-05, -9.699999999990272e-05, 0.0019099999999999673, 0.00014999999999999996, 3.899999999999997e-05, -0.0007199999999999984, -0.0005310000000000002, 0.0004239999999999938, 5.999999999999062e-06, 9.10000000000008e-05, 0.00017199999999999854, 0.0005530000000000014, 0.0017120000000000017, -0.0005880000000000052, -0.0002920000000000006, 0.0016910000000000015, 0.0004860000000000003, -0.0014830000000000051, 0.00038199999999999346, 0.0005310000000000037]}, "ground_state": {"HOMO-LUMO": 2.1908291416211485, "structure": {"bonds": 1.2882506278377552, "angles": 118.36988513247829, "DA": 12.883175998384333}, "rotational_constant": {"A": 0.0480303, "B": 0.0538666, "C": 0.405233}, "rays_asymmetry_parameter": 0.9673221954929233, "volume": 521.17972}, "excited_state": {"HOMO-LUMO": 1.5890276706478708, "structure": {"bonds": 1.2936590327683672, "angles": 118.23954457969879, "DA": 4.842431397104122}, "rotational_constant": {"A": 0.0480894, "B": 0.0539939, "C": 0.407078}, "rays_asymmetry_parameter": 0.9671048049993788, "excited_energy": "1.9091", "volume": 521.56122}, "exciting_path_mean_volume": 521.216745}