{
  "s0_rotational_constant_a": 0.1126408,
  "s0_rotational_constant_b": 0.1412093,
  "s0_rotational_constant_c": 0.5280206,
  "s1_rotational_constant_a": 0.1160864,
  "s1_rotational_constant_b": 0.1413713,
  "s1_rotational_constant_c": 0.5249891,
  "s0_rays_asymmetry_parameter": 0.8624463683597516,
  "s1_rays_asymmetry_parameter": 0.8763280359850889,
  "s0_volume": 366.79419,
  "s1_volume": 370.99918,
  "delta_volume": 4.204990000000009,
  "s0_homo_lumo_gap": 2.1416037524880096,
  "s1_homo_lumo_gap": 0.6188031421343521,
  "delta_gap": -1.5228006103536575,
  "s0_dihedral_avg": -7.31538188878157,
  "s1_dihedral_avg": 4.508024770116878,
  "delta_dihedral": 11.823406658898447,
  "delta_dipole": null,
  "excitation_energy": "0.7136",
  "exciting_path_mean_volume": 368.9124133333333,
  "s0_bonds_avg": 1.3193586888566666,
  "s1_bonds_avg": 1.3183391411700003,
  "s0_angles_avg": 119.85317099566866,
  "s1_angles_avg": 119.69545625466557
}