{
  "charge": {
    "element": [
      "Br",
      "C",
      "C",
      "N",
      "C",
      "N",
      "C",
      "C",
      "C",
      "C",
      "C",
      "C",
      "C",
      "C",
      "C",
      "C",
      "C",
      "C",
      "N",
      "C",
      "H",
      "H",
      "H",
      "H",
      "H",
      "H",
      "H",
      "H",
      "H",
      "H"
    ],
    "charge_variation": [
      0.005650000000000002,
      0.050622,
      -0.026946000000000025,
      0.017907000000000006,
      0.06476500000000018,
      -0.010611999999999955,
      0.02454299999999998,
      -0.051308999999999994,
      0.016816,
      -0.03294599999999999,
      0.013978999999999998,
      -0.014297000000000004,
      -0.014259,
      0.013961000000000001,
      -0.032912,
      0.016798,
      -0.051281999999999994,
      0.024529000000000023,
      0.01789799999999997,
      -0.026956999999999953,
      0.018338000000000004,
      -0.018155000000000004,
      -0.0028349999999999972,
      0.00042700000000000377,
      -0.0007449999999999957,
      -0.0007439999999999947,
      0.00042400000000000077,
      -0.0028359999999999982,
      -0.018164,
      0.018341
    ]
  },
  "ground_state": {
    "HOMO-LUMO": 2.1416037524880096,
    "charge": {
      "element": [
        "Br",
        "C",
        "C",
        "N",
        "C",
        "N",
        "C",
        "C",
        "C",
        "C",
        "C",
        "C",
        "C",
        "C",
        "C",
        "C",
        "C",
        "C",
        "N",
        "C",
        "H",
        "H",
        "H",
        "H",
        "H",
        "H",
        "H",
        "H",
        "H",
        "H"
      ],
      "charge": [
        -0.124382,
        -0.026355,
        0.449079,
        -0.920041,
        1.167277,
        -0.399394,
        0.308954,
        -0.125299,
        -0.030789,
        -0.07122,
        -0.047188,
        -0.044055,
        -0.044055,
        -0.047188,
        -0.071219,
        -0.030788,
        -0.125298,
        0.308955,
        -0.92004,
        0.44908,
        0.026458,
        0.051811,
        0.028893,
        0.030999,
        0.033822,
        0.033822,
        0.030999,
        0.028893,
        0.051811,
        0.026458
      ]
    },
    "structure": {
      "bonds": 1.3193586888566666,
      "angles": 119.85317099566866,
      "DA": 89.97269416103855
    },
    "rotational_constant": {
      "A": 0.1126408,
      "B": 0.1412093,
      "C": 0.5280206
    },
    "rays_asymmetry_parameter": 0.8624463683597516,
    "volume": 366.79419
  },
  "excited_state": {
    "HOMO-LUMO": 0.6188031421343521,
    "charge": {
      "element": [
        "Br",
        "C",
        "C",
        "N",
        "C",
        "N",
        "C",
        "C",
        "C",
        "C",
        "C",
        "C",
        "C",
        "C",
        "C",
        "C",
        "C",
        "C",
        "N",
        "C",
        "H",
        "H",
        "H",
        "H",
        "H",
        "H",
        "H",
        "H",
        "H",
        "H"
      ],
      "charge": [
        -0.118732,
        0.024267,
        0.422133,
        -0.902134,
        1.232042,
        -0.410006,
        0.333497,
        -0.176608,
        -0.013973,
        -0.104166,
        -0.033209,
        -0.058352,
        -0.058314,
        -0.033227,
        -0.104131,
        -0.01399,
        -0.17658,
        0.333484,
        -0.902142,
        0.422123,
        0.044796,
        0.033656,
        0.026058,
        0.031426,
        0.033077,
        0.033078,
        0.031423,
        0.026057,
        0.033647,
        0.044799
      ]
    },
    "structure": {
      "bonds": 1.3183391411700003,
      "angles": 119.69545625466557,
      "DA": 90.00788093163202
    },
    "rotational_constant": {
      "A": 0.1160864,
      "B": 0.1413713,
      "C": 0.5249891
    },
    "rays_asymmetry_parameter": 0.8763280359850889,
    "excited_energy": "0.7136",
    "volume": 370.99918
  },
  "exciting_path_mean_volume": 368.9124133333333
}