{
  "s0_rotational_constant_a": 0.0465225,
  "s0_rotational_constant_b": 0.0687253,
  "s0_rotational_constant_c": 0.1247851,
  "s1_rotational_constant_a": 0.0470014,
  "s1_rotational_constant_b": 0.0640357,
  "s1_rotational_constant_c": 0.1388122,
  "s0_rays_asymmetry_parameter": 0.43260765678625535,
  "s1_rays_asymmetry_parameter": 0.6289260087048582,
  "s0_volume": 627.05581,
  "s1_volume": 623.06956,
  "delta_volume": -3.9862499999999272,
  "s0_homo_lumo_gap": 2.18641273440373,
  "s1_homo_lumo_gap": 1.2218917114525687,
  "delta_gap": -0.9645210229511614,
  "s0_dihedral_avg": 87.59257018428559,
  "s1_dihedral_avg": 87.72460512507463,
  "delta_dihedral": 0.13203494078904043,
  "delta_dipole": {
    "element": [
      "C",
      "C",
      "C",
      "C",
      "C",
      "C",
      "C",
      "C",
      "C",
      "C",
      "C",
      "N",
      "N",
      "N",
      "N",
      "C",
      "C",
      "C",
      "C",
      "C",
      "C",
      "C",
      "N",
      "N",
      "N",
      "N",
      "C",
      "C",
      "C",
      "C",
      "C",
      "C",
      "C",
      "C",
      "C",
      "C",
      "H",
      "H",
      "H",
      "H",
      "H",
      "H",
      "H",
      "H",
      "H",
      "H",
      "H",
      "H",
      "H",
      "H",
      "H",
      "H",
      "H",
      "H",
      "H",
      "H"
    ],
    "charge_variation": [
      0.002683999999999999,
      -0.0018729999999999997,
      0.000796000000000005,
      -0.0024929999999999952,
      0.005533,
      0.0004050000000000026,
      -0.002021000000000009,
      -0.003133999999999998,
      -0.000840999999999998,
      -0.005156000000000001,
      -0.0006570000000000187,
      0.004125000000000045,
      0.0006480000000000097,
      -0.003960000000000019,
      -0.00042500000000000177,
      0.0016079999999999983,
      -0.007043999999999995,
      -0.002021000000000009,
      -0.0031829999999999983,
      -0.0008720000000000012,
      -0.005228999999999999,
      -0.0009989999999999721,
      0.004535000000000067,
      0.0005860000000000032,
      -0.0043209999999999915,
      2.5000000000000716e-05,
      0.0015990000000000032,
      -0.007087000000000003,
      -0.0025610000000000077,
      0.0008319999999999994,
      -0.0018579999999999985,
      0.0027069999999999976,
      1.2000000000001593e-05,
      0.0007080000000000003,
      0.0007469999999999977,
      -4.000000000000184e-05,
      0.0015870000000000016,
      0.0002580000000000013,
      0.002681999999999997,
      0.0035319999999999935,
      -4.600000000000437e-05,
      0.0003529999999999922,
      -0.0004580000000000001,
      0.0017710000000000017,
      0.0035180000000000003,
      -4.200000000000037e-05,
      0.00032999999999999696,
      -0.00048000000000000126,
      0.001805000000000001,
      0.0026629999999999987,
      0.0002580000000000013,
      0.0015880000000000026,
      0.0008519999999999986,
      0.0036220000000000002,
      0.0035460000000000005,
      0.0008879999999999999
    ]
  },
  "excitation_energy": "2.0582",
  "exciting_path_mean_volume": 624.5599583333333,
  "s0_bonds_avg": 1.2850602800759015,
  "s1_bonds_avg": 1.28144730242082,
  "s0_angles_avg": 119.21757251756799,
  "s1_angles_avg": 119.21695181328994,
  "delta_bonds": -0.0036129776550815063,
  "delta_angles": -0.0006207042780488337
}