{
  "s0_rotational_constant_a": 0.0645803,
  "s0_rotational_constant_b": 0.080824,
  "s0_rotational_constant_c": 0.2031944,
  "s1_rotational_constant_a": 0.0667071,
  "s1_rotational_constant_b": 0.0815665,
  "s1_rotational_constant_c": 0.2081284,
  "s0_rays_asymmetry_parameter": 0.7656270177420622,
  "s1_rays_asymmetry_parameter": 0.7898562663474316,
  "s0_volume": 645.7232,
  "s1_volume": 640.63089,
  "delta_volume": -5.092309999999998,
  "s0_homo_lumo_gap": 2.1548203204824623,
  "s1_homo_lumo_gap": 1.2455030271799457,
  "delta_gap": -0.9093172933025166,
  "s0_dihedral_avg": 90.07070997759546,
  "s1_dihedral_avg": 90.10518661107554,
  "delta_dihedral": 0.03447663348008234,
  "delta_dipole": {
    "element": [
      "C",
      "C",
      "C",
      "C",
      "C",
      "C",
      "C",
      "C",
      "C",
      "C",
      "C",
      "C",
      "C",
      "C",
      "C",
      "C",
      "C",
      "C",
      "C",
      "C",
      "C",
      "C",
      "C",
      "C",
      "C",
      "C",
      "C",
      "C",
      "C",
      "C",
      "C",
      "C",
      "C",
      "C",
      "H",
      "H",
      "H",
      "H",
      "H",
      "H",
      "H",
      "H",
      "H",
      "H",
      "H",
      "H",
      "H",
      "H",
      "H",
      "H",
      "H",
      "H",
      "H",
      "H",
      "H",
      "H",
      "H",
      "H"
    ],
    "charge_variation": [
      -0.00033099999999999796,
      -0.0014750000000000006,
      -0.0031990000000000074,
      -0.0019629999999999925,
      0.0031649999999999994,
      0.0033550000000000003,
      -0.0016700000000000048,
      -0.002479999999999996,
      -0.0012789999999999989,
      -0.000562,
      -0.001291999999999998,
      -0.002822000000000005,
      -0.004167000000000004,
      0.0008169999999999983,
      -0.005319999999999998,
      0.004308999999999993,
      -0.0005840000000000012,
      -0.0005450000000000038,
      0.003943999999999996,
      -0.002923000000000002,
      -0.0012830000000000064,
      -0.0017089999999999883,
      -0.0036409999999999915,
      0.0010949999999999988,
      -0.005148,
      0.004117999999999997,
      -0.0006339999999999957,
      -0.0006919999999999982,
      0.0036819999999999978,
      -0.002814999999999998,
      -0.0005079999999999946,
      -0.0026449999999999946,
      -0.0015310000000000046,
      -0.0023870000000000002,
      0.0012079999999999973,
      -0.00010699999999999946,
      0.0028080000000000015,
      0.0024900000000000026,
      0.0006879999999999976,
      0.001178000000000002,
      -0.00013099999999999917,
      0.0026460000000000025,
      0.0026530000000000026,
      0.0003709999999999998,
      7.000000000000062e-05,
      0.00010899999999999799,
      -0.0006369999999999987,
      0.0009889999999999968,
      0.00408,
      0.0025269999999999945,
      0.0003349999999999985,
      6.0999999999998555e-05,
      0.00016400000000000095,
      -0.0006049999999999979,
      0.0009189999999999962,
      0.0036680000000000046,
      0.002770999999999999,
      0.0008640000000000002
    ]
  },
  "excitation_energy": "1.9274",
  "exciting_path_mean_volume": 642.8390883333333,
  "s0_bonds_avg": 1.292142046702222,
  "s1_bonds_avg": 1.290190979502857,
  "delta_bonds": -0.0019510671993649975,
  "s0_angles_avg": 119.99894371067765,
  "s1_angles_avg": 119.99670805182998,
  "delta_angles": -0.002235658847666855
}