{
  "s0_rotational_constant_a": 0.0620459,
  "s0_rotational_constant_b": 0.0835354,
  "s0_rotational_constant_c": 0.097655,
  "s1_rotational_constant_a": 0.0617255,
  "s1_rotational_constant_b": 0.0855859,
  "s1_rotational_constant_c": 0.0955713,
  "s0_rays_asymmetry_parameter": -0.20696675849712529,
  "s1_rays_asymmetry_parameter": -0.4099474676326166,
  "s0_volume": 790.90351,
  "s1_volume": 787.59932,
  "delta_volume": -3.3041899999999487,
  "s0_homo_lumo_gap": 2.086070765123218,
  "s1_homo_lumo_gap": 1.5684885198918215,
  "delta_gap": -0.5175822452313965,
  "s0_dihedral_avg": 90.06633446591431,
  "s1_dihedral_avg": 89.88474484716058,
  "delta_dihedral": -0.18158961875373336,
  "delta_dipole": {
    "element": [
      "C",
      "C",
      "C",
      "C",
      "C",
      "C",
      "C",
      "C",
      "C",
      "C",
      "C",
      "C",
      "Si",
      "C",
      "C",
      "C",
      "C",
      "C",
      "C",
      "C",
      "C",
      "C",
      "C",
      "C",
      "C",
      "C",
      "C",
      "C",
      "C",
      "C",
      "C",
      "C",
      "C",
      "C",
      "C",
      "C",
      "C",
      "C",
      "C",
      "C",
      "C",
      "H",
      "H",
      "H",
      "H",
      "H",
      "H",
      "H",
      "H",
      "H",
      "H",
      "H",
      "H",
      "H",
      "H",
      "H",
      "H",
      "H",
      "H",
      "H",
      "H",
      "H",
      "H",
      "H",
      "H",
      "H",
      "H",
      "H",
      "H",
      "H",
      "H"
    ],
    "charge_variation": [
      -0.002160000000000002,
      -0.002207999999999998,
      0.0036749999999999977,
      -0.0057849999999999985,
      0.005337,
      -0.0026499999999999996,
      -0.0015999999999999903,
      -0.00016599999999999948,
      0.0007429999999999971,
      -0.0025409999999999947,
      0.0019120000000000005,
      -0.004018000000000008,
      -0.009113999999999997,
      0.005326000000000011,
      -0.0007330000000000045,
      9.10000000000008e-05,
      0.0003170000000000048,
      -0.0002469999999999972,
      -4.800000000000637e-05,
      0.005329,
      -0.0006919999999999982,
      9.800000000000086e-05,
      0.0003070000000000017,
      -0.00023899999999999963,
      2.3000000000002185e-05,
      -0.0027410000000000004,
      -0.0015560000000000018,
      -0.00026199999999999835,
      0.0007010000000000002,
      -0.0025459999999999997,
      0.001979999999999999,
      -0.003714999999999996,
      0.005327,
      -0.005421999999999996,
      0.003475999999999993,
      -0.002033,
      -0.0023060000000000025,
      -0.0019970000000000022,
      0.002598000000000003,
      0.0028859999999999997,
      -0.0021079999999999988,
      0.0014459999999999994,
      -0.0001920000000000012,
      0.0007570000000000007,
      -0.0002500000000000002,
      4.100000000000284e-05,
      0.0007880000000000005,
      -5.7999999999999025e-05,
      0.002125999999999996,
      0.001055999999999998,
      0.00046699999999999867,
      -9.000000000002062e-06,
      -2.2000000000001185e-05,
      7.400000000000115e-05,
      0.0010369999999999997,
      0.0004580000000000001,
      -8.000000000001062e-06,
      -3.200000000000078e-05,
      4.80000000000029e-05,
      -0.00016499999999999848,
      5.7000000000001494e-05,
      0.0007789999999999984,
      -8.499999999999827e-05,
      0.0018449999999999994,
      0.0007170000000000024,
      -0.0002139999999999989,
      0.0014440000000000008,
      0.0005889999999999992,
      0.0017590000000000001,
      0.0017459999999999976,
      0.0005569999999999985
    ]
  },
  "excitation_energy": "2.4749",
  "exciting_path_mean_volume": 788.8227416666667,
  "s0_bonds_avg": 1.3046621148971431,
  "s1_bonds_avg": 1.3109687364242857,
  "delta_bonds": 0.006306621527142564,
  "s0_angles_avg": 119.47363690550854,
  "s1_angles_avg": 119.46022241744794,
  "delta_angles": -0.013414488060604413
}