{
  "s0_rotational_constant_a": 0.0309008,
  "s0_rotational_constant_b": 0.0389039,
  "s0_rotational_constant_c": 0.1020695,
  "s1_rotational_constant_a": 0.0305216,
  "s1_rotational_constant_b": 0.0374795,
  "s1_rotational_constant_c": 0.1073947,
  "s0_rays_asymmetry_parameter": 0.7750949504487225,
  "s1_rays_asymmetry_parameter": 0.8189769893499806,
  "s0_volume": 939.25295,
  "s1_volume": 946.23016,
  "delta_volume": 6.9772099999999,
  "s0_homo_lumo_gap": 1.0007148814840452,
  "s1_homo_lumo_gap": 0.17189701807238666,
  "delta_gap": -0.8288178634116585,
  "s0_dihedral_avg": 91.15670548692941,
  "s1_dihedral_avg": 91.03743646271732,
  "delta_dihedral": -0.11926902421208752,
  "delta_dipole": {
    "element": [
      "C",
      "C",
      "C",
      "N",
      "C",
      "C",
      "C",
      "C",
      "C",
      "C",
      "C",
      "C",
      "C",
      "C",
      "C",
      "O",
      "C",
      "C",
      "C",
      "C",
      "C",
      "C",
      "C",
      "O",
      "C",
      "C",
      "C",
      "C",
      "C",
      "C",
      "C",
      "C",
      "C",
      "C",
      "C",
      "C",
      "C",
      "C",
      "C",
      "C",
      "C",
      "C",
      "C",
      "C",
      "C",
      "C",
      "C",
      "C",
      "C",
      "H",
      "H",
      "H",
      "H",
      "H",
      "H",
      "H",
      "H",
      "H",
      "H",
      "H",
      "H",
      "H",
      "H",
      "H",
      "H",
      "H",
      "H",
      "H",
      "H",
      "H",
      "H",
      "H",
      "H",
      "H",
      "H",
      "H",
      "H",
      "H",
      "H",
      "H",
      "H",
      "H",
      "H",
      "H",
      "H",
      "H",
      "H",
      "H",
      "H"
    ],
    "charge_variation": [
      0.0019589999999999955,
      0.0016439999999999996,
      0.004060000000000008,
      0.006842999999999988,
      -0.02119299999999999,
      0.020983,
      -0.0003599999999999992,
      0.008738999999999999,
      0.0038610000000000033,
      0.006047999999999998,
      -0.002811999999999995,
      -0.035984,
      -0.005977,
      -0.029599999999999987,
      -0.003529999999999922,
      0.01494200000000001,
      -0.005393999999999954,
      -0.016431,
      -0.004595999999999999,
      0.003392000000000001,
      -0.011852000000000005,
      0.0009300000000000141,
      -0.01300100000000004,
      -0.006670000000000009,
      0.0005330000000000057,
      0.0011849999999999916,
      -0.0022910000000000014,
      0.0006659999999999999,
      0.012771999999999992,
      0.00422,
      -0.0024419999999999997,
      0.00016100000000000142,
      -0.008276000000000006,
      0.038256999999999985,
      -0.010800000000000004,
      0.015722,
      -0.009035000000000001,
      0.0036670000000000036,
      0.003728,
      0.008224000000000002,
      0.003896,
      0.0018689999999999957,
      0.012092000000000047,
      -0.005244,
      -0.0010679999999999995,
      0.0018459999999999996,
      0.0028469999999999997,
      0.002157,
      0.00045400000000000995,
      0.0009079999999999991,
      0.00019800000000000026,
      9.199999999999833e-05,
      0.0005959999999999993,
      -0.0004900000000000009,
      0.0006560000000000003,
      0.0008769999999999993,
      0.009960999999999998,
      0.003258999999999998,
      0.0026429999999999995,
      -0.007962000000000004,
      -0.0035099999999999992,
      0.0037240000000000007,
      -0.001601,
      0.005104,
      -0.002267999999999999,
      -0.003734000000000001,
      -0.003773000000000002,
      -0.0025140000000000023,
      -7.300000000000015e-05,
      -0.0019769999999999996,
      -0.0017010000000000003,
      -0.0007989999999999942,
      0.003609000000000001,
      0.0038639999999999994,
      0.0007500000000000007,
      -0.001686,
      -0.0015089999999999965,
      -0.002773000000000001,
      0.0020840000000000025,
      -0.0002139999999999989,
      0.0014420000000000058,
      0.0016340000000000035,
      0.001343000000000004,
      -0.0007269999999999985,
      -8.700000000000374e-05,
      0.0009899999999999978,
      0.0011089999999999989,
      0.0010940000000000047,
      0.00032600000000000337
    ]
  },
  "excitation_energy": "0.1983",
  "exciting_path_mean_volume": 944.19353,
  "s0_bonds_avg": 1.2596173366838945,
  "s1_bonds_avg": 1.2700943171469474,
  "s0_angles_avg": 117.95095563162305,
  "s1_angles_avg": 117.9567250990411,
  "delta_bonds": 0.010476980463052898,
  "delta_angles": 0.00576946741804818
}