{
  "s0_rotational_constant_a": 0.1278861,
  "s0_rotational_constant_b": 0.1500609,
  "s0_rotational_constant_c": 0.8072821,
  "s1_rotational_constant_a": 0.1272994,
  "s1_rotational_constant_b": 0.1497182,
  "s1_rotational_constant_c": 0.7949312,
  "s0_rays_asymmetry_parameter": 0.9347220177922744,
  "s1_rays_asymmetry_parameter": 0.9328408263357139,
  "s0_volume": 453.28886,
  "s1_volume": 453.55232,
  "delta_volume": 0.26346000000000913,
  "s0_homo_lumo_gap": 3.0064739752487526,
  "s1_homo_lumo_gap": 2.308232647102035,
  "delta_gap": -0.6982413281467177,
  "s0_dihedral_avg": 90.26537652039835,
  "s1_dihedral_avg": 89.93282823511818,
  "delta_dihedral": -0.33254828528016844,
  "delta_dipole": {
    "element": [
      "C",
      "C",
      "C",
      "C",
      "C",
      "C",
      "C",
      "C",
      "C",
      "C",
      "C",
      "C",
      "C",
      "C",
      "C",
      "C",
      "C",
      "C",
      "C",
      "C",
      "H",
      "H",
      "H",
      "H",
      "H",
      "H",
      "H",
      "H",
      "H",
      "H",
      "H",
      "H",
      "H",
      "H",
      "H",
      "H",
      "H",
      "H",
      "H",
      "H",
      "H",
      "H",
      "H",
      "H"
    ],
    "charge_variation": [
      0.004672999999999997,
      -0.007368000000000013,
      0.005668000000000006,
      -0.004127000000000006,
      0.0034460000000000046,
      0.0019030000000000002,
      -0.012421000000000001,
      -0.012652999999999998,
      0.0017649999999999992,
      -0.0015270000000000006,
      0.0026399999999999896,
      0.0032939999999999914,
      -0.007293999999999995,
      0.004609999999999989,
      0.005476999999999996,
      -0.003816000000000007,
      0.0032910000000000023,
      -0.001458999999999995,
      0.0027259999999999923,
      0.0033429999999999988,
      -0.00044399999999999995,
      -0.0002030000000000018,
      -0.00025199999999999875,
      -0.00018599999999999867,
      0.0007519999999999992,
      -0.0009859999999999973,
      -1.2999999999999123e-05,
      0.006177999999999996,
      0.0062390000000000015,
      -0.0005170000000000001,
      -0.00045500000000000054,
      -0.0003170000000000013,
      0.00026199999999999835,
      -0.0001480000000000023,
      -0.0001899999999999992,
      -0.0005310000000000002,
      -0.0001799999999999996,
      -0.0008490000000000025,
      0.0007070000000000028,
      8.800000000000127e-05,
      -0.0005920000000000022,
      -0.00042600000000000277,
      -0.00037500000000000033,
      0.00026500000000000135
    ]
  },
  "excitation_energy": "3.3664",
  "exciting_path_mean_volume": 453.12413166666664,
  "s0_bonds_avg": 1.258334339310889,
  "s1_bonds_avg": 1.2675716530228889,
  "delta_bonds": 0.009237313711999873,
  "s0_angles_avg": 115.14104758853341,
  "s1_angles_avg": 115.13323185655878,
  "delta_angles": -0.007815731974631035
}