{"charge": {"element": ["C", "C", "C", "C", "C", "C", "C", "C", "C", "C", "C", "C", "C", "C", "C", "C", "C", "C", "C", "C", "C", "C", "C", "C", "H", "H", "H", "H", "H", "H", "H", "H", "H", "H", "H", "H", "H", "H", "H", "H", "H", "H", "H", "H", "H", "H", "H", "H", "H", "H"], "charge_variation": [0.005588999999999997, -0.007688, 0.006194999999999992, -0.005302999999999995, 0.0010600000000000054, 0.00294, -0.006070000000000006, -0.0037469999999999934, -0.0036250000000000032, -0.006283000000000004, 0.0027530000000000002, -0.005195999999999999, 0.0010939999999999978, 0.006178000000000003, -0.007638999999999993, 0.005553000000000002, 0.0061189999999999994, -0.005184000000000001, 0.0011309999999999931, -0.0036530000000000035, -0.0037740000000000065, -0.005296999999999996, 0.0010949999999999988, 0.0061309999999999976, -0.0006959999999999987, -0.0004399999999999994, -0.0004159999999999997, -0.00037299999999999833, -0.0006870000000000001, 0.002131000000000001, -2.6999999999999247e-05, 0.004147999999999999, 0.004184, 0.0021940000000000015, -5.500000000000296e-05, -0.0007519999999999992, -0.0003779999999999964, -0.0006889999999999986, -0.00043600000000000236, -0.0004070000000000011, -0.00036299999999999527, 0.0021790000000000004, -0.0007680000000000013, -6.700000000000109e-05, 0.004179000000000002, 0.004144000000000002, -3.799999999999984e-05, 0.002114999999999999, -0.0007029999999999988, -0.0003610000000000002]}, "ground_state": {"HOMO-LUMO": 3.41095211327623, "charge": {"element": ["C", "C", "C", "C", "C", "C", "C", "C", "C", "C", "C", "C", "C", "C", "C", "C", "C", "C", "C", "C", "C", "C", "C", "C", "H", "H", "H", "H", "H", "H", "H", "H", "H", "H", "H", "H", "H", "H", "H", "H", "H", "H", "H", "H", "H", "H", "H", "H", "H", "H"], "charge": [-0.08029, 0.084344, -0.105817, 0.057176, -0.078752, -0.011318, 0.062783, -0.061633, -0.061626, 0.062794, -0.011308, 0.057179, -0.078751, -0.10582, 0.08434, -0.080291, -0.105866, 0.057179, -0.078787, -0.061625, -0.061632, 0.057175, -0.078788, -0.105863, 0.02198, 0.02047, 0.020493, 0.033471, 0.019862, 0.022722, 0.021792, 0.03195, 0.031951, 0.022722, 0.021791, 0.01986, 0.03347, 0.02198, 0.020469, 0.020493, 0.033482, 0.022727, 0.019875, 0.021805, 0.03197, 0.031969, 0.021806, 0.022727, 0.019877, 0.033483]}, "structure": {"bonds": 1.2719083648255771, "angles": 115.78974109973765, "DA": -0.0004791112597243387}, "rotational_constant": {"A": 0.0852189, "B": 0.0941937, "C": 0.7211674}, "rays_asymmetry_parameter": 0.9717750729815385, "volume": 522.95888}, "excited_state": {"HOMO-LUMO": 2.5697122542099127, "charge": {"element": ["C", "C", "C", "C", "C", "C", "C", "C", "C", "C", "C", "C", "C", "C", "C", "C", "C", "C", "C", "C", "C", "C", "C", "C", "H", "H", "H", "H", "H", "H", "H", "H", "H", "H", "H", "H", "H", "H", "H", "H", "H", "H", "H", "H", "H", "H", "H", "H", "H", "H"], "charge": [-0.074701, 0.076656, -0.099622, 0.051873, -0.077692, -0.008378, 0.056713, -0.06538, -0.065251, 0.056511, -0.008555, 0.051983, -0.077657, -0.099642, 0.076701, -0.074738, -0.099747, 0.051995, -0.077656, -0.065278, -0.065406, 0.051878, -0.077693, -0.099732, 0.021284, 0.02003, 0.020077, 0.033098, 0.019175, 0.024853, 0.021765, 0.036098, 0.036135, 0.024916, 0.021736, 0.019108, 0.033092, 0.021291, 0.020033, 0.020086, 0.033119, 0.024906, 0.019107, 0.021738, 0.036149, 0.036113, 0.021768, 0.024842, 0.019174, 0.033122]}, "structure": {"bonds": 1.2757031745044232, "angles": 115.77877850725751, "DA": -0.007028611573026352}, "rotational_constant": {"A": 0.0839806, "B": 0.0935985, "C": 0.7046855}, "rays_asymmetry_parameter": 0.9690097500438614, "excited_energy": "3.3896", "volume": 520.49628}, "exciting_path_mean_volume": 521.5454416666666}