{
  "s0_rotational_constant_a": 0.0369732,
  "s0_rotational_constant_b": 0.0380197,
  "s0_rotational_constant_c": 0.7020659,
  "s1_rotational_constant_a": 0.0480264,
  "s1_rotational_constant_b": 0.0526813,
  "s1_rotational_constant_c": 0.3487337,
  "s0_rays_asymmetry_parameter": 0.9968530702562216,
  "s1_rays_asymmetry_parameter": 0.969040325924911,
  "s0_volume": 520.41953,
  "s1_volume": 516.96069,
  "delta_volume": -3.4588400000000092,
  "s0_homo_lumo_gap": 2.3550607135250408,
  "s1_homo_lumo_gap": 0.6754300270354361,
  "delta_gap": -1.6796306864896047,
  "s0_dihedral_avg": 0.009497877296206698,
  "s1_dihedral_avg": 0.6155880587723843,
  "delta_dihedral": 0.6060901814761777,
  "delta_dipole": null,
  "excitation_energy": "0.7796",
  "exciting_path_mean_volume": 517.7280316666667,
  "s0_bonds_avg": 1.2607594619560418,
  "s1_bonds_avg": 1.24549943046375,
  "s0_angles_avg": 119.06649877424873,
  "s1_angles_avg": 119.02934168696719
}