{
  "s0_rotational_constant_a": 0.0369732,
  "s0_rotational_constant_b": 0.0380197,
  "s0_rotational_constant_c": 0.7020659,
  "s1_rotational_constant_a": 0.0480264,
  "s1_rotational_constant_b": 0.0526813,
  "s1_rotational_constant_c": 0.3487337,
  "s0_rays_asymmetry_parameter": 0.9968530702562216,
  "s1_rays_asymmetry_parameter": 0.969040325924911,
  "s0_volume": 520.41953,
  "s1_volume": 516.96069,
  "delta_volume": -3.4588400000000092,
  "s0_homo_lumo_gap": 2.3550607135250408,
  "s1_homo_lumo_gap": 0.6754300270354361,
  "delta_gap": -1.6796306864896047,
  "s0_dihedral_avg": 92.11155993420678,
  "s1_dihedral_avg": 91.71649451604496,
  "delta_dihedral": -0.3950654181618205,
  "delta_dipole": {
    "element": [
      "O",
      "C",
      "N",
      "N",
      "C",
      "C",
      "C",
      "C",
      "C",
      "C",
      "N",
      "N",
      "C",
      "O",
      "C",
      "C",
      "C",
      "C",
      "C",
      "C",
      "C",
      "C",
      "C",
      "C",
      "C",
      "C",
      "C",
      "C",
      "H",
      "H",
      "H",
      "H",
      "H",
      "H",
      "H",
      "H",
      "H",
      "H",
      "H",
      "H",
      "H",
      "H",
      "H",
      "H",
      "H",
      "H"
    ],
    "charge_variation": [
      0.24466999999999994,
      -0.31810700000000003,
      0.45514499999999997,
      -0.35349600000000003,
      0.20915100000000003,
      -0.002578000000000004,
      -0.032395999999999994,
      0.035792000000000004,
      -0.018521000000000003,
      0.022959000000000007,
      -0.045574,
      -0.054452000000000056,
      0.015447999999999906,
      -0.0033480000000000176,
      0.0017080000000000012,
      -0.0027150000000000004,
      -0.002020000000000001,
      -0.004597,
      -0.0015530000000000023,
      0.001336999999999991,
      0.019041000000000002,
      -0.013672000000000004,
      0.015967999999999996,
      -0.052662,
      0.020510999999999998,
      -0.033768,
      0.018878,
      -0.041006,
      -0.01956800000000003,
      -0.038596,
      -0.016715,
      0.004729999999999998,
      0.005115999999999999,
      0.009124999999999994,
      -0.001910000000000002,
      -0.001357000000000004,
      -0.0008020000000000041,
      -0.0010849999999999957,
      0.0003709999999999998,
      -0.0005380000000000003,
      0.0004459999999999985,
      -0.009278000000000002,
      -0.0012710000000000013,
      0.0005269999999999997,
      -0.0010500000000000023,
      -0.008288
    ]
  },
  "excitation_energy": "0.7796",
  "exciting_path_mean_volume": 517.7280316666667,
  "s0_bonds_avg": 1.2607594619560418,
  "s1_bonds_avg": 1.24549943046375,
  "s0_angles_avg": 119.06649877424873,
  "s1_angles_avg": 119.02934168696719,
  "delta_bonds": -0.015260031492291937,
  "delta_angles": -0.037157087281542545
}