{
  "s0_rotational_constant_a": 0.0093152,
  "s0_rotational_constant_b": 0.0098179,
  "s0_rotational_constant_c": 0.0606767,
  "s1_rotational_constant_a": 0.0093314,
  "s1_rotational_constant_b": 0.0098347,
  "s1_rotational_constant_c": 0.061083,
  "s0_rays_asymmetry_parameter": 0.980425026527652,
  "s1_rays_asymmetry_parameter": 0.9805493936419358,
  "s0_volume": 1357.76509,
  "s1_volume": 1357.09511,
  "delta_volume": -0.6699800000001233,
  "s0_homo_lumo_gap": 1.2246128496025492,
  "s1_homo_lumo_gap": 1.0671977287643557,
  "delta_gap": -0.15741512083819353,
  "s0_dihedral_avg": 92.66711765859205,
  "s1_dihedral_avg": 92.271876969293,
  "delta_dihedral": -0.3952406892990439,
  "delta_dipole": {
    "element": [
      "C",
      "C",
      "C",
      "C",
      "C",
      "C",
      "C",
      "C",
      "N",
      "C",
      "O",
      "C",
      "C",
      "C",
      "C",
      "C",
      "C",
      "C",
      "C",
      "N",
      "C",
      "C",
      "C",
      "C",
      "C",
      "C",
      "C",
      "C",
      "C",
      "C",
      "C",
      "C",
      "C",
      "C",
      "N",
      "C",
      "C",
      "C",
      "C",
      "C",
      "C",
      "C",
      "C",
      "C",
      "O",
      "C",
      "C",
      "C",
      "C",
      "C",
      "C",
      "C",
      "C",
      "N",
      "C",
      "C",
      "C",
      "C",
      "C",
      "C",
      "C",
      "C",
      "C",
      "C",
      "C",
      "C",
      "C",
      "C",
      "H",
      "H",
      "H",
      "H",
      "H",
      "H",
      "H",
      "H",
      "H",
      "H",
      "H",
      "H",
      "H",
      "H",
      "H",
      "H",
      "H",
      "H",
      "H",
      "H",
      "H",
      "H",
      "H",
      "H",
      "H",
      "H",
      "H",
      "H",
      "H",
      "H",
      "H",
      "H",
      "H",
      "H",
      "H",
      "H",
      "H",
      "H",
      "H",
      "H",
      "H",
      "H",
      "H",
      "H",
      "H",
      "H",
      "H",
      "H",
      "H",
      "H",
      "H",
      "H",
      "H",
      "H",
      "H",
      "H",
      "H",
      "H",
      "H",
      "H",
      "H",
      "H",
      "H",
      "H",
      "H",
      "H"
    ],
    "charge_variation": [
      0.00019299999999999873,
      4.000000000000531e-06,
      0.0002509999999999943,
      -9.30000000000028e-05,
      6.0000000000001025e-05,
      0.00027599999999999847,
      -0.0004120000000000096,
      0.002120999999999984,
      0.0028289999999999704,
      -0.006108000000000002,
      -0.008982000000000046,
      0.004571999999999965,
      -0.0026860000000000217,
      -0.008077,
      -0.0014730000000000001,
      0.005394000000000003,
      -0.0021019999999999997,
      0.006159999999999999,
      -0.003730000000000011,
      0.005510999999999933,
      0.00035800000000002496,
      -0.002139000000000002,
      0.00151,
      -0.0007870000000000099,
      0.001169,
      -0.0009270000000000111,
      -0.0003370000000000317,
      -0.0018719999999999848,
      0.0011539999999999996,
      -0.0001239999999999991,
      0.0013210000000000001,
      -0.0011420000000000041,
      0.005727999999999983,
      0.0002020000000000008,
      0.004658999999999969,
      -0.0003210000000000157,
      -4.100000000000024e-05,
      -0.00013900000000000023,
      0.0004139999999999977,
      -0.0005450000000000038,
      0.00033199999999999896,
      -0.00010699999999999946,
      -0.00016199999999999548,
      0.00013299999999993872,
      -0.006036000000000041,
      0.01149,
      -0.010485000000000022,
      0.010550000000000004,
      -0.008362000000000001,
      0.005844000000000002,
      -0.0031319999999999994,
      0.006309000000000009,
      -0.012371999999999994,
      0.020562999999999998,
      0.0018249999999999655,
      -0.007377999999999996,
      0.001999,
      -0.007226999999999997,
      0.002416,
      -0.008878999999999998,
      0.001735000000000042,
      -0.007093999999999989,
      0.0019259999999999998,
      -0.007095000000000004,
      0.002399,
      -0.008929999999999993,
      0.006334000000000006,
      -0.0029920000000000016,
      -5.8000000000002494e-05,
      -0.00015899999999999942,
      -9.10000000000008e-05,
      0.0002160000000000009,
      -0.00013699999999999823,
      -0.00039699999999999805,
      6.799999999999862e-05,
      -0.0002900000000000003,
      -0.00024400000000000116,
      -0.00021099999999999938,
      -0.000648000000000001,
      0.001117,
      0.0004640000000000026,
      -0.00044299999999999895,
      -0.0002930000000000016,
      0.001136000000000005,
      -0.002234,
      0.001691999999999999,
      0.0023239999999999927,
      0.0017289999999999944,
      0.00015899999999999942,
      -0.0001799999999999996,
      -3.899999999999737e-05,
      0.00040699999999999764,
      7.599999999999968e-05,
      0.00023500000000000604,
      -0.0001830000000000026,
      0.00016400000000000095,
      0.0003449999999999981,
      7.399999999999768e-05,
      0.00037199999999999733,
      0.0002020000000000008,
      0.001238000000000003,
      1.5000000000001124e-05,
      8.199999999999993e-05,
      0.0002050000000000038,
      2.2999999999998716e-05,
      6.000000000000796e-06,
      -7.000000000000062e-06,
      3.199999999999731e-05,
      -5.000000000000143e-05,
      0.00010500000000000093,
      9.999999999992654e-07,
      -8.399999999999727e-05,
      -1.1999999999999858e-05,
      0.00017500000000000154,
      6.800000000000035e-05,
      0.0001549999999999989,
      5.599999999999876e-05,
      8.99999999999998e-05,
      0.0003059999999999938,
      0.0022109999999999977,
      0.0016719999999999999,
      0.00036800000000000027,
      0.0008409999999999945,
      4.000000000000531e-06,
      -8.299999999999974e-05,
      -0.0001360000000000007,
      5.4999999999999494e-05,
      0.0008210000000000023,
      2.3999999999999716e-05,
      -8.59999999999958e-05,
      -0.0001570000000000009,
      8.299999999999974e-05,
      0.0002549999999999983,
      0.0010949999999999988
    ]
  },
  "excitation_energy": "1.6079",
  "exciting_path_mean_volume": 1357.2989033333333,
  "s0_bonds_avg": 1.238886223866383,
  "s1_bonds_avg": 1.2733409008060994,
  "delta_bonds": 0.03445467693971649,
  "s0_angles_avg": 115.89197291879299,
  "s1_angles_avg": 115.87923741788332,
  "delta_angles": -0.01273550090967035
}