{"charge": {"element": ["F", "C", "C", "C", "C", "C", "S", "C", "C", "C", "C", "C", "C", "F", "C", "C", "C", "C", "C", "C", "C", "F", "C", "C", "S", "C", "C", "C", "C", "C", "C", "F", "C", "C", "C", "C", "H", "H", "H", "H", "H", "H", "H", "H", "H", "H", "H", "H", "H", "H", "H", "H"], "charge_variation": [0.0033909999999999774, -0.002346999999999988, 0.002148000000000011, -0.003372, 0.0013729999999999992, -0.007946000000000002, 0.006374000000000005, 0.0006070000000000034, -0.0010159999999999995, 0.000792000000000001, -0.0018789999999999987, -0.0005739999999999912, 0.00034000000000000696, 0.0028329999999999744, -0.00038900000000000046, -0.002714000000000001, -0.007951, 0.0013650000000000016, -0.0072510000000000005, 0.0008390000000000064, -0.002367000000000008, 0.0033440000000000136, 0.0022000000000000075, -0.003395000000000002, 0.006383, 0.0005749999999999991, -0.0009720000000000006, 0.0008000000000000021, -0.002718999999999999, -0.0004049999999999887, 0.0003929999999999767, 0.002827999999999997, -0.0006470000000000087, -0.0018140000000000031, -0.007241000000000004, 0.0007739999999999969, -0.00037500000000000033, 0.0009170000000000011, 0.0029650000000000024, -0.00010500000000000093, -7.199999999999568e-05, 0.002237999999999997, 0.003733, -0.00047599999999999726, -0.00037000000000000227, 0.0009269999999999973, 0.0022079999999999947, -8.600000000000274e-05, -0.00010700000000000293, 0.0029619999999999994, 0.0037619999999999945, -0.0004780000000000062]}, "ground_state": {"HOMO-LUMO": 2.2324598341776922, "structure": {"bonds": 1.3418693973666669, "angles": 119.38681719207389, "DA": -5.7079487945420455}, "rotational_constant": {"A": 0.0397588, "B": 0.0540192, "C": 0.1363775}, "rays_asymmetry_parameter": 0.7048107664458328, "volume": 625.21695}, "excited_state": {"HOMO-LUMO": 1.7290329496024914, "structure": {"bonds": 1.3415089999782457, "angles": 119.37396300849618, "DA": -1.6052476695066695}, "rotational_constant": {"A": 0.0401213, "B": 0.0545848, "C": 0.1329517}, "rays_asymmetry_parameter": 0.6883887174890984, "excited_energy": "2.4740", "volume": 621.40958}, "exciting_path_mean_volume": 622.7476466666667}