{
  "s0_rotational_constant_a": 0.1153068,
  "s0_rotational_constant_b": 0.1250384,
  "s0_rotational_constant_c": 0.2847223,
  "s1_rotational_constant_a": 0.0897576,
  "s1_rotational_constant_b": 0.0974995,
  "s1_rotational_constant_c": 0.3159627,
  "s0_rays_asymmetry_parameter": 0.8851155885972652,
  "s1_rays_asymmetry_parameter": 0.931549730753197,
  "s0_volume": 466.19521,
  "s1_volume": 467.26611,
  "delta_volume": 1.0709000000000515,
  "s0_homo_lumo_gap": 2.0958450933579464,
  "s1_homo_lumo_gap": 1.2182535497460458,
  "delta_gap": -0.8775915436119006,
  "s0_dihedral_avg": 90.00996135199647,
  "s1_dihedral_avg": 91.15520318633237,
  "delta_dihedral": 1.1452418343359057,
  "delta_dipole": {
    "element": [
      "O",
      "C",
      "C",
      "C",
      "C",
      "C",
      "C",
      "C",
      "I",
      "C",
      "C",
      "C",
      "C",
      "C",
      "C",
      "C",
      "C",
      "C",
      "C",
      "C",
      "C",
      "C",
      "C",
      "C",
      "C",
      "H",
      "H",
      "H",
      "H",
      "H",
      "H",
      "H",
      "H",
      "H",
      "H",
      "H",
      "H",
      "H"
    ],
    "charge_variation": [
      -0.040564000000000044,
      -0.01812199999999997,
      0.012073,
      -0.032874,
      -0.008524999999999998,
      -0.011195,
      -0.014952,
      -0.005849,
      0.048934,
      -0.005047999999999997,
      0.026692999999999998,
      -0.011580999999999994,
      0.014687999999999993,
      -0.0011810000000000015,
      0.009311,
      -0.0007089999999999944,
      0.005802999999999996,
      0.005135000000000001,
      0.0075920000000000015,
      -0.001009000000000003,
      0.008511000000000001,
      -0.0004200000000000037,
      0.016486,
      -0.007065999999999999,
      -0.001410999999999999,
      -0.017607,
      -0.003966999999999998,
      -0.002197000000000001,
      -0.0019990000000000008,
      0.007044000000000002,
      0.003127999999999999,
      0.0021100000000000008,
      0.002034999999999995,
      0.002797000000000001,
      0.0010739999999999986,
      0.0033190000000000025,
      0.002479000000000002,
      0.007065000000000002
    ]
  },
  "excitation_energy": "1.4023",
  "exciting_path_mean_volume": 466.69005833333335,
  "s0_bonds_avg": 1.3315399883211905,
  "s1_bonds_avg": 1.3275315985407143,
  "s0_angles_avg": 120.00135179416445,
  "s1_angles_avg": 119.987227138954,
  "delta_bonds": -0.004008389780476129,
  "delta_angles": -0.01412465521045192
}