{
  "s0_rotational_constant_a": 0.0139313,
  "s0_rotational_constant_b": 0.0189045,
  "s0_rotational_constant_c": 0.0380002,
  "s1_rotational_constant_a": 0.0140813,
  "s1_rotational_constant_b": 0.0197819,
  "s1_rotational_constant_c": 0.0394308,
  "s0_rays_asymmetry_parameter": 0.5867530298434909,
  "s1_rays_asymmetry_parameter": 0.5502396496972325,
  "s0_volume": 1085.64942,
  "s1_volume": 1087.1763,
  "delta_volume": 1.5268800000001193,
  "s0_homo_lumo_gap": 1.4053834991820202,
  "s1_homo_lumo_gap": 0.24524257576694808,
  "delta_gap": -1.1601409234150721,
  "s0_dihedral_avg": 92.73586207130204,
  "s1_dihedral_avg": 92.09407411112576,
  "delta_dihedral": -0.6417879601762735,
  "delta_dipole": {
    "element": [
      "N",
      "C",
      "C",
      "N",
      "C",
      "C",
      "C",
      "C",
      "C",
      "C",
      "C",
      "N",
      "C",
      "C",
      "C",
      "C",
      "C",
      "C",
      "O",
      "C",
      "C",
      "C",
      "C",
      "C",
      "C",
      "N",
      "N",
      "C",
      "C",
      "C",
      "C",
      "C",
      "C",
      "C",
      "C",
      "C",
      "N",
      "C",
      "C",
      "C",
      "C",
      "C",
      "C",
      "O",
      "C",
      "C",
      "C",
      "C",
      "C",
      "C",
      "N",
      "N",
      "C",
      "C",
      "N",
      "C",
      "C",
      "N",
      "H",
      "H",
      "H",
      "H",
      "H",
      "H",
      "H",
      "H",
      "H",
      "H",
      "H",
      "H",
      "H",
      "H",
      "H",
      "H",
      "H",
      "H",
      "H",
      "H",
      "H",
      "H",
      "H",
      "H",
      "H",
      "H",
      "H",
      "H",
      "H",
      "H",
      "H",
      "H",
      "H",
      "H",
      "H",
      "H",
      "H",
      "H",
      "H",
      "H",
      "H",
      "H",
      "H",
      "H"
    ],
    "charge_variation": [
      0.005798999999999999,
      0.0019169999999999465,
      0.007521,
      -0.0031570000000000764,
      -0.017164999999999986,
      0.010530999999999999,
      -0.001478000000000007,
      0.0010389999999999983,
      -0.0018649999999999917,
      0.009759999999999991,
      -0.0036260000000000008,
      0.009115000000000012,
      -0.0009560000000000124,
      0.0010659999999999975,
      0.0003949999999999995,
      -0.001471,
      0.0003630000000000022,
      0.0005450000000000177,
      0.0019170000000000575,
      0.0007429999999999382,
      -0.0027510000000000034,
      -0.0037950000000000015,
      0.0030919999999999975,
      0.0014960000000000008,
      -0.0013570000000000249,
      -0.009909000000000001,
      -0.007689000000000057,
      0.003498999999999995,
      -0.0026689999999999995,
      -0.016519000000000006,
      0.011784,
      -0.0004890000000000033,
      0.0023350000000000037,
      -0.004755000000000009,
      0.016408000000000034,
      0.0004959999999999999,
      0.008639000000000008,
      -0.0010320000000000051,
      0.0025209999999999955,
      -0.0038740000000000024,
      0.00017500000000000154,
      -0.00010700000000000293,
      -0.010521000000000003,
      0.04998999999999998,
      0.03394200000000003,
      -0.046206,
      0.018253000000000002,
      -0.05099400000000001,
      0.018416000000000002,
      -0.041158,
      -0.025018999999999958,
      -0.009556999999999927,
      0.0036300000000000013,
      -0.0033570000000000023,
      -0.0016129999999999756,
      0.007640000000000036,
      0.0015770000000000506,
      0.00845499999999999,
      -0.001009999999999997,
      0.00011200000000000099,
      -0.0018849999999999978,
      0.00020899999999999912,
      0.0004600000000000001,
      0.0003530000000000009,
      9.799999999999393e-05,
      0.0001439999999999983,
      0.0007100000000000023,
      -0.0009109999999999986,
      0.00023000000000000104,
      0.0009109999999999986,
      0.0001920000000000012,
      -0.0004970000000000009,
      -0.0005269999999999997,
      -0.0005469999999999989,
      -0.001838000000000001,
      0.003041999999999996,
      9.10000000000008e-05,
      6.0999999999998555e-05,
      -0.0002720000000000014,
      -0.0005009999999999945,
      0.0003140000000000018,
      0.00026500000000000135,
      0.0001999999999999988,
      -0.0032289999999999992,
      0.00032399999999999964,
      -0.0034020000000000005,
      0.004713000000000002,
      0.006563000000000003,
      0.0020019999999999994,
      0.00041100000000000164,
      -0.003078000000000001,
      0.010304999999999998,
      -0.00011300000000000199,
      0.008819,
      0.00845,
      0.00021200000000000385,
      -0.0003520000000000016,
      0.0019900000000000057,
      -0.0003740000000000028,
      -0.0006190000000000015,
      -0.0010569999999999954,
      -0.0009370000000000003
    ]
  },
  "excitation_energy": "0.2820",
  "exciting_path_mean_volume": 1084.5490666666667,
  "s0_bonds_avg": 1.2548779903366665,
  "s1_bonds_avg": 1.2462995901858331,
  "delta_bonds": -0.008578400150833332,
  "s0_angles_avg": 116.71538901667219,
  "s1_angles_avg": 116.09890199861672,
  "delta_angles": -0.6164870180554658
}