{
  "s0_rotational_constant_a": 0.0312302,
  "s0_rotational_constant_b": 0.0357123,
  "s0_rotational_constant_c": 0.2191027,
  "s1_rotational_constant_a": 0.0308295,
  "s1_rotational_constant_b": 0.0350967,
  "s1_rotational_constant_c": 0.2223844,
  "s0_rays_asymmetry_parameter": 0.9522857256916261,
  "s1_rays_asymmetry_parameter": 0.9554467152758818,
  "s0_volume": 660.97743,
  "s1_volume": 662.75341,
  "delta_volume": 1.775980000000004,
  "s0_homo_lumo_gap": 1.618543856160704,
  "s1_homo_lumo_gap": 1.1586606242614845,
  "delta_gap": -0.4598832318992194,
  "s0_dihedral_avg": -10.563179697051748,
  "s1_dihedral_avg": -12.603491902050651,
  "delta_dihedral": -2.0403122049989033,
  "delta_dipole": null,
  "excitation_energy": "1.3922",
  "exciting_path_mean_volume": 661.4076433333333,
  "s0_bonds_avg": 1.229381749615735,
  "s1_bonds_avg": 1.2568703936217647,
  "s0_angles_avg": 113.83409018822786,
  "s1_angles_avg": 113.82364651849873
}