{
  "s0_rotational_constant_a": 0.0254044,
  "s0_rotational_constant_b": 0.0316171,
  "s0_rotational_constant_c": 0.0961289,
  "s1_rotational_constant_a": 0.0254489,
  "s1_rotational_constant_b": 0.0316809,
  "s1_rotational_constant_c": 0.0966161,
  "s0_rays_asymmetry_parameter": 0.8243126497889699,
  "s1_rays_asymmetry_parameter": 0.8248631391989568,
  "s0_volume": 952.39231,
  "s1_volume": 951.44114,
  "delta_volume": -0.9511699999999337,
  "s0_homo_lumo_gap": 1.8241122377009429,
  "s1_homo_lumo_gap": 1.453400702976567,
  "delta_gap": -0.3707115347243759,
  "s0_dihedral_avg": -3.3637700553069516,
  "s1_dihedral_avg": -9.177002091597599,
  "delta_dihedral": -5.813232036290647,
  "delta_dipole": null,
  "excitation_energy": "2.2547",
  "exciting_path_mean_volume": 951.8731233333333,
  "s0_bonds_avg": 1.3081631991212632,
  "s1_bonds_avg": 1.321774522806737,
  "s0_angles_avg": 118.41865183940008,
  "s1_angles_avg": 118.41435465593658
}