{
  "s0_rotational_constant_a": 0.0097908,
  "s0_rotational_constant_b": 0.0105669,
  "s0_rotational_constant_c": 0.0855731,
  "s1_rotational_constant_a": 0.0099994,
  "s1_rotational_constant_b": 0.0108431,
  "s1_rotational_constant_c": 0.0780031,
  "s0_rays_asymmetry_parameter": 0.9795176446215013,
  "s1_rays_asymmetry_parameter": 0.9751866442561214,
  "s0_volume": 1089.69682,
  "s1_volume": 1086.27977,
  "delta_volume": -3.41704999999979,
  "s0_homo_lumo_gap": 2.052393959379066,
  "s1_homo_lumo_gap": 1.3495811191403813,
  "delta_gap": -0.7028128402386846,
  "s0_dihedral_avg": 91.2566929858685,
  "s1_dihedral_avg": 92.63670010994967,
  "delta_dihedral": 1.3800071240811747,
  "delta_dipole": {
    "element": [
      "C",
      "C",
      "C",
      "C",
      "O",
      "C",
      "C",
      "C",
      "C",
      "C",
      "O",
      "C",
      "C",
      "C",
      "C",
      "C",
      "C",
      "C",
      "C",
      "C",
      "C",
      "C",
      "C",
      "C",
      "C",
      "C",
      "C",
      "C",
      "C",
      "C",
      "C",
      "C",
      "O",
      "C",
      "C",
      "C",
      "C",
      "C",
      "C",
      "C",
      "C",
      "C",
      "C",
      "C",
      "C",
      "C",
      "C",
      "C",
      "C",
      "C",
      "C",
      "C",
      "C",
      "C",
      "C",
      "H",
      "H",
      "H",
      "H",
      "H",
      "H",
      "H",
      "H",
      "H",
      "H",
      "H",
      "H",
      "H",
      "H",
      "H",
      "H",
      "H",
      "H",
      "H",
      "H",
      "H",
      "H",
      "H",
      "H",
      "H",
      "H",
      "H",
      "H",
      "H",
      "H",
      "H",
      "H",
      "H",
      "H",
      "H",
      "H",
      "H",
      "H",
      "H",
      "H",
      "H",
      "H",
      "H",
      "H"
    ],
    "charge_variation": [
      -0.0001779999999999976,
      -1.899999999999992e-05,
      -2.6999999999999247e-05,
      -0.0003549999999999942,
      0.0006809999999999872,
      0.00024299999999999322,
      -0.0004089999999999927,
      0.0005900000000000002,
      0.0009780000000000066,
      -0.003118999999999983,
      -0.004151000000000016,
      0.0011799999999999866,
      0.0028039999999999975,
      -0.0014520000000000088,
      0.00042600000000000277,
      -0.0027760000000000007,
      -0.0020980000000000026,
      0.0018209999999999997,
      0.0026650000000000007,
      -0.0004590000000000011,
      -0.00155799999999999,
      -2.0000000000002655e-05,
      0.0008130000000000012,
      -0.0003499999999999996,
      -0.0009890000000000038,
      -0.002916000000000002,
      2.3999999999996247e-05,
      -0.00036599999999999827,
      -0.0016069999999999973,
      0.00036500000000000074,
      0.005797999999999998,
      -0.0048600000000000865,
      -0.01078200000000007,
      0.004298000000000003,
      -0.0011499999999999982,
      0.00033099999999999796,
      -0.00031499999999999584,
      0.00020499999999999685,
      9.800000000000086e-05,
      -8.000000000000021e-05,
      0.00010700000000000986,
      0.00038200000000000733,
      0.0009500000000000003,
      0.000896999999999995,
      -0.0018740000000000007,
      -0.0012069999999999997,
      -0.0011609999999999954,
      -0.0009580000000000005,
      0.0004090000000000066,
      0.001183,
      -0.0009149999999999991,
      -0.0010550000000000004,
      -0.0006940000000000002,
      -0.00020500000000000032,
      -0.00035000000000001696,
      8.69999999999968e-05,
      9.800000000000086e-05,
      1.5999999999998654e-05,
      4.200000000000037e-05,
      2.3999999999999716e-05,
      2.8999999999999512e-05,
      5.6999999999998024e-05,
      0.00018500000000000114,
      0.0003009999999999992,
      -1.8000000000004124e-05,
      0.00037299999999999833,
      0.000454000000000003,
      0.002124999999999995,
      0.0018930000000000023,
      0.00032300000000000037,
      0.0009059999999999971,
      0.00028500000000000053,
      0.002695999999999997,
      0.0019370000000000012,
      0.0006700000000000039,
      -0.00014099999999999877,
      -0.00013099999999999917,
      3.799999999999984e-05,
      -2.8000000000000247e-05,
      9.999999999999593e-06,
      0.00012899999999999717,
      -1.2000000000001593e-05,
      -6.899999999999962e-05,
      -2.2000000000001185e-05,
      0.00017500000000000154,
      -0.00010399999999999993,
      -0.00013500000000000317,
      0.0008900000000000019,
      0.00022799999999999904,
      0.0013340000000000019,
      0.0019419999999999993,
      -0.00010600000000000193,
      0.0007559999999999997,
      0.00032199999999999937,
      0.0014700000000000026,
      0.0023229999999999987,
      0.00017599999999999907,
      -0.00020999999999999838,
      -0.00011099999999999999
    ]
  },
  "excitation_energy": "2.0646",
  "exciting_path_mean_volume": 1087.321795,
  "s0_bonds_avg": 1.2736263074266347,
  "s1_bonds_avg": 1.2799232593146157,
  "delta_bonds": 0.006296951887980962,
  "s0_angles_avg": 118.41254170020716,
  "s1_angles_avg": 118.39018309861801,
  "delta_angles": -0.022358601589147042
}