{
  "s0_rotational_constant_a": 0.039999,
  "s0_rotational_constant_b": 0.0424691,
  "s0_rotational_constant_c": 0.2658017,
  "s1_rotational_constant_a": 0.0410383,
  "s1_rotational_constant_b": 0.0430512,
  "s1_rotational_constant_c": 0.2638145,
  "s0_rays_asymmetry_parameter": 0.9781216079347147,
  "s1_rays_asymmetry_parameter": 0.9819289493222346,
  "s0_volume": 617.86745,
  "s1_volume": 619.14705,
  "delta_volume": 1.2796000000000731,
  "s0_homo_lumo_gap": 1.1580783006973885,
  "s1_homo_lumo_gap": 0.7598995974871152,
  "delta_gap": -0.39817870321027327,
  "s0_dihedral_avg": 88.80520610455312,
  "s1_dihedral_avg": 88.94242949648695,
  "delta_dihedral": 0.13722339193382993,
  "delta_dipole": {
    "element": [
      "C",
      "C",
      "C",
      "C",
      "N",
      "C",
      "C",
      "C",
      "C",
      "C",
      "C",
      "C",
      "C",
      "C",
      "C",
      "C",
      "C",
      "C",
      "C",
      "C",
      "C",
      "C",
      "N",
      "C",
      "C",
      "C",
      "N",
      "S",
      "N",
      "C",
      "C",
      "C",
      "C",
      "C",
      "H",
      "H",
      "H",
      "H",
      "H",
      "H",
      "H",
      "H",
      "H",
      "H",
      "H",
      "H",
      "H",
      "H",
      "H",
      "H",
      "H",
      "H",
      "H",
      "H"
    ],
    "charge_variation": [
      -0.021814,
      0.006215,
      -0.020862999999999993,
      0.0060889999999999556,
      0.02675699999999992,
      0.004502000000000006,
      -0.029168,
      0.009071,
      -0.02048699999999999,
      0.0052829999999999995,
      -0.01943800000000001,
      -0.012898999999999994,
      0.027366,
      -0.003428999999999998,
      0.024772,
      -0.011733,
      0.013122999999999996,
      -0.0031170000000000087,
      0.004631,
      -0.0029710000000000014,
      0.0012129999999999919,
      0.00035199999999996345,
      0.0011839999999999629,
      0.0008770000000000167,
      -0.0002829999999999777,
      0.005332999999999977,
      -0.020661999999999958,
      0.06396000000000002,
      -0.040417000000000036,
      0.00814999999999999,
      -0.007870000000000002,
      0.025610000000000008,
      -0.03306899999999999,
      0.009444000000000001,
      -0.00031799999999999884,
      -0.0011499999999999982,
      0.0035250000000000004,
      -0.0014020000000000005,
      -0.0016879999999999985,
      -0.000453000000000002,
      -0.0010910000000000017,
      0.0034479999999999997,
      -0.00021999999999999797,
      0.0010490000000000013,
      -0.00030100000000000265,
      0.0031160000000000007,
      0.0018530000000000005,
      0.0001920000000000012,
      0.00027199999999999794,
      0.0005690000000000001,
      0.0010490000000000013,
      0.0003830000000000014,
      -0.002592999999999998,
      -0.0019580000000000014
    ]
  },
  "excitation_energy": "0.9067",
  "exciting_path_mean_volume": 618.42444,
  "s0_bonds_avg": 1.2880674934245762,
  "s1_bonds_avg": 1.2979982622032205,
  "s0_angles_avg": 119.48363115867963,
  "s1_angles_avg": 119.47672518865959,
  "delta_bonds": 0.009930768778644294,
  "delta_angles": -0.006905970020042673
}