{
  "s0_rotational_constant_a": 0.0042603,
  "s0_rotational_constant_b": 0.0042827,
  "s0_rotational_constant_c": 0.0662093,
  "s1_rotational_constant_a": 0.0042502,
  "s1_rotational_constant_b": 0.0042807,
  "s1_rotational_constant_c": 0.0650648,
  "s0_rays_asymmetry_parameter": 0.9992768244846568,
  "s1_rays_asymmetry_parameter": 0.9989969513899623,
  "s0_volume": 1418.25943,
  "s1_volume": 1418.22824,
  "delta_volume": -0.031190000000151485,
  "s0_homo_lumo_gap": 0.49336683683472415,
  "s1_homo_lumo_gap": 0.01623703134093102,
  "delta_gap": -0.47712980549379314,
  "s0_dihedral_avg": 93.06460025259074,
  "s1_dihedral_avg": 92.68983218910678,
  "delta_dihedral": -0.3747680634839554,
  "delta_dipole": {
    "element": [
      "O",
      "C",
      "C",
      "C",
      "O",
      "C",
      "C",
      "C",
      "C",
      "C",
      "C",
      "P",
      "C",
      "C",
      "C",
      "C",
      "C",
      "C",
      "C",
      "C",
      "C",
      "C",
      "C",
      "C",
      "C",
      "C",
      "C",
      "C",
      "C",
      "C",
      "C",
      "C",
      "C",
      "C",
      "N",
      "N",
      "C",
      "C",
      "C",
      "C",
      "C",
      "O",
      "C",
      "C",
      "C",
      "C",
      "C",
      "C",
      "P",
      "C",
      "C",
      "C",
      "C",
      "C",
      "C",
      "C",
      "C",
      "C",
      "C",
      "C",
      "C",
      "C",
      "C",
      "C",
      "C",
      "C",
      "C",
      "C",
      "C",
      "O",
      "H",
      "H",
      "H",
      "H",
      "H",
      "H",
      "H",
      "H",
      "H",
      "H",
      "H",
      "H",
      "H",
      "H",
      "H",
      "H",
      "H",
      "H",
      "H",
      "H",
      "H",
      "H",
      "H",
      "H",
      "H",
      "H",
      "H",
      "H",
      "H",
      "H",
      "H",
      "H",
      "H",
      "H",
      "H",
      "H",
      "H",
      "H",
      "H",
      "H",
      "H",
      "H",
      "H",
      "H",
      "H",
      "H",
      "H",
      "H",
      "H",
      "H",
      "H",
      "H",
      "H",
      "H",
      "H",
      "H",
      "H",
      "H",
      "H",
      "H",
      "H",
      "H",
      "H",
      "H"
    ],
    "charge_variation": [
      0.009460999999999997,
      0.00630799999999998,
      -0.012023000000000006,
      0.00880000000000003,
      0.014215999999999951,
      -0.0024540000000000117,
      0.003481999999999999,
      -0.00035899999999999994,
      0.0006940000000000002,
      3.699999999999884e-05,
      -0.004968,
      -0.023347999999999994,
      -0.004067000000000001,
      0.011085000000000001,
      -0.0022099999999999997,
      0.0077020000000000005,
      -0.0021339999999999996,
      0.010402000000000002,
      0.0005159999999999956,
      0.0033459999999999983,
      -0.00113,
      0.0031780000000000003,
      -0.0010730000000000002,
      0.004573000000000001,
      0.0005690000000000001,
      -0.002715000000000002,
      -0.000477,
      -0.0016229999999999994,
      1.700000000000052e-05,
      -0.0012789999999999989,
      -0.003906999999999994,
      0.001992,
      -0.006899000000000016,
      -0.01796000000000003,
      -0.004318999999999962,
      0.008816999999999964,
      -0.016656000000000004,
      -0.005968000000000001,
      0.0011140000000000004,
      -0.003695999999999977,
      0.005787000000000098,
      0.010166000000000064,
      -0.00233899999999998,
      0.0019669999999999965,
      -0.0008759999999999948,
      0.0009419999999999984,
      0.0001360000000000007,
      -0.0025139999999999954,
      -0.00037299999999999833,
      0.0002009999999999998,
      6.899999999999962e-05,
      5.6000000000000494e-05,
      0.00031799999999999884,
      0.0001519999999999998,
      0.00027399999999999994,
      0.0004149999999999987,
      0.00018400000000000014,
      5.399999999999936e-05,
      0.00020699999999999885,
      -1.600000000000039e-05,
      -8.199999999999874e-05,
      0.0006129999999999955,
      -2.9999999999998778e-05,
      -3.000000000000008e-05,
      0.00017199999999999854,
      -2.0000000000000052e-05,
      0.0001349999999999997,
      -0.01105299999999998,
      0.007735999999999965,
      0.008975000000000066,
      -0.0024880000000000457,
      -0.0009190000000000031,
      0.0015209999999999998,
      0.0010010000000000002,
      -0.00047100000000000267,
      0.00048500000000000106,
      0.00028699999999999906,
      -0.0006880000000000011,
      -0.00047799999999999926,
      5.4999999999999494e-05,
      0.00015099999999999836,
      -0.0007569999999999938,
      -0.001224999999999997,
      -0.0001830000000000026,
      0.0020690000000000014,
      0.0007010000000000002,
      0.0021860000000000004,
      0.0006940000000000002,
      0.002232999999999999,
      0.0005889999999999992,
      -2.8000000000000247e-05,
      0.0008129999999999943,
      -3.799999999999637e-05,
      0.0010000000000000009,
      -0.0010739999999999986,
      -0.00068,
      -0.0004889999999999964,
      -0.0005199999999999996,
      -0.000337999999999998,
      -0.0012189999999999979,
      0.0001360000000000007,
      -0.0005790000000000031,
      -7.000000000000062e-06,
      0.0005540000000000024,
      -0.0008130000000000012,
      0.0011070000000000003,
      0.00030900000000000025,
      1.9999999999985307e-06,
      2.2999999999995246e-05,
      0.00047800000000000273,
      -0.00016100000000000142,
      0.0003720000000000008,
      -0.001010999999999998,
      0.00015000000000000083,
      3.999999999999837e-05,
      -0.00013900000000000023,
      -0.00016800000000000148,
      4.200000000000037e-05,
      8.59999999999958e-05,
      0.00012099999999999611,
      9.20000000000018e-05,
      9.000000000002062e-06,
      7.199999999999568e-05,
      5.4999999999999494e-05,
      7.000000000000062e-05,
      3.800000000000331e-05,
      -5.999999999999062e-06,
      3.100000000000325e-05,
      -3.9999999999970615e-06,
      6.699999999999762e-05,
      7.000000000000062e-05,
      0.00010700000000000293,
      -0.000904000000000002,
      -0.0006929999999999992
    ]
  },
  "excitation_energy": "0.0219",
  "exciting_path_mean_volume": 1418.135806666667,
  "s0_bonds_avg": 1.286492300346312,
  "s1_bonds_avg": 1.2925613975820567,
  "delta_bonds": 0.006069097235744669,
  "s0_angles_avg": 116.0559508195256,
  "s1_angles_avg": 116.06023367904422,
  "delta_angles": 0.004282859518610849
}