{
  "s0_rotational_constant_a": 0.0938845,
  "s0_rotational_constant_b": 0.0996901,
  "s0_rotational_constant_c": 0.886066,
  "s1_rotational_constant_a": 0.0931251,
  "s1_rotational_constant_b": 0.0988594,
  "s1_rotational_constant_c": 0.7977365,
  "s0_rays_asymmetry_parameter": 0.9853427528918564,
  "s1_rays_asymmetry_parameter": 0.9837235105761842,
  "s0_volume": 438.35253,
  "s1_volume": 444.02626,
  "delta_volume": 5.673729999999978,
  "s0_homo_lumo_gap": 1.6563976089650758,
  "s1_homo_lumo_gap": 0.20580784169743715,
  "delta_gap": -1.4505897672676387,
  "s0_dihedral_avg": 2.657683130441691,
  "s1_dihedral_avg": -10.225346483984337,
  "delta_dihedral": -12.883029614426029,
  "delta_dipole": null,
  "excitation_energy": "0.2368",
  "exciting_path_mean_volume": 440.75708333333336,
  "s0_bonds_avg": 1.2448643579299998,
  "s1_bonds_avg": 1.2491272394675,
  "s0_angles_avg": 116.63382507000348,
  "s1_angles_avg": 116.63059358803896
}