{
  "s0_rotational_constant_a": 0.0688439,
  "s0_rotational_constant_b": 0.1083347,
  "s0_rotational_constant_c": 0.1584126,
  "s1_rotational_constant_a": 0.0690535,
  "s1_rotational_constant_b": 0.1075119,
  "s1_rotational_constant_c": 0.1617097,
  "s0_rays_asymmetry_parameter": 0.11820088937318493,
  "s1_rays_asymmetry_parameter": 0.1698688269106656,
  "s0_volume": 605.27002,
  "s1_volume": 605.35404,
  "delta_volume": 0.08402000000000953,
  "s0_homo_lumo_gap": 2.353262041207904,
  "s1_homo_lumo_gap": 1.8558352662534103,
  "delta_gap": -0.49742677495449383,
  "s0_dihedral_avg": 90.07125345628675,
  "s1_dihedral_avg": 90.0301098093535,
  "delta_dihedral": -0.04114364693325001,
  "delta_dipole": {
    "element": [
      "C",
      "C",
      "C",
      "C",
      "N",
      "C",
      "C",
      "C",
      "C",
      "C",
      "C",
      "N",
      "C",
      "C",
      "C",
      "C",
      "C",
      "C",
      "C",
      "C",
      "C",
      "C",
      "C",
      "C",
      "C",
      "C",
      "C",
      "C",
      "C",
      "C",
      "C",
      "C",
      "C",
      "C",
      "H",
      "H",
      "H",
      "H",
      "H",
      "H",
      "H",
      "H",
      "H",
      "H",
      "H",
      "H",
      "H",
      "H",
      "H",
      "H",
      "H",
      "H",
      "H",
      "H"
    ],
    "charge_variation": [
      0.003470000000000001,
      4.200000000000037e-05,
      -0.002814999999999998,
      0.0010180000000000189,
      -0.003774999999999973,
      0.0012119999999999909,
      -0.0066539999999999985,
      0.0046,
      -0.005197,
      0.0128,
      -0.020191000000000014,
      -0.030694,
      0.011260000000000048,
      -0.0006239999999999996,
      0.004473999999999999,
      0.004282000000000001,
      -0.007169000000000009,
      0.012505000000000002,
      -0.005296999999999996,
      0.002447999999999999,
      -0.005491999999999997,
      0.0037069999999999985,
      -0.004953999999999997,
      0.0030729999999999993,
      -0.002693999999999995,
      0.00024400000000000116,
      -0.0004289999999999988,
      -0.0009770000000000022,
      0.0004730000000000012,
      -0.001120999999999997,
      0.0002449999999999952,
      0.0017460000000000045,
      0.0028800000000000006,
      0.0038660000000000014,
      -0.00027600000000000194,
      -0.0004270000000000003,
      -5.6000000000000494e-05,
      0.0013800000000000028,
      0.004070999999999998,
      0.003168000000000004,
      0.0008319999999999994,
      0.0005409999999999998,
      0.001849,
      0.006335,
      0.00030000000000000165,
      0.0003949999999999995,
      0.0005129999999999996,
      0.00011000000000000593,
      -3.0000000000002247e-05,
      0.0006650000000000024,
      0.0005199999999999996,
      0.0012049999999999977,
      0.002249000000000001,
      0.0003929999999999975
    ]
  },
  "excitation_energy": "2.1895",
  "exciting_path_mean_volume": 604.96918,
  "s0_bonds_avg": 1.3044344462288335,
  "s1_bonds_avg": 1.3095747834106666,
  "delta_bonds": 0.0051403371818330434,
  "s0_angles_avg": 119.95987539462666,
  "s1_angles_avg": 119.926538605363,
  "delta_angles": -0.03333678926365735
}