{
  "s0_rotational_constant_a": 0.0678261,
  "s0_rotational_constant_b": 0.1002358,
  "s0_rotational_constant_c": 0.1924545,
  "s1_rotational_constant_a": 0.0672807,
  "s1_rotational_constant_b": 0.102764,
  "s1_rotational_constant_c": 0.1827944,
  "s0_rays_asymmetry_parameter": 0.4798986426849739,
  "s1_rays_asymmetry_parameter": 0.3856434345017085,
  "s0_volume": 527.30615,
  "s1_volume": 526.35192,
  "delta_volume": -0.9542300000000523,
  "s0_homo_lumo_gap": 1.799047834201478,
  "s1_homo_lumo_gap": 1.196160629106358,
  "delta_gap": -0.60288720509512,
  "s0_dihedral_avg": 10.69847295393053,
  "s1_dihedral_avg": 7.949426709386374,
  "delta_dihedral": -2.7490462445441555,
  "delta_dipole": null,
  "excitation_energy": "1.7173",
  "exciting_path_mean_volume": 526.5256566666667,
  "s0_bonds_avg": 1.3225597286366666,
  "s1_bonds_avg": 1.3300551901060418,
  "s0_angles_avg": 118.09625256685595,
  "s1_angles_avg": 118.04278146665064
}