{
  "charge": {
    "element": [
      "C",
      "O",
      "C",
      "C",
      "C",
      "C",
      "C",
      "C",
      "C",
      "N",
      "C",
      "C",
      "C",
      "C",
      "C",
      "C",
      "S",
      "C",
      "N",
      "C",
      "C",
      "C",
      "C",
      "C",
      "C",
      "S",
      "C",
      "C",
      "H",
      "H",
      "H",
      "H",
      "H",
      "H",
      "H",
      "H",
      "H",
      "H",
      "H",
      "H",
      "H",
      "H",
      "H",
      "H"
    ],
    "charge_variation": [
      0.0012380000000000169,
      0.0070350000000000135,
      0.008993999999999946,
      0.005556000000000005,
      0.0018020000000000015,
      0.006157,
      0.010728,
      -0.0022119999999999987,
      -0.009122000000000074,
      -0.01930900000000002,
      0.023184999999999956,
      -0.017710000000000004,
      0.010028999999999996,
      -0.014759999999999995,
      0.004920000000000001,
      -0.038995,
      0.03305199999999999,
      -0.028981999999999952,
      -0.02119799999999994,
      0.014663999999999955,
      -0.0037839999999999957,
      0.004114,
      -0.004676,
      -0.0019760000000000055,
      2.6000000000005186e-05,
      0.006864999999999982,
      0.01132,
      0.0033140000000000114,
      0.00012099999999999958,
      0.0003210000000000001,
      0.0013099999999999995,
      0.0010580000000000034,
      0.003943000000000002,
      0.0016149999999999914,
      9.800000000000086e-05,
      -0.0016609999999999993,
      0.0009739999999999957,
      -0.0010490000000000013,
      0.0007509999999999947,
      -0.0006129999999999955,
      0.0006439999999999987,
      -0.0008729999999999988,
      0.001793000000000003,
      0.0012890000000000054
    ]
  },
  "ground_state": {
    "HOMO-LUMO": 1.799047834201478,
    "charge": {
      "element": [
        "C",
        "O",
        "C",
        "C",
        "C",
        "C",
        "C",
        "C",
        "C",
        "N",
        "C",
        "C",
        "C",
        "C",
        "C",
        "C",
        "S",
        "C",
        "N",
        "C",
        "C",
        "C",
        "C",
        "C",
        "C",
        "S",
        "C",
        "C",
        "H",
        "H",
        "H",
        "H",
        "H",
        "H",
        "H",
        "H",
        "H",
        "H",
        "H",
        "H",
        "H",
        "H",
        "H",
        "H"
      ],
      "charge": [
        0.325299,
        -0.490261,
        0.531362,
        -0.159365,
        -0.022158,
        -0.013124,
        0.00507,
        -0.056359,
        0.575204,
        -0.893877,
        0.428171,
        -0.074708,
        -0.044791,
        -0.061902,
        -0.061309,
        0.020719,
        -0.072443,
        0.552848,
        -0.86367,
        0.42215,
        -0.070485,
        -0.03841,
        -0.0544,
        -0.064318,
        0.049155,
        -0.140036,
        -0.009823,
        -0.223305,
        -0.008943,
        -0.009732,
        0.003706,
        0.049273,
        0.033358,
        0.062683,
        0.046372,
        0.029989,
        0.031412,
        0.034898,
        0.049848,
        0.032928,
        0.033595,
        0.036827,
        0.034227,
        0.044326
      ]
    },
    "structure": {
      "bonds": 1.3225597286366666,
      "angles": 118.09625256685595,
      "DA": 90.37006260064696
    },
    "rotational_constant": {
      "A": 0.0678261,
      "B": 0.1002358,
      "C": 0.1924545
    },
    "rays_asymmetry_parameter": 0.4798986426849739,
    "volume": 527.30615
  },
  "excited_state": {
    "HOMO-LUMO": 1.196160629106358,
    "charge": {
      "element": [
        "C",
        "O",
        "C",
        "C",
        "C",
        "C",
        "C",
        "C",
        "C",
        "N",
        "C",
        "C",
        "C",
        "C",
        "C",
        "C",
        "S",
        "C",
        "N",
        "C",
        "C",
        "C",
        "C",
        "C",
        "C",
        "S",
        "C",
        "C",
        "H",
        "H",
        "H",
        "H",
        "H",
        "H",
        "H",
        "H",
        "H",
        "H",
        "H",
        "H",
        "H",
        "H",
        "H",
        "H"
      ],
      "charge": [
        0.326537,
        -0.483226,
        0.540356,
        -0.153809,
        -0.020356,
        -0.006967,
        0.015798,
        -0.058571,
        0.566082,
        -0.913186,
        0.451356,
        -0.092418,
        -0.034762,
        -0.076662,
        -0.056389,
        -0.018276,
        -0.039391,
        0.523866,
        -0.884868,
        0.436814,
        -0.074269,
        -0.034296,
        -0.059076,
        -0.066294,
        0.049181,
        -0.133171,
        0.001497,
        -0.219991,
        -0.008822,
        -0.009411,
        0.005016,
        0.050331,
        0.037301,
        0.064298,
        0.04647,
        0.028328,
        0.032386,
        0.033849,
        0.050599,
        0.032315,
        0.034239,
        0.035954,
        0.03602,
        0.045615
      ]
    },
    "structure": {
      "bonds": 1.3300551901060418,
      "angles": 118.04278146665064,
      "DA": 90.24299738246624
    },
    "rotational_constant": {
      "A": 0.0672807,
      "B": 0.102764,
      "C": 0.1827944
    },
    "rays_asymmetry_parameter": 0.3856434345017085,
    "excited_energy": "1.7173",
    "volume": 526.35192
  },
  "exciting_path_mean_volume": 526.5256566666667
}