{
  "s0_rotational_constant_a": 0.0444639,
  "s0_rotational_constant_b": 0.0480712,
  "s0_rotational_constant_c": 0.3405074,
  "s1_rotational_constant_a": 0.0440087,
  "s1_rotational_constant_b": 0.0482208,
  "s1_rotational_constant_c": 0.3384043,
  "s0_rays_asymmetry_parameter": 0.9756299327632594,
  "s1_rays_asymmetry_parameter": 0.9713847625440054,
  "s0_volume": 567.47995,
  "s1_volume": 569.74483,
  "delta_volume": 2.2648799999999483,
  "s0_homo_lumo_gap": 2.1939312391121257,
  "s1_homo_lumo_gap": 1.3159560150210785,
  "delta_gap": -0.8779752240910472,
  "s0_dihedral_avg": 90.0388641484505,
  "s1_dihedral_avg": 90.12028937006745,
  "delta_dihedral": 0.08142522161695354,
  "delta_dipole": {
    "element": [
      "O",
      "C",
      "C",
      "C",
      "C",
      "C",
      "C",
      "C",
      "N",
      "N",
      "C",
      "C",
      "C",
      "C",
      "C",
      "N",
      "C",
      "C",
      "C",
      "C",
      "C",
      "C",
      "C",
      "C",
      "C",
      "C",
      "C",
      "C",
      "C",
      "C",
      "H",
      "H",
      "H",
      "H",
      "H",
      "H",
      "H",
      "H",
      "H",
      "H",
      "H",
      "H",
      "H",
      "H",
      "H",
      "H",
      "H",
      "H",
      "H",
      "H",
      "H"
    ],
    "charge_variation": [
      0.0013709999999999556,
      0.009971999999999981,
      -0.003893999999999981,
      -0.002183000000000001,
      0.02539799999999999,
      -0.009155000000000003,
      0.021830000000000002,
      0.0008830000000000227,
      -0.08065699999999998,
      -0.005522000000000027,
      0.025216000000000016,
      0.012558,
      -0.006600000000000002,
      0.017646999999999996,
      -0.015776000000000012,
      0.033999999999999975,
      0.0028449999999999864,
      -0.024062,
      0.005817,
      -0.016904000000000002,
      0.004413,
      -0.016567,
      0.0025450000000000195,
      -0.023670999999999998,
      0.007039,
      -0.01637899999999999,
      0.004063000000000001,
      -0.016241000000000005,
      0.018601000000000006,
      -0.004255,
      0.0005330000000000057,
      0.00485,
      0.0071389999999999995,
      -0.00031799999999999884,
      0.006835000000000004,
      0.013769999999999998,
      0.01021,
      0.0022579999999999996,
      0.00023999999999999716,
      -0.0016590000000000008,
      -0.0012200000000000023,
      -0.00044500000000000095,
      -0.0005870000000000007,
      0.002932999999999998,
      -0.0011390000000000011,
      -0.0007360000000000005,
      -0.00037300000000000527,
      -0.0006379999999999997,
      0.0025109999999999993,
      0.0003429999999999961,
      0.003161000000000004
    ]
  },
  "excitation_energy": "1.5136",
  "exciting_path_mean_volume": 568.4018783333333,
  "s0_bonds_avg": 1.2758431011150002,
  "s1_bonds_avg": 1.2812862745344447,
  "s0_angles_avg": 119.55391920608818,
  "s1_angles_avg": 119.44112155063486,
  "delta_bonds": 0.005443173419444447,
  "delta_angles": -0.11279765545332054
}