{"charge": {"element": ["O", "C", "C", "C", "C", "C", "C", "C", "N", "N", "C", "C", "C", "C", "C", "N", "C", "C", "C", "C", "C", "C", "C", "C", "C", "C", "C", "C", "C", "C", "H", "H", "H", "H", "H", "H", "H", "H", "H", "H", "H", "H", "H", "H", "H", "H", "H", "H", "H", "H", "H"], "charge_variation": [0.0013709999999999556, 0.009971999999999981, -0.003893999999999981, -0.002183000000000001, 0.02539799999999999, -0.009155000000000003, 0.021830000000000002, 0.0008830000000000227, -0.08065699999999998, -0.005522000000000027, 0.025216000000000016, 0.012558, -0.006600000000000002, 0.017646999999999996, -0.015776000000000012, 0.033999999999999975, 0.0028449999999999864, -0.024062, 0.005817, -0.016904000000000002, 0.004413, -0.016567, 0.0025450000000000195, -0.023670999999999998, 0.007039, -0.01637899999999999, 0.004063000000000001, -0.016241000000000005, 0.018601000000000006, -0.004255, 0.0005330000000000057, 0.00485, 0.0071389999999999995, -0.00031799999999999884, 0.006835000000000004, 0.013769999999999998, 0.01021, 0.0022579999999999996, 0.00023999999999999716, -0.0016590000000000008, -0.0012200000000000023, -0.00044500000000000095, -0.0005870000000000007, 0.002932999999999998, -0.0011390000000000011, -0.0007360000000000005, -0.00037300000000000527, -0.0006379999999999997, 0.0025109999999999993, 0.0003429999999999961, 0.003161000000000004]}, "ground_state": {"HOMO-LUMO": 2.1939312391121257, "charge": {"element": ["O", "C", "C", "C", "C", "C", "C", "C", "N", "N", "C", "C", "C", "C", "C", "N", "C", "C", "C", "C", "C", "C", "C", "C", "C", "C", "C", "C", "C", "C", "H", "H", "H", "H", "H", "H", "H", "H", "H", "H", "H", "H", "H", "H", "H", "H", "H", "H", "H", "H", "H"], "charge": [-0.49526, 0.552888, -0.249279, 0.018841, -0.113754, -0.038361, -0.088456, 0.446947, -0.52371, -0.537743, 0.445753, -0.00332, -0.044867, -0.153772, 0.398631, -0.521021, 0.388122, -0.14082, -0.005496, -0.076162, -0.006135, -0.140158, 0.388771, -0.141075, -0.006297, -0.077785, -0.006529, -0.142064, -0.152627, 0.016523, 0.347485, 0.037316, 0.031815, 0.038031, 0.027519, 0.0119, 0.009817, 0.025312, 0.042209, 0.038669, 0.030138, 0.032582, 0.029848, 0.039454, 0.040061, 0.030005, 0.032473, 0.029684, 0.039313, 0.042456, 0.052125]}, "structure": {"bonds": 1.2758431011150002, "angles": 119.55391920608818, "DA": 17.9760896610774}, "rotational_constant": {"A": 0.0444639, "B": 0.0480712, "C": 0.3405074}, "rays_asymmetry_parameter": 0.9756299327632594, "volume": 567.47995}, "excited_state": {"HOMO-LUMO": 1.3159560150210785, "charge": {"element": ["O", "C", "C", "C", "C", "C", "C", "C", "N", "N", "C", "C", "C", "C", "C", "N", "C", "C", "C", "C", "C", "C", "C", "C", "C", "C", "C", "C", "C", "C", "H", "H", "H", "H", "H", "H", "H", "H", "H", "H", "H", "H", "H", "H", "H", "H", "H", "H", "H", "H", "H"], "charge": [-0.493889, 0.56286, -0.253173, 0.016658, -0.088356, -0.047516, -0.066626, 0.44783, -0.604367, -0.543265, 0.470969, 0.009238, -0.051467, -0.136125, 0.382855, -0.487021, 0.390967, -0.164882, 0.000321, -0.093066, -0.001722, -0.156725, 0.391316, -0.164746, 0.000742, -0.094164, -0.002466, -0.158305, -0.134026, 0.012268, 0.348018, 0.042166, 0.038954, 0.037713, 0.034354, 0.02567, 0.020027, 0.02757, 0.042449, 0.03701, 0.028918, 0.032137, 0.029261, 0.042387, 0.038922, 0.029269, 0.0321, 0.029046, 0.041824, 0.042799, 0.055286]}, "structure": {"bonds": 1.2812862745344447, "angles": 119.44112155063486, "DA": 3.1981572485511296}, "rotational_constant": {"A": 0.0440087, "B": 0.0482208, "C": 0.3384043}, "rays_asymmetry_parameter": 0.9713847625440054, "excited_energy": "1.5136", "volume": 569.74483}, "exciting_path_mean_volume": 568.4018783333333}