{
  "s0_rotational_constant_a": 0.0165763,
  "s0_rotational_constant_b": 0.0173412,
  "s0_rotational_constant_c": 0.1394648,
  "s1_rotational_constant_a": 0.0164946,
  "s1_rotational_constant_b": 0.0178015,
  "s1_rotational_constant_c": 0.1392458,
  "s0_rays_asymmetry_parameter": 0.9875513168441311,
  "s1_rays_asymmetry_parameter": 0.9787065218099701,
  "s0_volume": 912.07281,
  "s1_volume": 915.3398,
  "delta_volume": 3.2669899999999643,
  "s0_homo_lumo_gap": 0.6819090569705382,
  "s1_homo_lumo_gap": 0.2718879605315516,
  "delta_gap": -0.41002109643898654,
  "s0_dihedral_avg": 89.08987513957045,
  "s1_dihedral_avg": 89.24634255432971,
  "delta_dihedral": 0.15646741475926262,
  "delta_dipole": {
    "element": [
      "C",
      "C",
      "C",
      "C",
      "N",
      "C",
      "C",
      "C",
      "C",
      "C",
      "C",
      "C",
      "C",
      "C",
      "C",
      "C",
      "C",
      "N",
      "C",
      "C",
      "N",
      "C",
      "C",
      "C",
      "C",
      "C",
      "C",
      "N",
      "C",
      "C",
      "C",
      "C",
      "C",
      "C",
      "C",
      "C",
      "C",
      "C",
      "C",
      "C",
      "C",
      "C",
      "C",
      "N",
      "S",
      "N",
      "C",
      "C",
      "C",
      "C",
      "C",
      "H",
      "H",
      "H",
      "H",
      "H",
      "H",
      "H",
      "H",
      "H",
      "H",
      "H",
      "H",
      "H",
      "H",
      "H",
      "H",
      "H",
      "H",
      "H",
      "H",
      "H",
      "H",
      "H",
      "H",
      "H",
      "H",
      "H",
      "H",
      "H",
      "H"
    ],
    "charge_variation": [
      -0.014342999999999995,
      0.0025990000000000006,
      -0.014020000000000005,
      -0.0011720000000000064,
      0.03698700000000005,
      -0.0009549999999999836,
      -0.01371699999999998,
      0.002849000000000001,
      -0.013982999999999995,
      0.003817,
      -0.015288999999999997,
      -0.019347000000000003,
      0.01728700000000001,
      -0.016723,
      0.018326000000000002,
      -0.0003660000000000052,
      0.008630000000000027,
      -0.00946199999999997,
      0.0005449999999999622,
      -0.010033999999999987,
      -0.007831000000000032,
      0.016158000000000006,
      -0.00014800000000000924,
      0.006477000000000004,
      -0.00048000000000000126,
      0.01119500000000001,
      -0.0007690000000000197,
      -0.004510000000000014,
      0.0020749999999999935,
      -0.0014879999999999893,
      0.0017089999999999996,
      -0.001795000000000005,
      0.002177000000000001,
      -0.005371999999999988,
      0.001446999999999976,
      -0.004630999999999996,
      0.0026439999999999996,
      -0.0012130000000000057,
      0.0014850000000000002,
      -0.0015479999999999938,
      0.010266999999999998,
      -0.002394999999999998,
      0.006518000000000024,
      -0.0063029999999999475,
      0.042623999999999995,
      -0.024585999999999997,
      0.015116000000000018,
      -0.006678,
      0.015181,
      -0.014332999999999985,
      0.0038580000000000003,
      -0.0007609999999999978,
      -0.000512000000000002,
      0.0013019999999999976,
      0.0014180000000000026,
      -0.0004989999999999994,
      -0.0007659999999999993,
      -0.0006850000000000016,
      0.0006069999999999964,
      -0.001356999999999997,
      -0.010086999999999999,
      0.0026049999999999997,
      0.002064,
      0.0002930000000000016,
      0.0003150000000000028,
      0.0008300000000000043,
      -0.00011200000000000099,
      0.0005229999999999957,
      -0.00046900000000000067,
      -0.0009300000000000003,
      -0.0006390000000000007,
      -0.00014000000000000123,
      0.0005059999999999995,
      -0.00012699999999999864,
      0.0007389999999999966,
      0.00017099999999999754,
      -0.0009129999999999971,
      -0.008732,
      -0.0018560000000000035,
      0.0015029999999999974,
      -0.0007670000000000003
    ]
  },
  "excitation_energy": "0.3127",
  "exciting_path_mean_volume": 913.374375,
  "s0_bonds_avg": 1.2952317004593261,
  "s1_bonds_avg": 1.2927861297641572,
  "delta_bonds": -0.0024455706951689304,
  "s0_angles_avg": 119.65320441607786,
  "s1_angles_avg": 119.61169903286273,
  "delta_angles": -0.041505383215124425
}