{
  "s0_rotational_constant_a": 0.0469194,
  "s0_rotational_constant_b": 0.0522064,
  "s0_rotational_constant_c": 0.4162524,
  "s1_rotational_constant_a": 0.0463779,
  "s1_rotational_constant_b": 0.0518066,
  "s1_rotational_constant_c": 0.4246353,
  "s0_rays_asymmetry_parameter": 0.9713700102617422,
  "s1_rays_asymmetry_parameter": 0.9712962654531017,
  "s0_volume": 541.48152,
  "s1_volume": 541.42023,
  "delta_volume": -0.0612900000000991,
  "s0_homo_lumo_gap": 1.7659424674688209,
  "s1_homo_lumo_gap": 1.2863609165018959,
  "delta_gap": -0.479581550966925,
  "s0_dihedral_avg": 91.0322029411462,
  "s1_dihedral_avg": 91.27322718696455,
  "delta_dihedral": 0.2410242458183518,
  "delta_dipole": {
    "element": [
      "C",
      "C",
      "C",
      "N",
      "C",
      "C",
      "C",
      "C",
      "C",
      "C",
      "S",
      "C",
      "C",
      "C",
      "C",
      "C",
      "C",
      "O",
      "C",
      "C",
      "C",
      "C",
      "C",
      "O",
      "C",
      "C",
      "C",
      "C",
      "H",
      "H",
      "H",
      "H",
      "H",
      "H",
      "H",
      "H",
      "H",
      "H",
      "H",
      "H",
      "H",
      "H",
      "H",
      "H",
      "H",
      "H",
      "H",
      "H",
      "H"
    ],
    "charge_variation": [
      -0.0011030000000000068,
      0.003383999999999998,
      -0.0061119999999999786,
      0.018365999999999993,
      0.014449999999999963,
      -0.014674999999999994,
      0.005069000000000001,
      -0.015604000000000007,
      0.003574999999999995,
      -0.022826,
      0.00018300000000001648,
      0.022038000000000002,
      -0.014215000000000005,
      0.014507000000000003,
      -0.0029749999999999985,
      0.004036000000000012,
      -0.0023850000000000815,
      -0.02032999999999996,
      0.009137999999999997,
      0.011570999999999998,
      -0.0016019999999999997,
      0.006698999999999983,
      -0.0018240000000000478,
      -0.00939000000000001,
      0.007000000000000006,
      -0.018774,
      0.020732,
      -0.030772999999999995,
      0.00016400000000000095,
      0.0003140000000000018,
      -0.0008559999999999991,
      -0.0013659999999999992,
      0.00015400000000000136,
      0.002307,
      0.00033299999999999996,
      -0.0010410000000000003,
      -0.0008659999999999987,
      0.0006009999999999974,
      -0.001237000000000002,
      0.0016199999999999964,
      0.006519999999999998,
      -0.0006089999999999984,
      0.0026679999999999968,
      0.0017140000000000002,
      0.0051099999999999965,
      0.0022459999999999702,
      0.004749999999999997,
      0.0012819999999999984,
      -0.0019720000000000015
    ]
  },
  "excitation_energy": "1.5938",
  "exciting_path_mean_volume": 541.0960116666666,
  "s0_bonds_avg": 1.2903610721100003,
  "s1_bonds_avg": 1.2932413214621152,
  "delta_bonds": 0.0028802493521149497,
  "s0_angles_avg": 117.38916536918968,
  "s1_angles_avg": 117.37242300943198,
  "delta_angles": -0.016742359757699887
}