{
  "s0_rotational_constant_a": 0.0136755,
  "s0_rotational_constant_b": 0.0159008,
  "s0_rotational_constant_c": 0.0391545,
  "s1_rotational_constant_a": 0.0138399,
  "s1_rotational_constant_b": 0.0154844,
  "s1_rotational_constant_c": 0.0399971,
  "s0_rays_asymmetry_parameter": 0.8253228148671455,
  "s1_rays_asymmetry_parameter": 0.8742602419219182,
  "s0_volume": 1371.40952,
  "s1_volume": 1372.24306,
  "delta_volume": 0.8335400000000845,
  "s0_homo_lumo_gap": 1.4127305721869665,
  "s1_homo_lumo_gap": 0.2054976319483397,
  "delta_gap": -1.2072329402386268,
  "s0_dihedral_avg": 3.0206624485842415,
  "s1_dihedral_avg": 4.1616516612282055,
  "delta_dihedral": 1.140989212643964,
  "delta_dipole": null,
  "excitation_energy": "0.2375",
  "exciting_path_mean_volume": 1372.1064,
  "s0_bonds_avg": 1.2407665301731945,
  "s1_bonds_avg": 1.255347928911389,
  "s0_angles_avg": 115.31182287296558,
  "s1_angles_avg": 115.01557341462548
}