{
  "s0_rotational_constant_a": 0.0134596,
  "s0_rotational_constant_b": 0.0207527,
  "s0_rotational_constant_c": 0.0281897,
  "s1_rotational_constant_a": 0.0135825,
  "s1_rotational_constant_b": 0.0207719,
  "s1_rotational_constant_c": 0.0279604,
  "s0_rays_asymmetry_parameter": 0.00976911222598664,
  "s1_rays_asymmetry_parameter": -6.259606757580207e-05,
  "s0_volume": 1516.65028,
  "s1_volume": 1512.02115,
  "delta_volume": -4.629130000000032,
  "s0_homo_lumo_gap": 2.327852053163391,
  "s1_homo_lumo_gap": 1.5097990122730538,
  "delta_gap": -0.8180530408903373,
  "s0_dihedral_avg": 90.04727985631408,
  "s1_dihedral_avg": 90.08929472952511,
  "delta_dihedral": 0.04201487321103059,
  "delta_dipole": {
    "element": [
      "C",
      "C",
      "C",
      "C",
      "C",
      "C",
      "C",
      "C",
      "C",
      "C",
      "C",
      "C",
      "C",
      "C",
      "C",
      "C",
      "C",
      "C",
      "C",
      "C",
      "C",
      "C",
      "C",
      "C",
      "C",
      "C",
      "C",
      "C",
      "C",
      "C",
      "C",
      "C",
      "C",
      "C",
      "C",
      "C",
      "C",
      "C",
      "C",
      "C",
      "C",
      "C",
      "C",
      "C",
      "C",
      "C",
      "C",
      "C",
      "C",
      "C",
      "C",
      "C",
      "C",
      "C",
      "C",
      "C",
      "C",
      "C",
      "C",
      "C",
      "C",
      "C",
      "C",
      "C",
      "C",
      "C",
      "C",
      "C",
      "C",
      "C",
      "C",
      "C",
      "C",
      "C",
      "C",
      "C",
      "C",
      "C",
      "C",
      "C",
      "C",
      "C",
      "H",
      "H",
      "H",
      "H",
      "H",
      "H",
      "H",
      "H",
      "H",
      "H",
      "H",
      "H",
      "H",
      "H",
      "H",
      "H",
      "H",
      "H",
      "H",
      "H",
      "H",
      "H",
      "H",
      "H",
      "H",
      "H",
      "H",
      "H",
      "H",
      "H",
      "H",
      "H",
      "H",
      "H",
      "H",
      "H",
      "H",
      "H",
      "H",
      "H",
      "H",
      "H",
      "H",
      "H",
      "H",
      "H",
      "H",
      "H",
      "H",
      "H",
      "H",
      "H",
      "H",
      "H",
      "H",
      "H",
      "H",
      "H"
    ],
    "charge_variation": [
      -0.002796,
      0.0004369999999999999,
      -0.0034380000000000105,
      -0.0012129999999999919,
      -0.002373,
      -0.000895,
      -0.0015939999999999982,
      -0.0018780000000000047,
      -0.00017,
      -0.0018189999999999942,
      0.0023979999999999974,
      -0.0030820000000000014,
      -0.0007820000000000049,
      0.0008089999999999972,
      -0.0004060000000000036,
      7.700000000000762e-05,
      -0.000379,
      0.0009260000000000006,
      7.700000000000762e-05,
      -4.600000000000437e-05,
      -0.0002580000000000013,
      0.00021900000000000391,
      0.0002599999999999998,
      0.0001350000000000101,
      -0.0002919999999999997,
      -0.00010999999999999899,
      -0.00043899999999999495,
      0.00015000000000000083,
      0.00032200000000000284,
      0.00019600000000000173,
      -0.00012199999999999711,
      0.0008750000000000008,
      -0.0006139999999999896,
      0.00021899999999999697,
      4.000000000000531e-06,
      0.000341000000000001,
      6.0999999999998555e-05,
      0.0003060000000000007,
      -0.0005890000000000001,
      0.0001830000000000026,
      -0.00010800000000001087,
      -0.00034,
      -0.0007959999999999981,
      0.00016000000000000042,
      2.9000000000001247e-05,
      0.0015429999999999999,
      0.0011499999999999982,
      -5.9000000000003494e-05,
      -0.0004899999999999974,
      -0.0018499999999999905,
      0.0008060000000000012,
      -0.0033100000000000004,
      0.001017000000000004,
      -0.0031810000000000033,
      -0.0006969999999999997,
      0.0038709999999999994,
      -0.002161000000000003,
      -0.0010659999999999975,
      0.0021120000000000028,
      -0.002585999999999991,
      -0.0008120000000000002,
      -0.00042600000000000277,
      -0.0003470000000000001,
      -0.0030990000000000045,
      0.001897999999999997,
      -0.002128999999999992,
      7.300000000000015e-05,
      -0.0020930000000000046,
      0.0002669999999999999,
      -0.001680000000000001,
      -0.0010579999999999964,
      -0.002012,
      0.0005430000000000018,
      0.0016969999999999971,
      0.0018369999999999914,
      -0.0008220000000000033,
      0.0008130000000000012,
      -0.0021930000000000005,
      -0.0009580000000000005,
      0.0004829999999999973,
      -0.002354999999999996,
      0.0016900000000000005,
      0.002404,
      -0.0010369999999999997,
      0.0019900000000000057,
      0.0016590000000000008,
      -0.0009189999999999997,
      0.0017719999999999993,
      -0.000730999999999999,
      0.00247,
      0.0020429999999999997,
      0.00017400000000000054,
      -0.00013900000000000023,
      9.599999999999886e-05,
      0.0002470000000000007,
      0.0002249999999999995,
      -7.300000000000015e-05,
      0.00013200000000000017,
      0.00013999999999999777,
      -6.000000000002531e-06,
      5.7999999999999025e-05,
      -3.099999999999978e-05,
      0.00013099999999999917,
      9.79999999999974e-05,
      9.299999999999933e-05,
      8.69999999999968e-05,
      8.99999999999998e-05,
      0.00021300000000000138,
      0.0003520000000000016,
      0.00018699999999999967,
      0.00011800000000000005,
      9.20000000000018e-05,
      0.0010520000000000009,
      0.0025340000000000015,
      0.0022390000000000014,
      0.0002449999999999987,
      -0.0020310000000000016,
      0.0013330000000000009,
      0.0003789999999999974,
      0.001968000000000001,
      0.00014300000000000077,
      -0.0002599999999999998,
      0.00039799999999999905,
      0.0011039999999999973,
      0.000725,
      0.0008170000000000018,
      0.00033299999999999996,
      0.0002160000000000009,
      0.0016599999999999983,
      0.002680999999999996,
      0.0003569999999999997,
      9.000000000002062e-06,
      0.0010949999999999988,
      0.0004449999999999975,
      -0.00037600000000000133,
      0.001622000000000002,
      -0.00036800000000000027,
      0.00011599999999999805,
      0.002762000000000004,
      -0.001191000000000001
    ]
  },
  "excitation_energy": "1.7778",
  "exciting_path_mean_volume": 1513.6010399999998,
  "s0_bonds_avg": 1.2835259156123684,
  "s1_bonds_avg": 1.2860313250074342,
  "s0_angles_avg": 119.99705248413433,
  "s1_angles_avg": 119.99660063936913,
  "delta_bonds": 0.0025054093950658274,
  "delta_angles": -0.00045184476519466443
}