{
  "s0_rotational_constant_a": 0.0134596,
  "s0_rotational_constant_b": 0.0207527,
  "s0_rotational_constant_c": 0.0281897,
  "s1_rotational_constant_a": 0.0135825,
  "s1_rotational_constant_b": 0.0207719,
  "s1_rotational_constant_c": 0.0279604,
  "s0_rays_asymmetry_parameter": 0.00976911222598664,
  "s1_rays_asymmetry_parameter": -6.259606757580207e-05,
  "s0_volume": 1516.65028,
  "s1_volume": 1512.02115,
  "delta_volume": -4.629130000000032,
  "s0_homo_lumo_gap": 2.327852053163391,
  "s1_homo_lumo_gap": 1.5097990122730538,
  "delta_gap": -0.8180530408903373,
  "s0_dihedral_avg": 2.1418762397109545,
  "s1_dihedral_avg": -2.5511905837271542,
  "delta_dihedral": -4.693066823438109,
  "delta_dipole": null,
  "excitation_energy": "1.7778",
  "exciting_path_mean_volume": 1513.6010399999998,
  "s0_bonds_avg": 1.2835259156123684,
  "s1_bonds_avg": 1.2860313250074342,
  "s0_angles_avg": 119.99705248413433,
  "s1_angles_avg": 119.99660063936913
}