{
  "s0_rotational_constant_a": 0.0339473,
  "s0_rotational_constant_b": 0.0557921,
  "s0_rotational_constant_c": 0.0824006,
  "s1_rotational_constant_a": 0.0339407,
  "s1_rotational_constant_b": 0.0564768,
  "s1_rotational_constant_c": 0.0812752,
  "s0_rays_asymmetry_parameter": 0.09831528502702622,
  "s1_rays_asymmetry_parameter": 0.04779389240406064,
  "s0_volume": 654.45189,
  "s1_volume": 654.09429,
  "delta_volume": -0.35760000000004766,
  "s0_homo_lumo_gap": 1.5085989903489123,
  "s1_homo_lumo_gap": 1.3213656376632383,
  "delta_gap": -0.18723335268567398,
  "s0_dihedral_avg": 90.12373763202494,
  "s1_dihedral_avg": 90.00474356641118,
  "delta_dihedral": -0.11899406561376225,
  "delta_dipole": {
    "element": [
      "O",
      "C",
      "C",
      "N",
      "C",
      "C",
      "C",
      "C",
      "Cl",
      "C",
      "C",
      "C",
      "C",
      "C",
      "C",
      "Cl",
      "C",
      "C",
      "C",
      "O",
      "C",
      "N",
      "C",
      "C",
      "C",
      "C",
      "Cl",
      "C",
      "C",
      "C",
      "C",
      "C",
      "C",
      "Cl",
      "C",
      "C",
      "H",
      "H",
      "H",
      "H",
      "H",
      "H",
      "H",
      "H",
      "H",
      "H",
      "H",
      "H",
      "H",
      "H",
      "H",
      "H"
    ],
    "charge_variation": [
      0.008557000000000037,
      0.02376200000000006,
      -0.040322000000000004,
      0.015689999999999982,
      0.003125999999999962,
      -0.0022129999999999928,
      0.0011940000000000006,
      -0.004194000000000031,
      0.003485000000000016,
      0.0010379999999999973,
      -0.006557999999999994,
      0.003249000000000002,
      -0.002147999999999997,
      0.0012929999999999886,
      -0.0041939999999999755,
      0.0035149999999999904,
      0.0010550000000000004,
      -0.0066809999999999925,
      0.023800000000000043,
      0.008419999999999983,
      -0.03841599999999999,
      0.01649600000000001,
      0.0024679999999999702,
      -0.0019409999999999983,
      0.0012479999999999991,
      -0.0038779999999999926,
      0.003685999999999995,
      0.0010809999999999986,
      -0.006046999999999997,
      0.0024819999999999842,
      -0.0019559999999999994,
      0.0012110000000000037,
      -0.0038659999999999806,
      0.003695000000000004,
      0.0010399999999999993,
      -0.00594299999999999,
      0.0012809999999999974,
      -0.0002699999999999994,
      -0.000673999999999994,
      -0.001131,
      0.0012899999999999995,
      -0.00027000000000000635,
      -0.0007020000000000012,
      -0.0012799999999999964,
      0.0012049999999999977,
      -0.0002500000000000002,
      -0.0006080000000000044,
      -0.001115999999999999,
      0.0011939999999999937,
      -0.0002370000000000011,
      -0.0005959999999999993,
      -0.0010739999999999986
    ]
  },
  "excitation_energy": "2.4871",
  "exciting_path_mean_volume": 654.195675,
  "s0_bonds_avg": 1.3311365223573213,
  "s1_bonds_avg": 1.3355261400682144,
  "delta_bonds": 0.004389617710893079,
  "s0_angles_avg": 119.99963762622951,
  "s1_angles_avg": 120.00557728870572,
  "delta_angles": 0.005939662476208696
}