{
  "s0_rotational_constant_a": 0.0170593,
  "s0_rotational_constant_b": 0.0309747,
  "s0_rotational_constant_c": 0.0320472,
  "s1_rotational_constant_a": 0.0172612,
  "s1_rotational_constant_b": 0.0310948,
  "s1_rotational_constant_c": 0.0323731,
  "s0_rays_asymmetry_parameter": -0.8568845535398558,
  "s1_rays_asymmetry_parameter": -0.8308220673773642,
  "s0_volume": 1225.74066,
  "s1_volume": 1226.23499,
  "delta_volume": 0.49432999999999083,
  "s0_homo_lumo_gap": 1.4067086934610606,
  "s1_homo_lumo_gap": 0.8424643712338082,
  "delta_gap": -0.5642443222272524,
  "s0_dihedral_avg": -3.945843801277137,
  "s1_dihedral_avg": -3.480720521666556,
  "delta_dihedral": 0.4651232796105811,
  "delta_dipole": null,
  "excitation_energy": "0.9719",
  "exciting_path_mean_volume": 1225.97199,
  "s0_bonds_avg": 1.2963228958105038,
  "s1_bonds_avg": 1.2996963324825215,
  "s0_angles_avg": 120.37061217842151,
  "s1_angles_avg": 119.94371136679788
}