{
  "s0_rotational_constant_a": 0.0535007,
  "s0_rotational_constant_b": 0.0572406,
  "s0_rotational_constant_c": 0.1536451,
  "s1_rotational_constant_a": 0.0536546,
  "s1_rotational_constant_b": 0.0572964,
  "s1_rotational_constant_c": 0.1543602,
  "s0_rays_asymmetry_parameter": 0.9253098525728847,
  "s1_rays_asymmetry_parameter": 0.9276743299280278,
  "s0_volume": 768.61768,
  "s1_volume": 767.99901,
  "delta_volume": -0.6186699999999519,
  "s0_homo_lumo_gap": 1.9484383186353789,
  "s1_homo_lumo_gap": 1.6113491668921571,
  "delta_gap": -0.33708915174322174,
  "s0_dihedral_avg": 91.22590699560227,
  "s1_dihedral_avg": 91.2123808053574,
  "delta_dihedral": -0.01352619024487467,
  "delta_dipole": {
    "element": [
      "C",
      "C",
      "C",
      "C",
      "C",
      "C",
      "C",
      "C",
      "C",
      "C",
      "C",
      "C",
      "C",
      "C",
      "C",
      "O",
      "C",
      "C",
      "C",
      "C",
      "C",
      "C",
      "C",
      "C",
      "C",
      "C",
      "C",
      "C",
      "C",
      "N",
      "C",
      "C",
      "C",
      "C",
      "C",
      "C",
      "C",
      "C",
      "C",
      "C",
      "H",
      "H",
      "H",
      "H",
      "H",
      "H",
      "H",
      "H",
      "H",
      "H",
      "H",
      "H",
      "H",
      "H",
      "H",
      "H",
      "H",
      "H",
      "H",
      "H",
      "H",
      "H",
      "H",
      "H",
      "H",
      "H",
      "H",
      "H",
      "H",
      "H",
      "H",
      "H",
      "H"
    ],
    "charge_variation": [
      -0.0004199999999999898,
      -0.00689,
      0.002589000000000001,
      -0.009618999999999989,
      -0.008940000000000003,
      -0.002134999999999998,
      0.0008780000000000038,
      0.0010610000000000064,
      -0.0038600000000000023,
      0.0018789999999999918,
      -0.002207,
      0.0033030000000000004,
      0.0040659999999999984,
      0.011886,
      -0.005530000000000035,
      -0.038283999999999985,
      0.011870000000000006,
      0.004067999999999999,
      0.0032990000000000033,
      -0.002199,
      0.0018859999999999988,
      -0.0038620000000000043,
      -0.002138000000000001,
      0.0008790000000000048,
      -0.006892000000000002,
      -0.0004209999999999908,
      0.002591000000000003,
      -0.009622999999999993,
      -0.008938000000000001,
      0.04629600000000006,
      -0.005016999999999994,
      -0.0025480000000000086,
      0.0011579999999999993,
      0.0008550000000000016,
      -0.00014100000000000223,
      -0.0007500000000000007,
      -0.0005119999999999986,
      -0.0007559999999999928,
      0.0010499999999999954,
      -0.0025550000000000017,
      0.00044600000000000195,
      0.000730999999999999,
      0.00018600000000000214,
      0.0007580000000000017,
      0.0010410000000000003,
      0.0011709999999999984,
      -0.0009799999999999982,
      0.0033979999999999982,
      -0.0004640000000000026,
      0.003911999999999999,
      0.003910000000000004,
      -0.00046399999999999914,
      0.0033959999999999962,
      -0.0009830000000000012,
      0.0011709999999999984,
      0.00018699999999999967,
      0.00044500000000000095,
      0.000732,
      0.0007580000000000017,
      0.0010429999999999953,
      0.00022799999999999904,
      0.0005059999999999995,
      0.00017599999999999907,
      0.0006560000000000003,
      0.00015799999999999842,
      0.0006009999999999974,
      9.800000000000086e-05,
      8.800000000000127e-05,
      0.00018800000000000067,
      0.0006569999999999979,
      0.00015200000000000283,
      0.00047799999999999926,
      0.0002400000000000041
    ]
  },
  "excitation_energy": "1.8531",
  "exciting_path_mean_volume": 768.2075450000001,
  "s0_bonds_avg": 1.2958499103041774,
  "s1_bonds_avg": 1.2960599734778482,
  "delta_bonds": 0.00021006317367078253,
  "s0_angles_avg": 116.7944073699833,
  "s1_angles_avg": 116.78971575905216,
  "delta_angles": -0.0046916109311467835
}