{
  "s0_rotational_constant_a": 0.0073271,
  "s0_rotational_constant_b": 0.0128932,
  "s0_rotational_constant_c": 0.01449,
  "s1_rotational_constant_a": 0.0072771,
  "s1_rotational_constant_b": 0.0126206,
  "s1_rotational_constant_c": 0.0144747,
  "s0_rays_asymmetry_parameter": -0.5541470633402675,
  "s1_rays_asymmetry_parameter": -0.4848004890519057,
  "s0_volume": 1571.36466,
  "s1_volume": 1571.07958,
  "delta_volume": -0.2850799999998799,
  "s0_homo_lumo_gap": 1.0622561418839926,
  "s1_homo_lumo_gap": 0.4398828664968666,
  "delta_gap": -0.6223732753871261,
  "s0_dihedral_avg": 90.07353827546258,
  "s1_dihedral_avg": 90.09813387500677,
  "delta_dihedral": 0.024595599544184665,
  "delta_dipole": {
    "element": [
      "C",
      "C",
      "C",
      "C",
      "C",
      "C",
      "C",
      "C",
      "C",
      "C",
      "C",
      "C",
      "C",
      "C",
      "C",
      "C",
      "B",
      "O",
      "B",
      "C",
      "C",
      "C",
      "C",
      "C",
      "C",
      "C",
      "C",
      "C",
      "C",
      "C",
      "C",
      "C",
      "C",
      "C",
      "C",
      "C",
      "C",
      "C",
      "C",
      "C",
      "C",
      "C",
      "C",
      "C",
      "C",
      "O",
      "B",
      "C",
      "C",
      "C",
      "C",
      "C",
      "C",
      "C",
      "C",
      "C",
      "C",
      "C",
      "C",
      "C",
      "C",
      "C",
      "C",
      "C",
      "C",
      "C",
      "C",
      "C",
      "C",
      "C",
      "C",
      "C",
      "C",
      "O",
      "C",
      "C",
      "C",
      "C",
      "C",
      "C",
      "C",
      "C",
      "C",
      "C",
      "H",
      "H",
      "H",
      "H",
      "H",
      "H",
      "H",
      "H",
      "H",
      "H",
      "H",
      "H",
      "H",
      "H",
      "H",
      "H",
      "H",
      "H",
      "H",
      "H",
      "H",
      "H",
      "H",
      "H",
      "H",
      "H",
      "H",
      "H",
      "H",
      "H",
      "H",
      "H",
      "H",
      "H",
      "H",
      "H",
      "H",
      "H",
      "H",
      "H",
      "H",
      "H",
      "H",
      "H",
      "H",
      "H",
      "H",
      "H",
      "H",
      "H",
      "H",
      "H",
      "H",
      "H",
      "H",
      "H",
      "H"
    ],
    "charge_variation": [
      -0.002689000000000004,
      0.001361000000000001,
      -0.0010800000000000115,
      0.0025060000000000082,
      -0.007098,
      0.0033840000000000016,
      0.0028890000000000027,
      -0.0018880000000000008,
      -0.0004720000000000002,
      -0.0031069999999999987,
      -0.0009179999999999987,
      -0.0025349999999999956,
      -0.009256,
      -0.0007140000000000063,
      -0.008099000000000002,
      0.001696000000000003,
      0.02698500000000001,
      -0.022504999999999997,
      -0.030118000000000006,
      0.009813000000000002,
      0.0007629999999999998,
      -0.0008579999999999977,
      0.004983000000000001,
      -0.0012579999999999987,
      0.0042239999999999995,
      -0.0011989999999999917,
      0.000677999999999998,
      0.00041100000000000164,
      0.0011999999999999997,
      0.0005269999999999997,
      0.0008360000000000034,
      -0.002353999999999995,
      0.0012110000000000037,
      0.0008079999999999997,
      0.0019990000000000008,
      0.0008730000000000022,
      0.0002279999999999921,
      -0.0005299999999999888,
      0.00013199999999999323,
      0.0003799999999999984,
      0.0007209999999999994,
      0.0006909999999999972,
      -0.00022300000000000098,
      -0.0009809999999999958,
      0.007202999999999999,
      0.05466499999999999,
      -0.030536000000000008,
      0.010075,
      0.0009660000000000016,
      -0.0007120000000000043,
      0.0045550000000000035,
      -0.0009199999999999972,
      0.004076999999999999,
      -0.0016539999999999888,
      0.0009300000000000003,
      0.0004870000000000013,
      0.0014340000000000047,
      0.0004349999999999979,
      0.0007449999999999957,
      -0.001801999999999998,
      0.0013740000000000002,
      0.0009820000000000002,
      0.0018560000000000035,
      0.00036399999999999974,
      -8.700000000000374e-05,
      -0.0002869999999999956,
      1.0999999999997123e-05,
      0.0008480000000000015,
      0.0006859999999999991,
      0.0004609999999999996,
      -6.299999999999362e-05,
      -0.0011010000000000048,
      0.007139000000000001,
      -0.023792999999999995,
      -0.008117,
      -0.002142999999999992,
      0.0030939999999999995,
      -0.002794999999999992,
      -0.0011479999999999997,
      -0.0031930000000000014,
      -0.0005269999999999997,
      -0.0020809999999999995,
      -0.00282700000000001,
      -0.0014750000000000006,
      -0.0007349999999999995,
      -0.0001229999999999981,
      0.0011689999999999964,
      0.0010439999999999963,
      -0.00014400000000000177,
      -0.0001899999999999992,
      -0.0004740000000000022,
      0.002134000000000004,
      -0.0008879999999999999,
      9.999999999999593e-05,
      -0.0009619999999999976,
      4.099999999999937e-05,
      -8.099999999999774e-05,
      0.00018900000000000167,
      0.0003180000000000023,
      0.00018699999999999967,
      -7.300000000000362e-05,
      -1.9999999999999185e-05,
      0.00029799999999999965,
      0.00046500000000000014,
      0.00024100000000000163,
      -0.00019199999999999773,
      4.300000000000137e-05,
      0.00019599999999999826,
      0.00024300000000000016,
      0.0001260000000000011,
      -5.7999999999995555e-05,
      0.00016000000000000042,
      0.002113999999999998,
      -0.0009289999999999993,
      2.4000000000003185e-05,
      -1.1000000000000593e-05,
      0.0002009999999999998,
      0.0003270000000000009,
      0.0002239999999999985,
      0.00010299999999999893,
      3.099999999999978e-05,
      0.000389999999999998,
      0.0005770000000000011,
      7.099999999999815e-05,
      -0.0002679999999999974,
      5.7000000000001494e-05,
      0.00022999999999999757,
      0.0002669999999999999,
      0.0001999999999999988,
      -0.00011699999999999905,
      0.0003809999999999994,
      0.002002999999999998,
      -3.799999999999984e-05,
      0.00019800000000000373,
      0.0015019999999999964,
      -0.0002510000000000012,
      -0.00011200000000000099,
      -0.00010299999999999893,
      0.0007599999999999968,
      0.0011700000000000044,
      -0.0005569999999999985
    ]
  },
  "excitation_energy": "0.5078",
  "exciting_path_mean_volume": 1570.4341716666668,
  "s0_bonds_avg": 1.2775341674973202,
  "s1_bonds_avg": 1.298212640733987,
  "delta_bonds": 0.020678473236666717,
  "s0_angles_avg": 119.98416093374391,
  "s1_angles_avg": 119.96473626703097,
  "delta_angles": -0.0194246667129363
}