{
  "s0_rotational_constant_a": 0.0137858,
  "s0_rotational_constant_b": 0.020745,
  "s0_rotational_constant_c": 0.0290933,
  "s1_rotational_constant_a": 0.013862,
  "s1_rotational_constant_b": 0.020252,
  "s1_rotational_constant_c": 0.0284615,
  "s0_rays_asymmetry_parameter": 0.09074636616037896,
  "s1_rays_asymmetry_parameter": 0.12462755573821031,
  "s0_volume": 1291.3541,
  "s1_volume": 1289.80459,
  "delta_volume": -1.5495100000000548,
  "s0_homo_lumo_gap": 1.3936853262752562,
  "s1_homo_lumo_gap": 0.36784889739059645,
  "delta_gap": -1.0258364288846598,
  "s0_dihedral_avg": 90.04743113393404,
  "s1_dihedral_avg": 90.23015990825304,
  "delta_dihedral": 0.1827287743190027,
  "delta_dipole": {
    "element": [
      "O",
      "C",
      "C",
      "C",
      "C",
      "C",
      "N",
      "C",
      "C",
      "C",
      "C",
      "C",
      "N",
      "C",
      "C",
      "C",
      "C",
      "C",
      "C",
      "C",
      "C",
      "C",
      "C",
      "C",
      "C",
      "C",
      "C",
      "C",
      "C",
      "C",
      "C",
      "C",
      "C",
      "C",
      "C",
      "C",
      "C",
      "C",
      "C",
      "C",
      "C",
      "C",
      "C",
      "C",
      "C",
      "C",
      "C",
      "C",
      "C",
      "C",
      "C",
      "C",
      "C",
      "C",
      "C",
      "C",
      "C",
      "C",
      "C",
      "C",
      "C",
      "C",
      "C",
      "C",
      "C",
      "C",
      "C",
      "C",
      "C",
      "C",
      "C",
      "H",
      "H",
      "H",
      "H",
      "H",
      "H",
      "H",
      "H",
      "H",
      "H",
      "H",
      "H",
      "H",
      "H",
      "H",
      "H",
      "H",
      "H",
      "H",
      "H",
      "H",
      "H",
      "H",
      "H",
      "H",
      "H",
      "H",
      "H",
      "H",
      "H",
      "H",
      "H",
      "H",
      "H",
      "H",
      "H",
      "H",
      "H",
      "H",
      "H",
      "H",
      "H",
      "H",
      "H",
      "H",
      "H"
    ],
    "charge_variation": [
      -0.01427999999999996,
      -0.004749000000000003,
      0.006329000000000001,
      0.005770999999999998,
      0.005512000000000017,
      0.008215000000000028,
      0.0010759999999999659,
      -0.010079999999999978,
      0.026159999999999996,
      -0.002818000000000001,
      0.043407,
      -0.018994999999999984,
      0.035292000000000046,
      -0.02284999999999998,
      0.02209,
      -0.003834999999999998,
      0.008536000000000002,
      -0.004560999999999999,
      0.004753999999999998,
      -0.0015580000000000038,
      -0.002235000000000001,
      -0.0003610000000000002,
      0.002248,
      0.0019559999999999994,
      0.0019440000000000013,
      -0.0019300000000000012,
      0.0010799999999999976,
      0.001684999999999999,
      0.0008770000000000028,
      0.0009139999999999981,
      0.0005039999999999906,
      -0.0011170000000000069,
      -0.0003039999999999987,
      0.0014160000000000006,
      0.0009459999999999955,
      0.0007430000000000006,
      -0.00027000000000000635,
      0.0045579999999999996,
      -0.013697999999999988,
      0.026843000000000006,
      -0.04760299999999998,
      0.023054,
      -0.04702,
      0.021157000000000002,
      -0.037922000000000004,
      0.009189000000000003,
      -0.006453,
      -0.0015019999999999999,
      -0.008716000000000002,
      -0.0008860000000000014,
      -0.009236999999999995,
      0.013516,
      -0.004475999999999994,
      -0.0031959999999999975,
      -0.012681999999999999,
      -0.001728999999999998,
      -0.006767000000000009,
      0.006512000000000004,
      0.0023940000000000072,
      -0.0013899999999999989,
      -0.0018789999999999987,
      -0.006384999999999998,
      -0.0019689999999999985,
      0.019124000000000002,
      -0.054901000000000005,
      0.012183000000000001,
      0.011363000000000002,
      0.011666,
      0.007183999999999999,
      0.009213999999999993,
      -0.008676,
      0.0026559999999999986,
      0.0017679999999999987,
      0.0011000000000000003,
      0.004385,
      0.00035199999999999815,
      0.0031190000000000037,
      0.0019349999999999992,
      -0.0014160000000000006,
      -0.0005409999999999998,
      0.00024199999999999916,
      0.0007539999999999977,
      0.0004319999999999949,
      -3.799999999999637e-05,
      1.6999999999999654e-05,
      0.00033099999999999796,
      -3.799999999999984e-05,
      -0.0005490000000000009,
      -0.00024199999999999916,
      0.00015400000000000136,
      0.00015400000000000136,
      0.0001229999999999981,
      -0.0004180000000000017,
      -0.0011059999999999959,
      0.0007539999999999977,
      0.0011099999999999999,
      0.00023400000000000504,
      0.0010430000000000023,
      -0.0020739999999999995,
      -0.0018270000000000022,
      -0.0019769999999999996,
      0.00021400000000000585,
      0.00011999999999999858,
      -0.0030650000000000018,
      -0.0015930000000000007,
      -0.0018509999999999985,
      0.0007129999999999984,
      -0.00028100000000000347,
      -0.0010299999999999997,
      -0.002118000000000002,
      -0.0017019999999999987,
      0.0011950000000000016,
      -0.0005560000000000009,
      -0.0024190000000000045,
      0.0030930000000000055,
      0.0016429999999999986,
      0.004818000000000003
    ]
  },
  "excitation_energy": "0.4268",
  "exciting_path_mean_volume": 1291.03474,
  "s0_bonds_avg": 1.2902808687209375,
  "s1_bonds_avg": 1.2916390759069531,
  "delta_bonds": 0.0013582071860156475,
  "s0_angles_avg": 119.98165672925307,
  "s1_angles_avg": 119.98665358233177,
  "delta_angles": 0.00499685307869413
}