{
  "s0_rotational_constant_a": 0.0647958,
  "s0_rotational_constant_b": 0.0730133,
  "s0_rotational_constant_c": 0.1048008,
  "s1_rotational_constant_a": 0.0630596,
  "s1_rotational_constant_b": 0.0703277,
  "s1_rotational_constant_c": 0.1101221,
  "s0_rays_asymmetry_parameter": 0.5891763529558803,
  "s1_rays_asymmetry_parameter": 0.6911298804780871,
  "s0_volume": 818.42695,
  "s1_volume": 811.02949,
  "delta_volume": -7.397460000000024,
  "s0_homo_lumo_gap": 2.456657127492694,
  "s1_homo_lumo_gap": 1.4718445773571318,
  "delta_gap": -0.9848125501355622,
  "s0_dihedral_avg": 89.94876118775022,
  "s1_dihedral_avg": 90.75026483154899,
  "delta_dihedral": 0.8015036437987675,
  "delta_dipole": {
    "element": [
      "C",
      "C",
      "C",
      "C",
      "C",
      "C",
      "C",
      "C",
      "C",
      "C",
      "C",
      "C",
      "C",
      "C",
      "C",
      "C",
      "C",
      "C",
      "C",
      "C",
      "C",
      "C",
      "C",
      "C",
      "C",
      "C",
      "S",
      "C",
      "C",
      "C",
      "C",
      "C",
      "C",
      "C",
      "C",
      "C",
      "C",
      "C",
      "C",
      "C",
      "C",
      "S",
      "C",
      "C",
      "H",
      "H",
      "H",
      "H",
      "H",
      "H",
      "H",
      "H",
      "H",
      "H",
      "H",
      "H",
      "H",
      "H",
      "H",
      "H",
      "H",
      "H",
      "H",
      "H",
      "H",
      "H",
      "H",
      "H",
      "H",
      "H",
      "H",
      "H"
    ],
    "charge_variation": [
      -0.005139999999999999,
      0.0030450000000000026,
      -0.0037440000000000043,
      0.0028549999999999964,
      -0.000281,
      0.017034999999999998,
      -0.001894999999999994,
      0.002568000000000001,
      -0.0023689999999999996,
      0.0004339999999999969,
      0.0009979999999999989,
      -0.0034119999999999984,
      -0.009509000000000004,
      0.0010299999999999962,
      -0.0067369999999999965,
      0.0027609999999999996,
      -0.010548000000000002,
      0.0026300000000000004,
      -0.011392,
      0.012499999999999983,
      0.00037899999999999046,
      -0.0029930000000000026,
      0.0016560000000000047,
      -0.00017099999999999754,
      0.002236999999999996,
      -0.008105000000000001,
      -0.009727000000000013,
      0.002239999999999999,
      0.006511000000000003,
      -0.001459999999999996,
      0.0004899999999999974,
      0.0032869999999999983,
      -0.010088,
      0.008638999999999994,
      -0.009344999999999992,
      0.012892999999999995,
      -0.002145999999999995,
      -0.0012189999999999979,
      -0.0045600000000000016,
      -0.0005259999999999987,
      -0.015086000000000002,
      -0.0011560000000000042,
      -0.0005440000000000028,
      0.0001349999999999997,
      0.0012609999999999982,
      -0.0005450000000000003,
      0.004055999999999997,
      0.0009590000000000015,
      0.00034299999999999956,
      0.0005320000000000012,
      0.00022699999999999804,
      0.0015459999999999988,
      0.001793999999999997,
      0.0016170000000000004,
      -0.0002899999999999986,
      0.005839999999999998,
      0.0037879999999999997,
      -0.00026600000000000235,
      -0.0013119999999999972,
      0.0008480000000000015,
      0.0009349999999999983,
      -0.0022080000000000016,
      0.0017859999999999994,
      0.0010900000000000007,
      0.0005350000000000008,
      0.006850000000000009,
      0.0008180000000000062,
      0.0008339999999999979,
      0.002610000000000001,
      0.003282,
      0.000504000000000001,
      0.000395000000000003
    ]
  },
  "excitation_energy": "1.8886",
  "exciting_path_mean_volume": 814.3551866666667,
  "s0_bonds_avg": 1.314332254334557,
  "s1_bonds_avg": 1.3076862601055694,
  "s0_angles_avg": 119.55920158706991,
  "s1_angles_avg": 119.56276914459114,
  "delta_bonds": -0.006645994228987595,
  "delta_angles": 0.0035675575212366084
}