{
  "s0_rotational_constant_a": 0.0075256,
  "s0_rotational_constant_b": 0.0080104,
  "s0_rotational_constant_c": 0.0751927,
  "s1_rotational_constant_a": 0.0076809,
  "s1_rotational_constant_b": 0.0079713,
  "s1_rotational_constant_c": 0.0737871,
  "s0_rays_asymmetry_parameter": 0.9856710277224824,
  "s1_rays_asymmetry_parameter": 0.9912141372518767,
  "s0_volume": 1159.80248,
  "s1_volume": 1160.381,
  "delta_volume": 0.5785200000000259,
  "s0_homo_lumo_gap": 0.37574291916368896,
  "s1_homo_lumo_gap": 0.18025635446912514,
  "delta_gap": -0.19548656469456382,
  "s0_dihedral_avg": 3.285795759162633,
  "s1_dihedral_avg": -7.788069899469817,
  "delta_dihedral": -11.07386565863245,
  "delta_dipole": null,
  "excitation_energy": "0.2942",
  "exciting_path_mean_volume": 1159.3205633333332,
  "s0_bonds_avg": 1.2771028673082458,
  "s1_bonds_avg": 1.2893261133036844,
  "s0_angles_avg": 119.18338757600097,
  "s1_angles_avg": 119.17714356820136
}