{
  "s0_rotational_constant_a": 0.0109424,
  "s0_rotational_constant_b": 0.0174107,
  "s0_rotational_constant_c": 0.0252938,
  "s1_rotational_constant_a": 0.011111,
  "s1_rotational_constant_b": 0.018503,
  "s1_rotational_constant_c": 0.0243361,
  "s0_rays_asymmetry_parameter": 0.09858271666875686,
  "s1_rays_asymmetry_parameter": -0.11787434499550087,
  "s0_volume": 1228.00639,
  "s1_volume": 1225.77667,
  "delta_volume": -2.229720000000043,
  "s0_homo_lumo_gap": 1.4383800203886783,
  "s1_homo_lumo_gap": 0.9595549458274477,
  "delta_gap": -0.4788250745612306,
  "s0_dihedral_avg": 89.98252928117775,
  "s1_dihedral_avg": 90.18619518082471,
  "delta_dihedral": 0.20366589964696402,
  "delta_dipole": {
    "element": [
      "O",
      "P",
      "C",
      "C",
      "C",
      "C",
      "C",
      "C",
      "C",
      "C",
      "C",
      "C",
      "C",
      "C",
      "C",
      "C",
      "C",
      "N",
      "C",
      "C",
      "C",
      "C",
      "C",
      "C",
      "C",
      "C",
      "C",
      "C",
      "C",
      "C",
      "C",
      "C",
      "C",
      "C",
      "C",
      "C",
      "C",
      "C",
      "C",
      "C",
      "C",
      "C",
      "C",
      "N",
      "C",
      "C",
      "C",
      "C",
      "C",
      "C",
      "C",
      "C",
      "C",
      "C",
      "C",
      "C",
      "C",
      "C",
      "C",
      "C",
      "C",
      "C",
      "C",
      "C",
      "C",
      "C",
      "H",
      "H",
      "H",
      "H",
      "H",
      "H",
      "H",
      "H",
      "H",
      "H",
      "H",
      "H",
      "H",
      "H",
      "H",
      "H",
      "H",
      "H",
      "H",
      "H",
      "H",
      "H",
      "H",
      "H",
      "H",
      "H",
      "H",
      "H",
      "H",
      "H",
      "H",
      "H",
      "H",
      "H",
      "H",
      "H",
      "H",
      "H",
      "H",
      "H",
      "H",
      "H",
      "H",
      "H",
      "H"
    ],
    "charge_variation": [
      0.012241999999999975,
      -0.049649,
      0.004579,
      -0.009791000000000001,
      0.00014699999999999783,
      0.0012519999999999996,
      -0.0016889999999999995,
      0.008455999999999998,
      -0.013969,
      0.008509000000000003,
      -0.0053450000000000025,
      0.0013839999999999963,
      -0.005773,
      0.011537999999999996,
      -0.003587,
      0.013579000000000008,
      -0.014471999999999985,
      0.037143999999999955,
      -5.899999999997574e-05,
      -0.018812999999999996,
      0.005470000000000001,
      -0.012883000000000006,
      0.004089,
      -0.013719000000000009,
      -0.0005700000000000149,
      -0.012469999999999981,
      0.003665,
      -0.011879,
      0.005294,
      -0.017983,
      0.014135000000000009,
      -0.003257000000000003,
      0.003800999999999999,
      0.000451,
      0.030881999999999996,
      -0.004503,
      0.0023289999999999977,
      0.0008400000000000074,
      0.0033969999999999972,
      0.0023570000000000015,
      -0.0009289999999999993,
      0.0064469999999999805,
      -0.0006709999999999772,
      -0.0011009999999999076,
      0.0015790000000000526,
      -0.002824999999999994,
      0.0011580000000000002,
      -0.0026319999999999955,
      0.002033,
      -0.005773,
      0.0005519999999999969,
      -0.00048599999999998644,
      0.00042600000000000016,
      -0.0009809999999999958,
      0.0010769999999999998,
      -0.003449999999999981,
      0.006873999999999991,
      -0.0006950000000000012,
      0.0015090000000000034,
      0.004606000000000006,
      0.0019950000000000037,
      0.003478000000000009,
      0.0023639999999999998,
      0.0002520000000000022,
      0.0024739999999999996,
      0.00024500000000000216,
      -0.008259000000000002,
      -0.0006490000000000037,
      0.00011900000000000105,
      -0.0008069999999999987,
      0.004893999999999999,
      -0.001465000000000001,
      -0.0007550000000000022,
      0.0010329999999999992,
      0.00016000000000000042,
      -0.0007810000000000039,
      -0.0004149999999999987,
      -0.00010499999999999399,
      -0.00016599999999999948,
      0.002269,
      0.0022119999999999987,
      -8.199999999999874e-05,
      -0.00012899999999999717,
      -0.00028699999999999906,
      -0.0007270000000000054,
      0.000447999999999997,
      0.0016179999999999944,
      -0.00037600000000000133,
      0.004161999999999999,
      0.000787000000000003,
      0.0002500000000000002,
      0.00046299999999999814,
      0.0001449999999999993,
      0.0005169999999999966,
      -0.00019800000000000026,
      0.00029599999999999765,
      -0.0004469999999999995,
      -0.0004740000000000022,
      0.0006859999999999991,
      3.500000000000031e-05,
      0.00015799999999999842,
      -0.00017500000000000154,
      -0.0005530000000000049,
      0.00037700000000000233,
      0.00047499999999999626,
      0.0003520000000000051,
      0.002023000000000004,
      -0.0011029999999999998,
      0.0011319999999999976,
      0.0010980000000000018,
      -0.00040499999999999564
    ]
  },
  "excitation_energy": "1.1448",
  "exciting_path_mean_volume": 1226.7642816666669,
  "s0_bonds_avg": 1.293901616109091,
  "s1_bonds_avg": 1.2959996061127272,
  "delta_bonds": 0.0020979900036361965,
  "s0_angles_avg": 119.66667159539534,
  "s1_angles_avg": 119.65715123607221,
  "delta_angles": -0.00952035932313322
}