{
  "s0_rotational_constant_a": 0.2975232,
  "s0_rotational_constant_b": 0.3451613,
  "s0_rotational_constant_c": 1.3949313,
  "s1_rotational_constant_a": 0.300762,
  "s1_rotational_constant_b": 0.3345615,
  "s1_rotational_constant_c": 1.4189772,
  "s0_rays_asymmetry_parameter": 0.9131807027850443,
  "s1_rays_asymmetry_parameter": 0.939547414486943,
  "s0_volume": 316.69907,
  "s1_volume": 319.66581,
  "delta_volume": 2.9667400000000157,
  "s0_homo_lumo_gap": 2.7425018055954933,
  "s1_homo_lumo_gap": 1.662963715320977,
  "delta_gap": -1.0795380902745162,
  "s0_dihedral_avg": 90.8440715145537,
  "s1_dihedral_avg": 90.60015897379886,
  "delta_dihedral": -0.2439125407548488,
  "delta_dipole": {
    "element": [
      "C",
      "O",
      "C",
      "C",
      "C",
      "C",
      "N",
      "C",
      "C",
      "C",
      "C",
      "C",
      "C",
      "C",
      "C",
      "H",
      "H",
      "H",
      "H",
      "H",
      "H",
      "H",
      "H",
      "H",
      "H",
      "H",
      "H",
      "H",
      "H",
      "H"
    ],
    "charge_variation": [
      0.005632999999999999,
      -0.006004000000000009,
      0.01978599999999997,
      -0.014265,
      -0.015808000000000003,
      0.024189000000000016,
      0.07006099999999998,
      -0.05576499999999998,
      0.003915000000000002,
      0.009978000000000015,
      0.009396000000000015,
      -0.05523,
      0.0038760000000000044,
      -0.015583,
      -0.014574000000000004,
      -0.002646,
      -0.003165000000000001,
      -0.0031850000000000003,
      0.011118000000000003,
      0.009912999999999998,
      -0.0013430000000000004,
      0.001469999999999999,
      -0.0017660000000000002,
      -0.00016100000000000142,
      -8.100000000000468e-05,
      -0.0011109999999999991,
      -0.0017000000000000001,
      0.0014860000000000012,
      0.010373,
      0.011194999999999997
    ]
  },
  "excitation_energy": "1.9143",
  "exciting_path_mean_volume": 318.02863500000007,
  "s0_bonds_avg": 1.2553742787016131,
  "s1_bonds_avg": 1.2566355976864516,
  "delta_bonds": 0.0012613189848384998,
  "s0_angles_avg": 116.27024823696401,
  "s1_angles_avg": 116.26924556082251,
  "delta_angles": -0.0010026761414962948
}