{
  "charge": {
    "element": [
      "C",
      "O",
      "C",
      "C",
      "C",
      "C",
      "N",
      "C",
      "C",
      "C",
      "C",
      "C",
      "C",
      "C",
      "C",
      "H",
      "H",
      "H",
      "H",
      "H",
      "H",
      "H",
      "H",
      "H",
      "H",
      "H",
      "H",
      "H",
      "H",
      "H"
    ],
    "charge_variation": [
      0.005632999999999999,
      -0.006004000000000009,
      0.01978599999999997,
      -0.014265,
      -0.015808000000000003,
      0.024189000000000016,
      0.07006099999999998,
      -0.05576499999999998,
      0.003915000000000002,
      0.009978000000000015,
      0.009396000000000015,
      -0.05523,
      0.0038760000000000044,
      -0.015583,
      -0.014574000000000004,
      -0.002646,
      -0.003165000000000001,
      -0.0031850000000000003,
      0.011118000000000003,
      0.009912999999999998,
      -0.0013430000000000004,
      0.001469999999999999,
      -0.0017660000000000002,
      -0.00016100000000000142,
      -8.100000000000468e-05,
      -0.0011109999999999991,
      -0.0017000000000000001,
      0.0014860000000000012,
      0.010373,
      0.011194999999999997
    ]
  },
  "ground_state": {
    "HOMO-LUMO": 2.7425018055954933,
    "charge": {
      "element": [
        "C",
        "O",
        "C",
        "C",
        "C",
        "C",
        "N",
        "C",
        "C",
        "C",
        "C",
        "C",
        "C",
        "C",
        "C",
        "H",
        "H",
        "H",
        "H",
        "H",
        "H",
        "H",
        "H",
        "H",
        "H",
        "H",
        "H",
        "H",
        "H",
        "H"
      ],
      "charge": [
        0.325961,
        -0.503876,
        0.495093,
        -0.148097,
        -0.08778,
        0.285363,
        -0.305953,
        0.220768,
        -0.078948,
        -0.20127,
        -0.201406,
        0.220712,
        -0.079003,
        -0.08943,
        -0.209801,
        0.0031,
        -0.011201,
        -0.011211,
        0.048214,
        0.043061,
        0.014681,
        0.022986,
        0.018154,
        0.044267,
        0.044186,
        0.014801,
        0.017388,
        0.023065,
        0.042562,
        0.04361
      ]
    },
    "structure": {
      "bonds": 1.2553742787016131,
      "angles": 116.27024823696401,
      "DA": 90.8440715145537
    },
    "rotational_constant": {
      "A": 0.2975232,
      "B": 0.3451613,
      "C": 1.3949313
    },
    "rays_asymmetry_parameter": 0.9131807027850443,
    "volume": 316.69907
  },
  "excited_state": {
    "HOMO-LUMO": 1.662963715320977,
    "charge": {
      "element": [
        "C",
        "O",
        "C",
        "C",
        "C",
        "C",
        "N",
        "C",
        "C",
        "C",
        "C",
        "C",
        "C",
        "C",
        "C",
        "H",
        "H",
        "H",
        "H",
        "H",
        "H",
        "H",
        "H",
        "H",
        "H",
        "H",
        "H",
        "H",
        "H",
        "H"
      ],
      "charge": [
        0.331594,
        -0.50988,
        0.514879,
        -0.162362,
        -0.103588,
        0.309552,
        -0.235892,
        0.165003,
        -0.075033,
        -0.191292,
        -0.19201,
        0.165482,
        -0.075127,
        -0.105013,
        -0.224375,
        0.000454,
        -0.014366,
        -0.014396,
        0.059332,
        0.052974,
        0.013338,
        0.024456,
        0.016388,
        0.044106,
        0.044105,
        0.01369,
        0.015688,
        0.024551,
        0.052935,
        0.054805
      ]
    },
    "structure": {
      "bonds": 1.2566355976864516,
      "angles": 116.26924556082251,
      "DA": 90.60015897379886
    },
    "rotational_constant": {
      "A": 0.300762,
      "B": 0.3345615,
      "C": 1.4189772
    },
    "rays_asymmetry_parameter": 0.939547414486943,
    "excited_energy": "1.9143",
    "volume": 319.66581
  },
  "exciting_path_mean_volume": 318.02863500000007
}