{
  "charge": {
    "element": [
      "F",
      "B",
      "F",
      "N",
      "C",
      "C",
      "C",
      "C",
      "C",
      "C",
      "C",
      "C",
      "C",
      "C",
      "C",
      "C",
      "C",
      "C",
      "C",
      "C",
      "C",
      "C",
      "C",
      "C",
      "C",
      "N",
      "H",
      "H",
      "H",
      "H",
      "H",
      "H",
      "H",
      "H",
      "H",
      "H",
      "H",
      "H",
      "H",
      "H",
      "H"
    ],
    "charge_variation": [
      -0.012375000000000025,
      0.005074999999999941,
      0.010541000000000023,
      -0.029598999999999986,
      -0.008738000000000024,
      -0.004468,
      -0.015079999999999982,
      0.03076899999999999,
      0.0012869999999999965,
      -0.005176999999999999,
      0.002022999999999997,
      -0.006851000000000003,
      0.005276000000000001,
      -0.007627000000000002,
      0.018334000000000003,
      -0.015600999999999997,
      0.0074759999999999965,
      0.010178,
      -0.009687000000000001,
      -0.0009149999999999991,
      -0.0036109999999999892,
      0.025628999999999985,
      -0.007713999999999985,
      0.003849000000000019,
      0.0028730000000000144,
      -0.025353999999999988,
      0.0014139999999999986,
      0.0017249999999999974,
      0.002346000000000001,
      -0.0009219999999999992,
      -0.0005440000000000028,
      0.0008879999999999999,
      0.002688999999999997,
      0.005489999999999998,
      0.010613999999999998,
      0.002298999999999999,
      -9.10000000000008e-05,
      0.0006220000000000045,
      0.0023989999999999984,
      0.0002149999999999999,
      0.000343000000000003
    ]
  },
  "ground_state": {
    "HOMO-LUMO": 1.6201248374258426,
    "charge": {
      "element": [
        "F",
        "B",
        "F",
        "N",
        "C",
        "C",
        "C",
        "C",
        "C",
        "C",
        "C",
        "C",
        "C",
        "C",
        "C",
        "C",
        "C",
        "C",
        "C",
        "C",
        "C",
        "C",
        "C",
        "C",
        "C",
        "N",
        "H",
        "H",
        "H",
        "H",
        "H",
        "H",
        "H",
        "H",
        "H",
        "H",
        "H",
        "H",
        "H",
        "H",
        "H"
      ],
      "charge": [
        -0.519714,
        0.735252,
        -0.518947,
        -0.251992,
        0.275809,
        -0.142401,
        -0.126063,
        0.199242,
        0.073642,
        0.000356,
        -0.050757,
        -0.02896,
        -0.016653,
        -0.053056,
        0.045405,
        0.051007,
        -0.076304,
        -0.005386,
        -0.029177,
        -0.016759,
        -0.066709,
        0.199605,
        -0.120686,
        -0.147466,
        0.273219,
        -0.251676,
        0.043041,
        0.047923,
        0.046057,
        0.033421,
        0.03355,
        0.031956,
        0.03617,
        0.029802,
        0.037364,
        0.030393,
        0.03019,
        0.032018,
        0.045573,
        0.047698,
        0.044013
      ]
    },
    "structure": {
      "bonds": 1.297996978625111,
      "angles": 119.15622974616194,
      "DA": 90.06350253834633
    },
    "rotational_constant": {
      "A": 0.1533456,
      "B": 0.2093059,
      "C": 0.2906475
    },
    "rays_asymmetry_parameter": 0.1848576021162125,
    "volume": 455.60737
  },
  "excited_state": {
    "HOMO-LUMO": 1.4387528163152248,
    "charge": {
      "element": [
        "F",
        "B",
        "F",
        "N",
        "C",
        "C",
        "C",
        "C",
        "C",
        "C",
        "C",
        "C",
        "C",
        "C",
        "C",
        "C",
        "C",
        "C",
        "C",
        "C",
        "C",
        "C",
        "C",
        "C",
        "C",
        "N",
        "H",
        "H",
        "H",
        "H",
        "H",
        "H",
        "H",
        "H",
        "H",
        "H",
        "H",
        "H",
        "H",
        "H",
        "H"
      ],
      "charge": [
        -0.532089,
        0.740327,
        -0.508406,
        -0.281591,
        0.267071,
        -0.146869,
        -0.141143,
        0.230011,
        0.074929,
        -0.004821,
        -0.048734,
        -0.035811,
        -0.011377,
        -0.060683,
        0.063739,
        0.035406,
        -0.068828,
        0.004792,
        -0.038864,
        -0.017674,
        -0.07032,
        0.225234,
        -0.1284,
        -0.143617,
        0.276092,
        -0.27703,
        0.044455,
        0.049648,
        0.048403,
        0.032499,
        0.033006,
        0.032844,
        0.038859,
        0.035292,
        0.047978,
        0.032692,
        0.030099,
        0.03264,
        0.047972,
        0.047913,
        0.044356
      ]
    },
    "structure": {
      "bonds": 1.2977846022557777,
      "angles": 119.1325704089417,
      "DA": 90.4551142520269
    },
    "rotational_constant": {
      "A": 0.1579804,
      "B": 0.2278349,
      "C": 0.2939467
    },
    "rays_asymmetry_parameter": -0.02752667388904447,
    "excited_energy": "1.8460",
    "volume": 452.08869
  },
  "exciting_path_mean_volume": 454.072455
}