{
  "s0_rotational_constant_a": 0.0231409,
  "s0_rotational_constant_b": 0.0292939,
  "s0_rotational_constant_c": 0.082167,
  "s1_rotational_constant_a": 0.0231938,
  "s1_rotational_constant_b": 0.0293682,
  "s1_rotational_constant_c": 0.0829215,
  "s0_rays_asymmetry_parameter": 0.7915159565005988,
  "s1_rays_asymmetry_parameter": 0.793248358801695,
  "s0_volume": 1055.26337,
  "s1_volume": 1051.7229,
  "delta_volume": -3.540469999999914,
  "s0_homo_lumo_gap": 1.8146345135245632,
  "s1_homo_lumo_gap": 1.4169238460760853,
  "delta_gap": -0.39771066744847783,
  "s0_dihedral_avg": 91.49124747264749,
  "s1_dihedral_avg": 91.1901276329357,
  "delta_dihedral": -0.301119839711788,
  "delta_dipole": {
    "element": [
      "C",
      "C",
      "C",
      "C",
      "C",
      "C",
      "C",
      "C",
      "C",
      "C",
      "C",
      "C",
      "C",
      "C",
      "C",
      "C",
      "C",
      "C",
      "C",
      "C",
      "C",
      "C",
      "C",
      "C",
      "C",
      "C",
      "C",
      "C",
      "C",
      "C",
      "C",
      "C",
      "C",
      "C",
      "C",
      "C",
      "C",
      "C",
      "C",
      "C",
      "C",
      "C",
      "C",
      "C",
      "Si",
      "C",
      "C",
      "C",
      "C",
      "C",
      "C",
      "C",
      "C",
      "C",
      "H",
      "H",
      "H",
      "H",
      "H",
      "H",
      "H",
      "H",
      "H",
      "H",
      "H",
      "H",
      "H",
      "H",
      "H",
      "H",
      "H",
      "H",
      "H",
      "H",
      "H",
      "H",
      "H",
      "H",
      "H",
      "H",
      "H",
      "H",
      "H",
      "H",
      "H",
      "H",
      "H",
      "H",
      "H",
      "H",
      "H",
      "H",
      "H",
      "H",
      "H",
      "H",
      "H",
      "H"
    ],
    "charge_variation": [
      0.0004269999999999968,
      0.0007800000000000029,
      -0.0004649999999999932,
      -0.0005530000000000014,
      0.0010740000000000055,
      -0.003589000000000002,
      0.0018500000000000044,
      -0.0024050000000000044,
      0.0018440000000000019,
      0.0006160000000000002,
      0.0010780000000000026,
      0.00012899999999999023,
      -0.003380000000000008,
      -0.0026160000000000003,
      0.003273999999999999,
      -0.003726000000000007,
      0.0018530000000000074,
      -0.0015989999999999997,
      -0.0008169999999999983,
      -0.0018270000000000022,
      0.0018900000000000028,
      0.003971000000000001,
      -0.0038790000000000074,
      0.0031000000000000055,
      -0.0019389999999999998,
      -0.001011999999999999,
      -0.002475999999999999,
      0.0019229999999999942,
      -0.00036299999999999527,
      -0.002929000000000001,
      0.0007410000000000055,
      -0.00018999999999999573,
      0.00028399999999999953,
      9.79999999999974e-05,
      -0.002714999999999995,
      0.0006320000000000076,
      0.0002879999999999966,
      -0.0011440000000000061,
      -0.0005010000000000014,
      0.0008070000000000022,
      -0.0033040000000000014,
      0.0019930000000000017,
      -0.0025109999999999924,
      0.0017409999999999995,
      -0.0046650000000000025,
      0.0004980000000000054,
      0.003570999999999991,
      5.400000000000543e-05,
      -0.00036399999999999974,
      0.0006000000000000033,
      -0.000673,
      -0.00012599999999999417,
      0.0007150000000000212,
      -0.001353,
      -0.00012900000000000064,
      0.0001020000000000014,
      -0.00010500000000000093,
      -0.000612999999999999,
      0.0005290000000000017,
      0.0002459999999999997,
      -4.600000000000437e-05,
      0.0008640000000000002,
      -9.800000000000086e-05,
      0.00023999999999999716,
      -9.500000000000133e-05,
      0.0009849999999999998,
      0.0008699999999999992,
      0.0003679999999999968,
      0.0007300000000000015,
      7.500000000000215e-05,
      0.0006870000000000001,
      0.00026500000000000135,
      7.300000000000015e-05,
      0.0010149999999999985,
      0.00047799999999999926,
      0.001118000000000001,
      0.0008620000000000017,
      7.300000000000015e-05,
      0.0023050000000000015,
      -4.200000000000037e-05,
      -3.699999999999884e-05,
      -3.200000000000078e-05,
      0.0003830000000000014,
      0.000167999999999998,
      0.0003599999999999992,
      5.7000000000001494e-05,
      0.0008270000000000013,
      -0.00013900000000000023,
      0.00037199999999999733,
      0.00010699999999999946,
      0.00021900000000000044,
      0.0006749999999999985,
      0.00020899999999999738,
      0.00011500000000000052,
      8.599999999999927e-05,
      0.0006659999999999999,
      0.0007980000000000001,
      -0.00030000000000000165
    ]
  },
  "excitation_energy": "2.1926",
  "exciting_path_mean_volume": 1053.2788199999998,
  "s0_bonds_avg": 1.2968347366843924,
  "s1_bonds_avg": 1.3122443709243923,
  "s0_angles_avg": 117.2685071771452,
  "s1_angles_avg": 117.25727905261161,
  "delta_bonds": 0.015409634239999859,
  "delta_angles": -0.011228124533587902
}