{
  "s0_rotational_constant_a": 0.1524729,
  "s0_rotational_constant_b": 0.2543306,
  "s0_rotational_constant_c": 0.319789,
  "s1_rotational_constant_a": 0.1553115,
  "s1_rotational_constant_b": 0.253327,
  "s1_rotational_constant_c": 0.338935,
  "s0_rays_asymmetry_parameter": -0.21754810206549174,
  "s1_rays_asymmetry_parameter": -0.06757032732738495,
  "s0_volume": 397.97012,
  "s1_volume": 393.00446,
  "delta_volume": -4.965660000000014,
  "s0_homo_lumo_gap": 2.074563071886952,
  "s1_homo_lumo_gap": 1.0350338758315933,
  "delta_gap": -1.0395291960553585,
  "s0_dihedral_avg": 90.01986154733748,
  "s1_dihedral_avg": 90.84756729166529,
  "delta_dihedral": 0.8277057443278011,
  "delta_dipole": {
    "element": [
      "O",
      "S",
      "O",
      "C",
      "C",
      "C",
      "C",
      "C",
      "S",
      "C",
      "C",
      "C",
      "C",
      "C",
      "S",
      "C",
      "C",
      "C",
      "C",
      "C",
      "C",
      "H",
      "H",
      "H",
      "H",
      "H",
      "H",
      "H",
      "H",
      "H",
      "H"
    ],
    "charge_variation": [
      -0.0036130000000000884,
      -0.012554000000000065,
      0.003916999999999948,
      -0.031634999999999996,
      -0.020342999999999993,
      0.027788999999999998,
      -0.020527999999999998,
      -0.00513,
      0.025242000000000004,
      0.010294000000000001,
      -0.011702999999999991,
      0.003802,
      0.004962000000000001,
      0.005358,
      0.015560999999999995,
      0.004319000000000003,
      -0.008756,
      0.001272,
      -0.003573,
      0.0016319999999999998,
      -0.0012029999999999957,
      -0.001344999999999999,
      0.0012850000000000014,
      0.003251000000000004,
      0.009300999999999997,
      0.0014199999999999977,
      0.0001989999999999978,
      0.000904000000000002,
      -0.0003830000000000014,
      0.00011099999999999999,
      0.00014899999999999636
    ]
  },
  "excitation_energy": "1.5023",
  "exciting_path_mean_volume": 395.80701500000004,
  "s0_bonds_avg": 1.374126211483235,
  "s1_bonds_avg": 1.3724454519470586,
  "s0_angles_avg": 117.85586328725212,
  "s1_angles_avg": 117.7982298718955,
  "delta_bonds": -0.0016807595361765237,
  "delta_angles": -0.057633415356619366
}