{"charge": {"element": ["O", "S", "O", "C", "C", "C", "C", "C", "S", "C", "C", "C", "C", "C", "S", "C", "C", "C", "C", "C", "C", "H", "H", "H", "H", "H", "H", "H", "H", "H", "H"], "charge_variation": [-0.0036130000000000884, -0.012554000000000065, 0.003916999999999948, -0.031634999999999996, -0.020342999999999993, 0.027788999999999998, -0.020527999999999998, -0.00513, 0.025242000000000004, 0.010294000000000001, -0.011702999999999991, 0.003802, 0.004962000000000001, 0.005358, 0.015560999999999995, 0.004319000000000003, -0.008756, 0.001272, -0.003573, 0.0016319999999999998, -0.0012029999999999957, -0.001344999999999999, 0.0012850000000000014, 0.003251000000000004, 0.009300999999999997, 0.0014199999999999977, 0.0001989999999999978, 0.000904000000000002, -0.0003830000000000014, 0.00011099999999999999, 0.00014899999999999636]}, "ground_state": {"HOMO-LUMO": 2.074563071886952, "structure": {"bonds": 1.374126211483235, "angles": 117.85586328725212, "DA": 5.378225225296517}, "rotational_constant": {"A": 0.1524729, "B": 0.2543306, "C": 0.319789}, "rays_asymmetry_parameter": -0.21754810206549174, "volume": 397.97012}, "excited_state": {"HOMO-LUMO": 1.0350338758315933, "structure": {"bonds": 1.3724454519470586, "angles": 117.7982298718955, "DA": 2.4248733447378936}, "rotational_constant": {"A": 0.1553115, "B": 0.253327, "C": 0.338935}, "rays_asymmetry_parameter": -0.06757032732738495, "excited_energy": "1.5023", "volume": 393.00446}, "exciting_path_mean_volume": 395.80701500000004}