{
  "s0_rotational_constant_a": 0.066607,
  "s0_rotational_constant_b": 0.0789826,
  "s0_rotational_constant_c": 0.1244523,
  "s1_rotational_constant_a": 0.0657372,
  "s1_rotational_constant_b": 0.0772784,
  "s1_rotational_constant_c": 0.1270303,
  "s0_rays_asymmetry_parameter": 0.5721138968939569,
  "s1_rays_asymmetry_parameter": 0.6234094865490569,
  "s0_volume": 765.10027,
  "s1_volume": 761.31211,
  "delta_volume": -3.7881600000000617,
  "s0_homo_lumo_gap": 2.1067704630301156,
  "s1_homo_lumo_gap": 1.6986405576053656,
  "delta_gap": -0.40812990542475003,
  "s0_dihedral_avg": 89.97964244360612,
  "s1_dihedral_avg": 90.03614894452389,
  "delta_dihedral": 0.05650650091776299,
  "delta_dipole": {
    "element": [
      "C",
      "C",
      "C",
      "C",
      "C",
      "C",
      "C",
      "C",
      "C",
      "C",
      "C",
      "C",
      "C",
      "C",
      "C",
      "C",
      "C",
      "C",
      "C",
      "C",
      "C",
      "C",
      "C",
      "C",
      "C",
      "C",
      "C",
      "C",
      "C",
      "C",
      "C",
      "C",
      "C",
      "C",
      "C",
      "C",
      "C",
      "C",
      "C",
      "C",
      "C",
      "C",
      "H",
      "H",
      "H",
      "H",
      "H",
      "H",
      "H",
      "H",
      "H",
      "H",
      "H",
      "H",
      "H",
      "H",
      "H",
      "H",
      "H",
      "H",
      "H",
      "H",
      "H",
      "H",
      "H",
      "H",
      "H",
      "H",
      "H",
      "H"
    ],
    "charge_variation": [
      0.0006340000000000026,
      -0.0026900000000000014,
      -0.0013750000000000012,
      -0.0012179999999999969,
      -0.001183,
      6.0000000000001025e-05,
      0.004236999999999991,
      -0.0018709999999999977,
      -0.0009810000000000027,
      -0.002271000000000002,
      -0.0019350000000000027,
      -0.0028480000000000033,
      0.002687000000000002,
      -0.002141000000000004,
      0.00010000000000000286,
      -1.7000000000003124e-05,
      0.00031499999999999584,
      -0.0012710000000000013,
      -0.001915,
      0.006305999999999999,
      -0.008688000000000001,
      0.0047769999999999965,
      -0.0031780000000000003,
      -0.0011680000000000024,
      0.003967999999999999,
      -0.00766,
      0.008583999999999998,
      -0.009372000000000005,
      0.003053,
      -0.0015020000000000033,
      -0.0027569999999999956,
      0.004066999999999998,
      -0.0021280000000000014,
      0.0009049999999999996,
      0.0017150000000000082,
      -0.003826999999999997,
      4.099999999999937e-05,
      -0.0022129999999999997,
      0.0013819999999999978,
      -0.004033999999999996,
      -0.000904000000000002,
      -0.0004060000000000001,
      0.0003709999999999998,
      0.0007390000000000001,
      0.0020929999999999976,
      0.0006439999999999987,
      0.0007039999999999998,
      0.0003370000000000005,
      0.0010980000000000018,
      0.0012580000000000022,
      0.0013729999999999992,
      0.0014429999999999998,
      -0.0005150000000000016,
      0.00042000000000000023,
      -0.0008099999999999982,
      0.0027860000000000038,
      0.0011399999999999987,
      0.0006159999999999985,
      0.002324999999999997,
      -0.0012330000000000015,
      0.0028379999999999968,
      0.0009079999999999991,
      0.0008879999999999999,
      0.0024489999999999963,
      0.00017199999999999854,
      0.00028600000000000153,
      0.00014799999999999883,
      0.0019900000000000057,
      0.0016639999999999988,
      0.0005940000000000008
    ]
  },
  "excitation_energy": "1.9706",
  "exciting_path_mean_volume": 762.7421166666668,
  "s0_bonds_avg": 1.2899356000571431,
  "s1_bonds_avg": 1.3027270451842856,
  "s0_angles_avg": 119.9959561450316,
  "s1_angles_avg": 119.99378254323737,
  "delta_bonds": 0.012791445127142476,
  "delta_angles": -0.0021736017942259878
}