{"charge": {"element": ["C", "C", "C", "C", "C", "C", "C", "C", "C", "C", "C", "C", "C", "C", "C", "C", "C", "C", "C", "C", "C", "C", "C", "C", "C", "C", "C", "C", "C", "C", "C", "C", "C", "C", "C", "C", "C", "C", "C", "C", "C", "C", "H", "H", "H", "H", "H", "H", "H", "H", "H", "H", "H", "H", "H", "H", "H", "H", "H", "H", "H", "H", "H", "H", "H", "H", "H", "H", "H", "H"], "charge_variation": [0.0006340000000000026, -0.0026900000000000014, -0.0013750000000000012, -0.0012179999999999969, -0.001183, 6.0000000000001025e-05, 0.004236999999999991, -0.0018709999999999977, -0.0009810000000000027, -0.002271000000000002, -0.0019350000000000027, -0.0028480000000000033, 0.002687000000000002, -0.002141000000000004, 0.00010000000000000286, -1.7000000000003124e-05, 0.00031499999999999584, -0.0012710000000000013, -0.001915, 0.006305999999999999, -0.008688000000000001, 0.0047769999999999965, -0.0031780000000000003, -0.0011680000000000024, 0.003967999999999999, -0.00766, 0.008583999999999998, -0.009372000000000005, 0.003053, -0.0015020000000000033, -0.0027569999999999956, 0.004066999999999998, -0.0021280000000000014, 0.0009049999999999996, 0.0017150000000000082, -0.003826999999999997, 4.099999999999937e-05, -0.0022129999999999997, 0.0013819999999999978, -0.004033999999999996, -0.000904000000000002, -0.0004060000000000001, 0.0003709999999999998, 0.0007390000000000001, 0.0020929999999999976, 0.0006439999999999987, 0.0007039999999999998, 0.0003370000000000005, 0.0010980000000000018, 0.0012580000000000022, 0.0013729999999999992, 0.0014429999999999998, -0.0005150000000000016, 0.00042000000000000023, -0.0008099999999999982, 0.0027860000000000038, 0.0011399999999999987, 0.0006159999999999985, 0.002324999999999997, -0.0012330000000000015, 0.0028379999999999968, 0.0009079999999999991, 0.0008879999999999999, 0.0024489999999999963, 0.00017199999999999854, 0.00028600000000000153, 0.00014799999999999883, 0.0019900000000000057, 0.0016639999999999988, 0.0005940000000000008]}, "ground_state": {"HOMO-LUMO": 2.1067704630301156, "charge": {"element": ["C", "C", "C", "C", "C", "C", "C", "C", "C", "C", "C", "C", "C", "C", "C", "C", "C", "C", "C", "C", "C", "C", "C", "C", "C", "C", "C", "C", "C", "C", "C", "C", "C", "C", "C", "C", "C", "C", "C", "C", "C", "C", "H", "H", "H", "H", "H", "H", "H", "H", "H", "H", "H", "H", "H", "H", "H", "H", "H", "H", "H", "H", "H", "H", "H", "H", "H", "H", "H", "H"], "charge": [-0.043277, -0.021247, -0.06621, 0.08861, -0.019746, -0.015386, 0.078796, -0.067473, -0.022482, -0.036347, -0.021466, -0.067573, 0.039545, -0.055261, -0.036179, -0.033886, -0.057628, 0.034205, 0.031335, -0.067081, -0.064904, 0.054239, -0.055208, -0.065909, 0.065692, -0.076247, -0.03195, -0.074181, 0.068556, -0.053401, -0.070343, 0.030663, 0.013402, 0.013749, 0.082726, -0.068137, -0.02268, -0.042545, -0.020026, -0.068732, -0.065011, -0.023466, 0.027053, 0.026651, 0.029038, 0.031936, 0.029758, 0.026809, 0.026756, 0.028803, 0.031604, 0.029013, 0.027549, 0.029038, 0.032444, 0.032422, 0.030747, 0.031381, 0.031039, 0.028628, 0.029755, 0.030632, 0.036863, 0.030789, 0.02755, 0.027437, 0.027087, 0.033904, 0.029484, 0.028291]}, "structure": {"bonds": 1.2899356000571431, "angles": 119.9959561450316, "DA": -9.904727250934656}, "rotational_constant": {"A": 0.066607, "B": 0.0789826, "C": 0.1244523}, "rays_asymmetry_parameter": 0.5721138968939569, "volume": 765.10027}, "excited_state": {"HOMO-LUMO": 1.6986405576053656, "charge": {"element": ["C", "C", "C", "C", "C", "C", "C", "C", "C", "C", "C", "C", "C", "C", "C", "C", "C", "C", "C", "C", "C", "C", "C", "C", "C", "C", "C", "C", "C", "C", "C", "C", "C", "C", "C", "C", "C", "C", "C", "C", "C", "C", "H", "H", "H", "H", "H", "H", "H", "H", "H", "H", "H", "H", "H", "H", "H", "H", "H", "H", "H", "H", "H", "H", "H", "H", "H", "H", "H", "H"], "charge": [-0.042643, -0.023937, -0.067585, 0.087392, -0.020929, -0.015326, 0.083033, -0.069344, -0.023463, -0.038618, -0.023401, -0.070421, 0.042232, -0.057402, -0.036079, -0.033903, -0.057313, 0.032934, 0.02942, -0.060775, -0.073592, 0.059016, -0.058386, -0.067077, 0.06966, -0.083907, -0.023366, -0.083553, 0.071609, -0.054903, -0.0731, 0.03473, 0.011274, 0.014654, 0.084441, -0.071964, -0.022639, -0.044758, -0.018644, -0.072766, -0.065915, -0.023872, 0.027424, 0.02739, 0.031131, 0.03258, 0.030462, 0.027146, 0.027854, 0.030061, 0.032977, 0.030456, 0.027034, 0.029458, 0.031634, 0.035208, 0.031887, 0.031997, 0.033364, 0.027395, 0.032593, 0.03154, 0.037751, 0.033238, 0.027722, 0.027723, 0.027235, 0.035894, 0.031148, 0.028885]}, "structure": {"bonds": 1.3027270451842856, "angles": 119.99378254323737, "DA": -2.9034577803173325}, "rotational_constant": {"A": 0.0657372, "B": 0.0772784, "C": 0.1270303}, "rays_asymmetry_parameter": 0.6234094865490569, "excited_energy": "1.9706", "volume": 761.31211}, "exciting_path_mean_volume": 762.7421166666668}