{
  "s0_rotational_constant_a": 0.1015902,
  "s0_rotational_constant_b": 0.1138941,
  "s0_rotational_constant_c": 0.7299399,
  "s1_rotational_constant_a": 0.1029929,
  "s1_rotational_constant_b": 0.112628,
  "s1_rotational_constant_c": 0.7098517,
  "s0_rays_asymmetry_parameter": 0.9608374126700465,
  "s1_rays_asymmetry_parameter": 0.9682459906653739,
  "s0_volume": 414.35925,
  "s1_volume": 415.13957,
  "delta_volume": 0.7803200000000174,
  "s0_homo_lumo_gap": 1.9178309567244045,
  "s1_homo_lumo_gap": 1.499232832836681,
  "delta_gap": -0.41859812388772344,
  "s0_dihedral_avg": -24.88672338824159,
  "s1_dihedral_avg": -13.69003869768272,
  "delta_dihedral": 11.196684690558872,
  "delta_dipole": null,
  "excitation_energy": "1.9315",
  "exciting_path_mean_volume": 414.62758499999995,
  "s0_bonds_avg": 1.2349233755331581,
  "s1_bonds_avg": 1.2493892643707896,
  "s0_angles_avg": 119.56258782047335,
  "s1_angles_avg": 117.30933266723865
}