{"charge": {"element": ["C", "C", "N", "C", "C", "C", "C", "C", "C", "C", "N", "C", "C", "N", "C", "N", "C", "N", "C", "O", "C", "H", "H", "H", "H", "H", "H", "H", "H", "H", "H", "H", "H", "H", "H", "H", "H", "H"], "charge_variation": [-0.006337000000000009, 0.0010980000000000434, -0.011730000000000018, 0.0019970000000000265, -0.0055650000000000005, -0.004214000000000051, -0.033253000000000005, -0.010821999999999998, -0.017206, 0.03185500000000002, 0.06541400000000008, -0.039105, 0.003379000000000021, -0.01297399999999993, 0.01699999999999996, 0.00871999999999995, 0.005917999999999979, -0.0005469999999999642, -0.0030170000000000474, 0.0011179999999999524, 0.003807000000000005, 5.199999999999996e-05, -0.0013300000000000013, 0.00013900000000000023, -0.0012489999999999997, 0.0006559999999999986, -0.00179, 0.0008450000000000003, -0.0015319999999999986, -1.4999999999997654e-05, 0.000337999999999998, 0.0026550000000000046, -0.006111000000000005, 0.007592999999999999, 0.003502000000000005, 0.002943000000000029, -0.0010959999999999859, -0.001137000000000006]}, "ground_state": {"HOMO-LUMO": 1.9178309567244045, "structure": {"bonds": 1.2349233755331581, "angles": 119.56258782047335, "DA": -24.88672338824159}, "rotational_constant": {"A": 0.1015902, "B": 0.1138941, "C": 0.7299399}, "rays_asymmetry_parameter": 0.9608374126700465, "volume": 414.35925}, "excited_state": {"HOMO-LUMO": 1.499232832836681, "structure": {"bonds": 1.2493892643707896, "angles": 117.30933266723865, "DA": -13.69003869768272}, "rotational_constant": {"A": 0.1029929, "B": 0.112628, "C": 0.7098517}, "rays_asymmetry_parameter": 0.9682459906653739, "excited_energy": "1.9315", "volume": 415.13957}, "exciting_path_mean_volume": 414.62758499999995}