{
  "s0_rotational_constant_a": 0.008655,
  "s0_rotational_constant_b": 0.0091566,
  "s0_rotational_constant_c": 0.1027486,
  "s1_rotational_constant_a": 0.0085181,
  "s1_rotational_constant_b": 0.0088667,
  "s1_rotational_constant_c": 0.1074354,
  "s0_rays_asymmetry_parameter": 0.9893382759294999,
  "s1_rays_asymmetry_parameter": 0.9929516879251659,
  "s0_volume": 1105.54668,
  "s1_volume": 1106.6907,
  "delta_volume": 1.1440200000001823,
  "s0_homo_lumo_gap": 1.7166599344345328,
  "s1_homo_lumo_gap": 0.8800296833942816,
  "delta_gap": -0.8366302510402512,
  "s0_dihedral_avg": 90.0737499900421,
  "s1_dihedral_avg": 89.88017977994338,
  "delta_dihedral": -0.1935702100987271,
  "delta_dipole": {
    "element": [
      "C",
      "C",
      "C",
      "C",
      "N",
      "C",
      "C",
      "C",
      "C",
      "C",
      "C",
      "C",
      "C",
      "C",
      "C",
      "C",
      "C",
      "C",
      "C",
      "C",
      "C",
      "C",
      "C",
      "C",
      "N",
      "C",
      "C",
      "C",
      "C",
      "C",
      "C",
      "C",
      "C",
      "C",
      "C",
      "O",
      "C",
      "C",
      "C",
      "C",
      "N",
      "C",
      "C",
      "C",
      "C",
      "C",
      "C",
      "O",
      "C",
      "C",
      "C",
      "C",
      "C",
      "C",
      "C",
      "C",
      "C",
      "C",
      "C",
      "C",
      "C",
      "C",
      "H",
      "H",
      "H",
      "H",
      "H",
      "H",
      "H",
      "H",
      "H",
      "H",
      "H",
      "H",
      "H",
      "H",
      "H",
      "H",
      "H",
      "H",
      "H",
      "H",
      "H",
      "H",
      "H",
      "H",
      "H",
      "H",
      "H",
      "H",
      "H",
      "H",
      "H",
      "H",
      "H",
      "H",
      "H",
      "H",
      "H",
      "H",
      "H"
    ],
    "charge_variation": [
      2.3999999999996247e-05,
      -3.200000000000425e-05,
      0.0018350000000000033,
      0.0002929999999999877,
      -3.999999999998449e-05,
      3.300000000000525e-05,
      -0.0011130000000000029,
      0.0009750000000000002,
      -0.0007090000000000013,
      0.0004899999999999974,
      -0.0005990000000000023,
      -0.000337999999999998,
      0.0003949999999999995,
      -0.0004629999999999912,
      0.0008979999999999995,
      -0.0009930000000000216,
      -0.00022800000000000598,
      0.0017520000000000036,
      -0.00046700000000000214,
      -6.100000000000002e-05,
      -0.0002409999999999999,
      0.0025459999999999997,
      -0.00489199999999998,
      -0.0006760000000000099,
      0.005693000000000004,
      0.002405000000000046,
      -2.1999999999994246e-05,
      0.003957000000000002,
      0.0008589999999999987,
      0.002352,
      -0.0035180000000000003,
      0.010103000000000001,
      -0.011973999999999999,
      0.013932000000000007,
      -0.01339099999999993,
      -0.04875799999999997,
      0.019396,
      -0.009071000000000003,
      0.004941000000000001,
      -0.010716000000000003,
      0.05163599999999996,
      -0.008222000000000007,
      -0.012529000000000012,
      0.0009680000000000036,
      -0.01360900000000001,
      -0.0026559999999999917,
      -0.00833299999999998,
      0.020913000000000015,
      -0.009863999999999984,
      -0.0017759999999999998,
      -0.014181999999999993,
      0.0013209999999999958,
      -0.011536999999999992,
      -0.008421999999999985,
      0.005558000000000007,
      0.011427999999999999,
      0.01554,
      0.007404999999999995,
      -0.0027419999999999667,
      -0.002688999999999997,
      0.001898999999999998,
      7.300000000000362e-05,
      0.00024099999999999816,
      0.00029799999999999965,
      -8.299999999999974e-05,
      -3.500000000000031e-05,
      -0.00035099999999999715,
      -0.00018699999999999967,
      0.00015699999999999742,
      0.0001470000000000013,
      0.00017800000000000454,
      0.00011000000000000593,
      -0.000168999999999999,
      -0.0003939999999999985,
      -1.6999999999996185e-05,
      0.00021100000000000285,
      0.00032500000000000584,
      -0.0002590000000000023,
      0.0015209999999999946,
      0.0010459999999999983,
      0.001337999999999999,
      2.4000000000003185e-05,
      0.008794000000000003,
      0.0019070000000000024,
      -0.0011699999999999974,
      -0.004081000000000001,
      -0.0017000000000000001,
      -0.00023899999999999616,
      -0.0012110000000000037,
      -0.001237000000000002,
      -3.299999999999831e-05,
      -0.001355000000000002,
      -0.005053000000000002,
      3.299999999999831e-05,
      0.0052270000000000025,
      0.007716000000000001,
      0.0024269999999999986,
      0.0007230000000000014,
      -1.2000000000001593e-05,
      -5.3999999999998494e-05,
      0.0004599999999999986
    ]
  },
  "excitation_energy": "1.0130",
  "exciting_path_mean_volume": 1106.2008733333332,
  "s0_bonds_avg": 1.289757574090268,
  "s1_bonds_avg": 1.2962400868361608,
  "delta_bonds": 0.006482512745892732,
  "s0_angles_avg": 119.30007103553204,
  "s1_angles_avg": 119.29540158269899,
  "delta_angles": -0.004669452833056198
}