{"charge": {"element": ["Cl", "C", "C", "C", "C", "Br", "C", "C", "C", "C", "C", "C", "C", "C", "C", "C", "C", "C", "C", "C", "C", "C", "C", "C", "C", "Br", "C", "C", "C", "H", "H", "H", "H", "H", "H", "H", "H", "H", "H", "H", "H", "H", "H", "H"], "charge_variation": [-0.0011870000000000214, 0.0005609999999999782, -0.0007039999999999963, -0.0012879999999999975, 0.00032899999999999596, -0.00010199999999999099, 0.0002809999999999896, -6.0000000000004494e-05, -0.010553999999999997, 0.007448000000000003, -0.00873800000000001, -0.0006859999999999991, 0.0005070000000000005, -0.007613999999999996, 0.004993000000000004, -0.005575, -0.0005889999999999923, 0.0019689999999999985, -0.001240999999999999, -0.0001460000000000003, -0.0009380000000000013, 0.0024279999999999996, 0.006845000000000004, -0.0071410000000000085, 0.0030960000000000154, 0.004644000000000009, -0.006428000000000003, -0.006315000000000001, 0.008706000000000002, 9.000000000002062e-06, 0.00025799999999999434, 0.00032300000000000384, 0.0039900000000000005, 0.0012810000000000009, 0.0010640000000000024, 0.002713, -0.0002730000000000024, -0.00011099999999999999, 0.000393000000000001, 0.00013099999999999917, -0.00027900000000000147, 0.0026209999999999983, 0.002244999999999997, 0.003136]}, "ground_state": {"HOMO-LUMO": 2.015310288671138, "structure": {"bonds": 1.3472782477779168, "angles": 119.9999353684, "DA": -0.36602931277103623}, "rotational_constant": {"A": 0.0525439, "B": 0.0651037, "C": 0.1402872}, "rays_asymmetry_parameter": 0.7137148933308869, "volume": 563.55966}, "excited_state": {"HOMO-LUMO": 1.5996401094327934, "structure": {"bonds": 1.345819152445625, "angles": 119.99920815273697, "DA": -4.230357485975747}, "rotational_constant": {"A": 0.0516664, "B": 0.06476, "C": 0.1436466}, "rays_asymmetry_parameter": 0.7152952483251831, "excited_energy": "2.4078", "volume": 561.79015}, "exciting_path_mean_volume": 562.4854433333334}