{
  "s0_rotational_constant_a": 0.1238785,
  "s0_rotational_constant_b": 0.2113229,
  "s0_rotational_constant_c": 0.2396128,
  "s1_rotational_constant_a": 0.1287673,
  "s1_rotational_constant_b": 0.2013552,
  "s1_rotational_constant_c": 0.2522631,
  "s0_rays_asymmetry_parameter": -0.5111233229906781,
  "s1_rays_asymmetry_parameter": -0.1755525289119142,
  "s0_volume": 511.77716,
  "s1_volume": 506.71181,
  "delta_volume": -5.065349999999967,
  "s0_homo_lumo_gap": 2.410493018778283,
  "s1_homo_lumo_gap": 1.2498922230158636,
  "delta_gap": -1.1606007957624196,
  "s0_dihedral_avg": -9.398592221089856,
  "s1_dihedral_avg": 1.751289954439401,
  "delta_dihedral": 11.149882175529257,
  "delta_dipole": null,
  "excitation_energy": "2.1535",
  "exciting_path_mean_volume": 508.5474533333333,
  "s0_bonds_avg": 1.2840700215424492,
  "s1_bonds_avg": 1.278892078595102,
  "s0_angles_avg": 119.99841482655907,
  "s1_angles_avg": 119.9935740677515
}