{"charge": {"element": ["C", "C", "C", "C", "C", "C", "C", "C", "C", "C", "C", "C", "C", "C", "C", "C", "C", "C", "C", "C", "C", "C", "C", "C", "C", "C", "H", "H", "H", "H", "H", "H", "H", "H", "H", "H", "H", "H", "H", "H", "H", "H", "H", "H", "H", "H"], "charge_variation": [-0.00014799999999999536, 0.0003499999999999996, -0.003917999999999991, -0.0017780000000000018, 0.0022719999999999997, 0.002239999999999999, -0.0017409999999999926, -0.003920999999999994, 0.00026199999999999835, -7.099999999999468e-05, -0.0011499999999999982, -0.002139000000000002, -0.0017650000000000027, -0.0038970000000000116, 0.0003060000000000007, -0.00012699999999999517, -0.0010880000000000022, -0.0021880000000000094, -0.0018149999999999972, -0.003845000000000001, 0.00028500000000000053, -0.0001799999999999996, -0.0010599999999999984, -0.0021769999999999984, -0.0020840000000000025, -0.0011029999999999998, 0.0011540000000000022, 0.00028399999999999953, 0.0033100000000000004, 0.003359000000000001, 0.00030000000000000165, 0.001133000000000002, -0.0002559999999999993, 0.003152000000000002, 0.003275, 0.0003070000000000017, 0.0011360000000000016, -0.00027399999999999994, 0.003172000000000001, 0.0032890000000000003, 0.00027399999999999994, 0.001170000000000001, -0.0003040000000000022, 0.003155999999999999, 0.0031270000000000013, -0.00028399999999999953]}, "ground_state": {"HOMO-LUMO": 2.410493018778283, "structure": {"bonds": 1.2840700215424492, "angles": 119.99841482655907, "DA": -9.398592221089856}, "rotational_constant": {"A": 0.1238785, "B": 0.2113229, "C": 0.2396128}, "rays_asymmetry_parameter": -0.5111233229906781, "volume": 511.77716}, "excited_state": {"HOMO-LUMO": 1.2498922230158636, "structure": {"bonds": 1.278892078595102, "angles": 119.9935740677515, "DA": 1.751289954439401}, "rotational_constant": {"A": 0.1287673, "B": 0.2013552, "C": 0.2522631}, "rays_asymmetry_parameter": -0.1755525289119142, "excited_energy": "2.1535", "volume": 506.71181}, "exciting_path_mean_volume": 508.5474533333333}