{
  "s0_rotational_constant_a": 0.1419868,
  "s0_rotational_constant_b": 0.1684988,
  "s0_rotational_constant_c": 0.7528999,
  "s1_rotational_constant_a": 0.1446021,
  "s1_rotational_constant_b": 0.1657532,
  "s1_rotational_constant_c": 0.7551345,
  "s0_rays_asymmetry_parameter": 0.9132053314947739,
  "s1_rays_asymmetry_parameter": 0.9307126042778402,
  "s0_volume": 379.02318,
  "s1_volume": 382.982,
  "delta_volume": 3.958820000000003,
  "s0_homo_lumo_gap": 2.3303174043272725,
  "s1_homo_lumo_gap": 1.8983476075705474,
  "delta_gap": -0.4319697967567251,
  "s0_dihedral_avg": 90.37865261961015,
  "s1_dihedral_avg": 90.46304010721396,
  "delta_dihedral": 0.08438748760380577,
  "delta_dipole": {
    "element": [
      "C",
      "O",
      "C",
      "C",
      "C",
      "C",
      "C",
      "C",
      "C",
      "C",
      "C",
      "O",
      "C",
      "C",
      "C",
      "C",
      "C",
      "C",
      "C",
      "C",
      "H",
      "H",
      "H",
      "H",
      "H",
      "H",
      "H",
      "H",
      "H",
      "H",
      "H",
      "H",
      "H",
      "H"
    ],
    "charge_variation": [
      -0.004612999999999978,
      0.021172000000000024,
      0.008372000000000046,
      -0.013622000000000023,
      0.007987999999999999,
      -0.034423,
      0.021686999999999998,
      0.00247399999999999,
      0.014005,
      0.011633000000000004,
      -0.011184000000000083,
      -0.04577299999999995,
      -0.0015519999999999978,
      0.0070260000000000045,
      0.010277000000000001,
      -0.007223999999999994,
      0.005722999999999999,
      -0.008679,
      0.0003249999999999989,
      -0.009990000000000002,
      0.0050739999999999995,
      0.004906,
      0.001627,
      -0.0009969999999999979,
      -0.0010679999999999995,
      -0.0005339999999999998,
      0.005523,
      0.015209999999999998,
      0.0045489999999999975,
      -0.0005730000000000041,
      -0.004765000000000005,
      -0.0004989999999999994,
      -0.0002549999999999983,
      -0.0018169999999999992
    ]
  },
  "excitation_energy": "2.1833",
  "exciting_path_mean_volume": 381.22145500000005,
  "s0_bonds_avg": 1.2851957166155554,
  "s1_bonds_avg": 1.2835304259952778,
  "delta_bonds": -0.0016652906202776485,
  "s0_angles_avg": 118.8491688874511,
  "s1_angles_avg": 118.85967969941694,
  "delta_angles": 0.010510811965843914
}