{
  "s0_rotational_constant_a": 0.035553,
  "s0_rotational_constant_b": 0.0407056,
  "s0_rotational_constant_c": 0.2033755,
  "s1_rotational_constant_a": 0.0358978,
  "s1_rotational_constant_b": 0.041111,
  "s1_rotational_constant_c": 0.192166,
  "s0_rays_asymmetry_parameter": 0.9385946461290946,
  "s1_rays_asymmetry_parameter": 0.933278811684015,
  "s0_volume": 635.38014,
  "s1_volume": 638.38375,
  "delta_volume": 3.0036099999999806,
  "s0_homo_lumo_gap": 0.8562687050686568,
  "s1_homo_lumo_gap": 0.08723424681205927,
  "delta_gap": -0.7690344582565976,
  "s0_dihedral_avg": 90.6238068098883,
  "s1_dihedral_avg": 90.72811241230661,
  "delta_dihedral": 0.10430560241832154,
  "delta_dipole": {
    "element": [
      "O",
      "P",
      "O",
      "O",
      "O",
      "C",
      "C",
      "C",
      "C",
      "C",
      "C",
      "C",
      "C",
      "C",
      "C",
      "C",
      "C",
      "C",
      "C",
      "C",
      "C",
      "O",
      "P",
      "O",
      "O",
      "O",
      "C",
      "C",
      "C",
      "C",
      "C",
      "C",
      "C",
      "C",
      "C",
      "C",
      "H",
      "H",
      "H",
      "H",
      "H",
      "H",
      "H",
      "H",
      "H",
      "H",
      "H",
      "H",
      "H",
      "H",
      "H",
      "H",
      "H",
      "H"
    ],
    "charge_variation": [
      0.010990999999999973,
      -0.005761999999999989,
      0.01366400000000001,
      0.009518000000000026,
      -0.005146000000000039,
      0.007730000000000015,
      0.0016059999999999963,
      0.0019780000000000006,
      0.005504999999999996,
      -0.03222800000000001,
      -0.025842999999999998,
      0.019124999999999975,
      -0.008328999999999996,
      0.0003630000000000022,
      0.0020979999999999888,
      0.0017809999999999979,
      0.0036539999999999906,
      -0.0028309999999999932,
      0.0015300000000000036,
      -0.008812999999999988,
      0.002003000000000088,
      -0.01667099999999999,
      -0.0045399999999999885,
      0.012938000000000005,
      0.007000000000000006,
      0.008738000000000024,
      -0.002817000000000014,
      -0.013550999999999994,
      0.03351700000000002,
      0.008256,
      -0.057514,
      0.071626,
      -0.031455000000000004,
      0.016234000000000005,
      -0.010807999999999998,
      -0.008710999999999997,
      0.0014990000000000003,
      0.007292,
      -0.006186000000000004,
      -0.0024020000000000005,
      -0.0011890000000000002,
      -0.00018500000000000027,
      -0.0015080000000000024,
      0.0022180000000000004,
      -0.00015900000000000636,
      -0.003963999999999999,
      0.002145,
      -0.0031100000000000017,
      0.007082999999999999,
      -0.009261,
      0.0070680000000000005,
      -8.000000000001062e-06,
      -0.000951,
      -0.0032149999999999956
    ]
  },
  "excitation_energy": "0.1115",
  "exciting_path_mean_volume": 636.880415,
  "s0_bonds_avg": 1.322311665313158,
  "s1_bonds_avg": 1.3194402766407018,
  "s0_angles_avg": 118.64727191800876,
  "s1_angles_avg": 118.60060076891412,
  "delta_bonds": -0.0028713886724560655,
  "delta_angles": -0.04667114909463521
}