{
  "s0_rotational_constant_a": 0.0334137,
  "s0_rotational_constant_b": 0.0435535,
  "s0_rotational_constant_c": 0.1077239,
  "s1_rotational_constant_a": 0.0335943,
  "s1_rotational_constant_b": 0.0432228,
  "s1_rotational_constant_c": 0.1058951,
  "s0_rays_asymmetry_parameter": 0.7270953381904502,
  "s1_rays_asymmetry_parameter": 0.7336543993980704,
  "s0_volume": 908.35944,
  "s1_volume": 910.86503,
  "delta_volume": 2.5055900000000975,
  "s0_homo_lumo_gap": 0.69796921433172,
  "s1_homo_lumo_gap": 0.023026271025130107,
  "delta_gap": -0.6749429433065899,
  "s0_dihedral_avg": -0.9338455323921852,
  "s1_dihedral_avg": -3.7286660912626153,
  "delta_dihedral": -2.79482055887043,
  "delta_dipole": null,
  "excitation_energy": "0.1262",
  "exciting_path_mean_volume": 910.1004666666666,
  "s0_bonds_avg": 1.279391581807912,
  "s1_bonds_avg": 1.2841344033595603,
  "s0_angles_avg": 117.52067655740541,
  "s1_angles_avg": 117.50422555352299
}