{
  "s0_rotational_constant_a": 0.0433585,
  "s0_rotational_constant_b": 0.0568035,
  "s0_rotational_constant_c": 0.1764844,
  "s1_rotational_constant_a": 0.0442794,
  "s1_rotational_constant_b": 0.0564674,
  "s1_rotational_constant_c": 0.1751836,
  "s0_rays_asymmetry_parameter": 0.7980107552324529,
  "s1_rays_asymmetry_parameter": 0.8137874873380685,
  "s0_volume": 633.56535,
  "s1_volume": 642.26092,
  "delta_volume": 8.695570000000089,
  "s0_homo_lumo_gap": 1.104052823867685,
  "s1_homo_lumo_gap": 0.05362819065980551,
  "delta_gap": -1.0504246332078795,
  "s0_dihedral_avg": -13.386008691836981,
  "s1_dihedral_avg": -3.3123603547490634,
  "delta_dihedral": 10.073648337087917,
  "delta_dipole": null,
  "excitation_energy": "0.0618",
  "exciting_path_mean_volume": 638.1895533333333,
  "s0_bonds_avg": 1.2905033426477046,
  "s1_bonds_avg": 1.2923852175101642,
  "s0_angles_avg": 118.77148469137497,
  "s1_angles_avg": 118.52695651554217
}