{
  "s0_rotational_constant_a": 0.0390478,
  "s0_rotational_constant_b": 0.0568294,
  "s0_rotational_constant_c": 0.1076405,
  "s1_rotational_constant_a": 0.0391881,
  "s1_rotational_constant_b": 0.057158,
  "s1_rotational_constant_c": 0.1046946,
  "s0_rays_asymmetry_parameter": 0.48153083345603814,
  "s1_rays_asymmetry_parameter": 0.45135520902505866,
  "s0_volume": 713.21332,
  "s1_volume": 713.28385,
  "delta_volume": 0.07053000000007614,
  "s0_homo_lumo_gap": 2.0266655981710047,
  "s1_homo_lumo_gap": 1.6482995018307354,
  "delta_gap": -0.3783660963402693,
  "s0_dihedral_avg": -4.1661348531908144,
  "s1_dihedral_avg": 5.917326155297823,
  "delta_dihedral": 10.083461008488637,
  "delta_dipole": null,
  "excitation_energy": "2.3299",
  "exciting_path_mean_volume": 713.1925466666667,
  "s0_bonds_avg": 1.2732232969814283,
  "s1_bonds_avg": 1.2828142521228572,
  "s0_angles_avg": 117.57270869368604,
  "s1_angles_avg": 117.49797288304046
}