{
  "charge": {
    "element": [
      "C",
      "C",
      "C",
      "C",
      "C",
      "C",
      "C",
      "C",
      "C",
      "C",
      "C",
      "C",
      "C",
      "C",
      "C",
      "C",
      "C",
      "N",
      "N",
      "N",
      "N",
      "C",
      "C",
      "C",
      "C",
      "C",
      "C",
      "C",
      "N",
      "N",
      "N",
      "N",
      "C",
      "C",
      "C",
      "C",
      "H",
      "H",
      "H",
      "H",
      "H",
      "H",
      "H",
      "H",
      "H",
      "H",
      "H",
      "H",
      "H",
      "H",
      "H",
      "H",
      "H",
      "H",
      "H",
      "H"
    ],
    "charge_variation": [
      0.002825000000000001,
      -0.0011430000000000017,
      -0.0003519999999999912,
      -0.0003540000000000071,
      0.003075999999999999,
      0.003032,
      -0.0003389999999999921,
      -0.00013900000000000023,
      -0.0010940000000000012,
      0.0025130000000000013,
      0.0005739999999999981,
      -0.0012859999999999955,
      -0.004685999999999996,
      -0.0048889999999999975,
      -0.001225999999999998,
      -0.002793,
      0.0006230000000000402,
      0.003166000000000002,
      0.001357999999999998,
      -0.0012530000000000041,
      -0.003703999999999999,
      -0.0014839999999999992,
      6.400000000000156e-05,
      -0.0045560000000000045,
      0.00035800000000000415,
      -0.0015040000000000053,
      -0.002987,
      0.0003609999999999447,
      0.00384299999999993,
      0.0012660000000000032,
      -0.0020700000000000163,
      -0.0031059999999999977,
      -0.0005710000000000021,
      -0.005297999999999997,
      -0.0009730000000000016,
      0.00014199999999999977,
      0.0011199999999999995,
      -0.00017599999999999907,
      0.002069999999999999,
      0.0020209999999999985,
      -0.0001889999999999982,
      0.001114999999999998,
      0.00012100000000000305,
      0.0023899999999999963,
      0.0023289999999999977,
      -8.500000000000174e-05,
      0.0010479999999999934,
      0.000279999999999999,
      0.0023060000000000025,
      0.0022120000000000056,
      0.0002889999999999976,
      0.0010360000000000369,
      -0.00016800000000000148,
      0.002154999999999997,
      0.002491,
      0.0002349999999999991
    ]
  },
  "ground_state": {
    "HOMO-LUMO": 2.150216154732697,
    "charge": {
      "element": [
        "C",
        "C",
        "C",
        "C",
        "C",
        "C",
        "C",
        "C",
        "C",
        "C",
        "C",
        "C",
        "C",
        "C",
        "C",
        "C",
        "C",
        "N",
        "N",
        "N",
        "N",
        "C",
        "C",
        "C",
        "C",
        "C",
        "C",
        "C",
        "N",
        "N",
        "N",
        "N",
        "C",
        "C",
        "C",
        "C",
        "H",
        "H",
        "H",
        "H",
        "H",
        "H",
        "H",
        "H",
        "H",
        "H",
        "H",
        "H",
        "H",
        "H",
        "H",
        "H",
        "H",
        "H",
        "H",
        "H"
      ],
      "charge": [
        -0.030228,
        -0.015835,
        -0.070065,
        0.071274,
        -0.015439,
        -0.015434,
        0.071268,
        -0.070101,
        -0.015843,
        -0.030183,
        -0.01638,
        -0.071023,
        0.085615,
        -0.055272,
        -0.019001,
        -0.003448,
        0.636497,
        -0.559362,
        -0.113721,
        -0.234523,
        -0.029718,
        -0.09577,
        -0.054714,
        0.085603,
        -0.054738,
        -0.095771,
        -0.00343,
        0.636502,
        -0.559368,
        -0.113736,
        -0.234504,
        -0.029724,
        -0.019089,
        -0.05523,
        -0.071064,
        -0.016325,
        0.031234,
        0.03075,
        0.030602,
        0.030608,
        0.03075,
        0.031235,
        0.031375,
        0.029481,
        0.038226,
        0.051994,
        0.293773,
        0.016083,
        0.037618,
        0.03763,
        0.016081,
        0.293772,
        0.052005,
        0.038245,
        0.029467,
        0.031354
      ]
    },
    "structure": {
      "bonds": 1.2856788099136065,
      "angles": 119.2175367077058,
      "DA": 87.59101842359046
    },
    "rotational_constant": {
      "A": 0.0435133,
      "B": 0.0512531,
      "C": 0.2157113
    },
    "rays_asymmetry_parameter": 0.9101058084298307,
    "volume": 627.21581
  },
  "excited_state": {
    "HOMO-LUMO": 1.2481370889091266,
    "charge": {
      "element": [
        "C",
        "C",
        "C",
        "C",
        "C",
        "C",
        "C",
        "C",
        "C",
        "C",
        "C",
        "C",
        "C",
        "C",
        "C",
        "C",
        "C",
        "N",
        "N",
        "N",
        "N",
        "C",
        "C",
        "C",
        "C",
        "C",
        "C",
        "C",
        "N",
        "N",
        "N",
        "N",
        "C",
        "C",
        "C",
        "C",
        "H",
        "H",
        "H",
        "H",
        "H",
        "H",
        "H",
        "H",
        "H",
        "H",
        "H",
        "H",
        "H",
        "H",
        "H",
        "H",
        "H",
        "H",
        "H",
        "H"
      ],
      "charge": [
        -0.027403,
        -0.016978,
        -0.070417,
        0.07092,
        -0.012363,
        -0.012402,
        0.070929,
        -0.07024,
        -0.016937,
        -0.02767,
        -0.015806,
        -0.072309,
        0.080929,
        -0.060161,
        -0.020227,
        -0.006241,
        0.63712,
        -0.556196,
        -0.112363,
        -0.235776,
        -0.033422,
        -0.097254,
        -0.05465,
        0.081047,
        -0.05438,
        -0.097275,
        -0.006417,
        0.636863,
        -0.555525,
        -0.11247,
        -0.236574,
        -0.03283,
        -0.01966,
        -0.060528,
        -0.072037,
        -0.016183,
        0.032354,
        0.030574,
        0.032672,
        0.032629,
        0.030561,
        0.03235,
        0.031496,
        0.031871,
        0.040555,
        0.051909,
        0.294821,
        0.016363,
        0.039924,
        0.039842,
        0.01637,
        0.294808,
        0.051837,
        0.0404,
        0.031958,
        0.031589
      ]
    },
    "structure": {
      "bonds": 1.2824005150234428,
      "angles": 119.2151553518698,
      "DA": 87.91066521129622
    },
    "rotational_constant": {
      "A": 0.045099,
      "B": 0.0518431,
      "C": 0.2073224
    },
    "rays_asymmetry_parameter": 0.9168541653053751,
    "excited_energy": "2.0559",
    "volume": 623.33294
  },
  "exciting_path_mean_volume": 624.7638533333334
}