{
  "s0_rotational_constant_a": 0.0128991,
  "s0_rotational_constant_b": 0.0140349,
  "s0_rotational_constant_c": 0.0484039,
  "s1_rotational_constant_a": 0.0124856,
  "s1_rotational_constant_b": 0.0132103,
  "s1_rotational_constant_c": 0.0479166,
  "s0_rays_asymmetry_parameter": 0.9360199184335639,
  "s1_rays_asymmetry_parameter": 0.9590923202844968,
  "s0_volume": 1318.3599,
  "s1_volume": 1313.33661,
  "delta_volume": -5.023289999999861,
  "s0_homo_lumo_gap": 1.6518451448401592,
  "s1_homo_lumo_gap": 0.6285176053297805,
  "delta_gap": -1.0233275395103787,
  "s0_dihedral_avg": 91.29207852156328,
  "s1_dihedral_avg": 91.05918993538947,
  "delta_dihedral": -0.23288858617381436,
  "delta_dipole": {
    "element": [
      "C",
      "C",
      "N",
      "C",
      "C",
      "C",
      "C",
      "C",
      "C",
      "C",
      "C",
      "O",
      "C",
      "C",
      "C",
      "N",
      "C",
      "C",
      "C",
      "C",
      "C",
      "C",
      "C",
      "C",
      "C",
      "C",
      "C",
      "C",
      "C",
      "C",
      "C",
      "C",
      "C",
      "C",
      "C",
      "C",
      "C",
      "C",
      "C",
      "C",
      "C",
      "C",
      "C",
      "C",
      "C",
      "C",
      "C",
      "C",
      "C",
      "C",
      "C",
      "C",
      "C",
      "C",
      "C",
      "C",
      "C",
      "O",
      "N",
      "N",
      "C",
      "S",
      "N",
      "C",
      "C",
      "C",
      "C",
      "C",
      "C",
      "H",
      "H",
      "H",
      "H",
      "H",
      "H",
      "H",
      "H",
      "H",
      "H",
      "H",
      "H",
      "H",
      "H",
      "H",
      "H",
      "H",
      "H",
      "H",
      "H",
      "H",
      "H",
      "H",
      "H",
      "H",
      "H",
      "H",
      "H",
      "H",
      "H",
      "H",
      "H",
      "H",
      "H",
      "H",
      "H",
      "H",
      "H",
      "H",
      "H",
      "H",
      "H",
      "H",
      "H",
      "H",
      "H",
      "H",
      "H",
      "H",
      "H",
      "H",
      "H",
      "H",
      "H",
      "H"
    ],
    "charge_variation": [
      -0.002460999999999991,
      -0.006533999999999984,
      0.05465399999999998,
      -0.008398000000000017,
      0.00014699999999999436,
      0.013064999999999993,
      -0.04442300000000002,
      -0.0015110000000000002,
      -0.022355000000000014,
      0.034623000000000015,
      -0.017901,
      0.005253999999999981,
      -0.006020000000000025,
      0.005576999999999999,
      -0.005142000000000035,
      0.00979299999999994,
      -0.0025239999999999707,
      0.001222999999999988,
      -0.0025640000000000107,
      0.0013239999999999919,
      0.0038849999999999996,
      -0.005177000000000001,
      0.021354000000000012,
      0.005004999999999982,
      0.020925999999999997,
      -0.012029999999999999,
      0.006645999999999999,
      -0.003596999999999996,
      -0.0003140000000000018,
      -0.0031060000000000046,
      0.00031699999999999784,
      0.0008920000000000004,
      0.003804000000000002,
      -0.001454999999999998,
      0.0004129999999999967,
      -0.0006469999999999983,
      5.8000000000002494e-05,
      -0.0007449999999999991,
      0.0024249999999999966,
      -0.0022920000000000024,
      0.00044500000000000095,
      0.00047799999999999926,
      0.0009870000000000018,
      0.0020419999999999987,
      -0.0015089999999999965,
      -0.0004630000000000051,
      5.000000000000837e-05,
      -0.0005310000000000002,
      0.0012989999999999946,
      0.0017940000000000005,
      -0.0004769999999999913,
      -0.002583000000000002,
      0.002944000000000002,
      -0.008007,
      -2.9999999999999645e-06,
      -0.003696000000000005,
      0.005933000000000077,
      0.019674999999999998,
      -0.06256699999999993,
      -0.010933000000000026,
      -0.0009310000000000151,
      -0.01624700000000001,
      0.010279000000000038,
      -0.0004899999999999904,
      0.003376000000000004,
      -0.00287,
      0.0001330000000000081,
      -0.0018079999999999988,
      0.0028790000000000204,
      -0.0004640000000000026,
      0.0018460000000000004,
      -0.00046600000000000114,
      -0.00218,
      0.0029259999999999998,
      -0.001944,
      0.007228999999999999,
      -0.0015179999999999985,
      -0.0009820000000000037,
      -0.0004620000000000006,
      -0.000784,
      -0.005763000000000001,
      -0.0023239999999999997,
      -0.0004369999999999999,
      -0.00020699999999999994,
      -3.8999999999999105e-05,
      0.0004989999999999994,
      -0.0007919999999999976,
      0.000283000000000002,
      -0.0005639999999999999,
      0.00030400000000000045,
      0.0019609999999999975,
      -0.00045600000000000154,
      -0.00041000000000000064,
      -0.003037999999999999,
      -0.0024059999999999984,
      0.0044399999999999995,
      0.0018229999999999982,
      0.0022989999999999955,
      0.0018920000000000048,
      0.00018299999999999914,
      0.0020020000000000003,
      0.00014899999999999983,
      0.0016850000000000025,
      0.0020090000000000004,
      -0.00013000000000000164,
      0.0014599999999999995,
      -7.499999999999868e-05,
      0.0011900000000000036,
      0.0008079999999999997,
      -0.0001229999999999981,
      0.0009720000000000006,
      0.00010399999999999993,
      -0.000454000000000003,
      0.0032920000000000033,
      0.0035080000000000007,
      0.002569999999999996,
      -0.0023279999999999967,
      0.0046499999999999875,
      -0.0009620000000000184,
      -0.0019469999999999973,
      -0.0003949999999999995,
      -0.000341000000000001,
      9.500000000000133e-05,
      0.00042400000000000077
    ]
  },
  "excitation_energy": "0.7291",
  "exciting_path_mean_volume": 1314.8076166666667,
  "s0_bonds_avg": 1.2715093205298496,
  "s1_bonds_avg": 1.2753345540604513,
  "delta_bonds": 0.0038252335306017127,
  "s0_angles_avg": 117.31032489082786,
  "s1_angles_avg": 117.25216713941059,
  "delta_angles": -0.05815775141726931
}