{
  "s0_rotational_constant_a": 0.0109124,
  "s0_rotational_constant_b": 0.0113725,
  "s0_rotational_constant_c": 0.1084461,
  "s1_rotational_constant_a": 0.01104,
  "s1_rotational_constant_b": 0.0114849,
  "s1_rotational_constant_c": 0.108834,
  "s0_rays_asymmetry_parameter": 0.9905653122971855,
  "s1_rays_asymmetry_parameter": 0.9909012822872568,
  "s0_volume": 1077.22277,
  "s1_volume": 1079.21429,
  "delta_volume": 1.9915199999998094,
  "s0_homo_lumo_gap": 1.032386208411662,
  "s1_homo_lumo_gap": 0.8630715504436073,
  "delta_gap": -0.16931465796805467,
  "s0_dihedral_avg": 89.28862197063935,
  "s1_dihedral_avg": 89.33089538226842,
  "delta_dihedral": 0.04227341162906839,
  "delta_dipole": {
    "element": [
      "C",
      "C",
      "C",
      "C",
      "N",
      "C",
      "C",
      "C",
      "C",
      "C",
      "C",
      "C",
      "C",
      "C",
      "C",
      "C",
      "C",
      "C",
      "C",
      "C",
      "C",
      "C",
      "C",
      "C",
      "C",
      "C",
      "C",
      "C",
      "N",
      "C",
      "C",
      "C",
      "C",
      "C",
      "C",
      "C",
      "C",
      "C",
      "C",
      "C",
      "C",
      "C",
      "C",
      "N",
      "C",
      "C",
      "C",
      "C",
      "C",
      "C",
      "C",
      "C",
      "C",
      "N",
      "S",
      "N",
      "C",
      "C",
      "C",
      "C",
      "C",
      "H",
      "H",
      "H",
      "H",
      "H",
      "H",
      "H",
      "H",
      "H",
      "H",
      "H",
      "H",
      "H",
      "H",
      "H",
      "H",
      "H",
      "H",
      "H",
      "H",
      "H",
      "H",
      "H",
      "H",
      "H",
      "H",
      "H",
      "H",
      "H",
      "H",
      "H",
      "H",
      "H",
      "H",
      "H"
    ],
    "charge_variation": [
      -0.0042200000000000015,
      0.0008499999999999992,
      -0.0036519999999999886,
      0.0018680000000000363,
      0.0024569999999999315,
      0.001990999999999965,
      -0.0068220000000000225,
      0.0019249999999999996,
      -0.004290000000000002,
      0.0007869999999999995,
      -0.003613000000000005,
      -0.005085999999999979,
      0.008495000000000003,
      -0.0029599999999999974,
      0.008224000000000002,
      -0.008504999999999999,
      0.002938999999999997,
      -0.0007440000000000016,
      0.0013759999999999988,
      0.001623000000000003,
      0.0005180000000000046,
      0.001897999999999997,
      -0.0023999999999999994,
      0.001683000000000004,
      0.00016599999999999948,
      0.0015529999999999988,
      0.0023549999999999995,
      -0.012070000000000025,
      0.013334999999999986,
      0.004985000000000017,
      -0.0010399999999999993,
      -0.003751000000000001,
      0.00145,
      -0.002586999999999999,
      0.0005339999999999928,
      0.0007489999999999999,
      -0.004217,
      0.0025179999999999994,
      -0.004718,
      0.002579999999999999,
      -0.0037790000000000046,
      0.001361000000000001,
      -0.0018719999999999848,
      0.0038830000000000253,
      -0.002236999999999989,
      0.001124,
      -0.0006919999999999999,
      0.0018960000000000019,
      0.001,
      0.0031090000000000007,
      -0.005738999999999998,
      0.003280999999999999,
      0.007931000000000021,
      -0.03382599999999991,
      0.04380600000000001,
      -0.022175000000000056,
      0.009380999999999973,
      -0.0017110000000000007,
      0.008419999999999983,
      -0.006320999999999993,
      0.0018389999999999995,
      4.300000000000137e-05,
      -0.0004609999999999996,
      0.0008430000000000035,
      -0.0005390000000000048,
      -0.0006390000000000007,
      4.200000000000037e-05,
      -0.00041799999999999823,
      0.0008200000000000013,
      -0.0002899999999999986,
      0.00023199999999999957,
      -0.0007080000000000003,
      0.0002960000000000011,
      0.0001460000000000003,
      -0.0009819999999999968,
      -0.00028299999999999853,
      -8.700000000000027e-05,
      0.00023000000000000104,
      0.00021300000000000138,
      0.00013999999999999777,
      0.0001270000000000021,
      -0.00012799999999999617,
      0.00012099999999999958,
      -6.799999999999862e-05,
      -0.0003939999999999985,
      8.199999999999874e-05,
      0.00035400000000000015,
      -0.000454000000000003,
      0.00037399999999999933,
      0.0006420000000000037,
      -0.002447999999999999,
      -0.0006970000000000032,
      0.0005440000000000028,
      -0.000563000000000001,
      -0.00034,
      -0.0006050000000000014
    ]
  },
  "excitation_energy": "1.0353",
  "exciting_path_mean_volume": 1077.8149716666667,
  "s0_bonds_avg": 1.305465564098598,
  "s1_bonds_avg": 1.310209116617757,
  "delta_bonds": 0.004743552519159033,
  "s0_angles_avg": 119.67821612448977,
  "s1_angles_avg": 119.67209693523779,
  "delta_angles": -0.006119189251975854
}