{
  "s0_rotational_constant_a": 0.0235021,
  "s0_rotational_constant_b": 0.0302587,
  "s0_rotational_constant_c": 0.0784273,
  "s1_rotational_constant_a": 0.0236397,
  "s1_rotational_constant_b": 0.0303617,
  "s1_rotational_constant_c": 0.0795244,
  "s0_rays_asymmetry_parameter": 0.7539708549081295,
  "s1_rays_asymmetry_parameter": 0.7594332616977456,
  "s0_volume": 1018.18249,
  "s1_volume": 1016.96336,
  "delta_volume": -1.2191300000000638,
  "s0_homo_lumo_gap": 1.471561578989534,
  "s1_homo_lumo_gap": 1.2169773359537062,
  "delta_gap": -0.25458424303582783,
  "s0_dihedral_avg": 2.653344959516984,
  "s1_dihedral_avg": 5.438279225982349,
  "delta_dihedral": 2.784934266465365,
  "delta_dipole": null,
  "excitation_energy": "1.8895",
  "exciting_path_mean_volume": 1017.4183333333334,
  "s0_bonds_avg": 1.302640444577573,
  "s1_bonds_avg": 1.3268408904449513,
  "s0_angles_avg": 119.24141118399244,
  "s1_angles_avg": 119.22734737512458
}