{
  "s0_rotational_constant_a": 0.1202598,
  "s0_rotational_constant_b": 0.1446092,
  "s0_rotational_constant_c": 0.5486434,
  "s1_rotational_constant_a": 0.1224954,
  "s1_rotational_constant_b": 0.1411283,
  "s1_rotational_constant_c": 0.5462942,
  "s0_rays_asymmetry_parameter": 0.8863196443561333,
  "s1_rays_asymmetry_parameter": 0.9120672356788173,
  "s0_volume": 416.62387,
  "s1_volume": 422.00688,
  "delta_volume": 5.383010000000013,
  "s0_homo_lumo_gap": 1.6648276949537135,
  "s1_homo_lumo_gap": 1.28846435629183,
  "delta_gap": -0.37636333866188343,
  "s0_dihedral_avg": 5.244750981645756,
  "s1_dihedral_avg": -10.287495776040913,
  "delta_dihedral": -15.532246757686668,
  "delta_dipole": null,
  "excitation_energy": "1.4891",
  "exciting_path_mean_volume": 419.725915,
  "s0_bonds_avg": 1.2785847419530951,
  "s1_bonds_avg": 1.2817771911973812,
  "s0_angles_avg": 117.36430869822871,
  "s1_angles_avg": 117.36242271215308
}