{"charge": {"element": ["C", "N", "C", "C", "C", "C", "C", "C", "C", "C", "C", "C", "N", "B", "F", "F", "N", "C", "C", "C", "C", "C", "C", "H", "H", "H", "H", "H", "H", "H", "H", "H", "H", "H", "H", "H", "H", "H", "H"], "charge_variation": [-0.007625000000000021, 0.010453999999999963, -0.007637000000000005, -0.01055600000000001, -0.009705999999999992, -0.0062380000000000005, -0.027941, 0.018506999999999996, 0.02499499999999999, 0.005759999999999987, 0.003167000000000003, 0.01400800000000002, -0.021267999999999954, -0.0004549999999999832, 0.00014300000000000423, 0.00013099999999999223, -0.021357999999999988, 0.013996000000000008, 0.003122999999999987, 0.005689, 0.025048000000000015, -0.006258, -0.00970399999999999, 0.0012659999999999998, 0.0012010000000000002, -0.00043400000000000036, 0.0012339999999999999, 0.0012369999999999994, -0.00043400000000000036, -0.0004180000000000017, -0.0052260000000000015, 0.0033070000000000044, 0.0013880000000000003, 0.0007540000000000047, 0.0007489999999999997, 0.0013960000000000014, 0.0033240000000000006, -0.005197999999999998, -0.00041999999999999676]}, "ground_state": {"HOMO-LUMO": 1.6648276949537135, "structure": {"bonds": 1.2785847419530951, "angles": 117.36430869822871, "DA": 5.244750981645756}, "rotational_constant": {"A": 0.1202598, "B": 0.1446092, "C": 0.5486434}, "rays_asymmetry_parameter": 0.8863196443561333, "volume": 416.62387}, "excited_state": {"HOMO-LUMO": 1.28846435629183, "structure": {"bonds": 1.2817771911973812, "angles": 117.36242271215308, "DA": -10.287495776040913}, "rotational_constant": {"A": 0.1224954, "B": 0.1411283, "C": 0.5462942}, "rays_asymmetry_parameter": 0.9120672356788173, "excited_energy": "1.4891", "volume": 422.00688}, "exciting_path_mean_volume": 419.725915}