{
  "s0_rotational_constant_a": 0.0322414,
  "s0_rotational_constant_b": 0.034446,
  "s0_rotational_constant_c": 0.2519705,
  "s1_rotational_constant_a": 0.0309311,
  "s1_rotational_constant_b": 0.0336085,
  "s1_rotational_constant_c": 0.2757883,
  "s0_rays_asymmetry_parameter": 0.9799334726260656,
  "s1_rays_asymmetry_parameter": 0.9781309269239378,
  "s0_volume": 689.60531,
  "s1_volume": 690.13561,
  "delta_volume": 0.5303000000000111,
  "s0_homo_lumo_gap": 1.8302674521961975,
  "s1_homo_lumo_gap": 1.0546451184784984,
  "delta_gap": -0.7756223337176991,
  "s0_dihedral_avg": 1.341191194752695,
  "s1_dihedral_avg": -2.706292111428039,
  "delta_dihedral": -4.047483306180734,
  "delta_dipole": null,
  "excitation_energy": "1.2128",
  "exciting_path_mean_volume": 689.5421916666668,
  "s0_bonds_avg": 1.3075178464716177,
  "s1_bonds_avg": 1.3066267279676471,
  "s0_angles_avg": 118.1121405474004,
  "s1_angles_avg": 118.10729282622944
}