{
  "s0_rotational_constant_a": 0.0735277,
  "s0_rotational_constant_b": 0.0888699,
  "s0_rotational_constant_c": 0.3481171,
  "s1_rotational_constant_a": 0.0734051,
  "s1_rotational_constant_b": 0.0872468,
  "s1_rotational_constant_c": 0.3575667,
  "s0_rays_asymmetry_parameter": 0.888253515976946,
  "s1_rays_asymmetry_parameter": 0.9025786735435047,
  "s0_volume": 503.82805,
  "s1_volume": 507.1855,
  "delta_volume": 3.3574499999999716,
  "s0_homo_lumo_gap": 1.573177040924238,
  "s1_homo_lumo_gap": 0.3893594944661882,
  "delta_gap": -1.1838175464580498,
  "s0_dihedral_avg": -5.823691043806763,
  "s1_dihedral_avg": 1.0055075079165476,
  "delta_dihedral": 6.8291985517233105,
  "delta_dipole": null,
  "excitation_energy": "0.4478",
  "exciting_path_mean_volume": 505.6739983333334,
  "s0_bonds_avg": 1.287805255195306,
  "s1_bonds_avg": 1.2892015265081633,
  "s0_angles_avg": 119.95829513528807,
  "s1_angles_avg": 119.96018807180107
}