{"charge": {"element": ["O", "C", "C", "C", "C", "C", "C", "C", "C", "C", "C", "C", "N", "C", "C", "C", "C", "C", "C", "O", "C", "C", "C", "C", "C", "C", "C", "C", "H", "H", "H", "H", "H", "H", "H", "H", "H", "H", "H", "H", "H", "H", "H", "H", "H"], "charge_variation": [-0.025631999999999988, -0.001527000000000056, 0.0010850000000000026, 0.006418, 0.007712, 0.010500000000000002, 2.999999999999531e-06, 0.022145, 0.019567999999999995, -0.0038569999999999993, 0.011593999999999993, -0.017857000000000012, 0.041824999999999946, -0.004477000000000009, -0.014162000000000008, -0.00024800000000000516, -0.015301999999999996, -0.0037459999999999993, -0.008278000000000008, 0.019359000000000015, -0.009888000000000008, -0.0038539999999999963, -0.015247000000000004, 0.0019579999999999945, -0.010178999999999994, -0.006419000000000008, 0.015242000000000006, -0.016152, 0.007397999999999998, 0.002026, 0.008968000000000004, 0.003048000000000002, 0.007429999999999999, -0.0028150000000000015, -0.0015229999999999966, -0.006061000000000004, -0.002140000000000003, -0.0005950000000000052, -0.0013910000000000033, -0.0016019999999999993, -0.0006130000000000024, -0.001228, -0.0024209999999999995, -0.0016460000000000016, -0.007418000000000001]}, "ground_state": {"HOMO-LUMO": 1.573177040924238, "charge": {"element": ["O", "C", "C", "C", "C", "C", "C", "C", "C", "C", "C", "C", "N", "C", "C", "C", "C", "C", "C", "O", "C", "C", "C", "C", "C", "C", "C", "C", "H", "H", "H", "H", "H", "H", "H", "H", "H", "H", "H", "H", "H", "H", "H", "H", "H"], "charge": [-0.730969, 0.709029, -0.024247, -0.060141, -0.0285, -0.017788, -0.029684, -0.005308, -0.057836, -0.043036, -0.116238, 0.395892, -0.524079, 0.274007, -0.177056, -0.062425, -0.057379, -0.163098, 0.395108, -0.450561, 0.392517, -0.162168, -0.057111, -0.059597, -0.172407, 0.271625, -0.119479, 0.013486, 0.028028, 0.032489, 0.03133, 0.032972, 0.047546, 0.031405, 0.042032, 0.043872, 0.033971, 0.034854, 0.0495, 0.04929, 0.034998, 0.035509, 0.046762, 0.042539, 0.050347]}, "structure": {"bonds": 1.287805255195306, "angles": 119.95829513528807, "DA": -5.823691043806763}, "rotational_constant": {"A": 0.0735277, "B": 0.0888699, "C": 0.3481171}, "rays_asymmetry_parameter": 0.888253515976946, "volume": 503.82805}, "excited_state": {"HOMO-LUMO": 0.3893594944661882, "charge": {"element": ["O", "C", "C", "C", "C", "C", "C", "C", "C", "C", "C", "C", "N", "C", "C", "C", "C", "C", "C", "O", "C", "C", "C", "C", "C", "C", "C", "C", "H", "H", "H", "H", "H", "H", "H", "H", "H", "H", "H", "H", "H", "H", "H", "H", "H"], "charge": [-0.756601, 0.707502, -0.023162, -0.053723, -0.020788, -0.007288, -0.029681, 0.016837, -0.038268, -0.046893, -0.104644, 0.378035, -0.482254, 0.26953, -0.191218, -0.062673, -0.072681, -0.166844, 0.38683, -0.431202, 0.382629, -0.166022, -0.072358, -0.057639, -0.182586, 0.265206, -0.104237, -0.002666, 0.035426, 0.034515, 0.040298, 0.03602, 0.054976, 0.02859, 0.040509, 0.037811, 0.031831, 0.034259, 0.048109, 0.047688, 0.034385, 0.034281, 0.044341, 0.040893, 0.042929]}, "structure": {"bonds": 1.2892015265081633, "angles": 119.96018807180107, "DA": 1.0055075079165476}, "rotational_constant": {"A": 0.0734051, "B": 0.0872468, "C": 0.3575667}, "rays_asymmetry_parameter": 0.9025786735435047, "excited_energy": "0.4478", "volume": 507.1855}, "exciting_path_mean_volume": 505.6739983333334}