{
  "charge": {
    "element": [
      "O",
      "P",
      "C",
      "C",
      "C",
      "C",
      "C",
      "C",
      "C",
      "C",
      "C",
      "C",
      "S",
      "C",
      "C",
      "C",
      "C",
      "C",
      "S",
      "C",
      "C",
      "C",
      "C",
      "C",
      "C",
      "C",
      "H",
      "H",
      "H",
      "H",
      "H",
      "H",
      "H",
      "H",
      "H",
      "H",
      "H",
      "H",
      "H",
      "H",
      "H"
    ],
    "charge_variation": [
      0.036576,
      -0.06941699999999999,
      0.013669,
      0.010914,
      -0.0018850000000000013,
      0.0035280000000000016,
      -9.89999999999984e-05,
      -0.009899,
      -0.021919,
      0.009799999999999996,
      0.002377999999999998,
      -0.003531,
      -0.0009109999999999986,
      -0.008403999999999995,
      0.021039000000000002,
      0.0008560000000000026,
      0.004913000000000001,
      -0.001379,
      0.0017819999999999989,
      0.0008749999999999938,
      0.015112999999999994,
      0.002460000000000004,
      0.004526,
      -0.002794999999999999,
      0.001467,
      -0.015335000000000001,
      0.007546000000000001,
      0.00013300000000000117,
      0.0008580000000000011,
      -0.0005009999999999945,
      -0.007764,
      -0.0006950000000000012,
      0.00028800000000000353,
      0.0009979999999999989,
      0.003483,
      0.0009450000000000014,
      0.0010719999999999966,
      -0.0007469999999999977,
      0.0015179999999999985,
      -0.00015799999999999842,
      -0.0013000000000000025
    ]
  },
  "ground_state": {
    "HOMO-LUMO": 1.9914105322998634,
    "structure": {
      "bonds": 1.3564787983877777,
      "angles": 118.38289818327439,
      "DA": 90.02963234452423
    },
    "rotational_constant": {
      "A": 0.1071683,
      "B": 0.1582469,
      "C": 0.204028
    },
    "rays_asymmetry_parameter": -0.05469250885559227,
    "volume": 505.1084
  },
  "excited_state": {
    "HOMO-LUMO": 1.2685320193432266,
    "structure": {
      "bonds": 1.3484908127753332,
      "angles": 118.34296147641915,
      "DA": 90.56458393924473
    },
    "rotational_constant": {
      "A": 0.1013649,
      "B": 0.1524319,
      "C": 0.2184834
    },
    "rays_asymmetry_parameter": 0.12794306621071783,
    "excited_energy": "1.8137",
    "volume": 501.05602
  },
  "exciting_path_mean_volume": 503.15523
}