{
  "s0_rotational_constant_a": 0.0306223,
  "s0_rotational_constant_b": 0.039078,
  "s0_rotational_constant_c": 0.1168821,
  "s1_rotational_constant_a": 0.0317569,
  "s1_rotational_constant_b": 0.0374112,
  "s1_rotational_constant_c": 0.164719,
  "s0_rays_asymmetry_parameter": 0.8039480731464715,
  "s1_rays_asymmetry_parameter": 0.9149486959065779,
  "s0_volume": 814.20072,
  "s1_volume": 810.08104,
  "delta_volume": -4.119680000000017,
  "s0_homo_lumo_gap": 2.337939312285367,
  "s1_homo_lumo_gap": 1.2481098775276265,
  "delta_gap": -1.0898294347577404,
  "s0_dihedral_avg": 4.971151046069646,
  "s1_dihedral_avg": -5.892490930185925,
  "delta_dihedral": -10.863641976255572,
  "delta_dipole": null,
  "excitation_energy": "1.4363",
  "exciting_path_mean_volume": 813.5014316666666,
  "s0_bonds_avg": 1.24605320941253,
  "s1_bonds_avg": 1.2347012151497592,
  "s0_angles_avg": 114.40301214395726,
  "s1_angles_avg": 114.27468551334226
}