{"charge": {"element": ["F", "B", "F", "N", "C", "C", "C", "C", "C", "C", "C", "C", "C", "O", "C", "C", "C", "C", "N", "H", "H", "H", "H", "H", "H", "H", "H", "H"], "charge_variation": [-0.0040240000000000276, 0.005386000000000002, -0.004074000000000022, -0.06692999999999999, 0.010804000000000036, -0.04502300000000001, -0.06176899999999999, 0.05069399999999999, -0.003852999999999999, 0.013148999999999966, 0.007358000000000003, 0.009550000000000003, 0.020677, -0.0008969999999999811, 0.02776199999999998, -0.0048870000000000025, 0.011299000000000003, 0.019847999999999977, -0.005991000000000024, -0.001453999999999997, 0.007702999999999995, 0.007151999999999999, 0.001453999999999997, 0.00039200000000000346, 0.002570999999999997, 0.0013249999999999998, 0.0007310000000000025, 0.0010450000000000043]}, "ground_state": {"HOMO-LUMO": 1.5386430766628418, "charge": {"element": ["F", "B", "F", "N", "C", "C", "C", "C", "C", "C", "C", "C", "C", "O", "C", "C", "C", "C", "N", "H", "H", "H", "H", "H", "H", "H", "H", "H"], "charge": [-0.519297, 0.734132, -0.519693, -0.251571, 0.268522, -0.146722, -0.129614, 0.20446, 0.020245, 0.340177, -0.175217, -0.167156, 0.292288, -0.30841, 0.196667, -0.14487, -0.142718, 0.265982, -0.252052, 0.045299, 0.048043, 0.046222, 0.060489, 0.055734, 0.037012, 0.048059, 0.048365, 0.045625]}, "structure": {"bonds": 1.2970613064412904, "angles": 118.61696216320935, "DA": 8.265080920128225}, "rotational_constant": {"A": 0.2354822, "B": 0.3550451, "C": 0.6106723}, "rays_asymmetry_parameter": 0.36265429178435127, "volume": 315.80304}, "excited_state": {"HOMO-LUMO": 1.325670478216507, "charge": {"element": ["F", "B", "F", "N", "C", "C", "C", "C", "C", "C", "C", "C", "C", "O", "C", "C", "C", "C", "N", "H", "H", "H", "H", "H", "H", "H", "H", "H"], "charge": [-0.523321, 0.739518, -0.523767, -0.318501, 0.279326, -0.191745, -0.191383, 0.255154, 0.016392, 0.353326, -0.167859, -0.157606, 0.312965, -0.309307, 0.224429, -0.149757, -0.131419, 0.28583, -0.258043, 0.043845, 0.055746, 0.053374, 0.061943, 0.056126, 0.039583, 0.049384, 0.049096, 0.04667]}, "structure": {"bonds": 1.3047439322677419, "angles": 118.61224627981866, "DA": -0.01839910719613792}, "rotational_constant": {"A": 0.23349, "B": 0.3537595, "C": 0.6058271}, "rays_asymmetry_parameter": 0.3539752015042281, "excited_energy": "1.7002", "volume": 316.55102}, "exciting_path_mean_volume": 315.90862}