{
  "s0_rotational_constant_a": 0.0734465,
  "s0_rotational_constant_b": 0.0989641,
  "s0_rotational_constant_c": 0.2280111,
  "s1_rotational_constant_a": 0.0765203,
  "s1_rotational_constant_b": 0.098347,
  "s1_rotational_constant_c": 0.2252058,
  "s0_rays_asymmetry_parameter": 0.6698131396192919,
  "s1_rays_asymmetry_parameter": 0.7064044577312514,
  "s0_volume": 603.67014,
  "s1_volume": 599.06077,
  "delta_volume": -4.609369999999899,
  "s0_homo_lumo_gap": 2.3439584698731224,
  "s1_homo_lumo_gap": 1.2375845151635043,
  "delta_gap": -1.106373954709618,
  "s0_dihedral_avg": 90.11933871678323,
  "s1_dihedral_avg": 90.58729076868396,
  "delta_dihedral": 0.4679520519007241,
  "delta_dipole": {
    "element": [
      "C",
      "C",
      "C",
      "C",
      "C",
      "C",
      "C",
      "C",
      "C",
      "C",
      "C",
      "C",
      "C",
      "C",
      "C",
      "C",
      "C",
      "C",
      "C",
      "C",
      "C",
      "C",
      "C",
      "C",
      "C",
      "C",
      "C",
      "C",
      "C",
      "C",
      "H",
      "H",
      "H",
      "H",
      "H",
      "H",
      "H",
      "H",
      "H",
      "H",
      "H",
      "H",
      "H",
      "H",
      "H",
      "H",
      "H",
      "H",
      "H",
      "H",
      "H",
      "H",
      "H",
      "H"
    ],
    "charge_variation": [
      0.00039699999999999805,
      -0.0015199999999999936,
      0.004513000000000003,
      -0.0012350000000000139,
      -0.001684999999999999,
      -0.0016979999999999912,
      -0.0016520000000000007,
      0.0008669999999999997,
      0.0014890000000000007,
      -0.0024230000000000085,
      -0.0023109999999999936,
      -0.0011189999999999985,
      -0.001577000000000002,
      0.0006990000000000017,
      -0.004491999999999996,
      -0.0012090000000000017,
      -0.0030029999999999987,
      0.0008270000000000013,
      0.0007099999999999884,
      0.0024300000000000016,
      -0.0007719999999999949,
      -0.0014390000000000097,
      -0.001792000000000002,
      -0.003942000000000001,
      0.0006110000000000004,
      -0.0013789999999999983,
      -0.0009879999999999993,
      -0.0021900000000000114,
      -0.004014000000000004,
      0.0010010000000000019,
      -0.00010399999999999993,
      0.00032799999999999843,
      -0.00034600000000000256,
      -3.199999999999731e-05,
      0.0032199999999999937,
      0.0031669999999999997,
      -0.00020699999999999885,
      0.0014409999999999978,
      3.599999999999784e-05,
      0.0035799999999999964,
      0.003015999999999998,
      0.00019500000000000073,
      -0.0001030000000000024,
      -0.0002579999999999978,
      -0.00028299999999999853,
      -0.00029900000000000065,
      0.003054000000000001,
      0.002772,
      4.000000000000531e-06,
      0.0012040000000000002,
      -0.00026299999999999935,
      0.0030869999999999995,
      0.0036519999999999955,
      3.700000000000231e-05
    ]
  },
  "excitation_energy": "2.1127",
  "exciting_path_mean_volume": 600.6205883333333,
  "s0_bonds_avg": 1.278272534154386,
  "s1_bonds_avg": 1.2753944611408772,
  "s0_angles_avg": 121.11002512774257,
  "s1_angles_avg": 119.92113770284611,
  "delta_bonds": -0.0028780730135087307,
  "delta_angles": -1.188887424896464
}