{"charge": {"element": ["C", "C", "C", "C", "C", "C", "C", "C", "C", "C", "C", "C", "C", "C", "C", "C", "C", "C", "C", "C", "C", "C", "C", "C", "C", "C", "C", "C", "C", "C", "H", "H", "H", "H", "H", "H", "H", "H", "H", "H", "H", "H", "H", "H", "H", "H", "H", "H", "H", "H", "H", "H", "H", "H"], "charge_variation": [0.00039699999999999805, -0.0015199999999999936, 0.004513000000000003, -0.0012350000000000139, -0.001684999999999999, -0.0016979999999999912, -0.0016520000000000007, 0.0008669999999999997, 0.0014890000000000007, -0.0024230000000000085, -0.0023109999999999936, -0.0011189999999999985, -0.001577000000000002, 0.0006990000000000017, -0.004491999999999996, -0.0012090000000000017, -0.0030029999999999987, 0.0008270000000000013, 0.0007099999999999884, 0.0024300000000000016, -0.0007719999999999949, -0.0014390000000000097, -0.001792000000000002, -0.003942000000000001, 0.0006110000000000004, -0.0013789999999999983, -0.0009879999999999993, -0.0021900000000000114, -0.004014000000000004, 0.0010010000000000019, -0.00010399999999999993, 0.00032799999999999843, -0.00034600000000000256, -3.199999999999731e-05, 0.0032199999999999937, 0.0031669999999999997, -0.00020699999999999885, 0.0014409999999999978, 3.599999999999784e-05, 0.0035799999999999964, 0.003015999999999998, 0.00019500000000000073, -0.0001030000000000024, -0.0002579999999999978, -0.00028299999999999853, -0.00029900000000000065, 0.003054000000000001, 0.002772, 4.000000000000531e-06, 0.0012040000000000002, -0.00026299999999999935, 0.0030869999999999995, 0.0036519999999999955, 3.700000000000231e-05]}, "ground_state": {"HOMO-LUMO": 2.3439584698731224, "charge": {"element": ["C", "C", "C", "C", "C", "C", "C", "C", "C", "C", "C", "C", "C", "C", "C", "C", "C", "C", "C", "C", "C", "C", "C", "C", "C", "C", "C", "C", "C", "C", "H", "H", "H", "H", "H", "H", "H", "H", "H", "H", "H", "H", "H", "H", "H", "H", "H", "H", "H", "H", "H", "H", "H", "H"], "charge": [0.01999, -0.091918, -0.074458, 0.142628, -0.058016, -0.066321, 0.06953, -0.0197, -0.017902, 0.082474, -0.068207, -0.021936, -0.04152, -0.021312, -0.065803, 0.068921, -0.061477, -0.056063, 0.077006, -0.082595, -0.056702, -0.063772, 0.082969, -0.065913, -0.021579, -0.041602, -0.021797, -0.06846, -0.064014, -0.057727, 0.020327, 0.019736, 0.020646, 0.031448, 0.032079, 0.030649, 0.027361, 0.027244, 0.028389, 0.030935, 0.032674, 0.030555, 0.021937, 0.020117, 0.02009, 0.029531, 0.032151, 0.031183, 0.028221, 0.027129, 0.027399, 0.030409, 0.032542, 0.032526]}, "structure": {"bonds": 1.278272534154386, "angles": 121.11002512774257, "DA": 5.9575963682688196}, "rotational_constant": {"A": 0.0734465, "B": 0.0989641, "C": 0.2280111}, "rays_asymmetry_parameter": 0.6698131396192919, "volume": 603.67014}, "excited_state": {"HOMO-LUMO": 1.2375845151635043, "charge": {"element": ["C", "C", "C", "C", "C", "C", "C", "C", "C", "C", "C", "C", "C", "C", "C", "C", "C", "C", "C", "C", "C", "C", "C", "C", "C", "C", "C", "C", "C", "C", "H", "H", "H", "H", "H", "H", "H", "H", "H", "H", "H", "H", "H", "H", "H", "H", "H", "H", "H", "H", "H", "H", "H", "H"], "charge": [0.020387, -0.093438, -0.069945, 0.141393, -0.059701, -0.068019, 0.067878, -0.018833, -0.016413, 0.080051, -0.070518, -0.023055, -0.043097, -0.020613, -0.070295, 0.067712, -0.06448, -0.055236, 0.077716, -0.080165, -0.057474, -0.065211, 0.081177, -0.069855, -0.020968, -0.042981, -0.022785, -0.07065, -0.068028, -0.056726, 0.020223, 0.020064, 0.0203, 0.031416, 0.035299, 0.033816, 0.027154, 0.028685, 0.028425, 0.034515, 0.03569, 0.03075, 0.021834, 0.019859, 0.019807, 0.029232, 0.035205, 0.033955, 0.028225, 0.028333, 0.027136, 0.033496, 0.036194, 0.032563]}, "structure": {"bonds": 1.2753944611408772, "angles": 119.92113770284611, "DA": -5.3012069510252235}, "rotational_constant": {"A": 0.0765203, "B": 0.098347, "C": 0.2252058}, "rays_asymmetry_parameter": 0.7064044577312514, "excited_energy": "2.1127", "volume": 599.06077}, "exciting_path_mean_volume": 600.6205883333333}