{
  "s0_rotational_constant_a": 0.0155188,
  "s0_rotational_constant_b": 0.0165474,
  "s0_rotational_constant_c": 0.1282896,
  "s1_rotational_constant_a": 0.0155498,
  "s1_rotational_constant_b": 0.0166352,
  "s1_rotational_constant_c": 0.1272425,
  "s0_rays_asymmetry_parameter": 0.9817576890471647,
  "s1_rays_asymmetry_parameter": 0.9805645310749942,
  "s0_volume": 929.97851,
  "s1_volume": 930.01612,
  "delta_volume": 0.03760999999997239,
  "s0_homo_lumo_gap": 1.9341360165190844,
  "s1_homo_lumo_gap": 1.5539685267235281,
  "delta_gap": -0.38016748979555626,
  "s0_dihedral_avg": -2.7136964869162186,
  "s1_dihedral_avg": 0.2153698529479813,
  "delta_dihedral": 2.9290663398642,
  "delta_dipole": null,
  "excitation_energy": "1.7958",
  "exciting_path_mean_volume": 929.7861233333333,
  "s0_bonds_avg": 1.2893658704420878,
  "s1_bonds_avg": 1.2994134297378024,
  "s0_angles_avg": 120.6885306782547,
  "s1_angles_avg": 120.40030967928517
}