{
  "charge": {
    "element": [
      "C",
      "O",
      "C",
      "C",
      "C",
      "C",
      "N",
      "C",
      "C",
      "C",
      "C",
      "O",
      "C",
      "C",
      "C",
      "C",
      "C",
      "C",
      "C",
      "C",
      "C",
      "N",
      "C",
      "C",
      "C",
      "C",
      "O",
      "C",
      "C",
      "C",
      "C",
      "N",
      "C",
      "C",
      "C",
      "C",
      "C",
      "H",
      "H",
      "H",
      "H",
      "H",
      "H",
      "H",
      "H",
      "H",
      "H",
      "H",
      "H",
      "H",
      "H",
      "H",
      "H",
      "H",
      "H",
      "H",
      "H",
      "H",
      "H",
      "H"
    ],
    "charge_variation": [
      -0.0035600000000000076,
      0.006170000000000009,
      -0.013396999999999992,
      -0.0010890000000000066,
      -0.018314999999999998,
      0.011923000000000017,
      -0.018122000000000082,
      0.011458000000000024,
      -0.03768600000000001,
      0.0028790000000000204,
      -0.012921000000000016,
      0.0064629999999999965,
      -0.004396000000000011,
      -0.00212699999999999,
      -0.015858999999999998,
      -0.005854999999999999,
      0.04353800000000001,
      -0.012086,
      0.03401,
      -0.016521,
      0.01545599999999997,
      7.999999999996898e-05,
      0.011768,
      0.002458999999999989,
      0.017721,
      -0.0026200000000000667,
      -0.02683000000000002,
      0.0071199999999999875,
      0.005171000000000009,
      0.0021190000000000098,
      0.007639000000000007,
      0.005595000000000017,
      -0.0045700000000000185,
      -0.01201,
      0.043918999999999986,
      -0.03675199999999999,
      0.0022089999999999888,
      0.0020489999999999987,
      0.0024360000000000007,
      -0.0007890000000000002,
      -0.0024069999999999994,
      0.004228999999999997,
      -0.003698,
      -0.003280999999999999,
      0.0020409999999999994,
      -0.0005050000000000002,
      0.0029119999999999997,
      -0.0024440000000000017,
      0.003803000000000001,
      0.0014979999999999993,
      0.001238000000000003,
      -0.000789999999999999,
      0.00041899999999999576,
      0.0024959999999999982,
      0.0011569999999999983,
      0.0021399999999999995,
      0.0008360000000000034,
      0.0010869999999999977,
      -0.0041090000000000015,
      -0.0033050000000000024
    ]
  },
  "ground_state": {
    "HOMO-LUMO": 1.180614766855523,
    "charge": {
      "element": [
        "C",
        "O",
        "C",
        "C",
        "C",
        "C",
        "N",
        "C",
        "C",
        "C",
        "C",
        "O",
        "C",
        "C",
        "C",
        "C",
        "C",
        "C",
        "C",
        "C",
        "C",
        "N",
        "C",
        "C",
        "C",
        "C",
        "O",
        "C",
        "C",
        "C",
        "C",
        "N",
        "C",
        "C",
        "C",
        "C",
        "C",
        "H",
        "H",
        "H",
        "H",
        "H",
        "H",
        "H",
        "H",
        "H",
        "H",
        "H",
        "H",
        "H",
        "H",
        "H",
        "H",
        "H",
        "H",
        "H",
        "H",
        "H",
        "H",
        "H"
      ],
      "charge": [
        0.326561,
        -0.506762,
        0.480608,
        -0.201236,
        -0.108512,
        0.31911,
        -0.525928,
        0.320167,
        -0.10678,
        -0.201417,
        0.479765,
        -0.507523,
        0.326539,
        -0.140376,
        -0.103928,
        0.406426,
        -0.148296,
        -0.04471,
        -0.013367,
        -0.004241,
        0.371207,
        -0.764691,
        0.43194,
        -0.162106,
        0.012526,
        0.713766,
        -0.702425,
        -0.179559,
        0.067743,
        -0.13716,
        0.421323,
        -0.779783,
        0.476347,
        -0.038949,
        -0.147414,
        -0.101779,
        -0.140339,
        -0.01211,
        -0.012227,
        0.002435,
        0.042062,
        0.038343,
        0.039278,
        0.042196,
        -0.011607,
        0.002318,
        -0.012346,
        0.046278,
        0.038703,
        0.040957,
        0.031978,
        0.028786,
        0.046586,
        0.041327,
        0.036088,
        0.023196,
        0.033532,
        0.04131,
        0.039371,
        0.046801
      ]
    },
    "structure": {
      "bonds": 1.2808365374047692,
      "angles": 118.67026179078555,
      "DA": 90.48600991448524
    },
    "rotational_constant": {
      "A": 0.0311025,
      "B": 0.0367873,
      "C": 0.1590942
    },
    "rays_asymmetry_parameter": 0.9111692398803986,
    "volume": 661.76332
  },
  "excited_state": {
    "HOMO-LUMO": 0.3950466731996465,
    "charge": {
      "element": [
        "C",
        "O",
        "C",
        "C",
        "C",
        "C",
        "N",
        "C",
        "C",
        "C",
        "C",
        "O",
        "C",
        "C",
        "C",
        "C",
        "C",
        "C",
        "C",
        "C",
        "C",
        "N",
        "C",
        "C",
        "C",
        "C",
        "O",
        "C",
        "C",
        "C",
        "C",
        "N",
        "C",
        "C",
        "C",
        "C",
        "C",
        "H",
        "H",
        "H",
        "H",
        "H",
        "H",
        "H",
        "H",
        "H",
        "H",
        "H",
        "H",
        "H",
        "H",
        "H",
        "H",
        "H",
        "H",
        "H",
        "H",
        "H",
        "H",
        "H"
      ],
      "charge": [
        0.323001,
        -0.500592,
        0.467211,
        -0.202325,
        -0.126827,
        0.331033,
        -0.54405,
        0.331625,
        -0.144466,
        -0.198538,
        0.466844,
        -0.50106,
        0.322143,
        -0.142503,
        -0.119787,
        0.400571,
        -0.104758,
        -0.056796,
        0.020643,
        -0.020762,
        0.386663,
        -0.764611,
        0.443708,
        -0.159647,
        0.030247,
        0.711146,
        -0.729255,
        -0.172439,
        0.072914,
        -0.135041,
        0.428962,
        -0.774188,
        0.471777,
        -0.050959,
        -0.103495,
        -0.138531,
        -0.13813,
        -0.010061,
        -0.009791,
        0.001646,
        0.039655,
        0.042572,
        0.03558,
        0.038915,
        -0.009566,
        0.001813,
        -0.009434,
        0.043834,
        0.042506,
        0.042455,
        0.033216,
        0.027996,
        0.047005,
        0.043823,
        0.037245,
        0.025336,
        0.034368,
        0.042397,
        0.035262,
        0.043496
      ]
    },
    "structure": {
      "bonds": 1.2839732544252307,
      "angles": 118.6592404611226,
      "DA": 90.83162951566405
    },
    "rotational_constant": {
      "A": 0.0320518,
      "B": 0.0377756,
      "C": 0.1527247
    },
    "rays_asymmetry_parameter": 0.9051352872103016,
    "excited_energy": "0.4998",
    "volume": 663.75351
  },
  "exciting_path_mean_volume": 663.0239783333333
}