{
  "s0_rotational_constant_a": 0.0243948,
  "s0_rotational_constant_b": 0.0289064,
  "s0_rotational_constant_c": 0.1099523,
  "s1_rotational_constant_a": 0.0240527,
  "s1_rotational_constant_b": 0.0293449,
  "s1_rotational_constant_c": 0.1086034,
  "s0_rays_asymmetry_parameter": 0.894536422873506,
  "s1_rays_asymmetry_parameter": 0.8748159388390634,
  "s0_volume": 945.83049,
  "s1_volume": 938.79808,
  "delta_volume": -7.032410000000027,
  "s0_homo_lumo_gap": 1.6828606774736308,
  "s1_homo_lumo_gap": 1.2300333567973096,
  "delta_gap": -0.45282732067632114,
  "s0_dihedral_avg": 90.49378917122179,
  "s1_dihedral_avg": 89.78593312683738,
  "delta_dihedral": -0.707856044384414,
  "delta_dipole": {
    "element": [
      "C",
      "Si",
      "C",
      "C",
      "C",
      "C",
      "C",
      "C",
      "C",
      "C",
      "C",
      "C",
      "C",
      "C",
      "C",
      "C",
      "C",
      "C",
      "C",
      "C",
      "C",
      "C",
      "C",
      "C",
      "C",
      "C",
      "C",
      "C",
      "C",
      "C",
      "C",
      "C",
      "C",
      "C",
      "C",
      "C",
      "C",
      "C",
      "C",
      "C",
      "C",
      "C",
      "C",
      "C",
      "C",
      "C",
      "C",
      "C",
      "C",
      "C",
      "C",
      "H",
      "H",
      "H",
      "H",
      "H",
      "H",
      "H",
      "H",
      "H",
      "H",
      "H",
      "H",
      "H",
      "H",
      "H",
      "H",
      "H",
      "H",
      "H",
      "H",
      "H",
      "H",
      "H",
      "H",
      "H",
      "H",
      "H",
      "H",
      "H",
      "H",
      "H",
      "H",
      "H",
      "H"
    ],
    "charge_variation": [
      -0.018282,
      0.03435200000000001,
      0.015952,
      -0.033612,
      -0.0010610000000000064,
      -0.008980000000000002,
      0.0028729999999999936,
      0.0008590000000000004,
      -0.004061,
      0.00027599999999999847,
      0.003726,
      -0.0012640000000000012,
      -0.024465,
      0.002919999999999999,
      -0.0027810000000000022,
      0.001243000000000001,
      -0.004125000000000004,
      0.0004369999999999999,
      -0.0017419999999999936,
      -8.500000000000174e-05,
      0.008629999999999999,
      0.003816,
      -0.0005679999999999991,
      -0.0011290000000000015,
      -0.001246000000000004,
      -0.0010640000000000024,
      -0.002582000000000001,
      0.001882,
      -0.0026299999999999935,
      0.002145000000000008,
      -0.0013859999999999983,
      -4.099999999999937e-05,
      -0.0015329999999999996,
      0.0022169999999999968,
      0.0018310000000000062,
      -0.005717,
      -0.005102999999999996,
      0.0014780000000000001,
      0.0035429999999999993,
      -0.004831,
      0.00032300000000000037,
      0.002790000000000001,
      0.002031999999999999,
      -0.0064710000000000045,
      0.004493999999999998,
      -0.0029770000000000005,
      0.0022770000000000012,
      -0.0013900000000000023,
      -0.0011329999999999951,
      0.002124000000000001,
      -0.003649999999999997,
      -0.002699,
      -0.0008359999999999999,
      0.001566999999999999,
      0.00046600000000000114,
      0.004760999999999998,
      0.00045500000000000054,
      0.007329999999999996,
      -0.00030000000000000165,
      -0.0005119999999999986,
      -0.0003109999999999988,
      0.016561000000000006,
      -0.00030300000000000465,
      0.00017400000000000054,
      -0.0002570000000000003,
      -0.00022900000000000004,
      0.0011380000000000001,
      0.0007880000000000005,
      0.0004580000000000001,
      0.0003590000000000017,
      8.600000000000274e-05,
      0.000733000000000001,
      0.0004930000000000004,
      0.0009820000000000002,
      0.0006539999999999983,
      -0.0003599999999999992,
      0.005707000000000004,
      0.0007329999999999975,
      0.0006799999999999966,
      -0.00011600000000000152,
      0.0037640000000000035,
      -0.00040899999999999617,
      0.0002679999999999974,
      0.0004640000000000026,
      -0.0006009999999999974
    ]
  },
  "excitation_energy": "1.8405",
  "exciting_path_mean_volume": 941.6143883333334,
  "s0_bonds_avg": 1.3154769822896841,
  "s1_bonds_avg": 1.3185758985045262,
  "s0_angles_avg": 118.80297565920186,
  "s1_angles_avg": 118.79646091686462,
  "delta_bonds": 0.00309891621484204,
  "delta_angles": -0.0065147423372451385
}