{
  "s0_rotational_constant_a": 0.0191773,
  "s0_rotational_constant_b": 0.0244472,
  "s0_rotational_constant_c": 0.0765726,
  "s1_rotational_constant_a": 0.0196211,
  "s1_rotational_constant_b": 0.0246605,
  "s1_rotational_constant_c": 0.0779228,
  "s0_rays_asymmetry_parameter": 0.8163647546053423,
  "s1_rays_asymmetry_parameter": 0.8271268247752639,
  "s0_volume": 1024.25991,
  "s1_volume": 1023.33218,
  "delta_volume": -0.9277299999999968,
  "s0_homo_lumo_gap": 1.4949415979741625,
  "s1_homo_lumo_gap": 1.1397677620861728,
  "delta_gap": -0.3551738358879897,
  "s0_dihedral_avg": 91.220727758691,
  "s1_dihedral_avg": 91.31798300382512,
  "delta_dihedral": 0.09725524513412154,
  "delta_dipole": {
    "element": [
      "C",
      "C",
      "N",
      "C",
      "C",
      "C",
      "C",
      "C",
      "C",
      "C",
      "C",
      "C",
      "C",
      "C",
      "C",
      "C",
      "C",
      "C",
      "C",
      "C",
      "C",
      "C",
      "C",
      "C",
      "C",
      "C",
      "C",
      "C",
      "C",
      "C",
      "C",
      "C",
      "C",
      "C",
      "C",
      "C",
      "C",
      "C",
      "C",
      "C",
      "C",
      "C",
      "C",
      "N",
      "C",
      "C",
      "C",
      "C",
      "C",
      "C",
      "C",
      "C",
      "H",
      "H",
      "H",
      "H",
      "H",
      "H",
      "H",
      "H",
      "H",
      "H",
      "H",
      "H",
      "H",
      "H",
      "H",
      "H",
      "H",
      "H",
      "H",
      "H",
      "H",
      "H",
      "H",
      "H",
      "H",
      "H",
      "H",
      "H",
      "H",
      "H",
      "H",
      "H",
      "H",
      "H",
      "H",
      "H",
      "H",
      "H",
      "H",
      "H",
      "H",
      "H",
      "H",
      "H",
      "H",
      "H"
    ],
    "charge_variation": [
      0.003049999999999997,
      -0.0069490000000000385,
      0.036433999999999966,
      -0.00629200000000002,
      0.0019369999999999943,
      0.001872999999999958,
      -0.008167000000000008,
      0.006238999999999998,
      -0.01021,
      0.011115,
      -0.020488999999999993,
      0.005646999999999999,
      -0.007535,
      8.99999999999998e-05,
      -0.007467000000000001,
      -0.00017400000000000054,
      -0.007836999999999997,
      0.006874999999999992,
      -0.0007629999999999998,
      -0.0004849999999999993,
      -0.002572999999999999,
      -0.0017000000000000001,
      0.007216,
      -0.011969000000000007,
      0.004748000000000002,
      -0.004854999999999998,
      -0.0011869999999999936,
      0.0033470000000000028,
      -0.009525999999999993,
      0.007934,
      -0.009963,
      0.0036410000000000053,
      -0.0014829999999999982,
      -0.0011819999999999956,
      0.004068000000000002,
      -0.0006969999999999997,
      0.00068,
      -0.00036800000000000027,
      -0.0032289999999999958,
      -0.007762000000000001,
      0.004015999999999999,
      -0.01134300000000002,
      0.0007080000000000419,
      0.03212400000000004,
      -0.006060999999999983,
      0.0017299999999999954,
      -0.005537999999999987,
      0.001352000000000006,
      -0.008470000000000005,
      0.007077,
      0.005071000000000003,
      -0.013724999999999987,
      0.0006589999999999999,
      -0.00019800000000000026,
      0.00014400000000000523,
      0.0002989999999999998,
      0.002262,
      5.000000000000013e-06,
      0.0011300000000000008,
      0.0006489999999999968,
      0.0005159999999999991,
      0.00015199999999999936,
      0.00011300000000000199,
      0.0018760000000000027,
      0.0013769999999999998,
      -0.0005269999999999997,
      -0.0006159999999999985,
      -0.000788999999999998,
      0.0006600000000000009,
      0.0005830000000000002,
      -0.0009779999999999997,
      -0.002406000000000002,
      0.0031379999999999984,
      0.0012180000000000003,
      0.00021300000000000485,
      0.0024279999999999996,
      -0.0012810000000000009,
      0.002692,
      0.0005859999999999962,
      -0.00013399999999999523,
      -0.0008109999999999992,
      -0.0008360000000000034,
      0.0011329999999999986,
      -6.700000000000456e-05,
      0.0004010000000000001,
      0.0008359999999999999,
      0.0011719999999999994,
      0.0008190000000000003,
      -0.000453000000000002,
      0.0007679999999999996,
      0.0006150000000000001,
      -0.00042500000000000177,
      0.0008270000000000013,
      0.0007659999999999993,
      -3.100000000000325e-05,
      0.0012239999999999994,
      0.0014990000000000003,
      -0.0001759999999999956
    ]
  },
  "excitation_energy": "1.3546",
  "exciting_path_mean_volume": 1023.2151450000001,
  "s0_bonds_avg": 1.2767521516042857,
  "s1_bonds_avg": 1.2796193837837144,
  "delta_bonds": 0.002867232179428747,
  "s0_angles_avg": 117.19177837371939,
  "s1_angles_avg": 117.1792656120935,
  "delta_angles": -0.012512761625885105
}