{
  "charge": {
    "element": [
      "F",
      "B",
      "F",
      "N",
      "C",
      "C",
      "C",
      "C",
      "C",
      "N",
      "C",
      "C",
      "C",
      "C",
      "C",
      "C",
      "C",
      "C",
      "C",
      "C",
      "C",
      "N",
      "H",
      "H",
      "H",
      "H",
      "H",
      "H",
      "H",
      "H",
      "H",
      "H",
      "H",
      "H",
      "H",
      "H"
    ],
    "charge_variation": [
      -0.0034480000000000066,
      0.00464500000000001,
      -0.0006460000000000354,
      -0.021679999999999977,
      0.03585299999999997,
      0.011187000000000002,
      0.022285,
      0.035440999999999986,
      0.004012999999999989,
      -0.08054699999999992,
      0.0022030000000000105,
      -0.008211000000000001,
      -0.006554999999999991,
      0.006307,
      0.005732000000000001,
      -0.0019129999999999998,
      -0.004044999999999993,
      0.06754799999999998,
      -0.04097700000000001,
      -0.04828400000000002,
      0.03287499999999999,
      -0.060724,
      0.0006989999999999982,
      0.0018469999999999945,
      0.003589999999999996,
      0.013239,
      0.0005780000000000004,
      0.003945000000000001,
      -0.0007639999999999973,
      0.002260999999999999,
      0.0005109999999999976,
      0.000789999999999999,
      0.0014310000000000017,
      0.011951999999999997,
      0.009839,
      -0.0009790000000000007
    ]
  },
  "ground_state": {
    "HOMO-LUMO": 2.158126503334688,
    "charge": {
      "element": [
        "F",
        "B",
        "F",
        "N",
        "C",
        "C",
        "C",
        "C",
        "C",
        "N",
        "C",
        "C",
        "C",
        "C",
        "C",
        "C",
        "C",
        "C",
        "C",
        "C",
        "C",
        "N",
        "H",
        "H",
        "H",
        "H",
        "H",
        "H",
        "H",
        "H",
        "H",
        "H",
        "H",
        "H",
        "H",
        "H"
      ],
      "charge": [
        -0.519441,
        0.733025,
        -0.519525,
        -0.251871,
        0.250066,
        -0.146049,
        -0.149472,
        0.123269,
        0.427022,
        -0.62504,
        0.254779,
        0.022255,
        -0.066443,
        -0.001849,
        -0.025057,
        -0.008421,
        -0.064268,
        0.119663,
        -0.162244,
        -0.14661,
        0.231472,
        -0.24178,
        0.044796,
        0.046017,
        0.046573,
        0.326447,
        0.014053,
        0.002217,
        0.027377,
        0.034101,
        0.031938,
        0.032793,
        0.031291,
        0.035747,
        0.047217,
        0.045951
      ]
    },
    "structure": {
      "bonds": 1.2622425059397437,
      "angles": 118.11336565043824,
      "DA": 90.89531377459286
    },
    "rotational_constant": {
      "A": 0.1868405,
      "B": 0.2203362,
      "C": 0.4934813
    },
    "rays_asymmetry_parameter": 0.7815313552534431,
    "volume": 389.85725
  },
  "excited_state": {
    "HOMO-LUMO": 1.8110017940943393,
    "charge": {
      "element": [
        "F",
        "B",
        "F",
        "N",
        "C",
        "C",
        "C",
        "C",
        "C",
        "N",
        "C",
        "C",
        "C",
        "C",
        "C",
        "C",
        "C",
        "C",
        "C",
        "C",
        "C",
        "N",
        "H",
        "H",
        "H",
        "H",
        "H",
        "H",
        "H",
        "H",
        "H",
        "H",
        "H",
        "H",
        "H",
        "H"
      ],
      "charge": [
        -0.522889,
        0.73767,
        -0.520171,
        -0.273551,
        0.285919,
        -0.134862,
        -0.127187,
        0.15871,
        0.431035,
        -0.705587,
        0.256982,
        0.014044,
        -0.072998,
        0.004458,
        -0.019325,
        -0.010334,
        -0.068313,
        0.187211,
        -0.203221,
        -0.194894,
        0.264347,
        -0.302504,
        0.045495,
        0.047864,
        0.050163,
        0.339686,
        0.014631,
        0.006162,
        0.026613,
        0.036362,
        0.032449,
        0.033583,
        0.032722,
        0.047699,
        0.057056,
        0.044972
      ]
    },
    "structure": {
      "bonds": 1.2872226454407694,
      "angles": 117.85465784357928,
      "DA": 90.58317209738355
    },
    "rotational_constant": {
      "A": 0.221714,
      "B": 0.2579247,
      "C": 0.4407573
    },
    "rays_asymmetry_parameter": 0.6693740461360834,
    "excited_energy": "2.3345",
    "volume": 390.75722
  },
  "exciting_path_mean_volume": 389.82447666666667
}