{
  "charge": {
    "element": [
      "C",
      "C",
      "C",
      "C",
      "C",
      "C",
      "C",
      "C",
      "C",
      "C",
      "C",
      "C",
      "C",
      "C",
      "C",
      "C",
      "C",
      "C",
      "C",
      "C",
      "C",
      "C",
      "C",
      "C",
      "C",
      "C",
      "C",
      "C",
      "C",
      "C",
      "H",
      "H",
      "H",
      "H",
      "H",
      "H",
      "H",
      "H",
      "H",
      "H",
      "H",
      "H",
      "H",
      "H",
      "H",
      "H",
      "H",
      "H",
      "H",
      "H",
      "H",
      "H",
      "H",
      "H",
      "H",
      "H"
    ],
    "charge_variation": [
      0.0025489999999999957,
      -0.004524999999999994,
      0.0032049999999999995,
      0.0015359999999999957,
      -0.00016999999999999654,
      -0.003155000000000005,
      -0.002466999999999997,
      0.0013939999999999994,
      0.002374000000000001,
      -0.002676999999999999,
      -0.002484,
      -0.0010700000000000015,
      -0.001564999999999997,
      0.0002260000000000005,
      -0.003696999999999992,
      -0.0012770000000000004,
      -0.0011889999999999956,
      -0.0007259999999999975,
      0.00044500000000000095,
      0.0029880000000000045,
      0.0006180000000000005,
      -0.0026549999999999976,
      -0.0018240000000000062,
      -0.003614000000000006,
      0.00045500000000000054,
      -0.0013039999999999996,
      -0.0007519999999999992,
      -0.0023040000000000005,
      -0.000788999999999998,
      -0.0026520000000000016,
      -0.00046299999999999814,
      -0.0004930000000000004,
      -0.0005520000000000004,
      0.0006079999999999974,
      -0.0006289999999999976,
      0.00028299999999999853,
      0.0035670000000000007,
      0.0030179999999999964,
      -0.00013300000000000117,
      0.0014739999999999996,
      0.0002929999999999981,
      0.003587,
      0.0027779999999999958,
      -0.00017,
      -0.0003500000000000031,
      -0.0002579999999999978,
      -0.00039900000000000005,
      0.0003009999999999992,
      0.0027630000000000016,
      0.002659999999999999,
      0.0001370000000000017,
      0.0012040000000000002,
      -0.00021799999999999944,
      0.002740999999999997,
      0.002909000000000002,
      0.00044199999999999795
    ]
  },
  "ground_state": {
    "HOMO-LUMO": 2.2688169609995747,
    "charge": {
      "element": [
        "C",
        "C",
        "C",
        "C",
        "C",
        "C",
        "C",
        "C",
        "C",
        "C",
        "C",
        "C",
        "C",
        "C",
        "C",
        "C",
        "C",
        "C",
        "C",
        "C",
        "C",
        "C",
        "C",
        "C",
        "C",
        "C",
        "C",
        "C",
        "C",
        "C",
        "H",
        "H",
        "H",
        "H",
        "H",
        "H",
        "H",
        "H",
        "H",
        "H",
        "H",
        "H",
        "H",
        "H",
        "H",
        "H",
        "H",
        "H",
        "H",
        "H",
        "H",
        "H",
        "H",
        "H",
        "H",
        "H"
      ],
      "charge": [
        -0.068312,
        -0.059273,
        -0.049223,
        0.077879,
        -0.054654,
        -0.062736,
        0.0735,
        -0.020283,
        -0.018355,
        0.082693,
        -0.068149,
        -0.022163,
        -0.041464,
        -0.021416,
        -0.065516,
        0.069091,
        -0.063713,
        -0.056792,
        0.077426,
        -0.083456,
        -0.055991,
        -0.06155,
        0.082986,
        -0.066157,
        -0.021649,
        -0.041483,
        -0.022157,
        -0.067998,
        -0.063953,
        -0.055983,
        0.024047,
        0.019464,
        0.024074,
        0.045351,
        0.033565,
        0.029953,
        0.032225,
        0.030714,
        0.027372,
        0.02711,
        0.028209,
        0.031138,
        0.032183,
        0.029529,
        0.020473,
        0.020647,
        0.021662,
        0.03055,
        0.032769,
        0.031213,
        0.028186,
        0.02707,
        0.027379,
        0.030665,
        0.031353,
        0.031954
      ]
    },
    "structure": {
      "bonds": 1.2816744477210753,
      "angles": 118.68033184390454,
      "DA": 90.0472221200334
    },
    "rotational_constant": {
      "A": 0.0737665,
      "B": 0.099933,
      "C": 0.2250013
    },
    "rays_asymmetry_parameter": 0.6539619188176267,
    "volume": 612.13137
  },
  "excited_state": {
    "HOMO-LUMO": 1.2581345504721528,
    "charge": {
      "element": [
        "C",
        "C",
        "C",
        "C",
        "C",
        "C",
        "C",
        "C",
        "C",
        "C",
        "C",
        "C",
        "C",
        "C",
        "C",
        "C",
        "C",
        "C",
        "C",
        "C",
        "C",
        "C",
        "C",
        "C",
        "C",
        "C",
        "C",
        "C",
        "C",
        "C",
        "H",
        "H",
        "H",
        "H",
        "H",
        "H",
        "H",
        "H",
        "H",
        "H",
        "H",
        "H",
        "H",
        "H",
        "H",
        "H",
        "H",
        "H",
        "H",
        "H",
        "H",
        "H",
        "H",
        "H",
        "H",
        "H"
      ],
      "charge": [
        -0.065763,
        -0.063798,
        -0.046018,
        0.079415,
        -0.054824,
        -0.065891,
        0.071033,
        -0.018889,
        -0.015981,
        0.080016,
        -0.070633,
        -0.023233,
        -0.043029,
        -0.02119,
        -0.069213,
        0.067814,
        -0.064902,
        -0.057518,
        0.077871,
        -0.080468,
        -0.055373,
        -0.064205,
        0.081162,
        -0.069771,
        -0.021194,
        -0.042787,
        -0.022909,
        -0.070302,
        -0.064742,
        -0.058635,
        0.023584,
        0.018971,
        0.023522,
        0.045959,
        0.032936,
        0.030236,
        0.035792,
        0.033732,
        0.027239,
        0.028584,
        0.028502,
        0.034725,
        0.034961,
        0.029359,
        0.020123,
        0.020389,
        0.021263,
        0.030851,
        0.035532,
        0.033873,
        0.028323,
        0.028274,
        0.027161,
        0.033406,
        0.034262,
        0.032396
      ]
    },
    "structure": {
      "bonds": 1.2831886760274758,
      "angles": 118.67377082796641,
      "DA": 89.8325963143387
    },
    "rotational_constant": {
      "A": 0.0762562,
      "B": 0.0994953,
      "C": 0.2247617
    },
    "rays_asymmetry_parameter": 0.6870270798051251,
    "excited_energy": "2.1199",
    "volume": 607.88747
  },
  "exciting_path_mean_volume": 609.4796683333333
}