{
  "s0_rotational_constant_a": 0.026818,
  "s0_rotational_constant_b": 0.0291425,
  "s0_rotational_constant_c": 0.1936963,
  "s1_rotational_constant_a": 0.0271637,
  "s1_rotational_constant_b": 0.0292636,
  "s1_rotational_constant_c": 0.1934219,
  "s0_rays_asymmetry_parameter": 0.9721413748821747,
  "s1_rays_asymmetry_parameter": 0.9747392910545162,
  "s0_volume": 747.4858,
  "s1_volume": 745.80289,
  "delta_volume": -1.6829099999999926,
  "s0_homo_lumo_gap": 1.7693656592614948,
  "s1_homo_lumo_gap": 1.3564383872783305,
  "delta_gap": -0.41292727198316426,
  "s0_dihedral_avg": 90.06881709960666,
  "s1_dihedral_avg": 90.17213150108869,
  "delta_dihedral": 0.10331440148202375,
  "delta_dipole": {
    "element": [
      "C",
      "C",
      "N",
      "C",
      "C",
      "C",
      "C",
      "C",
      "C",
      "C",
      "C",
      "C",
      "C",
      "C",
      "C",
      "C",
      "C",
      "C",
      "C",
      "C",
      "C",
      "C",
      "C",
      "C",
      "C",
      "C",
      "C",
      "C",
      "C",
      "C",
      "C",
      "C",
      "C",
      "C",
      "C",
      "C",
      "C",
      "C",
      "O",
      "O",
      "H",
      "H",
      "H",
      "H",
      "H",
      "H",
      "H",
      "H",
      "H",
      "H",
      "H",
      "H",
      "H",
      "H",
      "H",
      "H",
      "H",
      "H",
      "H",
      "H",
      "H",
      "H",
      "H",
      "H",
      "H",
      "H",
      "H"
    ],
    "charge_variation": [
      0.0004200000000000037,
      -0.007182000000000022,
      -0.0004630000000001022,
      0.004341999999999985,
      0.00011999999999999511,
      0.001459000000000002,
      0.0013059999999999947,
      0.0015670000000000128,
      0.003253000000000006,
      -0.002002999999999998,
      0.0022970000000000004,
      -0.0009499999999999995,
      0.0023060000000000025,
      -0.0021249999999999984,
      0.000897000000000002,
      0.0002410000000000051,
      -0.0015290000000000026,
      0.0006420000000000002,
      -0.0006480000000000027,
      -5.099999999999896e-05,
      -0.0018269999999999953,
      -0.0005799999999999972,
      -0.0017319999999999974,
      0.0008780000000000003,
      -0.00018699999999999967,
      -0.00027500000000000094,
      -0.0019600000000000034,
      0.0012250000000000039,
      -0.003739000000000006,
      0.00032099999999999837,
      -0.0012770000000000004,
      0.0011019999999999988,
      -0.0027609999999999996,
      -0.0011649999999999994,
      0.0011110000000000009,
      0.0015119999999999995,
      0.002213000000000003,
      -0.009894999999999987,
      -0.02059499999999992,
      0.010124999999999995,
      -0.00027599999999999847,
      -0.0008479999999999981,
      0.001294,
      0.004380000000000002,
      0.001174999999999999,
      -0.0007429999999999937,
      4.699999999999843e-05,
      0.0005900000000000002,
      0.0009300000000000003,
      0.0005299999999999992,
      0.0006330000000000016,
      0.00029900000000000065,
      0.0022530000000000015,
      0.001014000000000001,
      0.0004559999999999981,
      0.0003139999999999983,
      0.0003490000000000021,
      0.0022690000000000037,
      0.0024840000000000036,
      0.0003600000000000027,
      0.0003359999999999995,
      0.0005460000000000013,
      0.0013230000000000047,
      0.0017639999999999982,
      0.00021100000000000285,
      -0.0007280000000000064,
      0.0026460000000000025
    ]
  },
  "excitation_energy": "1.6616",
  "exciting_path_mean_volume": 746.199505,
  "s0_bonds_avg": 1.2854367861377776,
  "s1_bonds_avg": 1.2907633936236111,
  "s0_angles_avg": 119.19509215626131,
  "s1_angles_avg": 119.19625782901694,
  "delta_bonds": 0.005326607485833579,
  "delta_angles": 0.0011656727556328406
}