{
  "s0_rotational_constant_a": 0.0527431,
  "s0_rotational_constant_b": 0.059504,
  "s0_rotational_constant_c": 0.3817336,
  "s1_rotational_constant_a": 0.0531054,
  "s1_rotational_constant_b": 0.0596171,
  "s1_rotational_constant_c": 0.3725847,
  "s0_rays_asymmetry_parameter": 0.9588991171477595,
  "s1_rays_asymmetry_parameter": 0.9592355435860789,
  "s0_volume": 551.9381,
  "s1_volume": 552.76921,
  "delta_volume": 0.8311100000000806,
  "s0_homo_lumo_gap": 1.0598533768975598,
  "s1_homo_lumo_gap": 0.025314748209265048,
  "delta_gap": -1.0345386286882947,
  "s0_dihedral_avg": 90.14029409277511,
  "s1_dihedral_avg": 90.34887801390728,
  "delta_dihedral": 0.20858392113217405,
  "delta_dipole": {
    "element": [
      "C",
      "N",
      "C",
      "C",
      "C",
      "C",
      "C",
      "C",
      "C",
      "C",
      "C",
      "N",
      "C",
      "C",
      "C",
      "C",
      "C",
      "C",
      "C",
      "C",
      "C",
      "C",
      "C",
      "C",
      "C",
      "C",
      "C",
      "C",
      "H",
      "H",
      "H",
      "H",
      "H",
      "H",
      "H",
      "H",
      "H",
      "H",
      "H",
      "H",
      "H",
      "H",
      "H",
      "H",
      "H",
      "H",
      "H",
      "H",
      "H",
      "H",
      "H"
    ],
    "charge_variation": [
      -0.021954,
      0.154231,
      -0.057119,
      0.043713,
      -0.024664999999999992,
      0.016767000000000004,
      -0.016378,
      0.015058,
      -0.024795,
      0.03484000000000001,
      -0.018120000000000025,
      -0.057699,
      0.027581000000000022,
      -0.014192999999999983,
      0.00025600000000000015,
      -0.022696999999999995,
      0.0017189999999999998,
      -0.027544999999999986,
      0.027119999999999977,
      -0.013765,
      -4.799999999999943e-05,
      -0.022267999999999996,
      0.001706,
      -0.026715000000000017,
      0.03323499999999999,
      -0.027073999999999997,
      0.05281300000000001,
      -0.06952199999999997,
      0.006058000000000001,
      0.0035159999999999983,
      0.0032310000000000012,
      0.012287,
      0.010405000000000005,
      0.003599000000000005,
      0.0009240000000000012,
      -0.0005170000000000036,
      -0.0018700000000000036,
      0.0020989999999999967,
      -0.0032350000000000018,
      -0.001925000000000003,
      -0.004563999999999999,
      -0.004090999999999997,
      0.002006000000000001,
      -0.0032360000000000028,
      -0.0019509999999999944,
      -0.004462000000000001,
      -0.003964000000000002,
      -0.001915,
      -0.0019990000000000008,
      0.009995000000000004,
      0.015123999999999999
    ]
  },
  "excitation_energy": "0.0331",
  "exciting_path_mean_volume": 552.4165316666666,
  "s0_bonds_avg": 1.2660170681909262,
  "s1_bonds_avg": 1.2631412851831485,
  "s0_angles_avg": 119.27078021028417,
  "s1_angles_avg": 119.27180758288237,
  "delta_bonds": -0.002875783007777688,
  "delta_angles": 0.0010273725982017368
}