{
  "s0_rotational_constant_a": 0.0527431,
  "s0_rotational_constant_b": 0.059504,
  "s0_rotational_constant_c": 0.3817336,
  "s1_rotational_constant_a": 0.0531054,
  "s1_rotational_constant_b": 0.0596171,
  "s1_rotational_constant_c": 0.3725847,
  "s0_rays_asymmetry_parameter": 0.9588991171477595,
  "s1_rays_asymmetry_parameter": 0.9592355435860789,
  "s0_volume": 551.9381,
  "s1_volume": 552.76921,
  "delta_volume": 0.8311100000000806,
  "s0_homo_lumo_gap": 1.0598533768975598,
  "s1_homo_lumo_gap": 0.025314748209265048,
  "delta_gap": -1.0345386286882947,
  "s0_dihedral_avg": 13.74281106634892,
  "s1_dihedral_avg": -6.2913767112862695,
  "delta_dihedral": -20.03418777763519,
  "delta_dipole": null,
  "excitation_energy": "0.0331",
  "exciting_path_mean_volume": 552.4165316666666,
  "s0_bonds_avg": 1.2660170681909262,
  "s1_bonds_avg": 1.2631412851831485,
  "s0_angles_avg": 119.27078021028417,
  "s1_angles_avg": 119.27180758288237
}