{
  "s0_rotational_constant_a": 0.0463993,
  "s0_rotational_constant_b": 0.0650409,
  "s0_rotational_constant_c": 0.1144194,
  "s1_rotational_constant_a": 0.0463096,
  "s1_rotational_constant_b": 0.0651888,
  "s1_rotational_constant_c": 0.1152645,
  "s0_rays_asymmetry_parameter": 0.45187966498138066,
  "s1_rays_asymmetry_parameter": 0.45241889988963796,
  "s0_volume": 830.93223,
  "s1_volume": 828.85171,
  "delta_volume": -2.0805199999999786,
  "s0_homo_lumo_gap": 2.2122091240655406,
  "s1_homo_lumo_gap": 1.7007140648756502,
  "delta_gap": -0.5114950591898904,
  "s0_dihedral_avg": 91.91771127823364,
  "s1_dihedral_avg": 93.212304770728,
  "delta_dihedral": 1.2945934924943572,
  "delta_dipole": {
    "element": [
      "C",
      "Si",
      "C",
      "C",
      "C",
      "C",
      "C",
      "C",
      "C",
      "C",
      "C",
      "C",
      "C",
      "C",
      "C",
      "C",
      "C",
      "C",
      "C",
      "C",
      "C",
      "C",
      "C",
      "C",
      "Si",
      "C",
      "C",
      "C",
      "Si",
      "C",
      "C",
      "C",
      "C",
      "C",
      "C",
      "C",
      "H",
      "H",
      "H",
      "H",
      "H",
      "H",
      "H",
      "H",
      "H",
      "H",
      "H",
      "H",
      "H",
      "H",
      "H",
      "H",
      "H",
      "H",
      "H",
      "H",
      "H",
      "H",
      "H",
      "H",
      "H",
      "H",
      "H",
      "H",
      "H",
      "H",
      "H",
      "H",
      "H",
      "H",
      "H",
      "H"
    ],
    "charge_variation": [
      -0.002288,
      -4.699999999999843e-05,
      -0.0010819999999999996,
      -0.0008590000000000004,
      -0.0038629999999999776,
      0.009884,
      -0.011931000000000004,
      0.008611000000000002,
      -0.0032049999999999995,
      -0.000900999999999999,
      0.000511000000000001,
      -0.003483,
      0.0009810000000000027,
      -0.0037970000000000087,
      0.008024,
      -0.0033310000000000006,
      -0.0016180000000000083,
      0.0008620000000000017,
      -0.003379,
      0.0006350000000000001,
      -0.0022830000000000003,
      -0.010390000000000003,
      0.012526000000000002,
      -0.007630999999999999,
      0.00037399999999999933,
      0.0004090000000000014,
      -0.0014929999999999995,
      0.00014899999999999983,
      -0.006327999999999986,
      0.004691999999999998,
      0.0018549999999999955,
      0.0008529999999999996,
      -0.0007060000000000018,
      -7.400000000000462e-05,
      2.7999999999996777e-05,
      0.0003840000000000024,
      -9.999999999999593e-06,
      -7.000000000000062e-05,
      -4.900000000000043e-05,
      0.0002009999999999998,
      0.00025799999999999955,
      -8.199999999999874e-05,
      0.00036500000000000074,
      -9.699999999999986e-05,
      0.0003620000000000012,
      0.0011280000000000005,
      -9.699999999999986e-05,
      0.0015489999999999983,
      0.0004049999999999991,
      0.0043259999999999965,
      0.0014250000000000027,
      -0.0002689999999999984,
      0.0013179999999999997,
      0.0002489999999999992,
      0.003707000000000002,
      0.00034299999999999956,
      6.299999999999709e-05,
      0.00016699999999999875,
      -9.999999999999593e-06,
      -0.00011599999999999805,
      -3.799999999999984e-05,
      -0.00011200000000000099,
      8.500000000000174e-05,
      -0.00014899999999999983,
      0.0005809999999999982,
      0.0009860000000000008,
      0.0007769999999999999,
      0.0001409999999999953,
      0.00027599999999999847,
      2.2999999999998716e-05,
      7.700000000000068e-05,
      0.00019600000000000173
    ]
  },
  "excitation_energy": "2.6378",
  "exciting_path_mean_volume": 829.7614783333333,
  "s0_bonds_avg": 1.323093844622,
  "s1_bonds_avg": 1.3288069100709334,
  "delta_bonds": 0.005713065448933463,
  "s0_angles_avg": 116.57768637141209,
  "s1_angles_avg": 116.53916157074102,
  "delta_angles": -0.03852480067106967
}