{
  "s0_rotational_constant_a": 0.0822942,
  "s0_rotational_constant_b": 0.098553,
  "s0_rotational_constant_c": 0.1228481,
  "s1_rotational_constant_a": 0.0816667,
  "s1_rotational_constant_b": 0.0983456,
  "s1_rotational_constant_c": 0.1245312,
  "s0_rays_asymmetry_parameter": 0.198163431877082,
  "s1_rays_asymmetry_parameter": 0.2217849269208781,
  "s0_volume": 735.9446,
  "s1_volume": 733.73115,
  "delta_volume": -2.21345000000008,
  "s0_homo_lumo_gap": 2.135568268071354,
  "s1_homo_lumo_gap": 1.3419156729718869,
  "delta_gap": -0.7936525950994673,
  "s0_dihedral_avg": 90.33801836607138,
  "s1_dihedral_avg": 90.04358582857573,
  "delta_dihedral": -0.294432537495652,
  "delta_dipole": {
    "element": [
      "O",
      "P",
      "C",
      "C",
      "C",
      "C",
      "C",
      "C",
      "C",
      "C",
      "C",
      "C",
      "C",
      "C",
      "C",
      "C",
      "C",
      "C",
      "C",
      "C",
      "C",
      "C",
      "C",
      "C",
      "C",
      "C",
      "C",
      "C",
      "C",
      "C",
      "C",
      "C",
      "C",
      "C",
      "C",
      "C",
      "C",
      "C",
      "C",
      "C",
      "H",
      "H",
      "H",
      "H",
      "H",
      "H",
      "H",
      "H",
      "H",
      "H",
      "H",
      "H",
      "H",
      "H",
      "H",
      "H",
      "H",
      "H",
      "H",
      "H",
      "H",
      "H",
      "H",
      "H",
      "H",
      "H",
      "H"
    ],
    "charge_variation": [
      0.011788999999999994,
      -0.044063000000000005,
      -0.007117000000000012,
      -0.0011530000000000012,
      -0.002211000000000001,
      -0.004012999999999999,
      -0.0007670000000000003,
      -0.00198,
      -0.037801,
      0.0072479999999999975,
      -0.007849000000000002,
      -0.0019440000000000013,
      0.001517000000000001,
      7.800000000000168e-05,
      0.010531999999999993,
      0.005809999999999996,
      -4.699999999999843e-05,
      0.0017609999999999987,
      -0.0036159999999999942,
      0.0009289999999999993,
      0.002020999999999995,
      0.029893000000000003,
      -0.0014990000000000003,
      -0.0027259999999999993,
      -0.00016599999999999948,
      0.0036099999999999986,
      -0.0005580000000000029,
      0.006420000000000002,
      -0.0010959999999999998,
      -0.0024029999999999954,
      0.001365,
      0.0009849999999999998,
      0.0012359999999999975,
      0.0014340000000000047,
      0.0068110000000000046,
      0.0020820000000000005,
      0.0025459999999999997,
      -0.0027769999999999948,
      0.010763,
      0.010872999999999994,
      -0.0022730000000000007,
      -0.0015879999999999991,
      -0.0008230000000000008,
      -0.0010410000000000003,
      7.599999999999968e-05,
      0.0011579999999999993,
      -0.00044299999999999895,
      -5.100000000000243e-05,
      0.0006929999999999992,
      0.0007449999999999957,
      -0.0008899999999999984,
      0.0002329999999999971,
      -0.001076999999999998,
      0.0004569999999999991,
      0.0012030000000000027,
      0.00018400000000000014,
      0.000962000000000001,
      0.0016280000000000044,
      0.0002560000000000062,
      -3.400000000000278e-05,
      0.00033400000000000096,
      0.0007969999999999991,
      -0.0005549999999999999,
      0.00035299999999999915,
      0.002197000000000001,
      0.0013800000000000062,
      0.0001989999999999978
    ]
  },
  "excitation_energy": "1.8269",
  "exciting_path_mean_volume": 734.7445033333333,
  "s0_bonds_avg": 1.30577766539,
  "s1_bonds_avg": 1.30810988616,
  "s0_angles_avg": 119.41718146409498,
  "s1_angles_avg": 119.35116717679931,
  "delta_bonds": 0.0023322207700000597,
  "delta_angles": -0.0660142872956726
}