{
  "s0_rotational_constant_a": 0.0822942,
  "s0_rotational_constant_b": 0.098553,
  "s0_rotational_constant_c": 0.1228481,
  "s1_rotational_constant_a": 0.0816667,
  "s1_rotational_constant_b": 0.0983456,
  "s1_rotational_constant_c": 0.1245312,
  "s0_rays_asymmetry_parameter": 0.198163431877082,
  "s1_rays_asymmetry_parameter": 0.2217849269208781,
  "s0_volume": 735.9446,
  "s1_volume": 733.73115,
  "delta_volume": -2.21345000000008,
  "s0_homo_lumo_gap": 2.135568268071354,
  "s1_homo_lumo_gap": 1.3419156729718869,
  "delta_gap": -0.7936525950994673,
  "s0_dihedral_avg": -0.9461658686204736,
  "s1_dihedral_avg": 3.4293279876984197,
  "delta_dihedral": 4.375493856318894,
  "delta_dipole": null,
  "excitation_energy": "1.8269",
  "exciting_path_mean_volume": 734.7445033333333,
  "s0_bonds_avg": 1.30577766539,
  "s1_bonds_avg": 1.30810988616,
  "s0_angles_avg": 119.41718146409498,
  "s1_angles_avg": 119.35116717679931
}