{
  "s0_rotational_constant_a": 0.020604,
  "s0_rotational_constant_b": 0.0213311,
  "s0_rotational_constant_c": 0.1766341,
  "s1_rotational_constant_a": 0.0203807,
  "s1_rotational_constant_b": 0.0208742,
  "s1_rotational_constant_c": 0.1639578,
  "s0_rays_asymmetry_parameter": 0.9906800034095986,
  "s1_rays_asymmetry_parameter": 0.9931256446884636,
  "s0_volume": 876.73942,
  "s1_volume": 880.54374,
  "delta_volume": 3.8043199999999615,
  "s0_homo_lumo_gap": 1.3627786391677836,
  "s1_homo_lumo_gap": 0.6110642252358089,
  "delta_gap": -0.7517144139319747,
  "s0_dihedral_avg": 9.492581403233036,
  "s1_dihedral_avg": 1.5461380693164277,
  "delta_dihedral": -7.9464433339166085,
  "delta_dipole": null,
  "excitation_energy": "0.7734",
  "exciting_path_mean_volume": 876.6055233333333,
  "s0_bonds_avg": 1.2446915094789999,
  "s1_bonds_avg": 1.2424822543014442,
  "s0_angles_avg": 113.96182502815486,
  "s1_angles_avg": 114.01863681847449
}