{
  "s0_rotational_constant_a": 0.020604,
  "s0_rotational_constant_b": 0.0213311,
  "s0_rotational_constant_c": 0.1766341,
  "s1_rotational_constant_a": 0.0203807,
  "s1_rotational_constant_b": 0.0208742,
  "s1_rotational_constant_c": 0.1639578,
  "s0_rays_asymmetry_parameter": 0.9906800034095986,
  "s1_rays_asymmetry_parameter": 0.9931256446884636,
  "s0_volume": 876.73942,
  "s1_volume": 880.54374,
  "delta_volume": 3.8043199999999615,
  "s0_homo_lumo_gap": 1.3627786391677836,
  "s1_homo_lumo_gap": 0.6110642252358089,
  "delta_gap": -0.7517144139319747,
  "s0_dihedral_avg": 97.00025229298559,
  "s1_dihedral_avg": 93.24917400263678,
  "delta_dihedral": -3.751078290348815,
  "delta_dipole": {
    "element": [
      "C",
      "C",
      "C",
      "C",
      "C",
      "C",
      "C",
      "C",
      "O",
      "C",
      "C",
      "C",
      "C",
      "C",
      "C",
      "N",
      "C",
      "C",
      "C",
      "C",
      "C",
      "C",
      "C",
      "N",
      "C",
      "C",
      "C",
      "S",
      "O",
      "O",
      "O",
      "C",
      "C",
      "C",
      "C",
      "C",
      "C",
      "C",
      "N",
      "C",
      "C",
      "C",
      "C",
      "H",
      "H",
      "H",
      "H",
      "H",
      "H",
      "H",
      "H",
      "H",
      "H",
      "H",
      "H",
      "H",
      "H",
      "H",
      "H",
      "H",
      "H",
      "H",
      "H",
      "H",
      "H",
      "H",
      "H",
      "H",
      "H",
      "H",
      "H",
      "H",
      "H",
      "H",
      "H",
      "H",
      "H",
      "H",
      "H",
      "H",
      "H",
      "H",
      "H",
      "H",
      "H",
      "H",
      "H",
      "H"
    ],
    "charge_variation": [
      -0.0062560000000000116,
      0.0026260000000000033,
      -0.0019650000000000015,
      0.007087999999999997,
      -0.005158000000000003,
      -0.000503,
      0.0025210000000000093,
      -0.0033059999999999756,
      0.008135999999999921,
      -0.01596700000000001,
      0.01300699999999999,
      -0.016883,
      0.013889999999999998,
      0.008402,
      -0.009855999999999976,
      0.017714000000000008,
      0.004042000000000004,
      0.011751999999999999,
      0.0023510000000000024,
      0.005253999999999998,
      0.006017999999999996,
      0.0035269999999999885,
      0.009782999999999986,
      -0.054344,
      0.013317999999999997,
      0.001902000000000001,
      -0.005956000000000003,
      -0.01289499999999999,
      0.02207799999999993,
      -0.021944999999999992,
      0.015866000000000047,
      0.010745000000000005,
      -0.0016070000000000112,
      0.0021929999999999936,
      0.015908,
      -0.020864999999999995,
      -0.006311000000000011,
      -0.02358300000000002,
      0.03390099999999996,
      -9.999999999732445e-07,
      -0.012096999999999997,
      -0.0014699999999999713,
      -0.006973999999999994,
      -0.0015420000000000017,
      -0.0008619999999999982,
      -0.000281,
      0.011512999999999999,
      -0.0007530000000000002,
      -0.0011339999999999996,
      -0.0022850000000000006,
      0.0027779999999999992,
      -0.0011040000000000008,
      -0.000678999999999999,
      0.0007230000000000014,
      0.0023630000000000005,
      -0.0020500000000000015,
      -0.005712999999999999,
      0.005809000000000002,
      -0.0004599999999999999,
      0.0003609999999999998,
      -0.020069000000000004,
      0.0008480000000000015,
      -0.010927,
      0.0011750000000000024,
      0.00037200000000000427,
      0.0033589999999999974,
      -0.00019700000000000013,
      -0.003068999999999999,
      0.0007589999999999993,
      -0.0024269999999999986,
      0.002569000000000002,
      -0.0002520000000000022,
      0.00016300000000000342,
      0.0015579999999999969,
      0.002917000000000003,
      -0.002016999999999998,
      0.00033199999999999896,
      -0.0008079999999999962,
      0.0017169999999999998,
      0.0020700000000000007,
      0.0011569999999999983,
      0.002405000000000001,
      0.0003239999999999979,
      0.006223,
      -0.0018640000000000002,
      0.004090999999999997,
      0.0012250000000000004,
      -0.002402999999999999
    ]
  },
  "excitation_energy": "0.7734",
  "exciting_path_mean_volume": 876.6055233333333,
  "s0_bonds_avg": 1.2446915094789999,
  "s1_bonds_avg": 1.2424822543014442,
  "s0_angles_avg": 113.96182502815486,
  "s1_angles_avg": 114.01863681847449,
  "delta_bonds": -0.002209255177555658,
  "delta_angles": 0.05681179031962813
}