{
  "s0_rotational_constant_a": 0.0708158,
  "s0_rotational_constant_b": 0.0840456,
  "s0_rotational_constant_c": 0.3665091,
  "s1_rotational_constant_a": 0.0732543,
  "s1_rotational_constant_b": 0.0832234,
  "s1_rotational_constant_c": 0.3631886,
  "s0_rays_asymmetry_parameter": 0.91051674150209,
  "s1_rays_asymmetry_parameter": 0.9312320066994487,
  "s0_volume": 496.32712,
  "s1_volume": 496.95804,
  "delta_volume": 0.6309200000000033,
  "s0_homo_lumo_gap": 1.7815618004497065,
  "s1_homo_lumo_gap": 1.1231361657134955,
  "delta_gap": -0.658425634736211,
  "s0_dihedral_avg": 12.80832827070077,
  "s1_dihedral_avg": 4.753517821479025,
  "delta_dihedral": -8.054810449221744,
  "delta_dipole": null,
  "excitation_energy": "1.2997",
  "exciting_path_mean_volume": 497.4408866666667,
  "s0_bonds_avg": 1.298433207091087,
  "s1_bonds_avg": 1.291154032340652,
  "s0_angles_avg": 119.64594153522738,
  "s1_angles_avg": 119.6473778540836
}