{"charge": {"element": ["O", "C", "C", "C", "C", "C", "C", "C", "C", "C", "N", "C", "C", "C", "C", "C", "C", "C", "C", "C", "C", "C", "C", "C", "C", "S", "H", "H", "H", "H", "H", "H", "H", "H", "H", "H", "H", "H", "H", "H", "H", "H", "H"], "charge_variation": [-0.02417999999999998, -0.008820999999999968, 0.011583000000000003, 0.002674999999999997, 0.019254999999999994, -0.023108000000000004, 0.033487, -0.014247000000000003, 0.04474600000000001, -0.013588000000000044, 0.017869000000000024, 0.007832000000000006, -0.01991900000000002, 0.006416, -0.024045999999999998, 0.010873, -0.04123300000000002, 0.00926100000000002, -0.044416999999999984, 0.013624, -0.02720299999999999, 0.007603, -0.025388999999999995, 0.04413, -0.016003000000000003, 0.042761999999999994, 0.0003500000000000031, 0.004402000000000003, 0.0009099999999999941, 0.003734000000000001, 0.0005920000000000022, 0.004083999999999997, -0.001065, -0.00024300000000000016, -0.0029570000000000013, -0.0020950000000000066, -0.0019890000000000047, -0.002512999999999998, -6.600000000000356e-05, -0.0014069999999999985, 0.0036860000000000018, 0.0004930000000000004, 0.004118000000000004]}, "ground_state": {"HOMO-LUMO": 1.7815618004497065, "structure": {"bonds": 1.298433207091087, "angles": 119.64594153522738, "DA": 12.80832827070077}, "rotational_constant": {"A": 0.0708158, "B": 0.0840456, "C": 0.3665091}, "rays_asymmetry_parameter": 0.91051674150209, "volume": 496.32712}, "excited_state": {"HOMO-LUMO": 1.1231361657134955, "structure": {"bonds": 1.291154032340652, "angles": 119.6473778540836, "DA": 4.753517821479025}, "rotational_constant": {"A": 0.0732543, "B": 0.0832234, "C": 0.3631886}, "rays_asymmetry_parameter": 0.9312320066994487, "excited_energy": "1.2997", "volume": 496.95804}, "exciting_path_mean_volume": 497.4408866666667}