{
  "s0_rotational_constant_a": 0.0213783,
  "s0_rotational_constant_b": 0.0310744,
  "s0_rotational_constant_c": 0.0535851,
  "s1_rotational_constant_a": 0.0230194,
  "s1_rotational_constant_b": 0.0300598,
  "s1_rotational_constant_c": 0.0784835,
  "s0_rays_asymmetry_parameter": 0.39788491871281834,
  "s1_rays_asymmetry_parameter": 0.7461276753792092,
  "s0_volume": 909.48212,
  "s1_volume": 906.08278,
  "delta_volume": -3.399340000000052,
  "s0_homo_lumo_gap": 1.5927855624329936,
  "s1_homo_lumo_gap": 0.09236087108662105,
  "delta_gap": -1.5004246913463726,
  "s0_dihedral_avg": 4.135731744589165,
  "s1_dihedral_avg": 3.0161660858749135,
  "delta_dihedral": -1.1195656587142517,
  "delta_dipole": null,
  "excitation_energy": "0.1068",
  "exciting_path_mean_volume": 909.2747899999999,
  "s0_bonds_avg": 1.281430754047931,
  "s1_bonds_avg": 1.2863804445711493,
  "s0_angles_avg": 117.43339412711592,
  "s1_angles_avg": 117.10802127384378
}