{
  "s0_rotational_constant_a": 0.0389304,
  "s0_rotational_constant_b": 0.0448502,
  "s0_rotational_constant_c": 0.2557418,
  "s1_rotational_constant_a": 0.0389731,
  "s1_rotational_constant_b": 0.0442287,
  "s1_rotational_constant_c": 0.2557187,
  "s0_rays_asymmetry_parameter": 0.9453921703379066,
  "s1_rays_asymmetry_parameter": 0.9515044365375813,
  "s0_volume": 558.68635,
  "s1_volume": 561.04857,
  "delta_volume": 2.362220000000093,
  "s0_homo_lumo_gap": 1.784549610138384,
  "s1_homo_lumo_gap": 1.3064973388117482,
  "delta_gap": -0.47805227132663575,
  "s0_dihedral_avg": 91.21335143662613,
  "s1_dihedral_avg": 90.74107976394576,
  "delta_dihedral": -0.47227167268036396,
  "delta_dipole": {
    "element": [
      "C",
      "O",
      "C",
      "C",
      "C",
      "C",
      "C",
      "N",
      "C",
      "C",
      "C",
      "C",
      "F",
      "F",
      "F",
      "C",
      "C",
      "C",
      "F",
      "F",
      "F",
      "C",
      "C",
      "C",
      "C",
      "C",
      "C",
      "N",
      "C",
      "C",
      "C",
      "C",
      "C",
      "H",
      "H",
      "H",
      "H",
      "H",
      "H",
      "H",
      "H",
      "H",
      "H",
      "H",
      "H",
      "H",
      "H",
      "H",
      "H",
      "H",
      "H"
    ],
    "charge_variation": [
      -0.005379999999999996,
      0.008844999999999992,
      -0.020477999999999996,
      -0.009148000000000003,
      -0.010175,
      0.033967000000000004,
      -0.003022999999999998,
      0.01616200000000001,
      -0.012714000000000003,
      -0.003932999999999992,
      0.013439000000000006,
      0.0005830000000000002,
      -0.00042400000000009097,
      -0.0007679999999999909,
      -0.0004429999999999712,
      -0.009551000000000004,
      0.007608000000000004,
      -0.001116000000000117,
      0.0006919999999999149,
      -0.0007469999999999422,
      -0.003082999999999947,
      0.002707000000000001,
      0.014743999999999993,
      -0.011415999999999996,
      0.008015000000000008,
      -0.03637700000000002,
      -0.0018920000000000048,
      0.022897000000000056,
      -0.0011120000000000019,
      0.0005010000000000014,
      -0.005580000000000002,
      0.0004270000000000003,
      0.009750999999999996,
      0.0027710000000000026,
      0.0005240000000000002,
      -0.0021660000000000013,
      0.0071410000000000015,
      0.004941000000000001,
      0.005467,
      -0.0012459999999999971,
      -0.019638999999999997,
      0.0016180000000000014,
      0.0015309999999999976,
      0.0027949999999999997,
      -0.0016940000000000002,
      -0.002105000000000001,
      -0.002079,
      -0.0005640000000000003,
      0.003137,
      -0.002136000000000006,
      -0.0012679999999999983
    ]
  },
  "excitation_energy": "1.7457",
  "exciting_path_mean_volume": 559.3318033333334,
  "s0_bonds_avg": 1.2885954181349057,
  "s1_bonds_avg": 1.293167507414906,
  "s0_angles_avg": 116.84936681402202,
  "s1_angles_avg": 116.97030597289087,
  "delta_bonds": 0.004572089280000302,
  "delta_angles": 0.12093915886885043
}