{
  "s0_rotational_constant_a": 0.0389304,
  "s0_rotational_constant_b": 0.0448502,
  "s0_rotational_constant_c": 0.2557418,
  "s1_rotational_constant_a": 0.0389731,
  "s1_rotational_constant_b": 0.0442287,
  "s1_rotational_constant_c": 0.2557187,
  "s0_rays_asymmetry_parameter": 0.9453921703379066,
  "s1_rays_asymmetry_parameter": 0.9515044365375813,
  "s0_volume": 558.68635,
  "s1_volume": 561.04857,
  "delta_volume": 2.362220000000093,
  "s0_homo_lumo_gap": 1.784549610138384,
  "s1_homo_lumo_gap": 1.3064973388117482,
  "delta_gap": -0.47805227132663575,
  "s0_dihedral_avg": 14.111417394210621,
  "s1_dihedral_avg": -0.3473419621333943,
  "delta_dihedral": -14.458759356344014,
  "delta_dipole": null,
  "excitation_energy": "1.7457",
  "exciting_path_mean_volume": 559.3318033333334,
  "s0_bonds_avg": 1.2885954181349057,
  "s1_bonds_avg": 1.293167507414906,
  "s0_angles_avg": 116.84936681402202,
  "s1_angles_avg": 116.97030597289087
}