{"charge": {"element": ["O", "C", "C", "C", "N", "C", "C", "C", "C", "C", "C", "O", "N", "C", "C", "C", "C", "C", "C", "C", "H", "H", "H", "H", "H", "H", "H", "H", "H", "H", "H", "H", "H", "H", "H", "H", "H", "H"], "charge_variation": [0.16642800000000002, -0.17784, -0.23120599999999997, -0.575286, -0.18920099999999995, 0.0063730000000000175, 0.004041999999999997, 0.0008179999999999993, 0.005287, 0.004060999999999981, -0.29668300000000003, -0.18653999999999993, -0.05620500000000006, 0.007601999999999998, 0.54776, 0.197376, 0.074248, 0.48138699999999995, 0.081992, 0.25107, 0.003498000000000001, -0.009031999999999998, -0.006175999999999999, 0.002089999999999998, 0.00032000000000000084, -0.0003359999999999995, 0.0015800000000000015, 0.001565999999999998, -0.0004449999999999975, -0.008106999999999996, -0.007977, 0.004224000000000002, -0.033484, -0.024168, -0.006848, -0.00042500000000000177, -0.010756000000000002, -0.021003]}, "ground_state": {"HOMO-LUMO": 2.820301866441571, "charge": {"element": ["O", "C", "C", "C", "N", "C", "C", "C", "C", "C", "C", "O", "N", "C", "C", "C", "C", "C", "C", "C", "H", "H", "H", "H", "H", "H", "H", "H", "H", "H", "H", "H", "H", "H", "H", "H", "H", "H"], "charge": [-0.777358, 0.978202, -0.439868, 0.364565, -0.578488, 0.26303, -0.052361, -0.026059, -0.048626, 0.253238, 0.94355, -0.806687, -0.607282, 0.259081, 0.024714, -0.057393, -0.026668, -0.042166, -0.023898, -0.053719, 0.075069, -0.006391, 0.016141, 0.026113, 0.01604, 0.01418, 0.01959, 0.026335, 0.01782, 0.042559, -0.010402, 0.014913, 0.019868, 0.045022, 0.030013, 0.028407, 0.030741, 0.048174]}, "structure": {"bonds": 1.270425916166, "angles": 114.57815022220915, "DA": 2.827392869192291}, "rotational_constant": {"A": 0.1612073, "B": 0.1800666, "C": 0.6978122}, "rays_asymmetry_parameter": 0.9297088043735718, "volume": 393.84008}, "excited_state": {"HOMO-LUMO": 0.06893459275344282, "charge": {"element": ["O", "C", "C", "C", "N", "C", "C", "C", "C", "C", "C", "O", "N", "C", "C", "C", "C", "C", "C", "C", "H", "H", "H", "H", "H", "H", "H", "H", "H", "H", "H", "H", "H", "H", "H", "H", "H", "H"], "charge": [-0.61093, 0.800362, -0.671074, -0.210721, -0.767689, 0.269403, -0.048319, -0.025241, -0.043339, 0.257299, 0.646867, -0.993227, -0.663487, 0.266683, 0.572474, 0.139983, 0.04758, 0.439221, 0.058094, 0.197351, 0.078567, -0.015423, 0.009965, 0.028203, 0.01636, 0.013844, 0.02117, 0.027901, 0.017375, 0.034452, -0.018379, 0.019137, -0.013616, 0.020854, 0.023165, 0.027982, 0.019985, 0.027171]}, "structure": {"bonds": 1.18260092306675, "angles": 114.22797751641838, "DA": 8.35561329166543}, "rotational_constant": {"A": 0.1407398, "B": 0.1482881, "C": 1.1597595}, "rays_asymmetry_parameter": 0.9851851735545445, "excited_energy": "0.1224", "volume": 393.38935}, "exciting_path_mean_volume": 393.71394499999997}