{
  "s0_rotational_constant_a": 0.0055621,
  "s0_rotational_constant_b": 0.0063835,
  "s0_rotational_constant_c": 0.0297027,
  "s1_rotational_constant_a": 0.0055412,
  "s1_rotational_constant_b": 0.0063803,
  "s1_rotational_constant_c": 0.0295714,
  "s0_rays_asymmetry_parameter": 0.9319486673902058,
  "s1_rays_asymmetry_parameter": 0.9301628783780409,
  "s0_volume": 1604.80706,
  "s1_volume": 1605.9964,
  "delta_volume": 1.189339999999902,
  "s0_homo_lumo_gap": 1.1849168862706407,
  "s1_homo_lumo_gap": 0.8414276175986659,
  "delta_gap": -0.3434892686719748,
  "s0_dihedral_avg": -6.084347688475286,
  "s1_dihedral_avg": -14.228564594115154,
  "delta_dihedral": -8.144216905639869,
  "delta_dipole": null,
  "excitation_energy": "1.0012",
  "exciting_path_mean_volume": 1605.2332233333334,
  "s0_bonds_avg": 1.2825725992926544,
  "s1_bonds_avg": 1.2932920593850619,
  "s0_angles_avg": 119.91954167404603,
  "s1_angles_avg": 119.90102114134773
}