{
  "s0_rotational_constant_a": 0.0234826,
  "s0_rotational_constant_b": 0.0254812,
  "s0_rotational_constant_c": 0.2186768,
  "s1_rotational_constant_a": 0.0236282,
  "s1_rotational_constant_b": 0.0255762,
  "s1_rotational_constant_c": 0.2079572,
  "s0_rays_asymmetry_parameter": 0.9795219325164375,
  "s1_rays_asymmetry_parameter": 0.9788638792593677,
  "s0_volume": 797.61638,
  "s1_volume": 794.94173,
  "delta_volume": -2.6746500000000424,
  "s0_homo_lumo_gap": 1.8733838861826309,
  "s1_homo_lumo_gap": 1.2707143721395102,
  "delta_gap": -0.6026695140431206,
  "s0_dihedral_avg": -6.390824764925009,
  "s1_dihedral_avg": -8.25037188150111,
  "delta_dihedral": -1.8595471165761008,
  "delta_dipole": null,
  "excitation_energy": "1.5802",
  "exciting_path_mean_volume": 796.0151466666666,
  "s0_bonds_avg": 1.2865626256782896,
  "s1_bonds_avg": 1.2884074341802632,
  "s0_angles_avg": 120.47175384976644,
  "s1_angles_avg": 120.46029469386383
}