{
  "s0_rotational_constant_a": 0.028045,
  "s0_rotational_constant_b": 0.0387446,
  "s0_rotational_constant_c": 0.0805362,
  "s1_rotational_constant_a": 0.0286047,
  "s1_rotational_constant_b": 0.0395133,
  "s1_rotational_constant_c": 0.0799511,
  "s0_rays_asymmetry_parameter": 0.5923278568598166,
  "s1_rays_asymmetry_parameter": 0.5750977673215647,
  "s0_volume": 914.64993,
  "s1_volume": 913.27767,
  "delta_volume": -1.3722600000000966,
  "s0_homo_lumo_gap": 1.8488120086883115,
  "s1_homo_lumo_gap": 1.0108320731256701,
  "delta_gap": -0.8379799355626414,
  "s0_dihedral_avg": 89.96507075294654,
  "s1_dihedral_avg": 90.10611131321258,
  "delta_dihedral": 0.14104056026603473,
  "delta_dipole": {
    "element": [
      "N",
      "C",
      "C",
      "C",
      "C",
      "C",
      "N",
      "C",
      "C",
      "C",
      "C",
      "C",
      "C",
      "C",
      "C",
      "C",
      "C",
      "C",
      "C",
      "C",
      "C",
      "C",
      "C",
      "C",
      "C",
      "C",
      "C",
      "C",
      "C",
      "C",
      "C",
      "C",
      "C",
      "C",
      "N",
      "C",
      "C",
      "C",
      "C",
      "C",
      "C",
      "C",
      "C",
      "C",
      "C",
      "C",
      "C",
      "C",
      "C",
      "C",
      "C",
      "H",
      "H",
      "H",
      "H",
      "H",
      "H",
      "H",
      "H",
      "H",
      "H",
      "H",
      "H",
      "H",
      "H",
      "H",
      "H",
      "H",
      "H",
      "H",
      "H",
      "H",
      "H",
      "H",
      "H",
      "H",
      "H",
      "H",
      "H",
      "H",
      "H",
      "H"
    ],
    "charge_variation": [
      -0.02105900000000005,
      0.017172999999999994,
      -0.016802,
      0.004928999999999999,
      0.015801999999999997,
      -0.012973000000000012,
      0.02284999999999998,
      -0.016106999999999982,
      -0.0037570000000000034,
      -0.005833000000000005,
      0.0007989999999999994,
      -0.004103000000000009,
      0.00025999999999999635,
      -0.007878999999999997,
      0.006174,
      -0.0009679999999999966,
      0.0032259999999999997,
      -0.002288,
      0.003509,
      0.00046899999999999893,
      0.004282999999999995,
      0.0017510000000000026,
      -0.0004139999999999977,
      -0.0007109999999999998,
      0.00010999999999999899,
      -0.0014900000000000017,
      -0.0014070000000000055,
      0.003855000000000011,
      -0.005356,
      -3.0000000000030003e-06,
      -0.0033310000000000006,
      0.00032500000000000237,
      -0.005030999999999994,
      0.004052,
      -0.01600899999999994,
      -0.0032039999999999846,
      0.0026479999999999976,
      -0.0017360000000000014,
      2.8999999999994308e-05,
      -0.0004600000000000021,
      -0.00015400000000000136,
      -0.0012920000000000002,
      0.000674000000000001,
      9.499999999999786e-05,
      -0.0006550000000000028,
      0.0013939999999999994,
      -0.003721000000000002,
      -0.002448,
      0.0017250000000000043,
      0.013651999999999997,
      0.005457,
      0.004374999999999997,
      0.0020799999999999985,
      -0.000725,
      -0.000845000000000002,
      0.0023070000000000035,
      0.002588,
      6.700000000000109e-05,
      -0.00016000000000000042,
      -0.00011500000000000052,
      0.0012899999999999995,
      0.0007709999999999974,
      0.0006020000000000018,
      0.00021700000000000191,
      0.0004170000000000007,
      0.0011570000000000018,
      0.001003999999999998,
      0.00029900000000000065,
      -0.0001439999999999983,
      7.199999999999915e-05,
      0.002589000000000001,
      0.0012729999999999964,
      0.0016590000000000008,
      -0.0002510000000000012,
      0.00010600000000000193,
      -0.00011800000000000005,
      0.0006159999999999985,
      4.799999999999943e-05,
      -0.00044299999999999895,
      -0.002303000000000003,
      0.0005019999999999955,
      0.005023
    ]
  },
  "excitation_energy": "1.1631",
  "exciting_path_mean_volume": 913.7213600000001,
  "s0_bonds_avg": 1.289882696102,
  "s1_bonds_avg": 1.2992899932258888,
  "delta_bonds": 0.00940729712388877,
  "s0_angles_avg": 120.71493165493997,
  "s1_angles_avg": 120.28913375268321,
  "delta_angles": -0.42579790225676106
}