{"charge": {"element": ["N", "C", "C", "C", "C", "C", "C", "C", "C", "C", "C", "C", "C", "C", "C", "C", "C", "C", "C", "C", "C", "C", "C", "C", "C", "C", "C", "C", "C", "N", "C", "C", "C", "C", "H", "H", "H", "H", "H", "H", "H", "H", "H", "H", "H", "H", "H", "H", "H", "H", "H", "H", "H", "H"], "charge_variation": [-0.022679000000000005, 0.013206999999999969, -0.020782000000000002, 0.005532000000000002, -0.0007750000000000118, -0.0012080000000000007, -0.0008930000000000014, 0.0013089999999999977, 0.0005000000000000004, 0.0010849999999999992, -0.001697000000000004, 0.007206999999999998, -0.0022840000000000013, 0.0048860000000000015, -0.0016209999999999974, 0.0005140000000000006, -0.0012710000000000082, -0.0006169999999999995, 0.0014040000000000025, -0.003137000000000001, 0.002370999999999998, -0.005341000000000002, 0.004409000000000003, -0.004612999999999999, 0.0036719999999999947, -0.004813999999999999, 0.001361000000000001, -0.0024440000000000017, -0.001342999999999983, 0.0009989999999999721, -0.0003310000000000049, -0.0036710000000000076, -0.004452999999999999, 0.009408000000000003, 0.0016139999999999974, 0.0012669999999999973, 0.0024340000000000056, -0.00023599999999999663, 0.003026999999999995, 0.0009699999999999986, 0.0005679999999999991, 0.0003109999999999988, 0.0012910000000000005, 0.0024740000000000005, 0.003155999999999999, 0.0003980000000000025, 0.0012969999999999995, 0.0015939999999999982, 0.001112999999999996, 0.00022500000000000298, 6.499999999999562e-05, 0.001133000000000002, 0.0017469999999999986, 0.0016590000000000008]}, "ground_state": {"HOMO-LUMO": 2.7558761996026453, "charge": {"element": ["N", "C", "C", "C", "C", "C", "C", "C", "C", "C", "C", "C", "C", "C", "C", "C", "C", "C", "C", "C", "C", "C", "C", "C", "C", "C", "C", "C", "C", "N", "C", "C", "C", "C", "H", "H", "H", "H", "H", "H", "H", "H", "H", "H", "H", "H", "H", "H", "H", "H", "H", "H", "H", "H"], "charge": [-0.716866, 0.594881, 0.059614, -0.035263, -0.067338, 0.088598, 0.016628, -0.052783, -0.028792, -0.018064, -0.061989, 0.041512, 0.026563, -0.062437, -0.024507, -0.024535, -0.06254, 0.026532, 0.041509, -0.062016, -0.018112, -0.028804, -0.052748, 0.016637, 0.088594, -0.067289, -0.036033, 0.059596, 0.59489, -0.716812, -0.03376, -0.068548, -0.068493, -0.034582, 0.038716, 0.039412, 0.032163, 0.031317, 0.031281, 0.030419, 0.03037, 0.032625, 0.032572, 0.030329, 0.030397, 0.03127, 0.031317, 0.032173, 0.039383, 0.038504, 0.038766, 0.038592, 0.038586, 0.038567]}, "structure": {"bonds": 1.2958021977563792, "angles": 122.17496683482713, "DA": 0.3472208496992051}, "rotational_constant": {"A": 0.0641064, "B": 0.0726819, "C": 0.2049071}, "rays_asymmetry_parameter": 0.8781895260463904, "volume": 620.20132}, "excited_state": {"HOMO-LUMO": 2.2353959422415195, "charge": {"element": ["N", "C", "C", "C", "C", "C", "C", "C", "C", "C", "C", "C", "C", "C", "C", "C", "C", "C", "C", "C", "C", "C", "C", "C", "C", "C", "C", "C", "C", "N", "C", "C", "C", "C", "H", "H", "H", "H", "H", "H", "H", "H", "H", "H", "H", "H", "H", "H", "H", "H", "H", "H", "H", "H"], "charge": [-0.739545, 0.608088, 0.038832, -0.029731, -0.068113, 0.08739, 0.015735, -0.051474, -0.028292, -0.016979, -0.063686, 0.048719, 0.024279, -0.057551, -0.026128, -0.024021, -0.063811, 0.025915, 0.042913, -0.065153, -0.015741, -0.034145, -0.048339, 0.012024, 0.092266, -0.072103, -0.034672, 0.057152, 0.593547, -0.715813, -0.034091, -0.072219, -0.072946, -0.025174, 0.04033, 0.040679, 0.034597, 0.031081, 0.034308, 0.031389, 0.030938, 0.032936, 0.033863, 0.032803, 0.033553, 0.031668, 0.032614, 0.033767, 0.040496, 0.038729, 0.038831, 0.039725, 0.040333, 0.040226]}, "structure": {"bonds": 1.2965686832696555, "angles": 121.30242684646835, "DA": -4.246263885716763}, "rotational_constant": {"A": 0.0632396, "B": 0.0694513, "C": 0.211475}, "rays_asymmetry_parameter": 0.9161914090696286, "excited_energy": "2.6239", "volume": 618.39442}, "exciting_path_mean_volume": 618.9757583333334}