{
  "s0_rotational_constant_a": 0.007693,
  "s0_rotational_constant_b": 0.0090414,
  "s0_rotational_constant_c": 0.0302352,
  "s1_rotational_constant_a": 0.0078705,
  "s1_rotational_constant_b": 0.0089646,
  "s1_rotational_constant_c": 0.0298623,
  "s0_rays_asymmetry_parameter": 0.8803666013077694,
  "s1_rays_asymmetry_parameter": 0.900499277003247,
  "s0_volume": 1508.18023,
  "s1_volume": 1506.09215,
  "delta_volume": -2.088079999999991,
  "s0_homo_lumo_gap": 0.8754500078878658,
  "s1_homo_lumo_gap": 0.6140738040296871,
  "delta_gap": -0.2613762038581786,
  "s0_dihedral_avg": 90.45347170792276,
  "s1_dihedral_avg": 90.4808121213154,
  "delta_dihedral": 0.027340413392636265,
  "delta_dipole": {
    "element": [
      "C",
      "O",
      "C",
      "C",
      "C",
      "C",
      "C",
      "C",
      "C",
      "C",
      "C",
      "C",
      "C",
      "C",
      "C",
      "C",
      "C",
      "C",
      "C",
      "S",
      "C",
      "C",
      "C",
      "C",
      "C",
      "C",
      "C",
      "C",
      "C",
      "C",
      "C",
      "O",
      "C",
      "C",
      "C",
      "C",
      "C",
      "C",
      "C",
      "O",
      "C",
      "C",
      "C",
      "C",
      "C",
      "C",
      "C",
      "C",
      "C",
      "C",
      "C",
      "C",
      "N",
      "C",
      "C",
      "C",
      "C",
      "C",
      "C",
      "C",
      "C",
      "C",
      "C",
      "C",
      "C",
      "C",
      "C",
      "N",
      "C",
      "C",
      "C",
      "C",
      "C",
      "C",
      "C",
      "O",
      "C",
      "C",
      "C",
      "C",
      "C",
      "H",
      "H",
      "H",
      "H",
      "H",
      "H",
      "H",
      "H",
      "H",
      "H",
      "H",
      "H",
      "H",
      "H",
      "H",
      "H",
      "H",
      "H",
      "H",
      "H",
      "H",
      "H",
      "H",
      "H",
      "H",
      "H",
      "H",
      "H",
      "H",
      "H",
      "H",
      "H",
      "H",
      "H",
      "H",
      "H",
      "H",
      "H",
      "H",
      "H",
      "H",
      "H",
      "H",
      "H",
      "H",
      "H",
      "H",
      "H",
      "H",
      "H",
      "H",
      "H",
      "H",
      "H",
      "H",
      "H"
    ],
    "charge_variation": [
      0.0002889999999999837,
      -0.0005840000000000289,
      0.0006080000000000529,
      0.0005639999999999812,
      -7.399999999999768e-05,
      0.00047499999999999973,
      0.0006450000000000006,
      -0.00016500000000000542,
      0.0004229999999999928,
      0.00026800000000000435,
      0.0006530000000000008,
      0.00037200000000000427,
      -0.0001260000000000011,
      -0.0009289999999999993,
      0.0001260000000000011,
      0.0004919999999999924,
      -0.001132000000000008,
      0.0005910000000000082,
      -0.00033500000000000023,
      0.003017000000000006,
      -0.0017339999999999994,
      -0.0003570000000000101,
      0.001798999999999995,
      -0.0020020000000000038,
      0.004181000000000004,
      -0.009304,
      0.006673999999999999,
      -0.006883,
      0.0024980000000000002,
      -0.007970000000000005,
      0.008155000000000023,
      0.009656999999999971,
      -0.002729000000000037,
      -0.005379999999999996,
      0.004318000000000002,
      -0.003562000000000001,
      0.003476,
      -0.005455000000000015,
      0.006051999999999946,
      0.007212000000000052,
      -0.0022889999999999855,
      -0.006287999999999988,
      0.001918000000000003,
      0.0033460000000000018,
      -0.0035460000000000075,
      -0.00022000000000000144,
      -0.003458999999999997,
      -0.00037699999999999886,
      -0.003692000000000001,
      -0.002154000000000003,
      -0.0013920000000000043,
      -0.0005349999999999522,
      -0.017896000000000023,
      0.00296200000000002,
      0.0029840000000000005,
      0.001015000000000002,
      -0.00068,
      -3.900000000000084e-05,
      -0.00025199999999999875,
      0.0016550000000000002,
      -0.01105299999999998,
      0.0024240000000000025,
      -0.00028000000000000247,
      -2.9000000000001247e-05,
      0.000784,
      -0.0005180000000000011,
      0.002123,
      -0.010960999999999999,
      0.012166999999999983,
      -0.0012609999999999982,
      -0.00017200000000000548,
      -0.0008479999999999998,
      -5.2999999999997494e-05,
      0.00014300000000000423,
      0.00041199999999996795,
      3.599999999992498e-05,
      0.0005509999999999682,
      0.0012020000000000086,
      0.0011660000000000004,
      -6.499999999999562e-05,
      0.00019700000000000273,
      0.000554,
      -0.00043799999999999915,
      -0.0004530000000000003,
      4.099999999999937e-05,
      3.799999999999984e-05,
      -0.00010399999999999993,
      -0.0001329999999999977,
      -0.00013200000000000017,
      -8.79999999999978e-05,
      -0.00042199999999999876,
      -0.0001250000000000001,
      0.0008769999999999993,
      0.0018670000000000006,
      -0.00033199999999999896,
      0.0010100000000000005,
      -0.00013500000000000317,
      0.0016319999999999998,
      0.000855,
      0.003214,
      -0.00021000000000000185,
      0.0013740000000000002,
      0.0008260000000000003,
      5.7000000000001494e-05,
      0.0016880000000000003,
      0.0017199999999999993,
      0.000954,
      -0.00010099999999999693,
      0.0008330000000000004,
      0.0011519999999999968,
      -0.00023000000000000104,
      -0.00024600000000000316,
      -0.00025099999999999775,
      0.0007780000000000009,
      0.00020299999999999832,
      0.0001979999999999968,
      -0.0005739999999999981,
      -0.00017800000000000107,
      9.000000000000327e-05,
      -0.0002720000000000014,
      0.0010360000000000022,
      0.00036699999999999927,
      -0.00018599999999999867,
      0.00023899999999999963,
      -0.0003099999999999978,
      0.0008649999999999977,
      0.002156999999999999,
      -0.0003630000000000022,
      -7.300000000000015e-05,
      3.399999999999931e-05,
      0.00021800000000000118,
      -0.000339,
      -0.00046899999999999893,
      7.900000000000268e-05,
      0.00037399999999999933,
      -9.199999999999486e-05,
      7.700000000000068e-05
    ]
  },
  "excitation_energy": "0.8401",
  "exciting_path_mean_volume": 1505.7660116666666,
  "s0_bonds_avg": 1.2857455045035135,
  "s1_bonds_avg": 1.2895277613558107,
  "s0_angles_avg": 118.7358150615471,
  "s1_angles_avg": 118.7035059477055,
  "delta_bonds": 0.003782256852297161,
  "delta_angles": -0.03230911384160606
}