{
  "s0_rotational_constant_a": 0.0873941,
  "s0_rotational_constant_b": 0.1546365,
  "s0_rotational_constant_c": 0.1792234,
  "s1_rotational_constant_a": 0.0897987,
  "s1_rotational_constant_b": 0.1492296,
  "s1_rotational_constant_c": 0.1954499,
  "s0_rays_asymmetry_parameter": -0.464508604552142,
  "s1_rays_asymmetry_parameter": -0.12503975345287094,
  "s0_volume": 502.24249,
  "s1_volume": 501.76345,
  "delta_volume": -0.4790399999999977,
  "s0_homo_lumo_gap": 1.9209384964916811,
  "s1_homo_lumo_gap": 1.3440572086959217,
  "delta_gap": -0.5768812877957594,
  "s0_dihedral_avg": 90.51309102510744,
  "s1_dihedral_avg": 90.99550586248594,
  "delta_dihedral": 0.48241483737849933,
  "delta_dipole": {
    "element": [
      "C",
      "O",
      "C",
      "C",
      "C",
      "C",
      "C",
      "C",
      "C",
      "C",
      "C",
      "C",
      "O",
      "C",
      "C",
      "C",
      "S",
      "O",
      "O",
      "C",
      "C",
      "C",
      "C",
      "C",
      "C",
      "C",
      "C",
      "H",
      "H",
      "H",
      "H",
      "H",
      "H",
      "H",
      "H",
      "H",
      "H",
      "H",
      "H",
      "H",
      "H",
      "H",
      "H",
      "H",
      "H"
    ],
    "charge_variation": [
      -0.0023760000000000447,
      0.013441000000000036,
      0.010936000000000057,
      -0.0065609999999999835,
      0.009157000000000002,
      -0.006426,
      0.0032340000000000003,
      -0.027297000000000002,
      0.013434,
      -0.003743,
      -0.0034049999999999914,
      0.0009940000000000504,
      0.004196000000000033,
      0.0012630000000000141,
      -0.0012310000000000099,
      0.005285,
      0.0038529999999999953,
      0.011977000000000015,
      -0.02478899999999995,
      -0.036321,
      0.015992,
      -0.011476,
      0.007941,
      -0.003729999999999997,
      0.022746000000000002,
      0.0025659999999999954,
      -0.011559999999999987,
      0.001719,
      0.0009359999999999998,
      0.0028410000000000006,
      0.00027599999999999847,
      0.003909999999999997,
      0.0007249999999999965,
      0.000565000000000003,
      -0.001144000000000001,
      -0.00046500000000000014,
      -0.00017199999999999984,
      -0.00022300000000000098,
      0.0018470000000000014,
      -0.0008170000000000052,
      0.000454000000000003,
      0.0018740000000000007,
      -0.0008369999999999975,
      0.0005189999999999986,
      -0.00010899999999999799
    ]
  },
  "excitation_energy": "1.9582",
  "exciting_path_mean_volume": 501.7092233333333,
  "s0_bonds_avg": 1.3013353211283334,
  "s1_bonds_avg": 1.3029833767477084,
  "s0_angles_avg": 117.48584816629554,
  "s1_angles_avg": 117.43405994358818,
  "delta_bonds": 0.0016480556193749774,
  "delta_angles": -0.0517882227073585
}