{"charge": {"element": ["O", "C", "C", "C", "C", "C", "N", "C", "C", "C", "C", "C", "C", "O", "C", "C", "C", "C", "C", "C", "C", "C", "C", "C", "C", "C", "C", "C", "C", "C", "C", "C", "C", "C", "N", "C", "C", "C", "C", "N", "C", "C", "C", "C", "C", "C", "C", "C", "C", "C", "C", "C", "C", "C", "H", "H", "H", "H", "H", "H", "H", "H", "H", "H", "H", "H", "H", "H", "H", "H", "H", "H", "H", "H", "H", "H", "H", "H", "H", "H", "H", "H", "H", "H", "H"], "charge_variation": [-0.037586999999999926, -0.010291999999999968, 0.017404000000000003, 0.0018609999999999998, 0.008526000000000006, -0.012929999999999997, 0.04655699999999996, -0.006801999999999975, -0.011808000000000013, 0.0002829999999999916, -0.014376, -0.0025029999999999775, -0.008866999999999958, 0.02063400000000004, -0.008681999999999968, -0.0033440000000000136, -0.013795000000000009, 0.0007599999999999968, -0.010069999999999996, -0.007985999999999993, 0.005903999999999993, -0.005977999999999997, 0.011625999999999997, 0.015817, 0.007428000000000018, -0.003848000000000018, 0.013971999999999998, -0.014003999999999989, -0.004499000000000003, 0.003701000000000003, 0.0013080000000000036, 0.004878, 0.0005379999999999829, 0.0017349999999999866, 0.007809999999999984, 0.0009359999999999924, -0.005605000000000013, 0.007610999999999993, -0.003029000000000004, 0.0028960000000000097, -0.00011900000000003574, -0.0014849999999999863, 0.0007120000000000008, -0.0007309999999999955, 0.0011980000000000046, -0.0012840000000000004, -0.001007000000000001, 0.0012840000000000004, -0.0008589999999999987, 0.0002160000000000009, -0.0018420000000000103, -7.199999999996098e-05, 0.006456000000000003, -0.005437000000000011, -0.00027699999999999947, -0.0009440000000000004, -0.0054570000000000035, -0.0015970000000000012, -0.0002549999999999983, -0.0013890000000000013, -0.0015049999999999994, -0.0004009999999999986, -0.001232999999999998, -0.003243999999999997, -0.001356000000000003, -0.0006850000000000016, 0.005848000000000006, 0.0028760000000000036, 0.011154999999999998, 0.00029599999999999765, 0.0017720000000000027, 0.0014649999999999976, 0.0016219999999999984, 0.0011810000000000015, 0.00018399999999999667, -0.001118000000000001, 0.00017700000000000007, 0.0002329999999999971, -9.40000000000038e-05, -6.20000000000065e-05, 0.0001989999999999978, -3.899999999999737e-05, -0.0013810000000000003, 2.8000000000000247e-05, 0.000794000000000003]}, "ground_state": {"HOMO-LUMO": 1.7161891775345866, "structure": {"bonds": 1.289245065668421, "angles": 119.97069117396447, "DA": -1.4577917662217081}, "rotational_constant": {"A": 0.0137934, "B": 0.0143574, "C": 0.1296644}, "rays_asymmetry_parameter": 0.9902650361177516, "volume": 941.8056}, "excited_state": {"HOMO-LUMO": 0.8043248989236886, "structure": {"bonds": 1.2975988766017896, "angles": 119.9719356236978, "DA": 3.4564372085373924}, "rotational_constant": {"A": 0.013486, "B": 0.0139382, "C": 0.1341225}, "rays_asymmetry_parameter": 0.9925030981502282, "excited_energy": "0.9250", "volume": 943.93208}, "exciting_path_mean_volume": 942.7883133333335}