{
  "s0_rotational_constant_a": 0.0516772,
  "s0_rotational_constant_b": 0.0572487,
  "s0_rotational_constant_c": 0.1076935,
  "s1_rotational_constant_a": 0.0516638,
  "s1_rotational_constant_b": 0.0572723,
  "s1_rotational_constant_c": 0.1079252,
  "s0_rays_asymmetry_parameter": 0.8010757583060646,
  "s1_rays_asymmetry_parameter": 0.8006270729132232,
  "s0_volume": 581.03443,
  "s1_volume": 580.78619,
  "delta_volume": -0.2482400000000098,
  "s0_homo_lumo_gap": 2.0127333708431068,
  "s1_homo_lumo_gap": 1.5974604777746588,
  "delta_gap": -0.41527289306844795,
  "s0_dihedral_avg": 90.0002104591497,
  "s1_dihedral_avg": 90.03190457451703,
  "delta_dihedral": 0.0316941153673298,
  "delta_dipole": {
    "element": [
      "Br",
      "C",
      "C",
      "C",
      "C",
      "I",
      "C",
      "C",
      "C",
      "C",
      "C",
      "C",
      "C",
      "C",
      "C",
      "C",
      "C",
      "C",
      "C",
      "C",
      "C",
      "C",
      "C",
      "C",
      "Br",
      "C",
      "C",
      "C",
      "C",
      "H",
      "H",
      "H",
      "H",
      "H",
      "H",
      "H",
      "H",
      "H",
      "H",
      "H",
      "H",
      "H",
      "H",
      "H"
    ],
    "charge_variation": [
      -0.0001280000000000031,
      -0.00024100000000001898,
      -0.0002859999999999946,
      -0.000678999999999999,
      -0.0005629999999999999,
      0.001266,
      0.0013999999999999985,
      -0.007474,
      0.007202,
      -0.007518000000000011,
      0.00017,
      0.0002510000000000012,
      -0.008301000000000003,
      0.007087999999999997,
      -0.009128999999999998,
      7.200000000000262e-05,
      0.0016029999999999933,
      -0.0010609999999999994,
      -0.0008420000000000025,
      -0.0012190000000000013,
      0.0015229999999999966,
      0.007574999999999998,
      -0.00939100000000001,
      0.00429400000000002,
      0.006665000000000004,
      -0.00827,
      -0.007771,
      0.007982999999999997,
      -0.0003599999999999992,
      7.499999999999868e-05,
      0.0001239999999999991,
      0.0021899999999999975,
      0.0012270000000000024,
      0.0011510000000000027,
      0.0029910000000000006,
      -0.00018600000000000214,
      0.00011299999999999852,
      0.0004500000000000025,
      -5.400000000000196e-05,
      1.1999999999998123e-05,
      0.0028620000000000034,
      0.0023989999999999984,
      0.002586999999999999,
      0.0002030000000000018
    ]
  },
  "excitation_energy": "2.4074",
  "exciting_path_mean_volume": 580.885985,
  "s0_bonds_avg": 1.3526342907343751,
  "s1_bonds_avg": 1.3538952754272917,
  "s0_angles_avg": 119.99996475085098,
  "s1_angles_avg": 119.99990598594897,
  "delta_bonds": 0.001260984692916578,
  "delta_angles": -5.876490200762419e-05
}