{
  "s0_rotational_constant_a": 0.0765638,
  "s0_rotational_constant_b": 0.108202,
  "s0_rotational_constant_c": 0.2349189,
  "s1_rotational_constant_a": 0.0774928,
  "s1_rotational_constant_b": 0.1109372,
  "s1_rotational_constant_c": 0.2326779,
  "s0_rays_asymmetry_parameter": 0.6004145114366382,
  "s1_rays_asymmetry_parameter": 0.5689740832077306,
  "s0_volume": 518.80493,
  "s1_volume": 518.15272,
  "delta_volume": -0.6522099999999682,
  "s0_homo_lumo_gap": 1.8411873795920677,
  "s1_homo_lumo_gap": 1.0882783860122518,
  "delta_gap": -0.7529089935798159,
  "s0_dihedral_avg": 90.43816898033326,
  "s1_dihedral_avg": 90.30516464125448,
  "delta_dihedral": -0.13300433907878073,
  "delta_dipole": {
    "element": [
      "C",
      "C",
      "C",
      "C",
      "C",
      "C",
      "C",
      "C",
      "N",
      "C",
      "C",
      "C",
      "C",
      "C",
      "C",
      "S",
      "C",
      "N",
      "C",
      "C",
      "C",
      "C",
      "C",
      "C",
      "S",
      "C",
      "C",
      "H",
      "H",
      "H",
      "H",
      "H",
      "H",
      "H",
      "H",
      "H",
      "H",
      "H",
      "H",
      "H",
      "H",
      "H",
      "H"
    ],
    "charge_variation": [
      0.0003589999999999982,
      0.022049999999999986,
      -0.005497000000000002,
      0.014568000000000005,
      -0.0016560000000000047,
      0.023631,
      -0.021698000000000002,
      -0.021755999999999998,
      -0.019055000000000044,
      0.011689000000000005,
      -0.0036220000000000002,
      0.0026230000000000003,
      -0.003613000000000005,
      -0.001908000000000007,
      0.005084999999999999,
      -0.0016219999999999846,
      -0.007410999999999945,
      -0.04127599999999998,
      0.026337999999999973,
      -0.022059999999999996,
      0.009334999999999996,
      -0.010875000000000003,
      0.0005529999999999979,
      -0.030001,
      0.030720000000000004,
      0.0339,
      -0.004371,
      0.0018220000000000007,
      0.0013219999999999968,
      0.001166999999999998,
      0.0014219999999999962,
      0.0013839999999999998,
      0.0014969999999999983,
      0.0004910000000000053,
      -0.0005730000000000041,
      0.00029799999999999965,
      -0.0007540000000000047,
      -0.0004849999999999993,
      -0.001464,
      0.0008230000000000043,
      -0.00033099999999999796,
      0.0061880000000000025,
      0.002763999999999999
    ]
  },
  "excitation_energy": "1.6570",
  "exciting_path_mean_volume": 518.2599433333334,
  "s0_bonds_avg": 1.3260790559289362,
  "s1_bonds_avg": 1.3318827765287233,
  "s0_angles_avg": 118.12013468531453,
  "s1_angles_avg": 118.07615263561989,
  "delta_bonds": 0.005803720599787177,
  "delta_angles": -0.04398204969463393
}