{
  "s0_rotational_constant_a": 0.0982378,
  "s0_rotational_constant_b": 0.109649,
  "s0_rotational_constant_c": 0.2826826,
  "s1_rotational_constant_a": 0.0982502,
  "s1_rotational_constant_b": 0.1107586,
  "s1_rotational_constant_c": 0.2801839,
  "s0_rays_asymmetry_parameter": 0.8762643349121254,
  "s1_rays_asymmetry_parameter": 0.8624949638247339,
  "s0_volume": 519.95133,
  "s1_volume": 518.96128,
  "delta_volume": -0.9900499999999965,
  "s0_homo_lumo_gap": 2.014608235028443,
  "s1_homo_lumo_gap": 1.6418014239285834,
  "delta_gap": -0.37280681109985947,
  "s0_dihedral_avg": 89.97586452750494,
  "s1_dihedral_avg": 90.03931482866739,
  "delta_dihedral": 0.06345030116244743,
  "delta_dipole": {
    "element": [
      "Br",
      "C",
      "C",
      "C",
      "C",
      "C",
      "C",
      "C",
      "C",
      "C",
      "C",
      "C",
      "C",
      "C",
      "C",
      "C",
      "C",
      "C",
      "C",
      "C",
      "C",
      "C",
      "C",
      "C",
      "C",
      "C",
      "C",
      "H",
      "H",
      "H",
      "H",
      "H",
      "H",
      "H",
      "H",
      "H",
      "H",
      "H",
      "H",
      "H",
      "H",
      "H",
      "H",
      "H"
    ],
    "charge_variation": [
      -0.0022059999999999996,
      3.0000000000030003e-06,
      0.0005799999999999972,
      -0.0006369999999999987,
      0.0002710000000000004,
      -0.0009660000000000016,
      0.0029580000000000023,
      -0.007455999999999997,
      0.006652999999999999,
      -0.007806000000000007,
      0.0010990000000000028,
      -0.0010000000000000009,
      -0.008056,
      0.006585000000000001,
      -0.0067989999999999995,
      -0.0015170000000000045,
      0.0025050000000000072,
      -0.0019720000000000015,
      0.00011600000000000499,
      -0.0019979999999999998,
      0.0025040000000000062,
      0.006596999999999999,
      -0.007882999999999994,
      -0.0009880000000000028,
      0.0010570000000000024,
      -0.007902999999999993,
      0.006568000000000004,
      0.0004159999999999997,
      -5.6999999999998024e-05,
      8.000000000001062e-06,
      0.0003799999999999984,
      0.0023029999999999995,
      0.0013250000000000033,
      0.0013659999999999992,
      0.003800999999999999,
      0.00027500000000000094,
      0.0001899999999999992,
      0.0003830000000000014,
      0.00018500000000000114,
      0.0002370000000000011,
      0.0038610000000000033,
      0.0013689999999999987,
      0.0013260000000000008,
      0.0023149999999999976
    ]
  },
  "excitation_energy": "2.4758",
  "exciting_path_mean_volume": 519.4667583333334,
  "s0_bonds_avg": 1.31799138769375,
  "s1_bonds_avg": 1.3181849782795836,
  "delta_bonds": 0.0001935905858336806,
  "s0_angles_avg": 119.9999720964638,
  "s1_angles_avg": 119.99985456665965,
  "delta_angles": -0.00011752980414314607
}