{
  "s0_rotational_constant_a": 0.0602102,
  "s0_rotational_constant_b": 0.0653235,
  "s0_rotational_constant_c": 0.4578481,
  "s1_rotational_constant_a": 0.070876,
  "s1_rotational_constant_b": 0.0796472,
  "s1_rotational_constant_c": 0.4006151,
  "s0_rays_asymmetry_parameter": 0.9742816265753339,
  "s1_rays_asymmetry_parameter": 0.9467991512077275,
  "s0_volume": 553.89144,
  "s1_volume": 555.38099,
  "delta_volume": 1.4895500000000084,
  "s0_homo_lumo_gap": 1.9434640780972154,
  "s1_homo_lumo_gap": 0.3955337569284927,
  "delta_gap": -1.5479303211687228,
  "s0_dihedral_avg": 93.27797288784355,
  "s1_dihedral_avg": 93.38893302422451,
  "delta_dihedral": 0.11096013638096736,
  "delta_dipole": {
    "element": [
      "C",
      "C",
      "C",
      "C",
      "N",
      "C",
      "C",
      "C",
      "C",
      "C",
      "C",
      "C",
      "C",
      "C",
      "C",
      "C",
      "O",
      "C",
      "C",
      "C",
      "C",
      "C",
      "C",
      "C",
      "O",
      "C",
      "C",
      "H",
      "H",
      "H",
      "H",
      "H",
      "H",
      "H",
      "H",
      "H",
      "H",
      "H",
      "H",
      "H",
      "H",
      "H",
      "H",
      "H",
      "H",
      "H",
      "H",
      "H",
      "H",
      "H",
      "H",
      "H",
      "H",
      "H"
    ],
    "charge_variation": [
      -0.004186999999999996,
      0.005131000000000002,
      -0.0021969999999999906,
      -0.0034989999999999744,
      0.006081000000000003,
      -0.0028289999999999704,
      -0.003480000000000011,
      0.0004430000000000024,
      -0.0015150000000000025,
      -0.013840999999999992,
      0.0049939999999999984,
      -0.014381000000000001,
      -0.0002610000000000008,
      0.03486600000000001,
      0.02567300000000003,
      -0.008720999999999979,
      0.004226999999999981,
      0.022525999999999997,
      0.012784,
      0.004057000000000002,
      0.005819000000000001,
      0.009936,
      0.013007999999999999,
      0.0022210000000000285,
      0.006861999999999924,
      -0.036224000000000006,
      -0.005251000000000006,
      0.00016900000000000248,
      -0.002224999999999998,
      -0.0019979999999999998,
      -0.002629999999999997,
      0.003969,
      0.0059029999999999985,
      -0.007205,
      -0.0026899999999999997,
      -0.0038839999999999994,
      -0.0038380000000000003,
      0.0032130000000000006,
      0.0005549999999999999,
      -0.0033760000000000005,
      -0.002586999999999999,
      0.0007010000000000002,
      -0.0020139999999999984,
      0.0011269999999999995,
      -0.001063999999999999,
      -0.005413999999999995,
      -0.00947,
      0.0006089999999999984,
      0.002016000000000004,
      0.007089999999999999,
      0.0074789999999999995,
      0.0027529999999999985,
      -0.041024,
      -0.008406999999999998
    ]
  },
  "excitation_energy": "0.4550",
  "exciting_path_mean_volume": 553.8163666666667,
  "s0_bonds_avg": 1.2550876452242856,
  "s1_bonds_avg": 1.259393728565893,
  "s0_angles_avg": 114.89401708001648,
  "s1_angles_avg": 114.89173682374091,
  "delta_bonds": 0.004306083341607314,
  "delta_angles": -0.002280256275568604
}