{
  "charge": {
    "element": [
      "C",
      "C",
      "C",
      "C",
      "N",
      "C",
      "C",
      "C",
      "C",
      "C",
      "C",
      "C",
      "C",
      "C",
      "C",
      "C",
      "O",
      "C",
      "C",
      "C",
      "C",
      "C",
      "C",
      "C",
      "O",
      "C",
      "C",
      "H",
      "H",
      "H",
      "H",
      "H",
      "H",
      "H",
      "H",
      "H",
      "H",
      "H",
      "H",
      "H",
      "H",
      "H",
      "H",
      "H",
      "H",
      "H",
      "H",
      "H",
      "H",
      "H",
      "H",
      "H",
      "H",
      "H"
    ],
    "charge_variation": [
      -0.004186999999999996,
      0.005131000000000002,
      -0.0021969999999999906,
      -0.0034989999999999744,
      0.006081000000000003,
      -0.0028289999999999704,
      -0.003480000000000011,
      0.0004430000000000024,
      -0.0015150000000000025,
      -0.013840999999999992,
      0.0049939999999999984,
      -0.014381000000000001,
      -0.0002610000000000008,
      0.03486600000000001,
      0.02567300000000003,
      -0.008720999999999979,
      0.004226999999999981,
      0.022525999999999997,
      0.012784,
      0.004057000000000002,
      0.005819000000000001,
      0.009936,
      0.013007999999999999,
      0.0022210000000000285,
      0.006861999999999924,
      -0.036224000000000006,
      -0.005251000000000006,
      0.00016900000000000248,
      -0.002224999999999998,
      -0.0019979999999999998,
      -0.002629999999999997,
      0.003969,
      0.0059029999999999985,
      -0.007205,
      -0.0026899999999999997,
      -0.0038839999999999994,
      -0.0038380000000000003,
      0.0032130000000000006,
      0.0005549999999999999,
      -0.0033760000000000005,
      -0.002586999999999999,
      0.0007010000000000002,
      -0.0020139999999999984,
      0.0011269999999999995,
      -0.001063999999999999,
      -0.005413999999999995,
      -0.00947,
      0.0006089999999999984,
      0.002016000000000004,
      0.007089999999999999,
      0.0074789999999999995,
      0.0027529999999999985,
      -0.041024,
      -0.008406999999999998
    ]
  },
  "ground_state": {
    "HOMO-LUMO": 1.9434640780972154,
    "charge": {
      "element": [
        "C",
        "C",
        "C",
        "C",
        "N",
        "C",
        "C",
        "C",
        "C",
        "C",
        "C",
        "C",
        "C",
        "C",
        "C",
        "C",
        "O",
        "C",
        "C",
        "C",
        "C",
        "C",
        "C",
        "C",
        "O",
        "C",
        "C",
        "H",
        "H",
        "H",
        "H",
        "H",
        "H",
        "H",
        "H",
        "H",
        "H",
        "H",
        "H",
        "H",
        "H",
        "H",
        "H",
        "H",
        "H",
        "H",
        "H",
        "H",
        "H",
        "H",
        "H",
        "H",
        "H",
        "H"
      ],
      "charge": [
        -0.08193,
        -0.019921,
        -0.064532,
        0.257826,
        -0.578679,
        0.258416,
        -0.066463,
        -0.019404,
        -0.081352,
        0.451505,
        -0.194494,
        -0.002484,
        -0.019579,
        0.100247,
        -0.256792,
        0.701734,
        -0.736699,
        -0.048899,
        -0.015182,
        -0.027057,
        -0.02648,
        -0.01479,
        -0.048427,
        0.694877,
        -0.729667,
        0.019196,
        -0.182647,
        0.01885,
        0.023547,
        0.023017,
        0.021781,
        0.020829,
        0.033014,
        0.018248,
        0.01064,
        0.007695,
        0.008933,
        0.010228,
        0.029212,
        0.018432,
        0.020745,
        0.021956,
        0.02337,
        0.019789,
        0.023072,
        0.043071,
        0.028846,
        0.037955,
        0.047928,
        0.032903,
        0.033056,
        0.048277,
        0.060549,
        0.045735
      ]
    },
    "structure": {
      "bonds": 1.2550876452242856,
      "angles": 114.89401708001648,
      "DA": 93.27797288784355
    },
    "rotational_constant": {
      "A": 0.0602102,
      "B": 0.0653235,
      "C": 0.4578481
    },
    "rays_asymmetry_parameter": 0.9742816265753339,
    "volume": 553.89144
  },
  "excited_state": {
    "HOMO-LUMO": 0.3955337569284927,
    "charge": {
      "element": [
        "C",
        "C",
        "C",
        "C",
        "N",
        "C",
        "C",
        "C",
        "C",
        "C",
        "C",
        "C",
        "C",
        "C",
        "C",
        "C",
        "O",
        "C",
        "C",
        "C",
        "C",
        "C",
        "C",
        "C",
        "O",
        "C",
        "C",
        "H",
        "H",
        "H",
        "H",
        "H",
        "H",
        "H",
        "H",
        "H",
        "H",
        "H",
        "H",
        "H",
        "H",
        "H",
        "H",
        "H",
        "H",
        "H",
        "H",
        "H",
        "H",
        "H",
        "H",
        "H",
        "H",
        "H"
      ],
      "charge": [
        -0.086117,
        -0.01479,
        -0.066729,
        0.254327,
        -0.572598,
        0.255587,
        -0.069943,
        -0.018961,
        -0.082867,
        0.437664,
        -0.1895,
        -0.016865,
        -0.01984,
        0.135113,
        -0.231119,
        0.693013,
        -0.732472,
        -0.026373,
        -0.002398,
        -0.023,
        -0.020661,
        -0.004854,
        -0.035419,
        0.697098,
        -0.722805,
        -0.017028,
        -0.187898,
        0.019019,
        0.021322,
        0.021019,
        0.019151,
        0.024798,
        0.038917,
        0.011043,
        0.00795,
        0.003811,
        0.005095,
        0.013441,
        0.029767,
        0.015056,
        0.018158,
        0.022657,
        0.021356,
        0.020916,
        0.022008,
        0.037657,
        0.019376,
        0.038564,
        0.049944,
        0.039993,
        0.040535,
        0.05103,
        0.019525,
        0.037328
      ]
    },
    "structure": {
      "bonds": 1.259393728565893,
      "angles": 114.89173682374091,
      "DA": 93.38893302422451
    },
    "rotational_constant": {
      "A": 0.070876,
      "B": 0.0796472,
      "C": 0.4006151
    },
    "rays_asymmetry_parameter": 0.9467991512077275,
    "excited_energy": "0.4550",
    "volume": 555.38099
  },
  "exciting_path_mean_volume": 553.8163666666667
}