{
  "s0_rotational_constant_a": 0.1030491,
  "s0_rotational_constant_b": 0.1141444,
  "s0_rotational_constant_c": 1.0457955,
  "s1_rotational_constant_a": 0.1030306,
  "s1_rotational_constant_b": 0.1143125,
  "s1_rotational_constant_c": 1.0300601,
  "s0_rays_asymmetry_parameter": 0.9764617504771167,
  "s1_rays_asymmetry_parameter": 0.9756601057463651,
  "s0_volume": 386.60148,
  "s1_volume": 387.31697,
  "delta_volume": 0.7154900000000453,
  "s0_homo_lumo_gap": 2.0353786825272397,
  "s1_homo_lumo_gap": 1.8502705387367007,
  "delta_gap": -0.18510814379053908,
  "s0_dihedral_avg": -10.154161763635605,
  "s1_dihedral_avg": -10.120293591745654,
  "delta_dihedral": 0.03386817188995117,
  "delta_dipole": null,
  "excitation_energy": "2.7199",
  "exciting_path_mean_volume": 386.8059666666666,
  "s0_bonds_avg": 1.2880705938248649,
  "s1_bonds_avg": 1.3065350095629726,
  "s0_angles_avg": 117.47124490449218,
  "s1_angles_avg": 117.49357177599275
}