{
  "s0_rotational_constant_a": 0.1030491,
  "s0_rotational_constant_b": 0.1141444,
  "s0_rotational_constant_c": 1.0457955,
  "s1_rotational_constant_a": 0.1030306,
  "s1_rotational_constant_b": 0.1143125,
  "s1_rotational_constant_c": 1.0300601,
  "s0_rays_asymmetry_parameter": 0.9764617504771167,
  "s1_rays_asymmetry_parameter": 0.9756601057463651,
  "s0_volume": 386.60148,
  "s1_volume": 387.31697,
  "delta_volume": 0.7154900000000453,
  "s0_homo_lumo_gap": 2.0353786825272397,
  "s1_homo_lumo_gap": 1.8502705387367007,
  "delta_gap": -0.18510814379053908,
  "s0_dihedral_avg": 90.009212262731,
  "s1_dihedral_avg": 90.00872843170401,
  "delta_dihedral": -0.0004838310269832391,
  "delta_dipole": {
    "element": [
      "C",
      "C",
      "N",
      "C",
      "C",
      "C",
      "C",
      "C",
      "C",
      "C",
      "C",
      "C",
      "C",
      "C",
      "C",
      "C",
      "C",
      "C",
      "C",
      "O",
      "O",
      "H",
      "H",
      "H",
      "H",
      "H",
      "H",
      "H",
      "H",
      "H",
      "H",
      "H",
      "H",
      "H"
    ],
    "charge_variation": [
      0.002676999999999999,
      -0.012307000000000068,
      -0.0018940000000000623,
      0.014619999999999966,
      -0.015573000000000004,
      0.0005209999999999937,
      -0.0005529999999999979,
      -0.0007969999999999991,
      0.0034410000000000066,
      -0.004970000000000002,
      0.0032080000000000025,
      0.0022819999999999993,
      -0.0021030000000000007,
      0.003805000000000003,
      -0.008368,
      0.002335999999999998,
      -0.0006349999999999967,
      -0.001915,
      -0.006332000000000004,
      -0.010749000000000009,
      0.016089999999999993,
      0.0005709999999999986,
      0.0009429999999999994,
      0.0005199999999999996,
      0.006208999999999999,
      0.002718999999999999,
      0.00018000000000000654,
      0.0007190000000000044,
      0.0005600000000000015,
      0.0005549999999999999,
      0.0005349999999999938,
      0.0020440000000000007,
      0.0005190000000000021,
      0.0011419999999999972
    ]
  },
  "excitation_energy": "2.7199",
  "exciting_path_mean_volume": 386.8059666666666,
  "s0_bonds_avg": 1.2880705938248649,
  "s1_bonds_avg": 1.3065350095629726,
  "s0_angles_avg": 117.47124490449218,
  "s1_angles_avg": 117.49357177599275,
  "delta_bonds": 0.018464415738107753,
  "delta_angles": 0.022326871500567336
}