{"charge": {"element": ["C", "Si", "C", "C", "C", "C", "C", "C", "C", "C", "C", "C", "C", "C", "C", "C", "C", "C", "C", "C", "C", "C", "C", "C", "C", "C", "C", "C", "C", "C", "C", "C", "C", "C", "C", "C", "C", "C", "C", "C", "C", "C", "C", "C", "C", "C", "C", "H", "H", "H", "H", "H", "H", "H", "H", "H", "H", "H", "H", "H", "H", "H", "H", "H", "H", "H", "H", "H", "H", "H", "H", "H", "H", "H", "H", "H", "H", "H", "H", "H", "H"], "charge_variation": [0.003134999999999999, -0.001346, 0.003147000000000004, -0.013722000000000005, 6.999999999993123e-06, 0.0034059999999999924, -0.003029000000000004, 0.0036850000000000077, -0.0038640000000000063, 0.0015580000000000038, -0.0013269999999999949, -0.0012819999999999984, 0.001362000000000002, -0.0033319999999999947, 0.003842999999999999, -0.0064740000000000075, 0.003691, -0.0036310000000000092, 0.0022380000000000004, 0.0002940000000000026, 0.0003670000000000062, -0.000791, -0.0002040000000000028, -0.0006229999999999986, -0.0010070000000000079, 0.0023099999999999996, -0.0034129999999999994, 0.0012199999999999989, -0.00042299999999999977, 0.00035099999999999715, -0.00024400000000000116, 0.0024939999999999962, 0.010030999999999998, 0.0007240000000000024, -0.0018589999999999995, -0.002449, 0.004636000000000001, -0.008409, 0.005049999999999999, -0.004535999999999998, 0.0014990000000000003, 0.001578000000000003, -0.004543999999999999, 0.005077999999999999, -0.008314000000000002, 0.004869999999999999, -0.006311000000000011, -0.0006260000000000016, -9.199999999999833e-05, 0.0004979999999999984, -0.0005119999999999986, -0.000171000000000001, 0.001060000000000002, -0.0018869999999999998, 0.00016700000000000048, 0.00037600000000000133, 0.00015799999999999842, 0.0001370000000000017, -0.00023000000000000104, 0.0004569999999999991, 0.0010489999999999944, 0.0018530000000000005, 0.00043600000000000236, 0.0002280000000000025, -3.999999999999837e-05, -3.600000000000131e-05, 0.00023400000000000157, -2.999999999999531e-06, 0.00017, 0.0003140000000000018, 0.00013300000000000117, -0.0002249999999999995, 0.0007090000000000013, 0.0005929999999999998, 0.0024310000000000026, 0.001129999999999999, 2.7999999999996777e-05, 0.0002580000000000013, 0.001014999999999995, 0.0021790000000000004, 0.0027690000000000006]}, "ground_state": {"HOMO-LUMO": 1.558186290855998, "structure": {"bonds": 1.2973867589273034, "angles": 118.71982689220398, "DA": 2.886519746730122}, "rotational_constant": {"A": 0.0239055, "B": 0.0300955, "C": 0.1040638}, "rays_asymmetry_parameter": 0.8455556068429595, "volume": 897.20083}, "excited_state": {"HOMO-LUMO": 1.3195669653461013, "structure": {"bonds": 1.3170006152451685, "angles": 118.71079707735271, "DA": 15.176190216076646}, "rotational_constant": {"A": 0.0239873, "B": 0.0301997, "C": 0.103974}, "rays_asymmetry_parameter": 0.8446641754191634, "excited_energy": "1.8066", "volume": 897.01505}, "exciting_path_mean_volume": 897.0505549999999}