{
  "s0_rotational_constant_a": 0.0693553,
  "s0_rotational_constant_b": 0.0852501,
  "s0_rotational_constant_c": 0.1859328,
  "s1_rotational_constant_a": 0.0688567,
  "s1_rotational_constant_b": 0.0852928,
  "s1_rotational_constant_c": 0.1895986,
  "s0_rays_asymmetry_parameter": 0.7273093006798053,
  "s1_rays_asymmetry_parameter": 0.7277481967734483,
  "s0_volume": 665.5123,
  "s1_volume": 664.08257,
  "delta_volume": -1.4297299999999495,
  "s0_homo_lumo_gap": 1.9660141499461004,
  "s1_homo_lumo_gap": 1.6171778448094134,
  "delta_gap": -0.34883630513668695,
  "s0_dihedral_avg": 89.99734889363265,
  "s1_dihedral_avg": 90.00026876179948,
  "delta_dihedral": 0.002919868166827655,
  "delta_dipole": {
    "element": [
      "C",
      "C",
      "C",
      "C",
      "C",
      "C",
      "C",
      "C",
      "C",
      "C",
      "C",
      "C",
      "C",
      "C",
      "C",
      "C",
      "C",
      "C",
      "C",
      "C",
      "C",
      "C",
      "C",
      "C",
      "C",
      "C",
      "C",
      "C",
      "C",
      "C",
      "C",
      "C",
      "C",
      "C",
      "C",
      "C",
      "H",
      "H",
      "H",
      "H",
      "H",
      "H",
      "H",
      "H",
      "H",
      "H",
      "H",
      "H",
      "H",
      "H",
      "H",
      "H",
      "H",
      "H",
      "H",
      "H",
      "H",
      "H",
      "H",
      "H"
    ],
    "charge_variation": [
      -0.0022790000000000032,
      4.60000000000009e-05,
      -0.0020909999999999956,
      0.0019239999999999952,
      0.0011029999999999998,
      0.0009479999999999992,
      0.003264000000000003,
      -0.00347299999999999,
      0.00020999999999999838,
      -0.0023220000000000046,
      0.00032899999999999943,
      -0.0027259999999999923,
      -0.004313999999999998,
      0.005046000000000009,
      -0.007754999999999998,
      0.0031979999999999995,
      -0.0029860000000000025,
      -0.0012709999999999944,
      0.0030769999999999964,
      -0.007232000000000002,
      0.006021000000000002,
      -0.006543000000000007,
      0.003269999999999995,
      -0.002682999999999998,
      -0.0021999999999999936,
      0.0014820000000000007,
      -0.00013099999999999917,
      0.0006980000000000007,
      0.0011939999999999867,
      -0.001899999999999999,
      0.0004060000000000001,
      -0.0020890000000000006,
      0.0005889999999999992,
      -0.0029980000000000007,
      -0.0020629999999999954,
      0.00018699999999999967,
      0.0007109999999999998,
      0.0006110000000000004,
      0.0011870000000000006,
      0.001335999999999997,
      0.0008090000000000007,
      0.0003470000000000001,
      0.00037299999999999833,
      0.001570000000000002,
      0.00037000000000000227,
      0.0029720000000000024,
      0.0011789999999999995,
      0.00037299999999999833,
      0.0020659999999999984,
      -0.0005200000000000031,
      0.0020610000000000003,
      0.0010440000000000033,
      0.0016250000000000014,
      0.0009450000000000014,
      0.00034199999999999856,
      0.0005870000000000007,
      0.0006169999999999995,
      0.001519999999999997,
      0.0011010000000000048,
      0.0008339999999999979
    ]
  },
  "excitation_energy": "2.2173",
  "exciting_path_mean_volume": 664.667,
  "s0_bonds_avg": 1.305602476303974,
  "s1_bonds_avg": 1.3066810232933055,
  "delta_bonds": 0.0010785469893315192,
  "s0_angles_avg": 119.99721827865831,
  "s1_angles_avg": 119.99625643226118,
  "delta_angles": -0.0009618463971321489
}