{
  "s0_rotational_constant_a": 0.0784912,
  "s0_rotational_constant_b": 0.1133034,
  "s0_rotational_constant_c": 0.2181444,
  "s1_rotational_constant_a": 0.0783221,
  "s1_rotational_constant_b": 0.1140953,
  "s1_rotational_constant_c": 0.2155105,
  "s0_rays_asymmetry_parameter": 0.5014478723008137,
  "s1_rays_asymmetry_parameter": 0.4784806878715694,
  "s0_volume": 564.05153,
  "s1_volume": 563.33039,
  "delta_volume": -0.7211399999999912,
  "s0_homo_lumo_gap": 2.2823927192298252,
  "s1_homo_lumo_gap": 1.753612990511261,
  "delta_gap": -0.5287797287185643,
  "s0_dihedral_avg": 89.97623575640971,
  "s1_dihedral_avg": 89.99523736453732,
  "delta_dihedral": 0.01900160812760987,
  "delta_dipole": {
    "element": [
      "C",
      "C",
      "C",
      "C",
      "C",
      "N",
      "C",
      "C",
      "C",
      "C",
      "C",
      "C",
      "C",
      "C",
      "C",
      "C",
      "C",
      "C",
      "C",
      "C",
      "N",
      "C",
      "C",
      "C",
      "C",
      "C",
      "C",
      "C",
      "C",
      "C",
      "H",
      "H",
      "H",
      "H",
      "H",
      "H",
      "H",
      "H",
      "H",
      "H",
      "H",
      "H",
      "H",
      "H",
      "H",
      "H",
      "H",
      "H",
      "H",
      "H"
    ],
    "charge_variation": [
      -0.0009569999999999995,
      -0.0005970000000000003,
      0.0061790000000000005,
      -0.0016000000000000042,
      0.002939999999999998,
      -0.023267999999999955,
      0.0029220000000000357,
      -0.001690999999999998,
      -0.0010759999999999936,
      -0.0007759999999999989,
      -0.0011809999999999946,
      -0.0005150000000000016,
      0.006276,
      0.002915000000000001,
      -0.0016969999999999971,
      0.006268000000000003,
      -0.0005190000000000021,
      -0.0011769999999999975,
      -0.0007710000000000009,
      -0.0010709999999999886,
      -0.023289000000000004,
      0.002933999999999992,
      -0.0016080000000000053,
      0.006172,
      -0.0005989999999999988,
      -0.0009539999999999965,
      -0.0008890000000000009,
      -0.0010459999999999914,
      -0.0010479999999999934,
      -0.000892999999999998,
      0.0010620000000000004,
      0.00027199999999999794,
      0.004658000000000002,
      0.0012139999999999998,
      0.0003730000000000018,
      0.0011220000000000015,
      0.00025199999999999875,
      0.004642,
      0.004640999999999999,
      0.00025199999999999875,
      0.0011220000000000015,
      0.00037399999999999933,
      0.0012160000000000018,
      0.004657000000000001,
      0.00027199999999999794,
      0.0010630000000000014,
      0.0004289999999999988,
      0.001285999999999999,
      0.0012829999999999994,
      0.0004280000000000013
    ]
  },
  "excitation_energy": "2.4755",
  "exciting_path_mean_volume": 563.8230749999999,
  "s0_bonds_avg": 1.2927088540666667,
  "s1_bonds_avg": 1.297711928614444,
  "delta_bonds": 0.005003074547777375,
  "s0_angles_avg": 119.92181870576641,
  "s1_angles_avg": 119.83382304811424,
  "delta_angles": -0.0879956576521721
}