{
  "charge": {
    "element": [
      "C",
      "C",
      "C",
      "C",
      "C",
      "N",
      "C",
      "C",
      "C",
      "C",
      "C",
      "C",
      "C",
      "C",
      "C",
      "C",
      "C",
      "C",
      "C",
      "C",
      "N",
      "C",
      "C",
      "C",
      "C",
      "C",
      "C",
      "C",
      "C",
      "C",
      "H",
      "H",
      "H",
      "H",
      "H",
      "H",
      "H",
      "H",
      "H",
      "H",
      "H",
      "H",
      "H",
      "H",
      "H",
      "H",
      "H",
      "H",
      "H",
      "H"
    ],
    "charge_variation": [
      -0.0009569999999999995,
      -0.0005970000000000003,
      0.0061790000000000005,
      -0.0016000000000000042,
      0.002939999999999998,
      -0.023267999999999955,
      0.0029220000000000357,
      -0.001690999999999998,
      -0.0010759999999999936,
      -0.0007759999999999989,
      -0.0011809999999999946,
      -0.0005150000000000016,
      0.006276,
      0.002915000000000001,
      -0.0016969999999999971,
      0.006268000000000003,
      -0.0005190000000000021,
      -0.0011769999999999975,
      -0.0007710000000000009,
      -0.0010709999999999886,
      -0.023289000000000004,
      0.002933999999999992,
      -0.0016080000000000053,
      0.006172,
      -0.0005989999999999988,
      -0.0009539999999999965,
      -0.0008890000000000009,
      -0.0010459999999999914,
      -0.0010479999999999934,
      -0.000892999999999998,
      0.0010620000000000004,
      0.00027199999999999794,
      0.004658000000000002,
      0.0012139999999999998,
      0.0003730000000000018,
      0.0011220000000000015,
      0.00025199999999999875,
      0.004642,
      0.004640999999999999,
      0.00025199999999999875,
      0.0011220000000000015,
      0.00037399999999999933,
      0.0012160000000000018,
      0.004657000000000001,
      0.00027199999999999794,
      0.0010630000000000014,
      0.0004289999999999988,
      0.001285999999999999,
      0.0012829999999999994,
      0.0004280000000000013
    ]
  },
  "ground_state": {
    "HOMO-LUMO": 2.2823927192298252,
    "charge": {
      "element": [
        "C",
        "C",
        "C",
        "C",
        "C",
        "N",
        "C",
        "C",
        "C",
        "C",
        "C",
        "C",
        "C",
        "C",
        "C",
        "C",
        "C",
        "C",
        "C",
        "C",
        "N",
        "C",
        "C",
        "C",
        "C",
        "C",
        "C",
        "C",
        "C",
        "C",
        "H",
        "H",
        "H",
        "H",
        "H",
        "H",
        "H",
        "H",
        "H",
        "H",
        "H",
        "H",
        "H",
        "H",
        "H",
        "H",
        "H",
        "H",
        "H",
        "H"
      ],
      "charge": [
        -0.034187,
        -0.024861,
        -0.030766,
        0.042706,
        0.39291,
        -0.803111,
        0.392914,
        0.042677,
        -0.076839,
        -0.02309,
        -0.034173,
        -0.024872,
        -0.030739,
        0.392915,
        0.042677,
        -0.030738,
        -0.024872,
        -0.034174,
        -0.02309,
        -0.07684,
        -0.803109,
        0.39291,
        0.042707,
        -0.030765,
        -0.024861,
        -0.034187,
        -0.023053,
        -0.076853,
        -0.076853,
        -0.023053,
        0.028818,
        0.028704,
        0.041122,
        0.026836,
        0.030188,
        0.028821,
        0.028705,
        0.041135,
        0.041135,
        0.028705,
        0.028821,
        0.030188,
        0.026836,
        0.041123,
        0.028704,
        0.028818,
        0.030183,
        0.026821,
        0.026821,
        0.030184
      ]
    },
    "structure": {
      "bonds": 1.2927088540666667,
      "angles": 119.92181870576641,
      "DA": 89.97623575640971
    },
    "rotational_constant": {
      "A": 0.0784912,
      "B": 0.1133034,
      "C": 0.2181444
    },
    "rays_asymmetry_parameter": 0.5014478723008137,
    "volume": 564.05153
  },
  "excited_state": {
    "HOMO-LUMO": 1.753612990511261,
    "charge": {
      "element": [
        "C",
        "C",
        "C",
        "C",
        "C",
        "N",
        "C",
        "C",
        "C",
        "C",
        "C",
        "C",
        "C",
        "C",
        "C",
        "C",
        "C",
        "C",
        "C",
        "C",
        "N",
        "C",
        "C",
        "C",
        "C",
        "C",
        "C",
        "C",
        "C",
        "C",
        "H",
        "H",
        "H",
        "H",
        "H",
        "H",
        "H",
        "H",
        "H",
        "H",
        "H",
        "H",
        "H",
        "H",
        "H",
        "H",
        "H",
        "H",
        "H",
        "H"
      ],
      "charge": [
        -0.035144,
        -0.025458,
        -0.024587,
        0.041106,
        0.39585,
        -0.826379,
        0.395836,
        0.040986,
        -0.077915,
        -0.023866,
        -0.035354,
        -0.025387,
        -0.024463,
        0.39583,
        0.04098,
        -0.02447,
        -0.025391,
        -0.035351,
        -0.023861,
        -0.077911,
        -0.826398,
        0.395844,
        0.041099,
        -0.024593,
        -0.02546,
        -0.035141,
        -0.023942,
        -0.077899,
        -0.077901,
        -0.023946,
        0.02988,
        0.028976,
        0.04578,
        0.02805,
        0.030561,
        0.029943,
        0.028957,
        0.045777,
        0.045776,
        0.028957,
        0.029943,
        0.030562,
        0.028052,
        0.04578,
        0.028976,
        0.029881,
        0.030612,
        0.028107,
        0.028104,
        0.030612
      ]
    },
    "structure": {
      "bonds": 1.297711928614444,
      "angles": 119.83382304811424,
      "DA": 89.99523736453732
    },
    "rotational_constant": {
      "A": 0.0783221,
      "B": 0.1140953,
      "C": 0.2155105
    },
    "rays_asymmetry_parameter": 0.4784806878715694,
    "excited_energy": "2.4755",
    "volume": 563.33039
  },
  "exciting_path_mean_volume": 563.8230749999999
}