{
  "s0_rotational_constant_a": 0.0512235,
  "s0_rotational_constant_b": 0.0580452,
  "s0_rotational_constant_c": 0.3338204,
  "s1_rotational_constant_a": 0.0539653,
  "s1_rotational_constant_b": 0.0625508,
  "s1_rotational_constant_c": 0.3261963,
  "s0_rays_asymmetry_parameter": 0.9517213387691088,
  "s1_rays_asymmetry_parameter": 0.9369248909933107,
  "s0_volume": 548.44963,
  "s1_volume": 550.52739,
  "delta_volume": 2.077760000000012,
  "s0_homo_lumo_gap": 1.7313350324773746,
  "s1_homo_lumo_gap": 0.6575249380085673,
  "delta_gap": -1.0738100944688074,
  "s0_dihedral_avg": 90.007864220363,
  "s1_dihedral_avg": 92.88707740850953,
  "delta_dihedral": 2.8792131881465224,
  "delta_dipole": {
    "element": [
      "O",
      "C",
      "C",
      "C",
      "C",
      "C",
      "C",
      "C",
      "N",
      "C",
      "C",
      "C",
      "C",
      "C",
      "C",
      "C",
      "C",
      "C",
      "C",
      "C",
      "C",
      "C",
      "C",
      "C",
      "C",
      "C",
      "C",
      "C",
      "N",
      "H",
      "H",
      "H",
      "H",
      "H",
      "H",
      "H",
      "H",
      "H",
      "H",
      "H",
      "H",
      "H",
      "H",
      "H",
      "H",
      "H",
      "H",
      "H",
      "H"
    ],
    "charge_variation": [
      0.02939499999999995,
      0.03923599999999994,
      0.041714,
      -0.072037,
      0.036739999999999995,
      -0.021004,
      0.024554000000000006,
      -0.028330999999999995,
      0.030823999999999963,
      0.0007389999999999897,
      -0.013190000000000007,
      0.0010609999999999994,
      -0.010038999999999992,
      -0.0006089999999999993,
      -0.004573999999999995,
      0.011056999999999984,
      -0.031663,
      0.006777999999999999,
      -0.029868000000000006,
      0.00936,
      -0.03383599999999998,
      0.018376000000000003,
      -0.016070999999999995,
      -0.002768999999999966,
      0.008916000000000007,
      0.008030000000000002,
      0.0041160000000000085,
      0.011618000000000017,
      -0.011125000000000052,
      4.9999999999980616e-06,
      -0.014896,
      -0.0010739999999999986,
      -0.0012650000000000022,
      -0.0016139999999999974,
      -0.0012379999999999995,
      -0.0014820000000000007,
      -0.0004989999999999994,
      0.0026419999999999985,
      0.0016509999999999997,
      -0.002308000000000001,
      -0.0009879999999999958,
      -0.0022289999999999983,
      0.00017600000000000254,
      -0.0026249999999999954,
      -0.0005909999999999943,
      -0.0019870000000000027,
      0.007757,
      0.007216,
      0.005948999999999999
    ]
  },
  "excitation_energy": "0.7603",
  "exciting_path_mean_volume": 548.8011683333333,
  "s0_bonds_avg": 1.2762799774344231,
  "s1_bonds_avg": 1.26063190825,
  "delta_bonds": -0.015648069184423186,
  "s0_angles_avg": 119.96003382073678,
  "s1_angles_avg": 119.87710866082686,
  "delta_angles": -0.08292515990991944
}