{
  "charge": {
    "element": [
      "O",
      "C",
      "C",
      "C",
      "C",
      "C",
      "C",
      "C",
      "N",
      "C",
      "C",
      "C",
      "C",
      "C",
      "C",
      "C",
      "C",
      "C",
      "C",
      "C",
      "C",
      "C",
      "C",
      "C",
      "C",
      "C",
      "C",
      "C",
      "N",
      "H",
      "H",
      "H",
      "H",
      "H",
      "H",
      "H",
      "H",
      "H",
      "H",
      "H",
      "H",
      "H",
      "H",
      "H",
      "H",
      "H",
      "H",
      "H",
      "H"
    ],
    "charge_variation": [
      0.02939499999999995,
      0.03923599999999994,
      0.041714,
      -0.072037,
      0.036739999999999995,
      -0.021004,
      0.024554000000000006,
      -0.028330999999999995,
      0.030823999999999963,
      0.0007389999999999897,
      -0.013190000000000007,
      0.0010609999999999994,
      -0.010038999999999992,
      -0.0006089999999999993,
      -0.004573999999999995,
      0.011056999999999984,
      -0.031663,
      0.006777999999999999,
      -0.029868000000000006,
      0.00936,
      -0.03383599999999998,
      0.018376000000000003,
      -0.016070999999999995,
      -0.002768999999999966,
      0.008916000000000007,
      0.008030000000000002,
      0.0041160000000000085,
      0.011618000000000017,
      -0.011125000000000052,
      4.9999999999980616e-06,
      -0.014896,
      -0.0010739999999999986,
      -0.0012650000000000022,
      -0.0016139999999999974,
      -0.0012379999999999995,
      -0.0014820000000000007,
      -0.0004989999999999994,
      0.0026419999999999985,
      0.0016509999999999997,
      -0.002308000000000001,
      -0.0009879999999999958,
      -0.0022289999999999983,
      0.00017600000000000254,
      -0.0026249999999999954,
      -0.0005909999999999943,
      -0.0019870000000000027,
      0.007757,
      0.007216,
      0.005948999999999999
    ]
  },
  "ground_state": {
    "HOMO-LUMO": 1.7313350324773746,
    "charge": {
      "element": [
        "O",
        "C",
        "C",
        "C",
        "C",
        "C",
        "C",
        "C",
        "N",
        "C",
        "C",
        "C",
        "C",
        "C",
        "C",
        "C",
        "C",
        "C",
        "C",
        "C",
        "C",
        "C",
        "C",
        "C",
        "C",
        "C",
        "C",
        "C",
        "N",
        "H",
        "H",
        "H",
        "H",
        "H",
        "H",
        "H",
        "H",
        "H",
        "H",
        "H",
        "H",
        "H",
        "H",
        "H",
        "H",
        "H",
        "H",
        "H",
        "H"
      ],
      "charge": [
        -0.772968,
        0.711076,
        -0.187884,
        0.054787,
        0.017334,
        -0.022205,
        -0.1484,
        0.398292,
        -0.518867,
        0.387567,
        -0.140594,
        -0.006004,
        -0.076464,
        -0.006387,
        -0.140788,
        0.387274,
        -0.141101,
        -0.006068,
        -0.076293,
        -0.005941,
        -0.140444,
        -0.146196,
        -0.021101,
        0.437366,
        -0.089617,
        0.041191,
        -0.105882,
        0.406251,
        -0.829815,
        0.056513,
        0.048665,
        0.034013,
        0.042011,
        0.039449,
        0.030166,
        0.032665,
        0.029981,
        0.039481,
        0.039478,
        0.029938,
        0.032781,
        0.03035,
        0.039388,
        0.041474,
        0.037873,
        0.053924,
        0.029015,
        0.032499,
        0.022217
      ]
    },
    "structure": {
      "bonds": 1.2762799774344231,
      "angles": 119.96003382073678,
      "DA": 90.007864220363
    },
    "rotational_constant": {
      "A": 0.0512235,
      "B": 0.0580452,
      "C": 0.3338204
    },
    "rays_asymmetry_parameter": 0.9517213387691088,
    "volume": 548.44963
  },
  "excited_state": {
    "HOMO-LUMO": 0.6575249380085673,
    "charge": {
      "element": [
        "O",
        "C",
        "C",
        "C",
        "C",
        "C",
        "C",
        "C",
        "N",
        "C",
        "C",
        "C",
        "C",
        "C",
        "C",
        "C",
        "C",
        "C",
        "C",
        "C",
        "C",
        "C",
        "C",
        "C",
        "C",
        "C",
        "C",
        "C",
        "N",
        "H",
        "H",
        "H",
        "H",
        "H",
        "H",
        "H",
        "H",
        "H",
        "H",
        "H",
        "H",
        "H",
        "H",
        "H",
        "H",
        "H",
        "H",
        "H",
        "H"
      ],
      "charge": [
        -0.743573,
        0.750312,
        -0.14617,
        -0.01725,
        0.054074,
        -0.043209,
        -0.123846,
        0.369961,
        -0.488043,
        0.388306,
        -0.153784,
        -0.004943,
        -0.086503,
        -0.006996,
        -0.145362,
        0.398331,
        -0.172764,
        0.00071,
        -0.106161,
        0.003419,
        -0.17428,
        -0.12782,
        -0.037172,
        0.434597,
        -0.080701,
        0.049221,
        -0.101766,
        0.417869,
        -0.84094,
        0.056518,
        0.033769,
        0.032939,
        0.040746,
        0.037835,
        0.028928,
        0.031183,
        0.029482,
        0.042123,
        0.041129,
        0.02763,
        0.031793,
        0.028121,
        0.039564,
        0.038849,
        0.037282,
        0.051937,
        0.036772,
        0.039715,
        0.028166
      ]
    },
    "structure": {
      "bonds": 1.26063190825,
      "angles": 119.87710866082686,
      "DA": 92.88707740850953
    },
    "rotational_constant": {
      "A": 0.0539653,
      "B": 0.0625508,
      "C": 0.3261963
    },
    "rays_asymmetry_parameter": 0.9369248909933107,
    "excited_energy": "0.7603",
    "volume": 550.52739
  },
  "exciting_path_mean_volume": 548.8011683333333
}