{
  "s0_rotational_constant_a": 0.0077828,
  "s0_rotational_constant_b": 0.0087946,
  "s0_rotational_constant_c": 0.0425133,
  "s1_rotational_constant_a": 0.0085677,
  "s1_rotational_constant_b": 0.0099269,
  "s1_rotational_constant_c": 0.0371638,
  "s0_rays_asymmetry_parameter": 0.9417342105642015,
  "s1_rays_asymmetry_parameter": 0.904938085962771,
  "s0_volume": 1365.04442,
  "s1_volume": 1364.28987,
  "delta_volume": -0.754549999999881,
  "s0_homo_lumo_gap": 1.9730972725504978,
  "s1_homo_lumo_gap": 1.2082887418408195,
  "delta_gap": -0.7648085307096784,
  "s0_dihedral_avg": 92.6720387708377,
  "s1_dihedral_avg": 92.77027712299204,
  "delta_dihedral": 0.09823835215433974,
  "delta_dipole": {
    "element": [
      "C",
      "C",
      "C",
      "C",
      "C",
      "C",
      "C",
      "C",
      "C",
      "C",
      "C",
      "C",
      "C",
      "C",
      "C",
      "C",
      "C",
      "C",
      "C",
      "C",
      "N",
      "C",
      "C",
      "C",
      "C",
      "C",
      "C",
      "C",
      "C",
      "C",
      "O",
      "C",
      "C",
      "C",
      "C",
      "C",
      "C",
      "C",
      "C",
      "C",
      "N",
      "C",
      "C",
      "C",
      "C",
      "C",
      "C",
      "C",
      "C",
      "C",
      "C",
      "C",
      "C",
      "C",
      "C",
      "C",
      "C",
      "C",
      "C",
      "C",
      "C",
      "C",
      "C",
      "C",
      "C",
      "N",
      "C",
      "C",
      "C",
      "H",
      "H",
      "H",
      "H",
      "H",
      "H",
      "H",
      "H",
      "H",
      "H",
      "H",
      "H",
      "H",
      "H",
      "H",
      "H",
      "H",
      "H",
      "H",
      "H",
      "H",
      "H",
      "H",
      "H",
      "H",
      "H",
      "H",
      "H",
      "H",
      "H",
      "H",
      "H",
      "H",
      "H",
      "H",
      "H",
      "H",
      "H",
      "H",
      "H",
      "H",
      "H",
      "H",
      "H",
      "H",
      "H",
      "H",
      "H",
      "H",
      "H",
      "H",
      "H",
      "H",
      "H",
      "H",
      "H",
      "H",
      "H",
      "H",
      "H",
      "H",
      "H",
      "H"
    ],
    "charge_variation": [
      -0.0024239999999999956,
      0.004724000000000006,
      -0.0022840000000000082,
      -0.001024000000000011,
      -0.011796999999999998,
      0.005287,
      -0.01074,
      -0.0011760000000000104,
      -0.0067979999999999985,
      0.0028830000000000106,
      -0.0036790000000000017,
      0.002008999999999997,
      -0.00933,
      0.004237999999999992,
      -0.0010320000000000051,
      -0.0020659999999999984,
      -0.0022119999999999918,
      0.0022059999999999996,
      -0.008549000000000001,
      -0.0038880000000000026,
      0.03708900000000004,
      -0.015639999999999987,
      0.0023870000000000002,
      -0.002033,
      0.007604000000000003,
      0.009917999999999996,
      -0.022912000000000002,
      0.007797999999999999,
      -0.01472000000000001,
      0.03127399999999997,
      -0.011143000000000014,
      -0.009700000000000042,
      0.019568000000000002,
      -0.015236,
      0.030541,
      -0.008282999999999999,
      -0.00024200000000000003,
      0.00039000000000000146,
      0.004150999999999988,
      0.0016780000000000128,
      0.00912099999999999,
      -0.001978999999999953,
      -0.004250000000000004,
      0.0020949999999999996,
      0.00023899999999999963,
      -0.0006499999999999839,
      0.0004950000000000093,
      0.0003439999999999971,
      0.0003899999999999876,
      0.0021869999999999945,
      -0.0008080000000000032,
      -0.0016730000000000009,
      0.0016390000000000016,
      0.0009350000000000001,
      -0.0007179999999999964,
      0.0004870000000000013,
      0.0002550000000000052,
      0.00024199999999999222,
      0.002685000000000007,
      -0.0008149999999999824,
      -0.002670999999999979,
      0.0064659999999999995,
      -0.001904000000000003,
      -0.0010539999999999994,
      0.012871999999999995,
      -0.017160999999999982,
      -0.04469400000000001,
      -0.0012500000000000011,
      0.0011509999999999992,
      0.00010800000000000046,
      0.0004849999999999993,
      0.00018800000000000067,
      0.0001999999999999988,
      0.00018900000000000167,
      0.0001910000000000002,
      0.00023400000000000157,
      0.0,
      4.19999999999969e-05,
      -0.00016699999999999354,
      0.0006309999999999996,
      0.0005350000000000008,
      0.0007179999999999964,
      -0.00014300000000000077,
      4.29999999999979e-05,
      6.499999999999909e-05,
      0.0002579999999999978,
      0.0004410000000000004,
      7.099999999999815e-05,
      0.0004490000000000015,
      0.0002139999999999989,
      2.9000000000001247e-05,
      -0.0005699999999999941,
      -0.00035500000000000115,
      -0.0010589999999999974,
      0.002589000000000001,
      0.0011590000000000003,
      -0.002418,
      -0.002908000000000001,
      0.006678000000000003,
      0.007098,
      5.6000000000000494e-05,
      0.004455999999999995,
      0.0005600000000000049,
      -0.001576999999999995,
      6.799999999999862e-05,
      0.00036299999999999874,
      -0.00011199999999999752,
      -8.599999999999927e-05,
      2.5000000000000716e-05,
      0.00027299999999999894,
      -0.0002249999999999995,
      -0.0002699999999999994,
      0.0003449999999999981,
      -0.00013999999999999777,
      0.00029699999999999865,
      0.00024600000000000316,
      5.4999999999999494e-05,
      2.9999999999998778e-05,
      0.00028500000000000053,
      0.00033200000000000243,
      -0.00026400000000000035,
      0.00012300000000000158,
      -0.0003050000000000032,
      0.0004930000000000004,
      -9.99999999999994e-05,
      0.00047000000000000514,
      -0.0007769999999999999,
      0.0019800000000000026,
      0.013017999999999995,
      -0.0029829999999999995,
      0.0012199999999999989,
      -0.0016689999999999969
    ]
  },
  "excitation_energy": "1.3898",
  "exciting_path_mean_volume": 1363.0180883333333,
  "s0_bonds_avg": 1.2784764322351068,
  "s1_bonds_avg": 1.2774150007518439,
  "delta_bonds": -0.0010614314832628757,
  "s0_angles_avg": 116.19792244516567,
  "s1_angles_avg": 116.13775263542217,
  "delta_angles": -0.06016980974349906
}