{
  "s0_rotational_constant_a": 0.0509633,
  "s0_rotational_constant_b": 0.0732324,
  "s0_rotational_constant_c": 0.0927488,
  "s1_rotational_constant_a": 0.0505268,
  "s1_rotational_constant_b": 0.0748311,
  "s1_rotational_constant_c": 0.0903568,
  "s0_rays_asymmetry_parameter": -0.0658769190269351,
  "s1_rays_asymmetry_parameter": -0.22040170725583721,
  "s0_volume": 754.18394,
  "s1_volume": 752.30653,
  "delta_volume": -1.8774100000000544,
  "s0_homo_lumo_gap": 2.047161210716654,
  "s1_homo_lumo_gap": 1.3370203454400733,
  "delta_gap": -0.7101408652765806,
  "s0_dihedral_avg": 89.99248785058846,
  "s1_dihedral_avg": 90.1877062769789,
  "delta_dihedral": 0.19521842639043996,
  "delta_dipole": {
    "element": [
      "O",
      "P",
      "C",
      "C",
      "C",
      "C",
      "C",
      "C",
      "C",
      "C",
      "C",
      "C",
      "C",
      "C",
      "C",
      "C",
      "C",
      "C",
      "C",
      "C",
      "C",
      "C",
      "C",
      "C",
      "C",
      "C",
      "C",
      "C",
      "C",
      "C",
      "C",
      "C",
      "C",
      "C",
      "C",
      "C",
      "C",
      "C",
      "C",
      "C",
      "H",
      "H",
      "H",
      "H",
      "H",
      "H",
      "H",
      "H",
      "H",
      "H",
      "H",
      "H",
      "H",
      "H",
      "H",
      "H",
      "H",
      "H",
      "H",
      "H",
      "H",
      "H",
      "H",
      "H",
      "H",
      "H",
      "H"
    ],
    "charge_variation": [
      0.0005690000000000417,
      -0.046856999999999996,
      -0.005867000000000011,
      -0.001688000000000002,
      -0.003488999999999999,
      -0.0039019999999999992,
      -0.0023180000000000006,
      0.0011419999999999998,
      -0.020744,
      0.008459999999999995,
      -0.01190200000000001,
      0.0024419999999999997,
      -0.0032939999999999914,
      0.001588000000000006,
      0.0018829999999999958,
      -0.006818000000000005,
      0.004256000000000003,
      -0.009345,
      0.004956000000000002,
      -0.002154999999999997,
      0.009091000000000002,
      0.034027,
      -0.00581000000000001,
      0.0009420000000000123,
      -0.00021200000000000038,
      0.005639999999999992,
      -0.001114999999999991,
      -0.0018640000000000045,
      0.0008370000000000044,
      0.00028399999999999953,
      0.0010980000000000018,
      0.0018780000000000012,
      0.0007669999999999969,
      0.006724000000000008,
      0.0028870000000000007,
      0.002142000000000005,
      0.0029250000000000005,
      -0.0007050000000000042,
      0.008374,
      0.010702999999999997,
      -0.002357999999999999,
      -0.001115999999999999,
      -0.0005320000000000012,
      -0.0014240000000000017,
      0.001018999999999999,
      0.0008289999999999964,
      -0.00032799999999999843,
      0.0030510000000000016,
      0.0027149999999999987,
      -0.00023999999999999716,
      0.001583000000000001,
      -0.0004030000000000006,
      0.002687000000000002,
      0.0008650000000000047,
      0.0011810000000000015,
      -2.1000000000000185e-05,
      0.0012549999999999992,
      -0.00036599999999999827,
      8.199999999999874e-05,
      0.00014799999999999883,
      4.799999999999943e-05,
      0.0004259999999999993,
      0.0028970000000000037,
      -5.6000000000000494e-05,
      0.0010350000000000012,
      0.0015950000000000061,
      -0.00010100000000000386
    ]
  },
  "excitation_energy": "1.6504",
  "exciting_path_mean_volume": 752.9427616666667,
  "s0_bonds_avg": 1.30654584192,
  "s1_bonds_avg": 1.31083906217,
  "s0_angles_avg": 119.4522321572121,
  "s1_angles_avg": 119.40746028017095,
  "delta_bonds": 0.004293220249999896,
  "delta_angles": -0.044771877041142716
}