{
  "s0_rotational_constant_a": 0.1064105,
  "s0_rotational_constant_b": 0.1885621,
  "s0_rotational_constant_c": 0.2172041,
  "s1_rotational_constant_a": 0.1090202,
  "s1_rotational_constant_b": 0.1842022,
  "s1_rotational_constant_c": 0.2311447,
  "s0_rays_asymmetry_parameter": -0.48296652514224636,
  "s1_rays_asymmetry_parameter": -0.23123533770864976,
  "s0_volume": 432.30604,
  "s1_volume": 431.11039,
  "delta_volume": -1.1956500000000005,
  "s0_homo_lumo_gap": 2.144684080873787,
  "s1_homo_lumo_gap": 1.3909777938160266,
  "delta_gap": -0.7537062870577604,
  "s0_dihedral_avg": 0.709728550406504,
  "s1_dihedral_avg": 4.536857438762345,
  "delta_dihedral": 3.827128888355841,
  "delta_dipole": null,
  "excitation_energy": "2.0827",
  "exciting_path_mean_volume": 431.49851000000007,
  "s0_bonds_avg": 1.331237878652,
  "s1_bonds_avg": 1.3290554204097502,
  "s0_angles_avg": 118.97771589028667,
  "s1_angles_avg": 118.94073406896456
}