{
  "charge": {
    "element": [
      "O",
      "S",
      "O",
      "C",
      "C",
      "C",
      "C",
      "C",
      "F",
      "C",
      "C",
      "C",
      "C",
      "C",
      "C",
      "C",
      "F",
      "C",
      "C",
      "C",
      "C",
      "C",
      "C",
      "C",
      "C",
      "H",
      "H",
      "H",
      "H",
      "H",
      "H",
      "H",
      "H",
      "H",
      "H",
      "H",
      "H"
    ],
    "charge_variation": [
      0.014201999999999937,
      -0.00143099999999996,
      -0.020273000000000096,
      -0.032835,
      0.010889000000000001,
      -0.0062980000000000015,
      -0.004288000000000014,
      0.0037280000000000646,
      0.004838000000000009,
      -0.0015580000000000038,
      0.005483999999999999,
      0.009392000000000001,
      -0.0025239999999999998,
      0.006505,
      -0.005288000000000015,
      0.012485999999999997,
      0.008370000000000044,
      -0.006231000000000014,
      0.0017159999999999988,
      0.018837,
      -0.003370999999999999,
      0.006902,
      -0.009468999999999998,
      0.013954000000000001,
      -0.033745,
      0.0012609999999999982,
      0.0006290000000000046,
      -4.499999999999643e-05,
      0.0015900000000000011,
      0.004189999999999999,
      0.0008080000000000032,
      -0.0003150000000000028,
      0.0010549999999999934,
      0.00011300000000000199,
      0.0008769999999999958,
      0.0004750000000000032,
      -0.0006289999999999976
    ]
  },
  "ground_state": {
    "HOMO-LUMO": 2.144684080873787,
    "structure": {
      "bonds": 1.331237878652,
      "angles": 118.97771589028667,
      "DA": 89.93657203684455
    },
    "rotational_constant": {
      "A": 0.1064105,
      "B": 0.1885621,
      "C": 0.2172041
    },
    "rays_asymmetry_parameter": -0.48296652514224636,
    "volume": 432.30604
  },
  "excited_state": {
    "HOMO-LUMO": 1.3909777938160266,
    "structure": {
      "bonds": 1.3290554204097502,
      "angles": 118.94073406896456,
      "DA": 90.53399512982745
    },
    "rotational_constant": {
      "A": 0.1090202,
      "B": 0.1842022,
      "C": 0.2311447
    },
    "rays_asymmetry_parameter": -0.23123533770864976,
    "excited_energy": "2.0827",
    "volume": 431.11039
  },
  "exciting_path_mean_volume": 431.49851000000007
}