{
  "s0_rotational_constant_a": 0.0504829,
  "s0_rotational_constant_b": 0.0658201,
  "s0_rotational_constant_c": 0.0731934,
  "s1_rotational_constant_a": 0.0500333,
  "s1_rotational_constant_b": 0.0656708,
  "s1_rotational_constant_c": 0.0728261,
  "s0_rays_asymmetry_parameter": -0.3506703947513268,
  "s1_rays_asymmetry_parameter": -0.37214383489522984,
  "s0_volume": 960.46087,
  "s1_volume": 957.31664,
  "delta_volume": -3.144229999999993,
  "s0_homo_lumo_gap": 2.9614581868336334,
  "s1_homo_lumo_gap": 2.2157846995946144,
  "delta_gap": -0.7456734872390189,
  "s0_dihedral_avg": 3.947760069430525,
  "s1_dihedral_avg": -4.058278545421141,
  "delta_dihedral": -8.006038614851665,
  "delta_dipole": null,
  "excitation_energy": "2.9692",
  "exciting_path_mean_volume": 958.679485,
  "s0_bonds_avg": 1.3095942051349472,
  "s1_bonds_avg": 1.3250767543952635,
  "s0_angles_avg": 117.2240100791167,
  "s1_angles_avg": 117.18876610116314
}