{
  "s0_rotational_constant_a": 0.0065486,
  "s0_rotational_constant_b": 0.0067342,
  "s0_rotational_constant_c": 0.0794064,
  "s1_rotational_constant_a": 0.0068557,
  "s1_rotational_constant_b": 0.0069801,
  "s1_rotational_constant_c": 0.0670877,
  "s0_rays_asymmetry_parameter": 0.9949051439928188,
  "s1_rays_asymmetry_parameter": 0.9958693053526365,
  "s0_volume": 1334.01177,
  "s1_volume": 1330.13272,
  "delta_volume": -3.8790500000000065,
  "s0_homo_lumo_gap": 1.9571813355112648,
  "s1_homo_lumo_gap": 1.2957053049089264,
  "delta_gap": -0.6614760306023384,
  "s0_dihedral_avg": -2.143381612513178,
  "s1_dihedral_avg": 0.850236578220806,
  "delta_dihedral": 2.9936181907339843,
  "delta_dipole": null,
  "excitation_energy": "1.7375",
  "exciting_path_mean_volume": 1331.208945,
  "s0_bonds_avg": 1.2820786165173683,
  "s1_bonds_avg": 1.2890483948480451,
  "s0_angles_avg": 119.98962518875962,
  "s1_angles_avg": 119.99267035333746
}