{
  "s0_rotational_constant_a": 0.0065486,
  "s0_rotational_constant_b": 0.0067342,
  "s0_rotational_constant_c": 0.0794064,
  "s1_rotational_constant_a": 0.0068557,
  "s1_rotational_constant_b": 0.0069801,
  "s1_rotational_constant_c": 0.0670877,
  "s0_rays_asymmetry_parameter": 0.9949051439928188,
  "s1_rays_asymmetry_parameter": 0.9958693053526365,
  "s0_volume": 1334.01177,
  "s1_volume": 1330.13272,
  "delta_volume": -3.8790500000000065,
  "s0_homo_lumo_gap": 1.9571813355112648,
  "s1_homo_lumo_gap": 1.2957053049089264,
  "delta_gap": -0.6614760306023384,
  "s0_dihedral_avg": 90.00613850139754,
  "s1_dihedral_avg": 90.01156779423934,
  "delta_dihedral": 0.005429292841796496,
  "delta_dipole": {
    "element": [
      "C",
      "C",
      "C",
      "C",
      "C",
      "C",
      "C",
      "C",
      "C",
      "C",
      "C",
      "C",
      "C",
      "C",
      "C",
      "C",
      "C",
      "C",
      "C",
      "C",
      "N",
      "C",
      "C",
      "C",
      "C",
      "C",
      "C",
      "C",
      "C",
      "C",
      "C",
      "C",
      "C",
      "C",
      "C",
      "C",
      "C",
      "C",
      "C",
      "C",
      "C",
      "C",
      "C",
      "C",
      "C",
      "C",
      "C",
      "C",
      "C",
      "N",
      "C",
      "C",
      "C",
      "C",
      "C",
      "C",
      "C",
      "C",
      "C",
      "C",
      "C",
      "C",
      "C",
      "C",
      "C",
      "C",
      "C",
      "C",
      "C",
      "C",
      "C",
      "C",
      "H",
      "H",
      "H",
      "H",
      "H",
      "H",
      "H",
      "H",
      "H",
      "H",
      "H",
      "H",
      "H",
      "H",
      "H",
      "H",
      "H",
      "H",
      "H",
      "H",
      "H",
      "H",
      "H",
      "H",
      "H",
      "H",
      "H",
      "H",
      "H",
      "H",
      "H",
      "H",
      "H",
      "H",
      "H",
      "H",
      "H",
      "H",
      "H",
      "H",
      "H",
      "H",
      "H",
      "H",
      "H",
      "H",
      "H",
      "H",
      "H",
      "H"
    ],
    "charge_variation": [
      -0.0018209999999999962,
      8.500000000000174e-05,
      -0.002263000000000001,
      -0.0010819999999999996,
      -0.0005919999999999988,
      -0.002916000000000002,
      -0.0011430000000000051,
      -0.002715999999999996,
      0.002363999999999998,
      -0.003394000000000001,
      0.0004730000000000012,
      -0.0025359999999999966,
      0.001899999999999999,
      -0.0015540000000000068,
      -8.000000000008e-06,
      -0.0018539999999999945,
      0.006526999999999998,
      -0.0031009999999999996,
      0.007322000000000023,
      -0.009889999999999954,
      0.02821499999999999,
      -0.00036399999999997545,
      -0.008225999999999983,
      0.002425,
      -0.006983000000000003,
      0.003247,
      -0.009936,
      -0.004479999999999984,
      -0.005373000000000017,
      0.0020659999999999984,
      -0.006084000000000006,
      0.0026499999999999996,
      -2.6999999999999247e-05,
      0.0002249999999999995,
      -0.0011269999999999995,
      -0.004018999999999995,
      -0.00473,
      0.008881,
      -0.0031830000000000053,
      0.0016220000000000123,
      -0.0008859999999999979,
      0.0004589999999999872,
      -0.0007600000000000037,
      -0.0009419999999999984,
      -0.0018820000000000017,
      0.005759999999999998,
      -0.003265999999999998,
      0.007645999999999986,
      -0.0068010000000000015,
      0.017751000000000072,
      -0.0007710000000000217,
      -0.006640000000000007,
      0.0020239999999999998,
      -0.003043000000000004,
      0.0007160000000000001,
      -0.001345999999999986,
      -0.0013680000000000359,
      -0.007487999999999995,
      0.0026159999999999985,
      -0.005705000000000002,
      0.0021589999999999943,
      -0.0005760000000000001,
      0.00041400000000000117,
      -0.001916000000000001,
      -0.000689000000000009,
      -0.003609000000000001,
      0.006327000000000027,
      -0.003238999999999999,
      0.0016349999999999976,
      -0.0007660000000000028,
      -0.0023180000000000006,
      0.0013329999999999974,
      0.0014820000000000007,
      -0.0005230000000000026,
      0.0022289999999999983,
      0.0013200000000000017,
      -0.0007329999999999975,
      0.001857000000000001,
      -0.0005690000000000001,
      0.0019780000000000006,
      0.0028949999999999983,
      -0.0002570000000000003,
      0.001794999999999998,
      7.099999999999468e-05,
      0.0012650000000000022,
      0.00013900000000000023,
      0.00020000000000000573,
      -2.5000000000000716e-05,
      -0.0002580000000000013,
      0.0009569999999999995,
      0.00024800000000000516,
      0.00012199999999999711,
      0.00013200000000000017,
      -3.500000000000031e-05,
      -1.2000000000001593e-05,
      -1.2000000000005062e-05,
      3.800000000000331e-05,
      0.001899999999999999,
      -0.00015300000000000036,
      0.0017759999999999963,
      0.0026049999999999997,
      0.00014100000000000223,
      0.0017479999999999996,
      -0.0005449999999999969,
      -0.0002570000000000003,
      -6.000000000002531e-06,
      0.0002390000000000031,
      0.0002950000000000001,
      0.0003929999999999975,
      -3.999999999999837e-05,
      -0.0002950000000000001,
      0.0002549999999999983,
      2.2000000000001185e-05,
      -9.20000000000018e-05,
      0.00018500000000000114,
      -0.0002119999999999969,
      0.0002160000000000009,
      0.0015949999999999992,
      -4.599999999999743e-05,
      0.001583000000000001,
      0.0014929999999999978,
      -0.0005310000000000002
    ]
  },
  "excitation_energy": "1.7375",
  "exciting_path_mean_volume": 1331.208945,
  "s0_bonds_avg": 1.2820786165173683,
  "s1_bonds_avg": 1.2890483948480451,
  "s0_angles_avg": 119.98962518875962,
  "s1_angles_avg": 119.99267035333746,
  "delta_bonds": 0.006969778330676801,
  "delta_angles": 0.0030451645778413194
}