{
  "s0_rotational_constant_a": 0.0545886,
  "s0_rotational_constant_b": 0.0712135,
  "s0_rotational_constant_c": 0.1625542,
  "s1_rotational_constant_a": 0.0556952,
  "s1_rotational_constant_b": 0.0719377,
  "s1_rotational_constant_c": 0.1576091,
  "s0_rays_asymmetry_parameter": 0.6920333884126055,
  "s1_rays_asymmetry_parameter": 0.68125054580386,
  "s0_volume": 731.80644,
  "s1_volume": 729.53975,
  "delta_volume": -2.266689999999926,
  "s0_homo_lumo_gap": 2.3484864437546884,
  "s1_homo_lumo_gap": 1.2651033852742515,
  "delta_gap": -1.083383058480437,
  "s0_dihedral_avg": -8.782738051282978,
  "s1_dihedral_avg": 2.1181109769954323,
  "delta_dihedral": 10.90084902827841,
  "delta_dipole": null,
  "excitation_energy": "2.1681",
  "exciting_path_mean_volume": 730.1661033333334,
  "s0_bonds_avg": 1.2611423171057332,
  "s1_bonds_avg": 1.2730608648413335,
  "s0_angles_avg": 115.85479771842924,
  "s1_angles_avg": 115.84298323986296
}