{
  "s0_rotational_constant_a": 0.0426461,
  "s0_rotational_constant_b": 0.059182,
  "s0_rotational_constant_c": 0.1328108,
  "s1_rotational_constant_a": 0.0427911,
  "s1_rotational_constant_b": 0.0589618,
  "s1_rotational_constant_c": 0.1350133,
  "s0_rays_asymmetry_parameter": 0.6332067871350983,
  "s1_rays_asymmetry_parameter": 0.6493100359783218,
  "s0_volume": 763.08591,
  "s1_volume": 760.88769,
  "delta_volume": -2.198219999999992,
  "s0_homo_lumo_gap": 1.8794955624674863,
  "s1_homo_lumo_gap": 1.4595232638140234,
  "delta_gap": -0.41997229865346286,
  "s0_dihedral_avg": 90.40074044524381,
  "s1_dihedral_avg": 89.35432754093965,
  "delta_dihedral": -1.0464129043041623,
  "delta_dipole": {
    "element": [
      "C",
      "Si",
      "C",
      "C",
      "C",
      "C",
      "C",
      "C",
      "C",
      "C",
      "C",
      "C",
      "C",
      "C",
      "C",
      "C",
      "C",
      "C",
      "C",
      "C",
      "C",
      "C",
      "C",
      "C",
      "C",
      "C",
      "C",
      "C",
      "C",
      "C",
      "C",
      "C",
      "C",
      "C",
      "C",
      "C",
      "C",
      "C",
      "C",
      "H",
      "H",
      "H",
      "H",
      "H",
      "H",
      "H",
      "H",
      "H",
      "H",
      "H",
      "H",
      "H",
      "H",
      "H",
      "H",
      "H",
      "H",
      "H",
      "H",
      "H",
      "H",
      "H",
      "H",
      "H",
      "H",
      "H",
      "H",
      "H",
      "H"
    ],
    "charge_variation": [
      0.0010830000000000006,
      -0.005192999999999996,
      0.0006169999999999995,
      -0.005732000000000001,
      -0.0013239999999999919,
      0.004251999999999992,
      -0.0022119999999999918,
      0.0016619999999999968,
      0.00013900000000000023,
      -0.003368999999999997,
      0.003832999999999996,
      -0.0039019999999999957,
      0.001361000000000001,
      -0.003917000000000004,
      0.005414,
      -0.006098999999999993,
      0.002475999999999992,
      -0.0025689999999999984,
      4.200000000000037e-05,
      -0.002447999999999999,
      0.003465999999999997,
      0.0035650000000000005,
      -0.0033070000000000044,
      0.001479000000000008,
      -0.0013229999999999978,
      -0.000899000000000004,
      -0.0011979999999999977,
      0.003936000000000009,
      0.002463,
      -0.0023330000000000017,
      0.0008090000000000042,
      -0.000793000000000002,
      0.0009940000000000088,
      0.0005420000000000008,
      -0.0025190000000000004,
      0.0028679999999999956,
      -0.003245999999999999,
      0.0017319999999999974,
      -0.0028520000000000073,
      0.00021999999999999797,
      0.0006390000000000007,
      0.000730999999999999,
      0.0005959999999999993,
      0.00017299999999999954,
      0.0011529999999999978,
      -0.0019349999999999992,
      0.00011099999999999999,
      -0.0001380000000000027,
      0.0006600000000000009,
      -0.0006309999999999996,
      0.00042900000000000577,
      0.002248,
      0.0009890000000000003,
      -0.00018299999999999914,
      0.0006749999999999985,
      0.0005660000000000005,
      0.0019369999999999978,
      0.00043400000000000036,
      0.0003589999999999982,
      0.0007880000000000005,
      -0.0001930000000000022,
      -0.0002270000000000015,
      5.000000000000143e-05,
      0.00018199999999999814,
      -5.400000000000543e-05,
      0.0006929999999999992,
      -0.0004170000000000007,
      0.000508999999999999,
      0.002136000000000006
    ]
  },
  "excitation_energy": "2.2845",
  "exciting_path_mean_volume": 761.7225199999999,
  "s0_bonds_avg": 1.2961537963366667,
  "s1_bonds_avg": 1.3094397374402669,
  "s0_angles_avg": 118.47772712275305,
  "s1_angles_avg": 118.46318490823852,
  "delta_bonds": 0.013285941103600152,
  "delta_angles": -0.014542214514534635
}