{
  "s0_rotational_constant_a": 0.0523493,
  "s0_rotational_constant_b": 0.0671878,
  "s0_rotational_constant_c": 0.1504868,
  "s1_rotational_constant_a": 0.0532558,
  "s1_rotational_constant_b": 0.0713641,
  "s1_rotational_constant_c": 0.1444161,
  "s0_rays_asymmetry_parameter": 0.6975977582473569,
  "s1_rays_asymmetry_parameter": 0.6027152170407512,
  "s0_volume": 741.09043,
  "s1_volume": 737.31148,
  "delta_volume": -3.778950000000009,
  "s0_homo_lumo_gap": 2.077480131983731,
  "s1_homo_lumo_gap": 1.228885036498018,
  "delta_gap": -0.8485950954857131,
  "s0_dihedral_avg": 90.25962709434509,
  "s1_dihedral_avg": 89.84454248982263,
  "delta_dihedral": -0.41508460452246254,
  "delta_dipole": {
    "element": [
      "C",
      "C",
      "C",
      "C",
      "C",
      "C",
      "C",
      "C",
      "C",
      "C",
      "C",
      "C",
      "C",
      "C",
      "C",
      "C",
      "S",
      "O",
      "O",
      "C",
      "C",
      "S",
      "C",
      "C",
      "C",
      "C",
      "C",
      "C",
      "C",
      "C",
      "C",
      "C",
      "C",
      "C",
      "C",
      "C",
      "C",
      "C",
      "H",
      "H",
      "H",
      "H",
      "H",
      "H",
      "H",
      "H",
      "H",
      "H",
      "H",
      "H",
      "H",
      "H",
      "H",
      "H",
      "H",
      "H",
      "H",
      "H",
      "H",
      "H",
      "H",
      "H",
      "H",
      "H",
      "H",
      "H"
    ],
    "charge_variation": [
      -0.0007660000000000028,
      0.0020650000000000043,
      -0.0016219999999999984,
      0.0035720000000000023,
      -0.0009970000000000014,
      0.003828999999999999,
      0.0002680000000000009,
      -0.010167000000000002,
      0.0011249999999999997,
      0.0072450000000000014,
      -0.0037809999999999996,
      -0.0011290000000000015,
      0.006812,
      0.0010690000000000005,
      0.0075940000000000035,
      -0.003256999999999996,
      0.05312799999999995,
      -0.018534999999999968,
      -0.051149,
      -0.083182,
      0.035743,
      -0.007869999999999999,
      -0.010136,
      0.003938999999999998,
      0.002456999999999994,
      -0.0024799999999999996,
      0.00041200000000000264,
      -0.0030579999999999982,
      0.0035560000000000036,
      0.00013799999999999923,
      0.03825800000000001,
      -0.015401,
      0.016406999999999998,
      -0.004292000000000001,
      -0.006566000000000002,
      0.008835999999999997,
      0.004426000000000006,
      0.002790000000000001,
      -0.00037600000000000133,
      0.002404,
      -0.0012549999999999992,
      6.799999999999862e-05,
      0.0007030000000000022,
      0.0008410000000000015,
      0.0003119999999999998,
      0.0006870000000000001,
      0.0007969999999999991,
      0.0019899999999999987,
      0.0016449999999999937,
      0.004838999999999996,
      0.0009699999999999986,
      0.0054540000000000005,
      0.0006569999999999979,
      -0.00016700000000000048,
      0.0004970000000000009,
      -0.00024300000000000016,
      3.900000000000084e-05,
      -0.001229000000000001,
      0.002751,
      0.0005129999999999996,
      0.0006970000000000032,
      0.0016330000000000025,
      0.0002559999999999993,
      -0.0001889999999999982,
      -0.001380000000000001,
      -0.0021950000000000025
    ]
  },
  "excitation_energy": "1.5371",
  "exciting_path_mean_volume": 738.7877166666667,
  "s0_bonds_avg": 1.314131330290141,
  "s1_bonds_avg": 1.3178419045077463,
  "delta_bonds": 0.0037105742176053447,
  "s0_angles_avg": 117.11349668647621,
  "s1_angles_avg": 116.97517236324182,
  "delta_angles": -0.13832432323438582
}