{
  "s0_rotational_constant_a": 0.0206858,
  "s0_rotational_constant_b": 0.0230689,
  "s0_rotational_constant_c": 0.1558,
  "s1_rotational_constant_a": 0.0209629,
  "s1_rotational_constant_b": 0.0228034,
  "s1_rotational_constant_c": 0.1437672,
  "s0_rays_asymmetry_parameter": 0.9647246551435749,
  "s1_rays_asymmetry_parameter": 0.9700254795638265,
  "s0_volume": 748.24654,
  "s1_volume": 750.06385,
  "delta_volume": 1.8173100000000204,
  "s0_homo_lumo_gap": 1.7596811285857172,
  "s1_homo_lumo_gap": 0.8679913682187701,
  "delta_gap": -0.8916897603669471,
  "s0_dihedral_avg": 89.99194616573517,
  "s1_dihedral_avg": 89.9714099882412,
  "delta_dihedral": -0.02053617749396608,
  "delta_dipole": {
    "element": [
      "O",
      "C",
      "C",
      "C",
      "C",
      "C",
      "N",
      "C",
      "C",
      "C",
      "C",
      "C",
      "C",
      "O",
      "C",
      "C",
      "C",
      "Br",
      "C",
      "C",
      "C",
      "C",
      "C",
      "C",
      "C",
      "C",
      "C",
      "C",
      "C",
      "C",
      "C",
      "C",
      "C",
      "C",
      "C",
      "N",
      "C",
      "C",
      "C",
      "C",
      "C",
      "C",
      "H",
      "H",
      "H",
      "H",
      "H",
      "H",
      "H",
      "H",
      "H",
      "H",
      "H",
      "H",
      "H",
      "H",
      "H",
      "H",
      "H",
      "H",
      "H",
      "H",
      "H",
      "H",
      "H"
    ],
    "charge_variation": [
      -0.041366000000000014,
      -0.011513999999999913,
      0.019427999999999997,
      0.0025380000000000003,
      0.008864999999999998,
      -0.012131999999999976,
      0.04758000000000001,
      -0.007332000000000005,
      -0.012679999999999997,
      0.0006369999999999987,
      -0.013987,
      -0.0030130000000000157,
      -0.007728999999999986,
      0.017361000000000015,
      -0.009450000000000014,
      -0.007190000000000002,
      -0.012611000000000011,
      0.006643999999999997,
      0.0025190000000000073,
      -0.011328999999999978,
      -0.008052000000000004,
      0.005387000000000003,
      -0.006638999999999999,
      0.011658000000000002,
      0.016399,
      0.007485999999999993,
      -0.0033279999999999976,
      0.012586,
      -0.012905,
      -0.004395999999999997,
      0.0034490000000000007,
      0.001124,
      0.004670999999999998,
      0.00022600000000000398,
      0.0017019999999999813,
      0.009596999999999967,
      -0.0015700000000000158,
      -0.002695000000000017,
      0.003391000000000001,
      -0.00035900000000000515,
      0.0034269999999999995,
      -0.005590999999999999,
      0.0004899999999999974,
      -0.000685000000000005,
      -0.005377,
      -0.0015900000000000011,
      -0.0005109999999999976,
      -0.001236999999999995,
      -0.0018099999999999991,
      -0.002589000000000001,
      -0.003391999999999999,
      -0.0013029999999999986,
      -0.00031899999999999984,
      0.006627000000000001,
      0.0029590000000000033,
      0.010656000000000006,
      0.00027900000000000147,
      0.0017459999999999976,
      0.0013360000000000004,
      0.001569000000000001,
      0.0008690000000000017,
      0.0003620000000000012,
      0.0012920000000000015,
      0.00018599999999999867,
      -0.0003630000000000022
    ]
  },
  "excitation_energy": "0.9982",
  "exciting_path_mean_volume": 749.2536749999999,
  "s0_bonds_avg": 1.3079503276155555,
  "s1_bonds_avg": 1.3019088167020834,
  "s0_angles_avg": 119.96934089126255,
  "s1_angles_avg": 119.96771912936785,
  "delta_bonds": -0.006041510913472159,
  "delta_angles": -0.0016217618946967605
}