{"charge": {"element": ["O", "C", "C", "C", "C", "C", "N", "C", "C", "C", "C", "C", "C", "O", "C", "C", "C", "Br", "C", "C", "C", "C", "C", "C", "C", "C", "C", "C", "C", "C", "C", "C", "C", "C", "C", "N", "C", "C", "C", "C", "C", "C", "H", "H", "H", "H", "H", "H", "H", "H", "H", "H", "H", "H", "H", "H", "H", "H", "H", "H", "H", "H", "H", "H", "H"], "charge_variation": [-0.041366000000000014, -0.011513999999999913, 0.019427999999999997, 0.0025380000000000003, 0.008864999999999998, -0.012131999999999976, 0.04758000000000001, -0.007332000000000005, -0.012679999999999997, 0.0006369999999999987, -0.013987, -0.0030130000000000157, -0.007728999999999986, 0.017361000000000015, -0.009450000000000014, -0.007190000000000002, -0.012611000000000011, 0.006643999999999997, 0.0025190000000000073, -0.011328999999999978, -0.008052000000000004, 0.005387000000000003, -0.006638999999999999, 0.011658000000000002, 0.016399, 0.007485999999999993, -0.0033279999999999976, 0.012586, -0.012905, -0.004395999999999997, 0.0034490000000000007, 0.001124, 0.004670999999999998, 0.00022600000000000398, 0.0017019999999999813, 0.009596999999999967, -0.0015700000000000158, -0.002695000000000017, 0.003391000000000001, -0.00035900000000000515, 0.0034269999999999995, -0.005590999999999999, 0.0004899999999999974, -0.000685000000000005, -0.005377, -0.0015900000000000011, -0.0005109999999999976, -0.001236999999999995, -0.0018099999999999991, -0.002589000000000001, -0.003391999999999999, -0.0013029999999999986, -0.00031899999999999984, 0.006627000000000001, 0.0029590000000000033, 0.010656000000000006, 0.00027900000000000147, 0.0017459999999999976, 0.0013360000000000004, 0.001569000000000001, 0.0008690000000000017, 0.0003620000000000012, 0.0012920000000000015, 0.00018599999999999867, -0.0003630000000000022]}, "ground_state": {"HOMO-LUMO": 1.7596811285857172, "structure": {"bonds": 1.3079503276155555, "angles": 119.96934089126255, "DA": 8.57035252198382}, "rotational_constant": {"A": 0.0206858, "B": 0.0230689, "C": 0.1558}, "rays_asymmetry_parameter": 0.9647246551435749, "volume": 748.24654}, "excited_state": {"HOMO-LUMO": 0.8679913682187701, "structure": {"bonds": 1.3019088167020834, "angles": 119.96771912936785, "DA": 0.033421500082279836}, "rotational_constant": {"A": 0.0209629, "B": 0.0228034, "C": 0.1437672}, "rays_asymmetry_parameter": 0.9700254795638265, "excited_energy": "0.9982", "volume": 750.06385}, "exciting_path_mean_volume": 749.2536749999999}