{
  "s0_rotational_constant_a": 0.0755624,
  "s0_rotational_constant_b": 0.0879451,
  "s0_rotational_constant_c": 0.3297249,
  "s1_rotational_constant_a": 0.0706434,
  "s1_rotational_constant_b": 0.0775427,
  "s1_rotational_constant_c": 0.3666534,
  "s0_rays_asymmetry_parameter": 0.9025607632912016,
  "s1_rays_asymmetry_parameter": 0.9533846829499003,
  "s0_volume": 456.97377,
  "s1_volume": 459.80577,
  "delta_volume": 2.8319999999999936,
  "s0_homo_lumo_gap": 2.150082818963347,
  "s1_homo_lumo_gap": 1.5348498100817691,
  "delta_gap": -0.6152330088815781,
  "s0_dihedral_avg": 90.01913398188334,
  "s1_dihedral_avg": 90.19677742419775,
  "delta_dihedral": 0.17764344231440532,
  "delta_dipole": {
    "element": [
      "O",
      "C",
      "C",
      "C",
      "C",
      "C",
      "Br",
      "C",
      "C",
      "C",
      "C",
      "C",
      "C",
      "C",
      "C",
      "C",
      "C",
      "C",
      "C",
      "C",
      "C",
      "C",
      "C",
      "C",
      "C",
      "H",
      "H",
      "H",
      "H",
      "H",
      "H",
      "H",
      "H",
      "H",
      "H",
      "H",
      "H",
      "H"
    ],
    "charge_variation": [
      -0.027123000000000008,
      -0.007653000000000021,
      0.0055740000000000026,
      0.005176,
      0.014029,
      -0.005934999999999996,
      0.021289000000000002,
      0.006494,
      0.011708999999999999,
      0.004696000000000006,
      -0.012888,
      0.001904000000000003,
      -0.005993000000000005,
      0.00036399999999999627,
      -0.010165999999999994,
      0.004681000000000005,
      -0.012079999999999994,
      0.0039320000000000015,
      -0.012208999999999998,
      0.003505000000000008,
      -0.009853,
      0.008920999999999998,
      0.0044319999999999984,
      0.005179,
      0.0004580000000000001,
      0.0075270000000000024,
      0.0018759999999999957,
      0.0027560000000000015,
      0.004077999999999998,
      -0.007939000000000002,
      -0.0017609999999999987,
      -0.0013249999999999998,
      -2.5999999999998247e-05,
      0.0004180000000000017,
      -0.0009410000000000009,
      0.0003089999999999968,
      -0.0012920000000000015,
      -0.002121999999999999
    ]
  },
  "excitation_energy": "1.7779",
  "exciting_path_mean_volume": 458.04367666666667,
  "s0_bonds_avg": 1.3300817277026191,
  "s1_bonds_avg": 1.3345430677961907,
  "s0_angles_avg": 120.00074562142464,
  "s1_angles_avg": 119.99311448789243,
  "delta_bonds": 0.004461340093571575,
  "delta_angles": -0.007631133532214562
}