{"charge": {"element": ["O", "C", "C", "C", "C", "C", "Br", "C", "C", "C", "C", "C", "C", "C", "C", "C", "C", "C", "C", "C", "C", "C", "C", "C", "C", "H", "H", "H", "H", "H", "H", "H", "H", "H", "H", "H", "H", "H"], "charge_variation": [-0.027123000000000008, -0.007653000000000021, 0.0055740000000000026, 0.005176, 0.014029, -0.005934999999999996, 0.021289000000000002, 0.006494, 0.011708999999999999, 0.004696000000000006, -0.012888, 0.001904000000000003, -0.005993000000000005, 0.00036399999999999627, -0.010165999999999994, 0.004681000000000005, -0.012079999999999994, 0.0039320000000000015, -0.012208999999999998, 0.003505000000000008, -0.009853, 0.008920999999999998, 0.0044319999999999984, 0.005179, 0.0004580000000000001, 0.0075270000000000024, 0.0018759999999999957, 0.0027560000000000015, 0.004077999999999998, -0.007939000000000002, -0.0017609999999999987, -0.0013249999999999998, -2.5999999999998247e-05, 0.0004180000000000017, -0.0009410000000000009, 0.0003089999999999968, -0.0012920000000000015, -0.002121999999999999]}, "ground_state": {"HOMO-LUMO": 2.150082818963347, "charge": {"element": ["O", "C", "C", "C", "C", "C", "Br", "C", "C", "C", "C", "C", "C", "C", "C", "C", "C", "C", "C", "C", "C", "C", "C", "C", "C", "H", "H", "H", "H", "H", "H", "H", "H", "H", "H", "H", "H", "H"], "charge": [-0.725537, 0.722062, -0.055155, -0.041215, -0.08356, 0.20867, -0.107946, -0.087858, 0.014794, -0.063863, -0.024649, -0.07029, 0.065043, -0.059722, -0.057406, 0.063361, -0.067474, -0.028451, -0.069075, 0.063049, -0.044268, -0.08441, 0.03343, 0.010484, 0.013108, 0.030247, 0.042042, 0.042842, 0.051573, 0.04233, 0.03499, 0.034281, 0.034136, 0.033233, 0.031313, 0.032777, 0.033471, 0.033642]}, "structure": {"bonds": 1.3300817277026191, "angles": 120.00074562142464, "DA": 4.011463204477834}, "rotational_constant": {"A": 0.0755624, "B": 0.0879451, "C": 0.3297249}, "rays_asymmetry_parameter": 0.9025607632912016, "volume": 456.97377}, "excited_state": {"HOMO-LUMO": 1.5348498100817691, "charge": {"element": ["O", "C", "C", "C", "C", "C", "Br", "C", "C", "C", "C", "C", "C", "C", "C", "C", "C", "C", "C", "C", "C", "C", "C", "C", "C", "H", "H", "H", "H", "H", "H", "H", "H", "H", "H", "H", "H", "H"], "charge": [-0.75266, 0.714409, -0.049581, -0.036039, -0.069531, 0.202735, -0.086657, -0.081364, 0.026503, -0.059167, -0.037537, -0.068386, 0.05905, -0.059358, -0.067572, 0.068042, -0.079554, -0.024519, -0.081284, 0.066554, -0.054121, -0.075489, 0.037862, 0.015663, 0.013566, 0.037774, 0.043918, 0.045598, 0.055651, 0.034391, 0.033229, 0.032956, 0.03411, 0.033651, 0.030372, 0.033086, 0.032179, 0.03152]}, "structure": {"bonds": 1.3345430677961907, "angles": 119.99311448789243, "DA": 7.109387645937731}, "rotational_constant": {"A": 0.0706434, "B": 0.0775427, "C": 0.3666534}, "rays_asymmetry_parameter": 0.9533846829499003, "excited_energy": "1.7779", "volume": 459.80577}, "exciting_path_mean_volume": 458.04367666666667}