{
  "s0_rotational_constant_a": 0.0418212,
  "s0_rotational_constant_b": 0.0454102,
  "s0_rotational_constant_c": 0.315049,
  "s1_rotational_constant_a": 0.0430796,
  "s1_rotational_constant_b": 0.0457332,
  "s1_rotational_constant_c": 0.3110126,
  "s0_rays_asymmetry_parameter": 0.9737288811753415,
  "s1_rays_asymmetry_parameter": 0.9801920629411084,
  "s0_volume": 586.30276,
  "s1_volume": 588.01311,
  "delta_volume": 1.7103499999999485,
  "s0_homo_lumo_gap": 1.4888489696563574,
  "s1_homo_lumo_gap": 0.8307308235310953,
  "delta_gap": -0.6581181461252621,
  "s0_dihedral_avg": 9.125060899590913,
  "s1_dihedral_avg": 3.2795040128811634,
  "delta_dihedral": -5.845556886709749,
  "delta_dipole": null,
  "excitation_energy": "0.9789",
  "exciting_path_mean_volume": 587.2439366666666,
  "s0_bonds_avg": 1.293593229523158,
  "s1_bonds_avg": 1.2944445546266667,
  "s0_angles_avg": 119.91659140729779,
  "s1_angles_avg": 119.91372039052
}