{
  "charge": {
    "element": [
      "C",
      "C",
      "C",
      "C",
      "C",
      "C",
      "C",
      "C",
      "C",
      "C",
      "C",
      "C",
      "C",
      "C",
      "C",
      "C",
      "C",
      "C",
      "C",
      "C",
      "C",
      "C",
      "C",
      "C",
      "C",
      "C",
      "C",
      "C",
      "C",
      "C",
      "H",
      "H",
      "H",
      "H",
      "H",
      "H",
      "H",
      "H",
      "H",
      "H",
      "H",
      "H",
      "H",
      "H",
      "H",
      "H",
      "H",
      "H",
      "H",
      "H",
      "H",
      "H"
    ],
    "charge_variation": [
      -0.0019779999999999937,
      0.0008020000000000006,
      -0.002888999999999989,
      0.00080100000000001,
      -0.002419000000000001,
      0.000876,
      0.0007670000000000038,
      -0.004875000000000004,
      0.0007939999999999996,
      -0.003134999999999999,
      0.0014519999999999984,
      -0.004052,
      0.006186999999999998,
      -0.002364999999999992,
      -0.007525000000000004,
      0.009419999999999998,
      -0.011836,
      0.0050030000000000005,
      0.002009999999999998,
      -0.009750000000000002,
      0.007079000000000002,
      -0.010449,
      -0.0015989999999999893,
      -0.0005710000000000021,
      -0.0006029999999999994,
      -0.0003840000000000024,
      0.002598999999999997,
      -0.00157800000000001,
      -0.0026319999999999955,
      -0.00027399999999999994,
      0.0007530000000000002,
      0.0001559999999999999,
      0.001458000000000001,
      0.0034389999999999976,
      -2.000000000002e-06,
      0.0004580000000000001,
      0.0003160000000000003,
      0.0024210000000000065,
      0.0013200000000000017,
      0.0029580000000000023,
      0.003893999999999998,
      5.9000000000000025e-05,
      0.0011939999999999971,
      0.003354000000000003,
      0.004347999999999998,
      0.0018940000000000033,
      -0.0001899999999999992,
      -1.1000000000000593e-05,
      -0.0003160000000000003,
      0.0010299999999999997,
      0.002588,
      7.000000000000062e-06
    ]
  },
  "ground_state": {
    "HOMO-LUMO": 2.2745449568052827,
    "charge": {
      "element": [
        "C",
        "C",
        "C",
        "C",
        "C",
        "C",
        "C",
        "C",
        "C",
        "C",
        "C",
        "C",
        "C",
        "C",
        "C",
        "C",
        "C",
        "C",
        "C",
        "C",
        "C",
        "C",
        "C",
        "C",
        "C",
        "C",
        "C",
        "C",
        "C",
        "C",
        "H",
        "H",
        "H",
        "H",
        "H",
        "H",
        "H",
        "H",
        "H",
        "H",
        "H",
        "H",
        "H",
        "H",
        "H",
        "H",
        "H",
        "H",
        "H",
        "H",
        "H",
        "H"
      ],
      "charge": [
        -0.041286,
        -0.021347,
        -0.066307,
        0.082145,
        -0.022434,
        -0.014291,
        0.08231,
        -0.06652,
        -0.021814,
        -0.04126,
        -0.021605,
        -0.066035,
        0.075964,
        -0.063059,
        -0.057323,
        0.065,
        -0.062893,
        -0.04054,
        -0.036349,
        -0.061636,
        0.075188,
        -0.109269,
        0.082048,
        -0.067809,
        -0.021775,
        -0.041178,
        -0.021403,
        -0.064606,
        -0.068334,
        -0.021589,
        0.027346,
        0.028559,
        0.031353,
        0.030287,
        0.027276,
        0.027304,
        0.028554,
        0.031316,
        0.032773,
        0.032283,
        0.030864,
        0.030195,
        0.029555,
        0.031243,
        0.035076,
        0.031051,
        0.027625,
        0.027439,
        0.028345,
        0.031239,
        0.030833,
        0.027492
      ]
    },
    "structure": {
      "bonds": 1.2895057897837499,
      "angles": 119.99835802048706,
      "DA": 90.05141434916456
    },
    "rotational_constant": {
      "A": 0.0852713,
      "B": 0.1233693,
      "C": 0.216712
    },
    "rays_asymmetry_parameter": 0.4203013221932018,
    "volume": 578.59035
  },
  "excited_state": {
    "HOMO-LUMO": 1.547579294347376,
    "charge": {
      "element": [
        "C",
        "C",
        "C",
        "C",
        "C",
        "C",
        "C",
        "C",
        "C",
        "C",
        "C",
        "C",
        "C",
        "C",
        "C",
        "C",
        "C",
        "C",
        "C",
        "C",
        "C",
        "C",
        "C",
        "C",
        "C",
        "C",
        "C",
        "C",
        "C",
        "C",
        "H",
        "H",
        "H",
        "H",
        "H",
        "H",
        "H",
        "H",
        "H",
        "H",
        "H",
        "H",
        "H",
        "H",
        "H",
        "H",
        "H",
        "H",
        "H",
        "H",
        "H",
        "H"
      ],
      "charge": [
        -0.043264,
        -0.020545,
        -0.069196,
        0.082946,
        -0.024853,
        -0.013415,
        0.083077,
        -0.071395,
        -0.02102,
        -0.044395,
        -0.020153,
        -0.070087,
        0.082151,
        -0.065424,
        -0.064848,
        0.07442,
        -0.074729,
        -0.035537,
        -0.034339,
        -0.071386,
        0.082267,
        -0.119718,
        0.080449,
        -0.06838,
        -0.022378,
        -0.041562,
        -0.018804,
        -0.066184,
        -0.070966,
        -0.021863,
        0.028099,
        0.028715,
        0.032811,
        0.033726,
        0.027274,
        0.027762,
        0.02887,
        0.033737,
        0.034093,
        0.035241,
        0.034758,
        0.030254,
        0.030749,
        0.034597,
        0.039424,
        0.032945,
        0.027435,
        0.027428,
        0.028029,
        0.032269,
        0.033421,
        0.027499
      ]
    },
    "structure": {
      "bonds": 1.2857572322100002,
      "angles": 119.99815430215992,
      "DA": 90.3109094623343
    },
    "rotational_constant": {
      "A": 0.0876756,
      "B": 0.1223453,
      "C": 0.2179084
    },
    "rays_asymmetry_parameter": 0.4675734530778728,
    "excited_energy": "2.2442",
    "volume": 577.09488
  },
  "exciting_path_mean_volume": 577.3597833333333
}