{
  "s0_rotational_constant_a": 0.0859547,
  "s0_rotational_constant_b": 0.1073549,
  "s0_rotational_constant_c": 0.3402412,
  "s1_rotational_constant_a": 0.0853868,
  "s1_rotational_constant_b": 0.1067834,
  "s1_rotational_constant_c": 0.3404283,
  "s0_rays_asymmetry_parameter": 0.8316843403011956,
  "s1_rays_asymmetry_parameter": 0.8322108362756648,
  "s0_volume": 490.79893,
  "s1_volume": 490.83031,
  "delta_volume": 0.03138000000001284,
  "s0_homo_lumo_gap": 1.4798583292088225,
  "s1_homo_lumo_gap": 1.3221738156937821,
  "delta_gap": -0.15768451351504043,
  "s0_dihedral_avg": 91.5253917653963,
  "s1_dihedral_avg": 91.41504656293245,
  "delta_dihedral": -0.11034520246384716,
  "delta_dipole": {
    "element": [
      "C",
      "C",
      "C",
      "N",
      "C",
      "C",
      "C",
      "C",
      "C",
      "C",
      "C",
      "O",
      "O",
      "C",
      "C",
      "C",
      "C",
      "C",
      "C",
      "C",
      "C",
      "N",
      "B",
      "F",
      "F",
      "C",
      "C",
      "H",
      "H",
      "H",
      "H",
      "H",
      "H",
      "H",
      "H",
      "H",
      "H",
      "H",
      "H",
      "H",
      "H",
      "H",
      "H",
      "H",
      "H",
      "H"
    ],
    "charge_variation": [
      -0.0009370000000000073,
      0.0010360000000000022,
      -0.001807000000000003,
      0.004977000000000009,
      -0.006709999999999994,
      -0.0019689999999999985,
      -0.0015539999999999998,
      0.002450000000000001,
      0.004402000000000003,
      -0.002636999999999997,
      0.0018489999999999895,
      -0.008209000000000022,
      -0.01907700000000001,
      0.004562999999999999,
      -0.0010629999999999945,
      -0.006902000000000019,
      0.001687999999999995,
      0.0009419999999999984,
      -0.0021399999999999753,
      0.0010700000000000015,
      -0.0009359999999999924,
      0.004954000000000014,
      0.0013020000000000254,
      2.2000000000077513e-05,
      -9.80000000000425e-05,
      0.0017310000000000103,
      0.0011110000000000009,
      0.0006669999999999992,
      0.0003949999999999995,
      0.0009279999999999983,
      8.700000000000374e-05,
      0.0006219999999999993,
      0.0021699999999999983,
      0.003971999999999996,
      0.00395899999999999,
      0.0017540000000000056,
      0.003048000000000002,
      0.0005349999999999938,
      0.00029900000000000065,
      4.300000000000137e-05,
      0.0005660000000000005,
      0.0006790000000000008,
      0.0008809999999999998,
      0.0004400000000000029,
      0.0006019999999999984,
      0.00029900000000000065
    ]
  },
  "excitation_energy": "2.3424",
  "exciting_path_mean_volume": 490.61637999999994,
  "s0_bonds_avg": 1.285356029647755,
  "s1_bonds_avg": 1.2877447778238775,
  "delta_bonds": 0.002388748176122446,
  "s0_angles_avg": 116.08457244871654,
  "s1_angles_avg": 116.0566053676342,
  "delta_angles": -0.027967081082337586
}