{
  "charge": {
    "element": [
      "C",
      "C",
      "C",
      "N",
      "C",
      "C",
      "C",
      "C",
      "C",
      "C",
      "C",
      "O",
      "O",
      "C",
      "C",
      "C",
      "C",
      "C",
      "C",
      "C",
      "C",
      "N",
      "B",
      "F",
      "F",
      "C",
      "C",
      "H",
      "H",
      "H",
      "H",
      "H",
      "H",
      "H",
      "H",
      "H",
      "H",
      "H",
      "H",
      "H",
      "H",
      "H",
      "H",
      "H",
      "H",
      "H"
    ],
    "charge_variation": [
      -0.0009370000000000073,
      0.0010360000000000022,
      -0.001807000000000003,
      0.004977000000000009,
      -0.006709999999999994,
      -0.0019689999999999985,
      -0.0015539999999999998,
      0.002450000000000001,
      0.004402000000000003,
      -0.002636999999999997,
      0.0018489999999999895,
      -0.008209000000000022,
      -0.01907700000000001,
      0.004562999999999999,
      -0.0010629999999999945,
      -0.006902000000000019,
      0.001687999999999995,
      0.0009419999999999984,
      -0.0021399999999999753,
      0.0010700000000000015,
      -0.0009359999999999924,
      0.004954000000000014,
      0.0013020000000000254,
      2.2000000000077513e-05,
      -9.80000000000425e-05,
      0.0017310000000000103,
      0.0011110000000000009,
      0.0006669999999999992,
      0.0003949999999999995,
      0.0009279999999999983,
      8.700000000000374e-05,
      0.0006219999999999993,
      0.0021699999999999983,
      0.003971999999999996,
      0.00395899999999999,
      0.0017540000000000056,
      0.003048000000000002,
      0.0005349999999999938,
      0.00029900000000000065,
      4.300000000000137e-05,
      0.0005660000000000005,
      0.0006790000000000008,
      0.0008809999999999998,
      0.0004400000000000029,
      0.0006019999999999984,
      0.00029900000000000065
    ]
  },
  "ground_state": {
    "HOMO-LUMO": 1.4798583292088225,
    "charge": {
      "element": [
        "C",
        "C",
        "C",
        "N",
        "C",
        "C",
        "C",
        "C",
        "C",
        "C",
        "C",
        "O",
        "O",
        "C",
        "C",
        "C",
        "C",
        "C",
        "C",
        "C",
        "C",
        "N",
        "B",
        "F",
        "F",
        "C",
        "C",
        "H",
        "H",
        "H",
        "H",
        "H",
        "H",
        "H",
        "H",
        "H",
        "H",
        "H",
        "H",
        "H",
        "H",
        "H",
        "H",
        "H",
        "H",
        "H"
      ],
      "charge": [
        -0.067965,
        -0.047638,
        0.399962,
        -0.308695,
        0.206667,
        0.036809,
        0.059333,
        -0.061444,
        -0.036669,
        -0.029991,
        1.061715,
        -0.846121,
        -0.60221,
        -0.009604,
        -0.062724,
        0.206663,
        -0.121602,
        -0.183912,
        0.398956,
        -0.047375,
        -0.068277,
        -0.308211,
        0.749988,
        -0.523263,
        -0.522771,
        -0.119718,
        -0.1832,
        0.012352,
        0.036588,
        0.026925,
        0.052798,
        0.01481,
        0.040044,
        0.040362,
        0.378424,
        0.052145,
        0.040246,
        0.046344,
        0.0498,
        0.052913,
        0.01479,
        0.012067,
        0.026979,
        0.036515,
        0.047065,
        0.05013
      ]
    },
    "structure": {
      "bonds": 1.285356029647755,
      "angles": 116.08457244871654,
      "DA": 91.5253917653963
    },
    "rotational_constant": {
      "A": 0.0859547,
      "B": 0.1073549,
      "C": 0.3402412
    },
    "rays_asymmetry_parameter": 0.8316843403011956,
    "volume": 490.79893
  },
  "excited_state": {
    "HOMO-LUMO": 1.3221738156937821,
    "charge": {
      "element": [
        "C",
        "C",
        "C",
        "N",
        "C",
        "C",
        "C",
        "C",
        "C",
        "C",
        "C",
        "O",
        "O",
        "C",
        "C",
        "C",
        "C",
        "C",
        "C",
        "C",
        "C",
        "N",
        "B",
        "F",
        "F",
        "C",
        "C",
        "H",
        "H",
        "H",
        "H",
        "H",
        "H",
        "H",
        "H",
        "H",
        "H",
        "H",
        "H",
        "H",
        "H",
        "H",
        "H",
        "H",
        "H",
        "H"
      ],
      "charge": [
        -0.068902,
        -0.046602,
        0.398155,
        -0.303718,
        0.199957,
        0.03484,
        0.057779,
        -0.058994,
        -0.032267,
        -0.032628,
        1.063564,
        -0.85433,
        -0.621287,
        -0.005041,
        -0.063787,
        0.199761,
        -0.119914,
        -0.18297,
        0.396816,
        -0.046305,
        -0.069213,
        -0.303257,
        0.75129,
        -0.523241,
        -0.522869,
        -0.117987,
        -0.182089,
        0.013019,
        0.036983,
        0.027853,
        0.052885,
        0.015432,
        0.042214,
        0.044334,
        0.382383,
        0.053899,
        0.043294,
        0.046879,
        0.050099,
        0.052956,
        0.015356,
        0.012746,
        0.02786,
        0.036955,
        0.047667,
        0.050429
      ]
    },
    "structure": {
      "bonds": 1.2877447778238775,
      "angles": 116.0566053676342,
      "DA": 91.41504656293245
    },
    "rotational_constant": {
      "A": 0.0853868,
      "B": 0.1067834,
      "C": 0.3404283
    },
    "rays_asymmetry_parameter": 0.8322108362756648,
    "excited_energy": "2.3424",
    "volume": 490.83031
  },
  "exciting_path_mean_volume": 490.61637999999994
}