{
  "s0_rotational_constant_a": 0.0906692,
  "s0_rotational_constant_b": 0.1293071,
  "s0_rotational_constant_c": 0.1573877,
  "s1_rotational_constant_a": 0.0838543,
  "s1_rotational_constant_b": 0.1219125,
  "s1_rotational_constant_c": 0.171785,
  "s0_rays_asymmetry_parameter": -0.1582364711436861,
  "s1_rays_asymmetry_parameter": 0.13435921697427666,
  "s0_volume": 615.35232,
  "s1_volume": 612.26247,
  "delta_volume": -3.089849999999956,
  "s0_homo_lumo_gap": 2.089170141476045,
  "s1_homo_lumo_gap": 1.2418485386445224,
  "delta_gap": -0.8473216028315225,
  "s0_dihedral_avg": 89.88647418494817,
  "s1_dihedral_avg": 91.06076779354112,
  "delta_dihedral": 1.1742936085929472,
  "delta_dipole": {
    "element": [
      "C",
      "C",
      "C",
      "C",
      "C",
      "C",
      "C",
      "C",
      "C",
      "C",
      "S",
      "C",
      "C",
      "P",
      "O",
      "C",
      "C",
      "C",
      "C",
      "C",
      "C",
      "C",
      "C",
      "C",
      "C",
      "C",
      "C",
      "C",
      "C",
      "S",
      "H",
      "H",
      "H",
      "H",
      "H",
      "H",
      "H",
      "H",
      "H",
      "H",
      "H",
      "H",
      "H",
      "H",
      "H",
      "H",
      "H",
      "H",
      "H",
      "H",
      "H",
      "H",
      "H"
    ],
    "charge_variation": [
      -0.0015369999999999967,
      -0.0019259999999999972,
      0.006968999999999989,
      0.0004730000000000012,
      0.017367999999999995,
      -0.011234000000000001,
      0.009182000000000001,
      -0.0002610000000000112,
      -0.005643999999999996,
      -0.0028450000000000072,
      0.0032039999999999985,
      0.0011840000000000045,
      -0.005134,
      -0.069314,
      0.025407999999999986,
      0.0025450000000000056,
      -0.002587,
      -0.001749999999999998,
      0.0008149999999999998,
      -0.004264999999999998,
      0.0020780000000000035,
      -0.014839999999999999,
      0.00804,
      -0.0029,
      0.004883,
      0.0013440000000000119,
      0.017486,
      0.004894999999999997,
      -0.002815999999999999,
      0.002131000000000008,
      0.0011500000000000017,
      0.0014850000000000002,
      0.0010030000000000004,
      0.0028520000000000004,
      -8.99999999999998e-05,
      0.001988,
      0.000732,
      0.0016469999999999992,
      -0.007726,
      0.010859,
      0.0019590000000000024,
      -0.003615,
      -0.0008280000000000023,
      0.0001439999999999983,
      0.0005859999999999997,
      0.005384999999999997,
      -0.004199000000000001,
      -9.50000000000048e-05,
      0.0018900000000000028,
      -4.9999999999980616e-06,
      0.0028380000000000002,
      0.000785000000000001,
      0.0003020000000000002
    ]
  },
  "excitation_energy": "1.8139",
  "exciting_path_mean_volume": 613.8152883333333,
  "s0_bonds_avg": 1.3224108163721051,
  "s1_bonds_avg": 1.3287361526073684,
  "s0_angles_avg": 116.17933031361821,
  "s1_angles_avg": 116.16090212004418,
  "delta_bonds": 0.0063253362352633236,
  "delta_angles": -0.018428193574024476
}