{
  "s0_rotational_constant_a": 0.1270135,
  "s0_rotational_constant_b": 0.1609008,
  "s0_rotational_constant_c": 0.4401796,
  "s1_rotational_constant_a": 0.1320555,
  "s1_rotational_constant_b": 0.1574617,
  "s1_rotational_constant_c": 0.4250245,
  "s0_rays_asymmetry_parameter": 0.7835825780632066,
  "s1_rays_asymmetry_parameter": 0.826560489335049,
  "s0_volume": 422.93355,
  "s1_volume": 427.04646,
  "delta_volume": 4.112909999999999,
  "s0_homo_lumo_gap": 2.448542693529453,
  "s1_homo_lumo_gap": 1.5545671771165241,
  "delta_gap": -0.893975516412929,
  "s0_dihedral_avg": 90.29058192565317,
  "s1_dihedral_avg": 90.4851749318675,
  "delta_dihedral": 0.1945930062143333,
  "delta_dipole": {
    "element": [
      "C",
      "O",
      "C",
      "O",
      "C",
      "C",
      "C",
      "C",
      "C",
      "N",
      "C",
      "C",
      "C",
      "C",
      "C",
      "C",
      "C",
      "C",
      "C",
      "C",
      "C",
      "C",
      "C",
      "H",
      "H",
      "H",
      "H",
      "H",
      "H",
      "H",
      "H",
      "H",
      "H",
      "H",
      "H",
      "H",
      "H",
      "H"
    ],
    "charge_variation": [
      0.008157999999999999,
      -0.016288999999999998,
      0.0015860000000000873,
      -0.0049520000000000675,
      -0.004863,
      0.031833999999999994,
      -0.0026650000000000007,
      0.006510000000000002,
      -0.005993999999999999,
      0.034115000000000006,
      0.0007679999999999909,
      -0.02130299999999999,
      0.011886999999999998,
      -0.020154000000000005,
      0.007632,
      -0.010866,
      -0.010356000000000004,
      0.008969000000000005,
      -0.021045000000000008,
      0.008808,
      -0.025289000000000006,
      0.0018519999999999648,
      0.018413,
      -0.0037909999999999992,
      -0.0031470000000000005,
      -0.0008549999999999999,
      0.0018140000000000031,
      0.004847999999999998,
      0.008772000000000002,
      -0.004941000000000001,
      -0.0005670000000000015,
      0.0011880000000000016,
      0.000558999999999997,
      0.0007180000000000034,
      0.001341000000000002,
      -0.0012770000000000004,
      -0.006544000000000001,
      0.005124999999999998
    ]
  },
  "excitation_energy": "1.7978",
  "exciting_path_mean_volume": 424.600905,
  "s0_bonds_avg": 1.2875147451878048,
  "s1_bonds_avg": 1.2852067590624392,
  "s0_angles_avg": 118.96173047145835,
  "s1_angles_avg": 118.97260811795697,
  "delta_bonds": -0.0023079861253656464,
  "delta_angles": 0.010877646498613558
}