{"charge": {"element": ["C", "O", "C", "O", "C", "C", "C", "C", "C", "N", "C", "C", "C", "C", "C", "C", "C", "C", "C", "C", "C", "C", "C", "H", "H", "H", "H", "H", "H", "H", "H", "H", "H", "H", "H", "H", "H", "H"], "charge_variation": [0.008157999999999999, -0.016288999999999998, 0.0015860000000000873, -0.0049520000000000675, -0.004863, 0.031833999999999994, -0.0026650000000000007, 0.006510000000000002, -0.005993999999999999, 0.034115000000000006, 0.0007679999999999909, -0.02130299999999999, 0.011886999999999998, -0.020154000000000005, 0.007632, -0.010866, -0.010356000000000004, 0.008969000000000005, -0.021045000000000008, 0.008808, -0.025289000000000006, 0.0018519999999999648, 0.018413, -0.0037909999999999992, -0.0031470000000000005, -0.0008549999999999999, 0.0018140000000000031, 0.004847999999999998, 0.008772000000000002, -0.004941000000000001, -0.0005670000000000015, 0.0011880000000000016, 0.000558999999999997, 0.0007180000000000034, 0.001341000000000002, -0.0012770000000000004, -0.006544000000000001, 0.005124999999999998]}, "ground_state": {"HOMO-LUMO": 2.448542693529453, "charge": {"element": ["C", "O", "C", "O", "C", "C", "C", "C", "C", "N", "C", "C", "C", "C", "C", "C", "C", "C", "C", "C", "C", "C", "C", "H", "H", "H", "H", "H", "H", "H", "H", "H", "H", "H", "H", "H", "H", "H"], "charge": [0.324625, -0.538205, 1.044478, -0.8349, -0.00684, -0.091052, -0.013508, -0.118037, 0.369483, -0.428881, 0.317382, -0.155444, -0.024945, -0.079202, -0.039334, -0.042929, -0.045512, -0.040446, -0.078844, -0.019303, -0.147237, 0.31684, -0.125335, -0.010559, 0.008248, 0.008324, 0.040149, 0.034762, 0.044985, 0.039909, 0.02861, 0.031505, 0.033679, 0.033303, 0.031473, 0.02963, 0.041632, 0.061495]}, "structure": {"bonds": 1.2875147451878048, "angles": 118.96173047145835, "DA": 1.9704609252688328}, "rotational_constant": {"A": 0.1270135, "B": 0.1609008, "C": 0.4401796}, "rays_asymmetry_parameter": 0.7835825780632066, "volume": 422.93355}, "excited_state": {"HOMO-LUMO": 1.5545671771165241, "charge": {"element": ["C", "O", "C", "O", "C", "C", "C", "C", "C", "N", "C", "C", "C", "C", "C", "C", "C", "C", "C", "C", "C", "C", "C", "H", "H", "H", "H", "H", "H", "H", "H", "H", "H", "H", "H", "H", "H", "H"], "charge": [0.332783, -0.554494, 1.046064, -0.839852, -0.011703, -0.059218, -0.016173, -0.111527, 0.363489, -0.394766, 0.31815, -0.176747, -0.013058, -0.099356, -0.031702, -0.053795, -0.055868, -0.031477, -0.099889, -0.010495, -0.172526, 0.318692, -0.106922, -0.01435, 0.005101, 0.007469, 0.041963, 0.03961, 0.053757, 0.034968, 0.028043, 0.032693, 0.034238, 0.034021, 0.032814, 0.028353, 0.035088, 0.06662]}, "structure": {"bonds": 1.2852067590624392, "angles": 118.97260811795697, "DA": -0.7939836480792787}, "rotational_constant": {"A": 0.1320555, "B": 0.1574617, "C": 0.4250245}, "rays_asymmetry_parameter": 0.826560489335049, "excited_energy": "1.7978", "volume": 427.04646}, "exciting_path_mean_volume": 424.600905}