{
  "s0_rotational_constant_a": 0.0502237,
  "s0_rotational_constant_b": 0.0625286,
  "s0_rotational_constant_c": 0.2430077,
  "s1_rotational_constant_a": 0.0522678,
  "s1_rotational_constant_b": 0.0602924,
  "s1_rotational_constant_c": 0.2407685,
  "s0_rays_asymmetry_parameter": 0.8723452153705702,
  "s1_rays_asymmetry_parameter": 0.91485867161236,
  "s0_volume": 595.83663,
  "s1_volume": 601.70289,
  "delta_volume": 5.866260000000011,
  "s0_homo_lumo_gap": 1.2605345943204345,
  "s1_homo_lumo_gap": 0.19188377778399035,
  "delta_gap": -1.0686508165364441,
  "s0_dihedral_avg": 90.12609239581327,
  "s1_dihedral_avg": 90.29052774314717,
  "delta_dihedral": 0.16443534733389242,
  "delta_dipole": {
    "element": [
      "C",
      "O",
      "C",
      "C",
      "C",
      "C",
      "C",
      "C",
      "C",
      "C",
      "C",
      "C",
      "C",
      "C",
      "N",
      "C",
      "C",
      "C",
      "C",
      "C",
      "C",
      "C",
      "N",
      "C",
      "C",
      "N",
      "C",
      "C",
      "C",
      "C",
      "N",
      "C",
      "C",
      "H",
      "H",
      "H",
      "H",
      "H",
      "H",
      "H",
      "H",
      "H",
      "H",
      "H",
      "H",
      "H",
      "H",
      "H",
      "H",
      "H",
      "H",
      "H",
      "H"
    ],
    "charge_variation": [
      -0.0067010000000000125,
      0.021168999999999993,
      -0.011131000000000002,
      -0.002584999999999976,
      -0.02522300000000001,
      0.015804000000000012,
      -0.020366000000000002,
      -0.012159999999999976,
      -0.0005850000000000022,
      0.0015199999999999936,
      -0.008181000000000008,
      -0.004287000000000003,
      -0.010829999999999979,
      -0.0071169999999999844,
      -0.012193999999999983,
      0.004962000000000022,
      0.031522999999999995,
      -0.001183,
      0.026454,
      -0.0074880000000000085,
      0.006644999999999998,
      0.00408200000000003,
      -0.0008690000000000087,
      -0.0021700000000000053,
      0.0020669999999999994,
      -0.011627999999999972,
      0.0002870000000000372,
      0.0019470000000000043,
      0.007224000000000008,
      0.0031680000000000597,
      0.00048599999999998644,
      -0.002137,
      0.03064,
      0.0006979999999999999,
      0.005544,
      0.005097000000000001,
      -0.0038519999999999943,
      -0.010715000000000002,
      -0.0015079999999999955,
      -0.0004390000000000019,
      -0.0018090000000000016,
      -0.003144000000000001,
      -0.011890999999999999,
      0.00021799999999999597,
      0.0037719999999999976,
      -0.0010320000000000017,
      -0.0018169999999999992,
      0.003262000000000001,
      -0.001080000000000001,
      0.0026559999999999986,
      0.0002970000000000021,
      0.004644000000000002,
      -4.300000000000137e-05
    ]
  },
  "excitation_energy": "0.2208",
  "exciting_path_mean_volume": 599.0693516666666,
  "s0_bonds_avg": 1.291886215926842,
  "s1_bonds_avg": 1.291481998969298,
  "s0_angles_avg": 119.52253133579157,
  "s1_angles_avg": 119.14081953832061,
  "delta_bonds": -0.00040421695754400133,
  "delta_angles": -0.38171179747095607
}