{
  "s0_rotational_constant_a": 0.0297532,
  "s0_rotational_constant_b": 0.0401695,
  "s0_rotational_constant_c": 0.0453032,
  "s1_rotational_constant_a": 0.0297345,
  "s1_rotational_constant_b": 0.0404613,
  "s1_rotational_constant_c": 0.0450539,
  "s0_rays_asymmetry_parameter": -0.3397170418006425,
  "s1_rays_asymmetry_parameter": -0.40042038199929497,
  "s0_volume": 1317.78032,
  "s1_volume": 1315.68958,
  "delta_volume": -2.090740000000096,
  "s0_homo_lumo_gap": 0.2092364757664127,
  "s1_homo_lumo_gap": 0.07707623809818287,
  "delta_gap": -0.13216023766822982,
  "s0_dihedral_avg": 90.07652429559755,
  "s1_dihedral_avg": 89.82573273009695,
  "delta_dihedral": -0.2507915655006059,
  "delta_dipole": {
    "element": [
      "C",
      "C",
      "C",
      "C",
      "C",
      "C",
      "B",
      "C",
      "C",
      "C",
      "C",
      "C",
      "C",
      "C",
      "C",
      "C",
      "C",
      "C",
      "C",
      "C",
      "C",
      "C",
      "C",
      "B",
      "C",
      "C",
      "C",
      "C",
      "C",
      "C",
      "C",
      "C",
      "C",
      "C",
      "C",
      "C",
      "C",
      "C",
      "C",
      "C",
      "C",
      "C",
      "Si",
      "C",
      "C",
      "C",
      "C",
      "C",
      "C",
      "C",
      "C",
      "C",
      "C",
      "C",
      "C",
      "C",
      "C",
      "C",
      "C",
      "C",
      "C",
      "C",
      "C",
      "C",
      "C",
      "C",
      "C",
      "H",
      "H",
      "H",
      "H",
      "H",
      "H",
      "H",
      "H",
      "H",
      "H",
      "H",
      "H",
      "H",
      "H",
      "H",
      "H",
      "H",
      "H",
      "H",
      "H",
      "H",
      "H",
      "H",
      "H",
      "H",
      "H",
      "H",
      "H",
      "H",
      "H",
      "H",
      "H",
      "H",
      "H",
      "H",
      "H",
      "H",
      "H",
      "H",
      "H",
      "H",
      "H",
      "H",
      "H",
      "H",
      "H",
      "H",
      "H",
      "H",
      "H",
      "H",
      "H",
      "H",
      "H",
      "H",
      "H",
      "H",
      "H",
      "H",
      "H",
      "H",
      "H",
      "H",
      "H"
    ],
    "charge_variation": [
      -1.6000000000002124e-05,
      0.004425999999999999,
      0.00014999999999999736,
      0.001128000000000004,
      0.0001779999999999976,
      0.0036309999999999953,
      -0.002715000000000023,
      0.011386000000000007,
      -0.006996999999999996,
      -0.0010040000000000049,
      -0.0011969999999999967,
      -0.0006180000000000005,
      -0.0002410000000000051,
      0.0002239999999999985,
      0.0007550000000000057,
      0.018350999999999992,
      -0.0012049999999999977,
      0.0064069999999999995,
      0.001742999999999998,
      0.004863000000000003,
      0.0004870000000000013,
      0.004966999999999999,
      -0.004383999999999999,
      -0.0010250000000000536,
      0.012461999999999973,
      0.008763999999999994,
      -0.0005620000000000069,
      -0.0016290000000000193,
      0.007941000000000004,
      -0.0004919999999999924,
      -0.0025340000000000085,
      0.006500000000000006,
      0.0005619999999999931,
      -0.023991999999999986,
      -0.013623000000000003,
      0.004951000000000011,
      -0.023139000000000007,
      -0.0009699999999999986,
      -0.0037510000000000043,
      -0.032013,
      -0.002796000000000007,
      0.0007880000000000109,
      -0.004393000000000008,
      -0.002472000000000002,
      -0.0015009999999999954,
      -0.0010389999999999983,
      -0.00024500000000000216,
      -4.49999999999999e-05,
      0.0005409999999999998,
      0.0005190000000000056,
      -1.000000000001e-06,
      0.0007740000000000004,
      0.0004239999999999938,
      0.00022400000000000198,
      -0.0010889999999999997,
      0.0036439999999999806,
      0.002114999999999992,
      0.0006420000000000037,
      3.799999999998249e-05,
      0.004198000000000007,
      6.1000000000005494e-05,
      0.0008830000000000227,
      0.0011909999999999976,
      0.00037399999999999933,
      0.002676999999999999,
      0.001119999999999996,
      0.0003210000000000157,
      0.0005380000000000003,
      0.00037500000000000033,
      0.0005929999999999998,
      0.0006180000000000005,
      0.00024400000000000116,
      0.0005459999999999996,
      -0.0001899999999999992,
      -0.0002669999999999999,
      0.0002500000000000002,
      0.00036299999999999874,
      0.00040899999999999964,
      0.0009800000000000017,
      -0.001361000000000001,
      0.00048300000000000426,
      0.0012790000000000024,
      0.0010799999999999976,
      -0.0007520000000000027,
      0.004208,
      0.0023099999999999996,
      -0.00198,
      0.0006989999999999982,
      0.00037299999999999833,
      0.00032400000000000137,
      0.0010289999999999987,
      0.0003020000000000002,
      -0.0010360000000000005,
      0.0011660000000000004,
      0.0005319999999999978,
      -0.0021850000000000003,
      -0.00014899999999999983,
      -0.003013999999999996,
      0.0017200000000000028,
      -0.001576000000000001,
      -0.0012990000000000015,
      -0.0009490000000000019,
      0.0029459999999999972,
      -0.0005869999999999998,
      -0.0016609999999999993,
      -0.0006929999999999992,
      0.0002020000000000008,
      0.00037500000000000033,
      0.0006929999999999992,
      0.0008009999999999996,
      0.0007520000000000027,
      -0.00012599999999999764,
      0.0002950000000000001,
      0.00041799999999999823,
      0.0002280000000000025,
      -0.00035199999999999815,
      0.0002720000000000014,
      0.00041799999999999997,
      4.000000000000531e-05,
      0.0006610000000000019,
      0.0003699999999999988,
      0.00041500000000000217,
      0.0005280000000000007,
      0.0005950000000000052,
      0.0004349999999999996,
      0.0002479999999999982,
      -0.00013000000000000164,
      0.0012359999999999993,
      -2.5000000000004186e-05,
      0.0003119999999999998,
      0.0009460000000000024
    ]
  },
  "excitation_energy": "0.1031",
  "exciting_path_mean_volume": 1316.8352316666667,
  "s0_bonds_avg": 1.283548241832446,
  "s1_bonds_avg": 1.2989830024623743,
  "delta_bonds": 0.015434760629928324,
  "s0_angles_avg": 116.54198852981095,
  "s1_angles_avg": 116.53429418408719,
  "delta_angles": -0.007694345723763263
}