{
  "s0_rotational_constant_a": 0.1357154,
  "s0_rotational_constant_b": 0.2401867,
  "s0_rotational_constant_c": 0.279039,
  "s1_rotational_constant_a": 0.1383432,
  "s1_rotational_constant_b": 0.2409128,
  "s1_rotational_constant_c": 0.2818321,
  "s0_rays_asymmetry_parameter": -0.4578380671431645,
  "s1_rays_asymmetry_parameter": -0.4296520497404333,
  "s0_volume": 395.78648,
  "s1_volume": 396.13189,
  "delta_volume": 0.3454100000000153,
  "s0_homo_lumo_gap": 2.1618789528435105,
  "s1_homo_lumo_gap": 0.4990186407722321,
  "delta_gap": -1.6628603120712784,
  "s0_dihedral_avg": 89.88159784813283,
  "s1_dihedral_avg": 90.28042533591079,
  "delta_dihedral": 0.3988274877779645,
  "delta_dipole": {
    "element": [
      "O",
      "S",
      "O",
      "C",
      "C",
      "C",
      "C",
      "S",
      "C",
      "C",
      "C",
      "C",
      "C",
      "S",
      "C",
      "C",
      "C",
      "C",
      "C",
      "C",
      "C",
      "H",
      "H",
      "H",
      "H",
      "H",
      "H",
      "H",
      "H",
      "H",
      "H"
    ],
    "charge_variation": [
      -0.042603999999999975,
      0.10985599999999995,
      -0.038753999999999955,
      -0.031172000000000002,
      0.017622,
      0.007632,
      -0.004708,
      -0.0026380000000000015,
      -0.0015209999999999998,
      -0.0017900000000000017,
      0.014773999999999995,
      0.008028999999999994,
      -0.004791,
      -0.0077,
      -0.004353999999999997,
      0.036361000000000004,
      -0.004188999999999998,
      0.000987,
      -0.005535999999999999,
      -0.011865,
      -0.026057,
      0.001364000000000004,
      0.0005240000000000036,
      -0.0043209999999999985,
      0.002607999999999999,
      -4.500000000000337e-05,
      -0.0004699999999999982,
      0.0004709999999999992,
      -0.0009129999999999971,
      -0.0005500000000000019,
      -0.0062460000000000016
    ]
  },
  "excitation_energy": "0.6586",
  "exciting_path_mean_volume": 399.519245,
  "s0_bonds_avg": 1.3780329807226535,
  "s1_bonds_avg": 1.3878833745351993,
  "delta_bonds": 0.009850393812545821,
  "s0_angles_avg": 117.84040229055101,
  "s1_angles_avg": 117.45014565472276,
  "delta_angles": -0.3902566358282513
}