{
  "s0_rotational_constant_a": 0.1337045,
  "s0_rotational_constant_b": 0.1632818,
  "s0_rotational_constant_c": 0.5836994,
  "s1_rotational_constant_a": 0.1316797,
  "s1_rotational_constant_b": 0.1617592,
  "s1_rotational_constant_c": 0.5812632,
  "s0_rays_asymmetry_parameter": 0.868543843496893,
  "s1_rays_asymmetry_parameter": 0.8661894842671051,
  "s0_volume": 365.61872,
  "s1_volume": 365.48197,
  "delta_volume": -0.13675000000000637,
  "s0_homo_lumo_gap": 1.59183588521865,
  "s1_homo_lumo_gap": 1.3739489112734513,
  "delta_gap": -0.21788697394519874,
  "s0_dihedral_avg": 89.87608045501143,
  "s1_dihedral_avg": 89.77460832731694,
  "delta_dihedral": -0.10147212769449254,
  "delta_dipole": {
    "element": [
      "F",
      "B",
      "F",
      "N",
      "C",
      "C",
      "C",
      "C",
      "C",
      "C",
      "C",
      "C",
      "C",
      "Cl",
      "C",
      "C",
      "C",
      "C",
      "C",
      "C",
      "N",
      "H",
      "H",
      "H",
      "H",
      "H",
      "H",
      "H",
      "H",
      "H",
      "H"
    ],
    "charge_variation": [
      -0.004161999999999999,
      0.005947000000000036,
      -0.004430999999999963,
      -0.06706400000000001,
      0.00918800000000003,
      -0.04530199999999998,
      -0.05804000000000001,
      0.04511999999999999,
      0.008957,
      -0.0001229999999999981,
      0.011824999999999999,
      -0.0004880000000000023,
      0.007305000000000006,
      0.00789200000000001,
      -0.0003630000000000022,
      3.199999999999731e-05,
      0.02508100000000002,
      0.00012699999999998823,
      0.011298000000000002,
      0.02480199999999999,
      -0.006855,
      -0.0009839999999999988,
      0.007632000000000007,
      0.007441000000000003,
      0.006297999999999998,
      0.0010589999999999974,
      0.00041300000000000364,
      0.002019,
      0.0031909999999999994,
      0.0009460000000000024,
      0.001238999999999997
    ]
  },
  "excitation_energy": "1.7895",
  "exciting_path_mean_volume": 365.1700866666667,
  "s0_bonds_avg": 1.3167265379335291,
  "s1_bonds_avg": 1.3220148838470587,
  "s0_angles_avg": 118.88971752308666,
  "s1_angles_avg": 118.88443022834562,
  "delta_bonds": 0.005288345913529557,
  "delta_angles": -0.00528729474103784
}