{
  "s0_rotational_constant_a": 0.0140693,
  "s0_rotational_constant_b": 0.0147714,
  "s0_rotational_constant_c": 0.1803985,
  "s1_rotational_constant_a": 0.0146215,
  "s1_rotational_constant_b": 0.0150416,
  "s1_rotational_constant_c": 0.1492619,
  "s0_rays_asymmetry_parameter": 0.9915577060431963,
  "s1_rays_asymmetry_parameter": 0.9937596739165957,
  "s0_volume": 951.20875,
  "s1_volume": 946.53543,
  "delta_volume": -4.67331999999999,
  "s0_homo_lumo_gap": 2.0996057062812183,
  "s1_homo_lumo_gap": 1.3023993047578775,
  "delta_gap": -0.7972064015233409,
  "s0_dihedral_avg": 89.97331662439757,
  "s1_dihedral_avg": 90.03107730387599,
  "delta_dihedral": 0.05776067947842023,
  "delta_dipole": {
    "element": [
      "C",
      "C",
      "C",
      "C",
      "C",
      "C",
      "C",
      "C",
      "C",
      "C",
      "C",
      "C",
      "C",
      "C",
      "C",
      "C",
      "C",
      "C",
      "C",
      "C",
      "C",
      "C",
      "C",
      "C",
      "C",
      "C",
      "C",
      "C",
      "C",
      "C",
      "C",
      "C",
      "C",
      "C",
      "C",
      "C",
      "C",
      "C",
      "C",
      "C",
      "C",
      "C",
      "C",
      "C",
      "C",
      "C",
      "C",
      "C",
      "C",
      "C",
      "H",
      "H",
      "H",
      "H",
      "H",
      "H",
      "H",
      "H",
      "H",
      "H",
      "H",
      "H",
      "H",
      "H",
      "H",
      "H",
      "H",
      "H",
      "H",
      "H",
      "H",
      "H",
      "H",
      "H",
      "H",
      "H",
      "H",
      "H",
      "H",
      "H",
      "H",
      "H",
      "H",
      "H",
      "H",
      "H"
    ],
    "charge_variation": [
      -0.0009380000000000013,
      0.000735000000000003,
      -0.001901,
      -0.0005730000000000041,
      0.0008339999999999979,
      0.0007010000000000002,
      -0.0008119999999999933,
      -0.0018729999999999997,
      0.0005870000000000007,
      -0.0008820000000000008,
      -0.0008619999999999982,
      -0.0018640000000000045,
      -0.0020489999999999953,
      -4.9999999999980616e-06,
      -0.0034500000000000017,
      0.0012570000000000012,
      0.0009349999999999983,
      -0.0021940000000000015,
      0.00024199999999999916,
      -0.0008190000000000003,
      0.0009769999999999918,
      -0.0016189999999999954,
      0.0008120000000000002,
      -0.0012150000000000008,
      0.0008859999999999979,
      -0.0017009999999999942,
      0.0002920000000000006,
      -0.002016000000000004,
      -0.0009869999999999948,
      -0.001685000000000006,
      -0.0016069999999999973,
      -0.0016229999999999994,
      -0.001009000000000003,
      0.0011949999999999947,
      0.0009759999999999977,
      -0.001921000000000006,
      0.00019299999999999873,
      -0.0006900000000000031,
      0.0010280000000000011,
      -0.0016589999999999938,
      0.0008200000000000013,
      -0.0011420000000000041,
      0.0008780000000000003,
      -0.0017269999999999924,
      0.00020900000000000085,
      -0.0022100000000000036,
      -0.003162999999999992,
      -0.0003939999999999985,
      -0.0020739999999999925,
      -0.0006599999999999974,
      0.0008710000000000002,
      1.5999999999998654e-05,
      0.0014269999999999977,
      0.0015289999999999956,
      4.099999999999937e-05,
      0.0008680000000000007,
      -0.00012599999999999764,
      0.0023640000000000015,
      0.002377999999999998,
      0.0013239999999999988,
      0.001240999999999999,
      0.0005070000000000005,
      0.0008070000000000022,
      -0.00015400000000000136,
      0.00046799999999999967,
      -0.000168999999999999,
      0.0008290000000000033,
      0.0004969999999999974,
      0.0012580000000000022,
      0.0013170000000000057,
      0.0021820000000000034,
      0.002113999999999998,
      0.0013010000000000035,
      0.001240000000000005,
      0.0005160000000000026,
      0.000785000000000001,
      -0.00016700000000000048,
      0.0004480000000000005,
      -0.00017400000000000054,
      0.0008449999999999985,
      0.0004919999999999994,
      0.0012110000000000037,
      0.0012669999999999973,
      0.002284999999999999,
      0.002237999999999997,
      -0.00011600000000000152
    ]
  },
  "excitation_energy": "1.9958",
  "exciting_path_mean_volume": 947.9847333333332,
  "s0_bonds_avg": 1.2903155515078493,
  "s1_bonds_avg": 1.2886772081356987,
  "s0_angles_avg": 119.99771376127742,
  "s1_angles_avg": 119.99681612739839,
  "delta_bonds": -0.0016383433721505192,
  "delta_angles": -0.0008976338790347427
}