{
  "s0_rotational_constant_a": 0.0590083,
  "s0_rotational_constant_b": 0.0792946,
  "s0_rotational_constant_c": 0.200344,
  "s1_rotational_constant_a": 0.0590913,
  "s1_rotational_constant_b": 0.0807981,
  "s1_rotational_constant_c": 0.1958212,
  "s0_rays_asymmetry_parameter": 0.7129345239737729,
  "s1_rays_asymmetry_parameter": 0.6824864203074821,
  "s0_volume": 615.33212,
  "s1_volume": 611.07105,
  "delta_volume": -4.261070000000018,
  "s0_homo_lumo_gap": 2.27354085682794,
  "s1_homo_lumo_gap": 1.746853683346711,
  "delta_gap": -0.5266871734812288,
  "s0_dihedral_avg": 90.04348923546047,
  "s1_dihedral_avg": 89.92359372427369,
  "delta_dihedral": -0.11989551118678321,
  "delta_dipole": {
    "element": [
      "C",
      "C",
      "C",
      "C",
      "C",
      "S",
      "C",
      "C",
      "C",
      "C",
      "C",
      "C",
      "C",
      "C",
      "C",
      "C",
      "C",
      "C",
      "C",
      "C",
      "C",
      "S",
      "C",
      "C",
      "C",
      "C",
      "C",
      "C",
      "C",
      "C",
      "C",
      "C",
      "H",
      "H",
      "H",
      "H",
      "H",
      "H",
      "H",
      "H",
      "H",
      "H",
      "H",
      "H",
      "H",
      "H",
      "H",
      "H",
      "H",
      "H",
      "H",
      "H"
    ],
    "charge_variation": [
      -0.0049979999999999955,
      0.0013939999999999994,
      -0.006079000000000001,
      -8.900000000000574e-05,
      -0.005896000000000005,
      0.010758000000000004,
      4.900000000000043e-05,
      -0.00036500000000000074,
      -0.0006590000000000068,
      -0.002151,
      0.0003130000000000008,
      -0.00179,
      3.099999999999978e-05,
      -0.0023040000000000005,
      -0.005512999999999997,
      -4.600000000000437e-05,
      -0.005636000000000002,
      0.0012969999999999995,
      -0.004930000000000004,
      0.0015310000000000011,
      -0.0031830000000000053,
      0.010937000000000002,
      5.6000000000000494e-05,
      -6.499999999999909e-05,
      -0.0004699999999999982,
      -0.0019300000000000012,
      -6.799999999999862e-05,
      -0.001801999999999998,
      0.0003489999999999986,
      -0.0022230000000000028,
      -0.0031169999999999948,
      0.0014969999999999983,
      0.0013690000000000022,
      -0.0003060000000000007,
      0.0036609999999999976,
      0.0026399999999999965,
      0.00018599999999999867,
      0.0011520000000000002,
      5.6000000000000494e-05,
      0.003480000000000004,
      0.0034080000000000013,
      -0.000279999999999999,
      0.0013810000000000003,
      -4.49999999999999e-05,
      0.0006630000000000039,
      0.003247,
      6.999999999999715e-05,
      0.0011569999999999983,
      0.00018599999999999867,
      0.002466999999999997,
      0.000677999999999998,
      -6.800000000000209e-05
    ]
  },
  "excitation_energy": "2.5055",
  "exciting_path_mean_volume": 612.9816066666666,
  "s0_bonds_avg": 1.3262679596736842,
  "s1_bonds_avg": 1.327110743674737,
  "s0_angles_avg": 119.38977539808133,
  "s1_angles_avg": 119.38606985581936,
  "delta_bonds": 0.0008427840010527543,
  "delta_angles": -0.0037055422619687306
}