{
  "s0_rotational_constant_a": 0.0590083,
  "s0_rotational_constant_b": 0.0792946,
  "s0_rotational_constant_c": 0.200344,
  "s1_rotational_constant_a": 0.0590913,
  "s1_rotational_constant_b": 0.0807981,
  "s1_rotational_constant_c": 0.1958212,
  "s0_rays_asymmetry_parameter": 0.7129345239737729,
  "s1_rays_asymmetry_parameter": 0.6824864203074821,
  "s0_volume": 615.33212,
  "s1_volume": 611.07105,
  "delta_volume": -4.261070000000018,
  "s0_homo_lumo_gap": 2.27354085682794,
  "s1_homo_lumo_gap": 1.746853683346711,
  "delta_gap": -0.5266871734812288,
  "s0_dihedral_avg": -2.5690568096973427,
  "s1_dihedral_avg": 0.000487014125863845,
  "delta_dihedral": 2.5695438238232065,
  "delta_dipole": null,
  "excitation_energy": "2.5055",
  "exciting_path_mean_volume": 612.9816066666666,
  "s0_bonds_avg": 1.3262679596736842,
  "s1_bonds_avg": 1.327110743674737,
  "s0_angles_avg": 119.38977539808133,
  "s1_angles_avg": 119.38606985581936
}