{
  "charge": {
    "element": [
      "C",
      "C",
      "C",
      "C",
      "C",
      "S",
      "C",
      "C",
      "C",
      "C",
      "C",
      "C",
      "C",
      "C",
      "C",
      "C",
      "C",
      "C",
      "C",
      "C",
      "C",
      "S",
      "C",
      "C",
      "C",
      "C",
      "C",
      "C",
      "C",
      "C",
      "C",
      "C",
      "H",
      "H",
      "H",
      "H",
      "H",
      "H",
      "H",
      "H",
      "H",
      "H",
      "H",
      "H",
      "H",
      "H",
      "H",
      "H",
      "H",
      "H",
      "H",
      "H"
    ],
    "charge_variation": [
      -0.0049979999999999955,
      0.0013939999999999994,
      -0.006079000000000001,
      -8.900000000000574e-05,
      -0.005896000000000005,
      0.010758000000000004,
      4.900000000000043e-05,
      -0.00036500000000000074,
      -0.0006590000000000068,
      -0.002151,
      0.0003130000000000008,
      -0.00179,
      3.099999999999978e-05,
      -0.0023040000000000005,
      -0.005512999999999997,
      -4.600000000000437e-05,
      -0.005636000000000002,
      0.0012969999999999995,
      -0.004930000000000004,
      0.0015310000000000011,
      -0.0031830000000000053,
      0.010937000000000002,
      5.6000000000000494e-05,
      -6.499999999999909e-05,
      -0.0004699999999999982,
      -0.0019300000000000012,
      -6.799999999999862e-05,
      -0.001801999999999998,
      0.0003489999999999986,
      -0.0022230000000000028,
      -0.0031169999999999948,
      0.0014969999999999983,
      0.0013690000000000022,
      -0.0003060000000000007,
      0.0036609999999999976,
      0.0026399999999999965,
      0.00018599999999999867,
      0.0011520000000000002,
      5.6000000000000494e-05,
      0.003480000000000004,
      0.0034080000000000013,
      -0.000279999999999999,
      0.0013810000000000003,
      -4.49999999999999e-05,
      0.0006630000000000039,
      0.003247,
      6.999999999999715e-05,
      0.0011569999999999983,
      0.00018599999999999867,
      0.002466999999999997,
      0.000677999999999998,
      -6.800000000000209e-05
    ]
  },
  "ground_state": {
    "HOMO-LUMO": 2.27354085682794,
    "charge": {
      "element": [
        "C",
        "C",
        "C",
        "C",
        "C",
        "S",
        "C",
        "C",
        "C",
        "C",
        "C",
        "C",
        "C",
        "C",
        "C",
        "C",
        "C",
        "C",
        "C",
        "C",
        "C",
        "S",
        "C",
        "C",
        "C",
        "C",
        "C",
        "C",
        "C",
        "C",
        "C",
        "C",
        "H",
        "H",
        "H",
        "H",
        "H",
        "H",
        "H",
        "H",
        "H",
        "H",
        "H",
        "H",
        "H",
        "H",
        "H",
        "H",
        "H",
        "H",
        "H",
        "H"
      ],
      "charge": [
        -0.040148,
        -0.01918,
        -0.06443,
        0.075073,
        0.038802,
        -0.101734,
        0.040477,
        -0.015757,
        0.081488,
        -0.068953,
        -0.018861,
        -0.039697,
        -0.018605,
        -0.067964,
        0.038817,
        0.075087,
        -0.064425,
        -0.019176,
        -0.040158,
        -0.0207,
        -0.06512,
        -0.101731,
        0.040461,
        -0.015765,
        0.081473,
        -0.067969,
        -0.018609,
        -0.039687,
        -0.018855,
        -0.068953,
        -0.065122,
        -0.020696,
        0.02899,
        0.029695,
        0.032682,
        0.033568,
        0.028659,
        0.028447,
        0.029325,
        0.032018,
        0.032679,
        0.029693,
        0.028989,
        0.028952,
        0.032969,
        0.032021,
        0.029326,
        0.028448,
        0.02866,
        0.03357,
        0.032971,
        0.028954
      ]
    },
    "structure": {
      "bonds": 1.3262679596736842,
      "angles": 119.38977539808133,
      "DA": 90.04348923546047
    },
    "rotational_constant": {
      "A": 0.0590083,
      "B": 0.0792946,
      "C": 0.200344
    },
    "rays_asymmetry_parameter": 0.7129345239737729,
    "volume": 615.33212
  },
  "excited_state": {
    "HOMO-LUMO": 1.746853683346711,
    "charge": {
      "element": [
        "C",
        "C",
        "C",
        "C",
        "C",
        "S",
        "C",
        "C",
        "C",
        "C",
        "C",
        "C",
        "C",
        "C",
        "C",
        "C",
        "C",
        "C",
        "C",
        "C",
        "C",
        "S",
        "C",
        "C",
        "C",
        "C",
        "C",
        "C",
        "C",
        "C",
        "C",
        "C",
        "H",
        "H",
        "H",
        "H",
        "H",
        "H",
        "H",
        "H",
        "H",
        "H",
        "H",
        "H",
        "H",
        "H",
        "H",
        "H",
        "H",
        "H",
        "H",
        "H"
      ],
      "charge": [
        -0.045146,
        -0.017786,
        -0.070509,
        0.074984,
        0.032906,
        -0.090976,
        0.040526,
        -0.016122,
        0.080829,
        -0.071104,
        -0.018548,
        -0.041487,
        -0.018574,
        -0.070268,
        0.033304,
        0.075041,
        -0.070061,
        -0.017879,
        -0.045088,
        -0.019169,
        -0.068303,
        -0.090794,
        0.040517,
        -0.01583,
        0.081003,
        -0.069899,
        -0.018677,
        -0.041489,
        -0.018506,
        -0.071176,
        -0.068239,
        -0.019199,
        0.030359,
        0.029389,
        0.036343,
        0.036208,
        0.028845,
        0.029599,
        0.029381,
        0.035498,
        0.036087,
        0.029413,
        0.03037,
        0.028907,
        0.033632,
        0.035268,
        0.029396,
        0.029605,
        0.028846,
        0.036037,
        0.033649,
        0.028886
      ]
    },
    "structure": {
      "bonds": 1.327110743674737,
      "angles": 119.38606985581936,
      "DA": 89.92359372427369
    },
    "rotational_constant": {
      "A": 0.0590913,
      "B": 0.0807981,
      "C": 0.1958212
    },
    "rays_asymmetry_parameter": 0.6824864203074821,
    "excited_energy": "2.5055",
    "volume": 611.07105
  },
  "exciting_path_mean_volume": 612.9816066666666
}