{
  "s0_rotational_constant_a": 0.0651406,
  "s0_rotational_constant_b": 0.0862905,
  "s0_rotational_constant_c": 0.2118536,
  "s1_rotational_constant_a": 0.0665705,
  "s1_rotational_constant_b": 0.0862638,
  "s1_rotational_constant_c": 0.2116149,
  "s0_rays_asymmetry_parameter": 0.7116833545766225,
  "s1_rays_asymmetry_parameter": 0.7284514259082047,
  "s0_volume": 615.47632,
  "s1_volume": 614.2117,
  "delta_volume": -1.2646200000000363,
  "s0_homo_lumo_gap": 1.9238582777266102,
  "s1_homo_lumo_gap": 1.5516229056382458,
  "delta_gap": -0.37223537208836444,
  "s0_dihedral_avg": -11.322578096930668,
  "s1_dihedral_avg": -8.702664020070175,
  "delta_dihedral": 2.6199140768604927,
  "delta_dipole": null,
  "excitation_energy": "2.2266",
  "exciting_path_mean_volume": 614.4228416666666,
  "s0_bonds_avg": 1.2749944775993334,
  "s1_bonds_avg": 1.2811152033698334,
  "s0_angles_avg": 119.19199073958623,
  "s1_angles_avg": 119.1754990059367
}