{
  "s0_rotational_constant_a": 0.0370981,
  "s0_rotational_constant_b": 0.0394383,
  "s0_rotational_constant_c": 0.0902078,
  "s1_rotational_constant_a": 0.0368759,
  "s1_rotational_constant_b": 0.0391716,
  "s1_rotational_constant_c": 0.0910536,
  "s0_rays_asymmetry_parameter": 0.9118729723572153,
  "s1_rays_asymmetry_parameter": 0.9152529546289341,
  "s0_volume": 762.85006,
  "s1_volume": 762.21678,
  "delta_volume": -0.6332800000000134,
  "s0_homo_lumo_gap": 1.1478985228783127,
  "s1_homo_lumo_gap": 0.37358777774890406,
  "delta_gap": -0.7743107451294087,
  "s0_dihedral_avg": -0.0007997535890337969,
  "s1_dihedral_avg": 1.8766695431577172,
  "delta_dihedral": 1.877469296746751,
  "delta_dipole": null,
  "excitation_energy": "0.4298",
  "exciting_path_mean_volume": 762.53996,
  "s0_bonds_avg": 1.33044746219,
  "s1_bonds_avg": 1.34305129849,
  "s0_angles_avg": 119.19776868536225,
  "s1_angles_avg": 119.12078570029841
}