{
  "s0_rotational_constant_a": 0.0376127,
  "s0_rotational_constant_b": 0.0435729,
  "s0_rotational_constant_c": 0.1882857,
  "s1_rotational_constant_a": 0.0394923,
  "s1_rotational_constant_b": 0.0411172,
  "s1_rotational_constant_c": 0.1912342,
  "s0_rays_asymmetry_parameter": 0.9208856264891521,
  "s1_rays_asymmetry_parameter": 0.9785833708421998,
  "s0_volume": 654.08929,
  "s1_volume": 654.5294,
  "delta_volume": 0.4401100000000042,
  "s0_homo_lumo_gap": 1.4074406796234058,
  "s1_homo_lumo_gap": 0.6009361490415839,
  "delta_gap": -0.8065045305818219,
  "s0_dihedral_avg": 90.39110552993604,
  "s1_dihedral_avg": 90.46029975081345,
  "delta_dihedral": 0.06919422087740656,
  "delta_dipole": {
    "element": [
      "C",
      "O",
      "C",
      "C",
      "C",
      "C",
      "C",
      "C",
      "C",
      "C",
      "C",
      "C",
      "C",
      "N",
      "C",
      "C",
      "C",
      "C",
      "C",
      "C",
      "C",
      "C",
      "C",
      "C",
      "C",
      "C",
      "C",
      "C",
      "C",
      "C",
      "N",
      "C",
      "N",
      "C",
      "C",
      "H",
      "H",
      "H",
      "H",
      "H",
      "H",
      "H",
      "H",
      "H",
      "H",
      "H",
      "H",
      "H",
      "H",
      "H",
      "H",
      "H",
      "H",
      "H",
      "H",
      "H",
      "H",
      "H"
    ],
    "charge_variation": [
      0.0024330000000000185,
      -0.003473000000000004,
      0.0014259999999999273,
      0.010477000000000014,
      0.0006740000000000001,
      0.003022999999999998,
      -0.006185999999999997,
      0.030340999999999993,
      -0.005909000000000001,
      0.030129999999999997,
      -0.014069000000000002,
      0.048455999999999985,
      -0.006213999999999997,
      -0.00895900000000005,
      0.016803999999999986,
      -0.04941099999999998,
      0.009651,
      -0.031753,
      0.006489,
      -0.024910000000000015,
      0.013857999999999981,
      -0.026005,
      0.005784,
      -0.0295,
      0.013277,
      -0.046842999999999996,
      0.04779499999999999,
      -0.014846000000000002,
      0.003590999999999997,
      0.0006609999999999117,
      0.0012100000000000444,
      0.001202999999999954,
      0.0025260000000000282,
      -0.001984000000000003,
      0.008677999999999991,
      0.0012090000000000004,
      -0.0014869999999999987,
      -0.001548,
      0.0021019999999999997,
      0.0021889999999999965,
      0.0013050000000000006,
      0.005861999999999999,
      0.003395000000000002,
      0.0011870000000000006,
      -0.0034259999999999985,
      -0.004711,
      -0.0010649999999999965,
      -0.002325999999999998,
      0.005183,
      0.0041049999999999975,
      -0.002474000000000004,
      -0.0006449999999999997,
      -0.0028769999999999976,
      -0.002370000000000004,
      0.001235,
      0.0039910000000000015,
      0.0007349999999999995,
      0.002006999999999995
    ]
  },
  "excitation_energy": "0.7046",
  "exciting_path_mean_volume": 654.687395,
  "s0_bonds_avg": 1.2746471177198364,
  "s1_bonds_avg": 1.2781499224585244,
  "delta_bonds": 0.0035028047386880257,
  "s0_angles_avg": 120.98084416377273,
  "s1_angles_avg": 120.48261558273393,
  "delta_angles": -0.4982285810388021
}