{
  "s0_rotational_constant_a": 0.0260658,
  "s0_rotational_constant_b": 0.0298955,
  "s0_rotational_constant_c": 0.0834487,
  "s1_rotational_constant_a": 0.0262378,
  "s1_rotational_constant_b": 0.0302051,
  "s1_rotational_constant_c": 0.0847284,
  "s0_rays_asymmetry_parameter": 0.866521211022796,
  "s1_rays_asymmetry_parameter": 0.8643440142518627,
  "s0_volume": 1018.21861,
  "s1_volume": 1017.88639,
  "delta_volume": -0.3322200000000066,
  "s0_homo_lumo_gap": 1.6467266839800465,
  "s1_homo_lumo_gap": 1.3495511866207308,
  "delta_gap": -0.2971754973593157,
  "s0_dihedral_avg": 90.35164305600614,
  "s1_dihedral_avg": 90.1433574953848,
  "delta_dihedral": -0.2082855606213343,
  "delta_dipole": {
    "element": [
      "C",
      "Si",
      "C",
      "C",
      "C",
      "C",
      "C",
      "C",
      "C",
      "C",
      "C",
      "C",
      "C",
      "C",
      "C",
      "C",
      "C",
      "C",
      "C",
      "C",
      "C",
      "C",
      "C",
      "C",
      "C",
      "C",
      "C",
      "C",
      "C",
      "C",
      "C",
      "C",
      "C",
      "C",
      "C",
      "C",
      "C",
      "C",
      "C",
      "C",
      "C",
      "C",
      "C",
      "C",
      "C",
      "C",
      "C",
      "C",
      "C",
      "C",
      "C",
      "C",
      "C",
      "C",
      "C",
      "C",
      "H",
      "H",
      "H",
      "H",
      "H",
      "H",
      "H",
      "H",
      "H",
      "H",
      "H",
      "H",
      "H",
      "H",
      "H",
      "H",
      "H",
      "H",
      "H",
      "H",
      "H",
      "H",
      "H",
      "H",
      "H",
      "H",
      "H",
      "H",
      "H",
      "H",
      "H",
      "H",
      "H",
      "H",
      "H",
      "H"
    ],
    "charge_variation": [
      0.0072450000000000014,
      -0.007363000000000008,
      -0.003365000000000007,
      -0.00011699999999999905,
      0.000389999999999998,
      -0.0007790000000000019,
      0.00042799999999999956,
      0.00016300000000000342,
      0.035726,
      -0.010061,
      0.004645000000000003,
      -0.003827000000000004,
      0.0019909999999999997,
      -0.0014860000000000012,
      -0.0011680000000000024,
      0.002776999999999988,
      -0.0048860000000000015,
      0.0052840000000000005,
      -0.004415000000000002,
      0.002800999999999998,
      0.0011069999999999969,
      -0.007690000000000002,
      0.002943000000000001,
      0.0001799999999999996,
      0.00022299999999999924,
      -0.0002399999999999989,
      -0.0034480000000000066,
      0.0007339999999999985,
      -0.0005760000000000001,
      0.0005700000000000011,
      -0.00022699999999999804,
      0.003022999999999998,
      0.0022649999999999997,
      0.00010899999999999799,
      -0.0009669999999999956,
      -0.0007339999999999985,
      -0.00010799999999999699,
      -0.001298999999999998,
      -0.0010340000000000071,
      -0.030801999999999996,
      0.004402000000000003,
      0.004405000000000006,
      -0.0013949999999999935,
      -0.0006950000000000012,
      0.0007999999999999952,
      -0.004459999999999992,
      0.0032010000000000094,
      -0.005539000000000002,
      0.0030500000000000006,
      -0.004034999999999997,
      0.0013900000000000023,
      -0.005413000000000001,
      0.0052260000000000015,
      -9.999999999999593e-06,
      -0.0001849999999999994,
      0.0012909999999999987,
      -0.000393000000000001,
      0.003026000000000001,
      -0.0004609999999999996,
      -0.00014199999999999977,
      -0.00017099999999999754,
      -5.7000000000001494e-05,
      -0.00042000000000000023,
      -0.0009179999999999987,
      -8.100000000000468e-05,
      0.0019769999999999996,
      0.0007999999999999986,
      0.0006619999999999959,
      0.0017449999999999966,
      -0.0004870000000000013,
      0.0015849999999999961,
      0.00033199999999999896,
      0.003730000000000004,
      -5.300000000000096e-05,
      0.00033199999999999896,
      0.0008260000000000003,
      0.00032999999999999696,
      0.0008509999999999976,
      -0.00014300000000000077,
      -0.0002510000000000012,
      7.899999999999921e-05,
      0.0004580000000000001,
      0.000897000000000002,
      -0.002026999999999994,
      -0.00022199999999999998,
      -0.00048100000000000226,
      0.00026099999999999735,
      0.00037199999999999733,
      -0.0004380000000000009,
      0.000343000000000003,
      0.00035199999999999815,
      -0.002264000000000002
    ]
  },
  "excitation_energy": "1.8073",
  "exciting_path_mean_volume": 1017.8132333333333,
  "s0_bonds_avg": 1.314772880518932,
  "s1_bonds_avg": 1.3262231405179612,
  "s0_angles_avg": 119.24403888698386,
  "s1_angles_avg": 119.22609279512488,
  "delta_bonds": 0.011450259999029155,
  "delta_angles": -0.017946091858974
}