{
  "s0_rotational_constant_a": 0.0170782,
  "s0_rotational_constant_b": 0.0179098,
  "s0_rotational_constant_c": 0.2877602,
  "s1_rotational_constant_a": 0.0170093,
  "s1_rotational_constant_b": 0.0178526,
  "s1_rotational_constant_c": 0.2872421,
  "s0_rays_asymmetry_parameter": 0.9938555205000701,
  "s1_rays_asymmetry_parameter": 0.9937587147082072,
  "s0_volume": 709.78908,
  "s1_volume": 709.31253,
  "delta_volume": -0.4765499999999747,
  "s0_homo_lumo_gap": 1.4800297609122715,
  "s1_homo_lumo_gap": 1.2823907759410744,
  "delta_gap": -0.19763898497119703,
  "s0_dihedral_avg": 89.9603350347269,
  "s1_dihedral_avg": 89.83235211106347,
  "delta_dihedral": -0.12798292366342423,
  "delta_dipole": {
    "element": [
      "F",
      "B",
      "F",
      "N",
      "C",
      "C",
      "C",
      "C",
      "C",
      "C",
      "C",
      "C",
      "C",
      "C",
      "C",
      "C",
      "C",
      "C",
      "C",
      "C",
      "C",
      "C",
      "C",
      "C",
      "N",
      "B",
      "F",
      "F",
      "N",
      "C",
      "C",
      "C",
      "C",
      "C",
      "C",
      "C",
      "C",
      "C",
      "C",
      "C",
      "C",
      "N",
      "H",
      "H",
      "H",
      "H",
      "H",
      "H",
      "H",
      "H",
      "H",
      "H",
      "H",
      "H",
      "H",
      "H",
      "H",
      "H",
      "H",
      "H",
      "H",
      "H",
      "H",
      "H"
    ],
    "charge_variation": [
      -0.0023609999999999465,
      0.0009890000000000176,
      -0.00239900000000004,
      -0.018367000000000022,
      0.0017320000000000113,
      -8.000000000008e-06,
      -0.013779999999999987,
      0.021397,
      -0.0011050000000000018,
      -0.0008480000000000015,
      0.0027770000000000017,
      -0.0006529999999999939,
      0.004541000000000003,
      -0.0006260000000000016,
      0.0030740000000000003,
      -0.0007790000000000019,
      0.00037199999999999733,
      -0.0004870000000000013,
      0.004784999999999998,
      -0.003804000000000002,
      -0.01568,
      0.003464999999999996,
      0.004413,
      -0.012761000000000022,
      0.016416000000000014,
      0.0024440000000000017,
      0.0008510000000000462,
      0.0008780000000000454,
      0.015925000000000022,
      -0.012333999999999956,
      0.004077999999999998,
      0.0034489999999999937,
      -0.015506999999999993,
      -0.0004569999999999991,
      -0.00015400000000000136,
      -0.0005679999999999991,
      0.0026409999999999975,
      0.02124100000000001,
      -0.013616000000000017,
      0.00044500000000000095,
      0.0015000000000000013,
      -0.017753999999999992,
      0.0006230000000000055,
      0.0002129999999999979,
      0.002034000000000001,
      0.0017170000000000032,
      -0.0003160000000000038,
      -0.0004849999999999993,
      0.0009619999999999976,
      0.00019600000000000173,
      0.0011389999999999942,
      0.00044299999999999895,
      0.00020599999999999785,
      0.0015980000000000022,
      0.0014780000000000001,
      0.0002570000000000003,
      0.0004879999999999954,
      0.0010789999999999966,
      0.00039300000000000446,
      -5.7000000000001494e-05,
      0.0017649999999999957,
      0.0020010000000000028,
      0.00015799999999999842,
      0.0007400000000000045
    ]
  },
  "excitation_energy": "1.5169",
  "exciting_path_mean_volume": 709.4342366666668,
  "s0_bonds_avg": 1.3033512494804225,
  "s1_bonds_avg": 1.3041150531277463,
  "delta_bonds": 0.0007638036473238685,
  "s0_angles_avg": 118.94489712821694,
  "s1_angles_avg": 118.9410917335276,
  "delta_angles": -0.0038053946893370494
}