{
  "s0_rotational_constant_a": 0.060629,
  "s0_rotational_constant_b": 0.0632681,
  "s0_rotational_constant_c": 1.2203725,
  "s1_rotational_constant_a": 0.0609127,
  "s1_rotational_constant_b": 0.0619193,
  "s1_rotational_constant_c": 1.1797795,
  "s0_rays_asymmetry_parameter": 0.9954488212264178,
  "s1_rays_asymmetry_parameter": 0.9982006794731956,
  "s0_volume": 463.5223,
  "s1_volume": 465.91459,
  "delta_volume": 2.3922900000000027,
  "s0_homo_lumo_gap": 1.8314674741203394,
  "s1_homo_lumo_gap": 0.6713347141197157,
  "delta_gap": -1.1601327600006237,
  "s0_dihedral_avg": 91.54672878535386,
  "s1_dihedral_avg": 90.99547322834064,
  "delta_dihedral": -0.5512555570132207,
  "delta_dipole": {
    "element": [
      "C",
      "N",
      "C",
      "C",
      "C",
      "C",
      "C",
      "N",
      "C",
      "C",
      "C",
      "C",
      "C",
      "C",
      "C",
      "C",
      "C",
      "N",
      "C",
      "C",
      "C",
      "O",
      "C",
      "C",
      "H",
      "H",
      "H",
      "H",
      "H",
      "H",
      "H",
      "H",
      "H",
      "H",
      "H",
      "H",
      "H",
      "H",
      "H",
      "H",
      "H",
      "H",
      "H"
    ],
    "charge_variation": [
      -0.00039600000000000746,
      0.08013999999999999,
      -0.0007630000000000137,
      -0.009045999999999998,
      -0.04075300000000001,
      0.023673,
      -0.012037999999999993,
      -0.04861100000000007,
      0.0041320000000000245,
      0.009195000000000009,
      -8.700000000000027e-05,
      0.013104000000000005,
      0.006102999999999997,
      -0.0032650000000000005,
      -0.0005430000000000001,
      0.004387000000000002,
      0.003530000000000033,
      0.0009730000000000016,
      0.008593000000000017,
      -0.011809000000000014,
      0.00909099999999996,
      0.007489999999999997,
      -0.016443000000000006,
      -0.04246999999999998,
      -0.0026430000000000004,
      -0.009375000000000001,
      0.011283000000000001,
      0.01353,
      -0.010156,
      -0.002724,
      -0.002919999999999999,
      0.0012910000000000005,
      -0.00243,
      0.0042710000000000005,
      0.0011489999999999972,
      0.004567000000000002,
      0.0009869999999999948,
      0.0024849999999999976,
      0.0023029999999999995,
      0.005084999999999999,
      0.008288000000000018,
      -0.0051129999999999995,
      -0.004068999999999996
    ]
  },
  "excitation_energy": "0.7724",
  "exciting_path_mean_volume": 464.40732499999996,
  "s0_bonds_avg": 1.2646135535928889,
  "s1_bonds_avg": 1.2589599441197779,
  "delta_bonds": -0.005653609473110999,
  "s0_angles_avg": 117.7053856990218,
  "s1_angles_avg": 117.95823515711187,
  "delta_angles": 0.2528494580900684
}