{
  "charge": {
    "element": [
      "C",
      "N",
      "C",
      "C",
      "C",
      "C",
      "C",
      "N",
      "C",
      "C",
      "C",
      "C",
      "C",
      "C",
      "C",
      "C",
      "C",
      "N",
      "C",
      "C",
      "C",
      "O",
      "C",
      "C",
      "H",
      "H",
      "H",
      "H",
      "H",
      "H",
      "H",
      "H",
      "H",
      "H",
      "H",
      "H",
      "H",
      "H",
      "H",
      "H",
      "H",
      "H",
      "H"
    ],
    "charge_variation": [
      -0.00039600000000000746,
      0.08013999999999999,
      -0.0007630000000000137,
      -0.009045999999999998,
      -0.04075300000000001,
      0.023673,
      -0.012037999999999993,
      -0.04861100000000007,
      0.0041320000000000245,
      0.009195000000000009,
      -8.700000000000027e-05,
      0.013104000000000005,
      0.006102999999999997,
      -0.0032650000000000005,
      -0.0005430000000000001,
      0.004387000000000002,
      0.003530000000000033,
      0.0009730000000000016,
      0.008593000000000017,
      -0.011809000000000014,
      0.00909099999999996,
      0.007489999999999997,
      -0.016443000000000006,
      -0.04246999999999998,
      -0.0026430000000000004,
      -0.009375000000000001,
      0.011283000000000001,
      0.01353,
      -0.010156,
      -0.002724,
      -0.002919999999999999,
      0.0012910000000000005,
      -0.00243,
      0.0042710000000000005,
      0.0011489999999999972,
      0.004567000000000002,
      0.0009869999999999948,
      0.0024849999999999976,
      0.0023029999999999995,
      0.005084999999999999,
      0.008288000000000018,
      -0.0051129999999999995,
      -0.004068999999999996
    ]
  },
  "ground_state": {
    "HOMO-LUMO": 1.8314674741203394,
    "charge": {
      "element": [
        "C",
        "N",
        "C",
        "C",
        "C",
        "C",
        "C",
        "N",
        "C",
        "C",
        "C",
        "C",
        "C",
        "C",
        "C",
        "C",
        "C",
        "N",
        "C",
        "C",
        "C",
        "O",
        "C",
        "C",
        "H",
        "H",
        "H",
        "H",
        "H",
        "H",
        "H",
        "H",
        "H",
        "H",
        "H",
        "H",
        "H",
        "H",
        "H",
        "H",
        "H",
        "H",
        "H"
      ],
      "charge": [
        0.23954,
        -0.667171,
        0.239539,
        0.412078,
        -0.155441,
        -0.100574,
        0.37827,
        -0.861768,
        0.447843,
        -0.153165,
        -0.02277,
        -0.153863,
        0.10048,
        -0.011894,
        0.011969,
        -0.106279,
        0.406257,
        -0.777425,
        0.385264,
        -0.234928,
        0.585901,
        -0.567899,
        -0.061244,
        -0.155285,
        0.005178,
        0.01391,
        -0.008547,
        -0.008992,
        0.013184,
        0.005456,
        0.040569,
        0.033467,
        0.011405,
        0.028318,
        0.041207,
        0.032983,
        0.032008,
        0.020136,
        0.024844,
        0.053048,
        0.402771,
        0.040009,
        0.041615
      ]
    },
    "structure": {
      "bonds": 1.2646135535928889,
      "angles": 117.7053856990218,
      "DA": 91.54672878535386
    },
    "rotational_constant": {
      "A": 0.060629,
      "B": 0.0632681,
      "C": 1.2203725
    },
    "rays_asymmetry_parameter": 0.9954488212264178,
    "volume": 463.5223
  },
  "excited_state": {
    "HOMO-LUMO": 0.6713347141197157,
    "charge": {
      "element": [
        "C",
        "N",
        "C",
        "C",
        "C",
        "C",
        "C",
        "N",
        "C",
        "C",
        "C",
        "C",
        "C",
        "C",
        "C",
        "C",
        "C",
        "N",
        "C",
        "C",
        "C",
        "O",
        "C",
        "C",
        "H",
        "H",
        "H",
        "H",
        "H",
        "H",
        "H",
        "H",
        "H",
        "H",
        "H",
        "H",
        "H",
        "H",
        "H",
        "H",
        "H",
        "H",
        "H"
      ],
      "charge": [
        0.239144,
        -0.587031,
        0.238776,
        0.403032,
        -0.196194,
        -0.076901,
        0.366232,
        -0.910379,
        0.451975,
        -0.14397,
        -0.022857,
        -0.140759,
        0.106583,
        -0.015159,
        0.011426,
        -0.101892,
        0.409787,
        -0.776452,
        0.393857,
        -0.246737,
        0.594992,
        -0.560409,
        -0.077687,
        -0.197755,
        0.002535,
        0.004535,
        0.002736,
        0.004538,
        0.003028,
        0.002732,
        0.037649,
        0.034758,
        0.008975,
        0.032589,
        0.042356,
        0.03755,
        0.032995,
        0.022621,
        0.027147,
        0.058133,
        0.411059,
        0.034896,
        0.037546
      ]
    },
    "structure": {
      "bonds": 1.2589599441197779,
      "angles": 117.95823515711187,
      "DA": 90.99547322834064
    },
    "rotational_constant": {
      "A": 0.0609127,
      "B": 0.0619193,
      "C": 1.1797795
    },
    "rays_asymmetry_parameter": 0.9982006794731956,
    "excited_energy": "0.7724",
    "volume": 465.91459
  },
  "exciting_path_mean_volume": 464.40732499999996
}