{"charge": {"element": ["C", "N", "C", "C", "C", "O", "N", "C", "C", "O", "H", "H", "H", "H", "H", "H", "H", "H"], "charge_variation": [0.004633999999999999, 0.01554600000000006, 0.01833600000000002, 0.01585399999999998, -0.0033720000000000416, -0.026495999999999964, -0.04251499999999997, 0.0047890000000000155, -0.003414000000000028, 0.012592999999999965, 0.0007209999999999994, 0.002255, 0.0027600000000000003, -3.300000000000525e-05, -0.0005290000000000017, -0.005399, 0.0045530000000000015, -0.000283000000000002]}, "ground_state": {"HOMO-LUMO": 3.0206538261482985, "charge": {"element": ["C", "N", "C", "C", "C", "O", "N", "C", "C", "O", "H", "H", "H", "H", "H", "H", "H", "H"], "charge": [0.235351, -0.613118, 0.360056, -0.453659, 0.986187, -0.770035, -0.605162, 0.241171, 0.941156, -0.80647, 0.008333, 0.008886, 0.009727, 0.335242, 0.076775, 0.001169, 0.024432, 0.019959]}, "structure": {"bonds": 1.2397632252805555, "angles": 115.78415157813629, "DA": -4.6710225093097275}, "rotational_constant": {"A": 0.7464141, "B": 1.0772438, "C": 2.3542282}, "rays_asymmetry_parameter": 0.5884726971855764, "volume": 196.84598}, "excited_state": {"HOMO-LUMO": 2.1385832891415317, "charge": {"element": ["C", "N", "C", "C", "C", "O", "N", "C", "C", "O", "H", "H", "H", "H", "H", "H", "H", "H"], "charge": [0.239985, -0.597572, 0.378392, -0.437805, 0.982815, -0.796531, -0.647677, 0.24596, 0.937742, -0.793877, 0.009054, 0.011141, 0.012487, 0.335209, 0.076246, -0.00423, 0.028985, 0.019676]}, "structure": {"bonds": 1.244388820235, "angles": 115.6825470624664, "DA": -4.368962342815616}, "rotational_constant": {"A": 0.7439687, "B": 1.07755, "C": 2.3209539}, "rays_asymmetry_parameter": 0.5769379446300447, "excited_energy": "2.7412", "volume": 196.97488}, "exciting_path_mean_volume": 196.77001833333335}