{
  "s0_rotational_constant_a": 0.012981,
  "s0_rotational_constant_b": 0.0197138,
  "s0_rotational_constant_c": 0.036449,
  "s1_rotational_constant_a": 0.013362,
  "s1_rotational_constant_b": 0.0201365,
  "s1_rotational_constant_c": 0.0362058,
  "s0_rays_asymmetry_parameter": 0.42621441963524803,
  "s1_rays_asymmetry_parameter": 0.406885019129917,
  "s0_volume": 1120.06531,
  "s1_volume": 1123.02452,
  "delta_volume": 2.9592099999999846,
  "s0_homo_lumo_gap": 1.098833680896024,
  "s1_homo_lumo_gap": 0.11842121114898019,
  "delta_gap": -0.9804124697470438,
  "s0_dihedral_avg": -0.923515411030137,
  "s1_dihedral_avg": -2.8997944932527804,
  "delta_dihedral": -1.9762790822226433,
  "delta_dipole": null,
  "excitation_energy": "0.1370",
  "exciting_path_mean_volume": 1121.49361,
  "s0_bonds_avg": 1.2656712324722321,
  "s1_bonds_avg": 1.2808293186454465,
  "s0_angles_avg": 118.52247610520737,
  "s1_angles_avg": 118.52671412455072
}