{
  "s0_rotational_constant_a": 0.012981,
  "s0_rotational_constant_b": 0.0197138,
  "s0_rotational_constant_c": 0.036449,
  "s1_rotational_constant_a": 0.013362,
  "s1_rotational_constant_b": 0.0201365,
  "s1_rotational_constant_c": 0.0362058,
  "s0_rays_asymmetry_parameter": 0.42621441963524803,
  "s1_rays_asymmetry_parameter": 0.406885019129917,
  "s0_volume": 1120.06531,
  "s1_volume": 1123.02452,
  "delta_volume": 2.9592099999999846,
  "s0_homo_lumo_gap": 1.098833680896024,
  "s1_homo_lumo_gap": 0.11842121114898019,
  "delta_gap": -0.9804124697470438,
  "s0_dihedral_avg": 90.49811519048605,
  "s1_dihedral_avg": 90.920250660784,
  "delta_dihedral": 0.4221354702979596,
  "delta_dipole": {
    "element": [
      "C",
      "O",
      "C",
      "C",
      "C",
      "C",
      "N",
      "C",
      "C",
      "C",
      "C",
      "O",
      "C",
      "C",
      "C",
      "C",
      "C",
      "C",
      "C",
      "C",
      "C",
      "C",
      "C",
      "C",
      "C",
      "C",
      "C",
      "C",
      "C",
      "C",
      "C",
      "C",
      "N",
      "C",
      "C",
      "C",
      "C",
      "O",
      "C",
      "C",
      "C",
      "C",
      "C",
      "C",
      "C",
      "O",
      "C",
      "C",
      "C",
      "C",
      "C",
      "C",
      "C",
      "C",
      "C",
      "O",
      "C",
      "O",
      "C",
      "C",
      "C",
      "C",
      "H",
      "H",
      "H",
      "H",
      "H",
      "H",
      "H",
      "H",
      "H",
      "H",
      "H",
      "H",
      "H",
      "H",
      "H",
      "H",
      "H",
      "H",
      "H",
      "H",
      "H",
      "H",
      "H",
      "H",
      "H",
      "H",
      "H",
      "H",
      "H",
      "H",
      "H",
      "H",
      "H",
      "H",
      "H",
      "H",
      "H",
      "H",
      "H",
      "H",
      "H",
      "H"
    ],
    "charge_variation": [
      -0.009467999999999976,
      0.013902999999999999,
      -0.004927000000000015,
      -0.012000999999999984,
      -0.012105000000000005,
      -0.001367000000000007,
      0.009033999999999986,
      0.003917000000000004,
      -0.03132499999999999,
      -0.003343999999999986,
      -0.010297999999999974,
      0.011577999999999977,
      -0.005498000000000003,
      -0.007026999999999978,
      -0.018822000000000005,
      -0.015405999999999975,
      0.04013699999999999,
      -0.019065,
      0.024898999999999998,
      0.002902000000000002,
      0.010293999999999998,
      0.008059000000000004,
      0.001572000000000004,
      0.0021829999999999974,
      0.009829999999999992,
      -0.0021780000000000063,
      0.007459000000000007,
      0.0003429999999999961,
      0.009305,
      -0.005246000000000001,
      0.019560999999999995,
      -0.004013999999999962,
      -0.01561800000000002,
      0.013981999999999994,
      -0.019365999999999994,
      0.009182999999999997,
      -0.014722000000000013,
      -0.00947600000000004,
      0.0007820000000000049,
      0.015466000000000008,
      -0.013691999999999996,
      0.004695000000000005,
      0.0002899999999999986,
      0.0022949999999999915,
      -0.0023219999999999907,
      -0.0021360000000000268,
      0.0012989999999999946,
      0.003269000000000022,
      -0.004697000000000007,
      0.016240000000000004,
      -0.004619999999999999,
      0.005343999999999988,
      0.00681,
      -0.003735000000000002,
      0.014450999999999992,
      -0.018154000000000003,
      0.020200000000000107,
      -0.016222999999999987,
      -0.016202,
      0.038040000000000004,
      -0.030626,
      -0.005523,
      -0.0015300000000000001,
      0.015176,
      0.0007459999999999997,
      -0.002457000000000001,
      0.0027579999999999966,
      -0.004018000000000001,
      -0.003349999999999999,
      -0.00037799999999999986,
      0.003274000000000001,
      0.003658,
      -0.0026129999999999973,
      0.003597999999999997,
      -0.00026199999999999835,
      -0.001121999999999998,
      0.0016140000000000043,
      0.004701000000000004,
      -0.0023940000000000003,
      -0.0007259999999999975,
      -0.00018599999999999867,
      0.0017490000000000006,
      -0.0001480000000000023,
      -0.002362000000000003,
      0.000601,
      -0.0016979999999999999,
      0.0005800000000000007,
      -0.0008070000000000022,
      0.001343999999999998,
      0.0013710000000000042,
      0.0002309999999999951,
      -0.0009350000000000001,
      -0.00030100000000000005,
      -0.0007189999999999992,
      -0.0001820000000000016,
      -0.0015430000000000027,
      -0.00011400000000000299,
      0.0004580000000000001,
      0.001230999999999996,
      0.003702999999999998,
      -7.799999999999821e-05,
      0.0009569999999999995,
      -0.004673999999999998,
      -0.003266999999999999
    ]
  },
  "excitation_energy": "0.1370",
  "exciting_path_mean_volume": 1121.49361,
  "s0_bonds_avg": 1.2656712324722321,
  "s1_bonds_avg": 1.2808293186454465,
  "s0_angles_avg": 118.52247610520737,
  "s1_angles_avg": 118.52671412455072,
  "delta_bonds": 0.015158086173214347,
  "delta_angles": 0.004238019343347332
}