{
  "s0_rotational_constant_a": 0.0727691,
  "s0_rotational_constant_b": 0.0777362,
  "s0_rotational_constant_c": 0.4233906,
  "s1_rotational_constant_a": 0.0810446,
  "s1_rotational_constant_b": 0.0824756,
  "s1_rotational_constant_c": 0.3634804,
  "s0_rays_asymmetry_parameter": 0.9716668829492772,
  "s1_rays_asymmetry_parameter": 0.9898667236943758,
  "s0_volume": 444.87126,
  "s1_volume": 447.19888,
  "delta_volume": 2.3276199999999676,
  "s0_homo_lumo_gap": 2.0483421846737446,
  "s1_homo_lumo_gap": 1.064892924751324,
  "delta_gap": -0.9834492599224207,
  "s0_dihedral_avg": 90.15393291351742,
  "s1_dihedral_avg": 90.42601889906253,
  "delta_dihedral": 0.2720859855451039,
  "delta_dipole": {
    "element": [
      "O",
      "C",
      "C",
      "C",
      "F",
      "C",
      "F",
      "C",
      "F",
      "C",
      "F",
      "C",
      "F",
      "C",
      "C",
      "C",
      "C",
      "C",
      "C",
      "C",
      "C",
      "C",
      "C",
      "C",
      "C",
      "C",
      "C",
      "C",
      "C",
      "H",
      "H",
      "H",
      "H",
      "H",
      "H",
      "H",
      "H",
      "H"
    ],
    "charge_variation": [
      -0.014929999999999999,
      -0.016293000000000002,
      0.034835000000000005,
      0.0008610000000000007,
      0.027137999999999995,
      0.015624999999999972,
      0.006186999999999998,
      -0.018455,
      0.02446100000000001,
      0.035549,
      0.007691999999999977,
      -0.031242999999999965,
      0.011760999999999966,
      0.014555000000000005,
      0.00842600000000001,
      0.006516000000000001,
      -0.017396999999999996,
      0.006060000000000003,
      -0.020295,
      0.006612,
      -0.013905,
      0.003252999999999999,
      -0.019325999999999996,
      0.0037490000000000023,
      -0.005514999999999999,
      -0.018617,
      -0.027212,
      0.014792,
      0.006165,
      0.008706000000000002,
      -0.0033129999999999965,
      -0.0019769999999999996,
      -0.00038599999999999746,
      0.00030200000000000365,
      -0.0015030000000000009,
      -0.0009230000000000002,
      -0.0032909999999999953,
      -0.028667000000000005
    ]
  },
  "excitation_energy": "1.2268",
  "exciting_path_mean_volume": 445.47667666666666,
  "s0_bonds_avg": 1.338731251762143,
  "s1_bonds_avg": 1.3390244410190475,
  "delta_bonds": 0.0002931892569044692,
  "s0_angles_avg": 119.99867799112046,
  "s1_angles_avg": 119.99459255292913,
  "delta_angles": -0.004085438191324897
}