{
  "s0_rotational_constant_a": 0.0053508,
  "s0_rotational_constant_b": 0.0094186,
  "s0_rotational_constant_c": 0.0117174,
  "s1_rotational_constant_a": 0.0053996,
  "s1_rotational_constant_b": 0.0091847,
  "s1_rotational_constant_c": 0.012281,
  "s0_rays_asymmetry_parameter": -0.27785631263154587,
  "s1_rays_asymmetry_parameter": -0.10009591071584267,
  "s0_volume": 1494.95683,
  "s1_volume": 1493.10177,
  "delta_volume": -1.855060000000094,
  "s0_homo_lumo_gap": 1.8394893893864799,
  "s1_homo_lumo_gap": 1.2839635937917633,
  "delta_gap": -0.5555257955947166,
  "s0_dihedral_avg": -1.722836343475458,
  "s1_dihedral_avg": 0.46289419423562356,
  "delta_dihedral": 2.185730537711082,
  "delta_dipole": null,
  "excitation_energy": "1.5248",
  "exciting_path_mean_volume": 1493.490775,
  "s0_bonds_avg": 1.281339468222449,
  "s1_bonds_avg": 1.290673574527483,
  "s0_angles_avg": 119.99644397076133,
  "s1_angles_avg": 119.99367104843637
}