{
  "s0_rotational_constant_a": 0.0504057,
  "s0_rotational_constant_b": 0.0647373,
  "s0_rotational_constant_c": 0.2125969,
  "s1_rotational_constant_a": 0.0502598,
  "s1_rotational_constant_b": 0.0626646,
  "s1_rotational_constant_c": 0.2249265,
  "s0_rays_asymmetry_parameter": 0.8232752455127035,
  "s1_rays_asymmetry_parameter": 0.8579603324503181,
  "s0_volume": 520.59243,
  "s1_volume": 524.61403,
  "delta_volume": 4.021599999999921,
  "s0_homo_lumo_gap": 2.2170228174528552,
  "s1_homo_lumo_gap": 1.0723651701111683,
  "delta_gap": -1.144657647341687,
  "s0_dihedral_avg": -0.34216562060383543,
  "s1_dihedral_avg": -0.9621680253631888,
  "delta_dihedral": -0.6200024047593533,
  "delta_dipole": null,
  "excitation_energy": "1.2335",
  "exciting_path_mean_volume": 522.2404583333333,
  "s0_bonds_avg": 1.3136800283314582,
  "s1_bonds_avg": 1.305355302405,
  "s0_angles_avg": 119.99622583395717,
  "s1_angles_avg": 120.00196275752123
}