{
  "charge": {
    "element": [
      "O",
      "C",
      "C",
      "C",
      "C",
      "C",
      "C",
      "C",
      "C",
      "C",
      "C",
      "C",
      "N",
      "C",
      "C",
      "C",
      "C",
      "C",
      "C",
      "C",
      "C",
      "C",
      "Br",
      "C",
      "C",
      "C",
      "C",
      "C",
      "H",
      "H",
      "H",
      "H",
      "H",
      "H",
      "H",
      "H",
      "H",
      "H",
      "H",
      "H",
      "H",
      "H",
      "H",
      "H"
    ],
    "charge_variation": [
      -0.016683000000000003,
      0.007371999999999934,
      -0.0021660000000000013,
      0.021665999999999998,
      0.0002939999999999991,
      0.010884999999999999,
      0.008712999999999999,
      0.010683999999999999,
      0.022848,
      0.0009870000000000018,
      0.025873999999999994,
      -0.03433400000000003,
      0.03143800000000002,
      -0.009823000000000026,
      -0.0023299999999999987,
      -0.0032289999999999992,
      -0.005402999999999991,
      -0.0029880000000000045,
      0.0024400000000000047,
      -0.018541999999999996,
      0.000902,
      -0.026554999999999995,
      0.016753000000000018,
      0.0032060000000000005,
      -0.019034999999999996,
      0.008162999999999976,
      0.026921999999999988,
      -0.051566,
      0.006593000000000002,
      0.0033010000000000053,
      0.009438999999999996,
      0.0025120000000000003,
      0.005977000000000003,
      0.00044500000000000095,
      -0.002482999999999999,
      -0.0005370000000000028,
      -0.0007150000000000004,
      -0.0012230000000000019,
      -9.499999999999786e-05,
      -0.0017290000000000014,
      -0.002917000000000003,
      -0.004229000000000004,
      -0.003958999999999997,
      -0.016876000000000002
    ]
  },
  "ground_state": {
    "HOMO-LUMO": 2.2170228174528552,
    "structure": {
      "bonds": 1.3136800283314582,
      "angles": 119.99622583395717,
      "DA": 89.95418762425584
    },
    "rotational_constant": {
      "A": 0.0504057,
      "B": 0.0647373,
      "C": 0.2125969
    },
    "rays_asymmetry_parameter": 0.8232752455127035,
    "volume": 520.59243
  },
  "excited_state": {
    "HOMO-LUMO": 1.0723651701111683,
    "structure": {
      "bonds": 1.305355302405,
      "angles": 120.00196275752123,
      "DA": 90.09833903086246
    },
    "rotational_constant": {
      "A": 0.0502598,
      "B": 0.0626646,
      "C": 0.2249265
    },
    "rays_asymmetry_parameter": 0.8579603324503181,
    "excited_energy": "1.2335",
    "volume": 524.61403
  },
  "exciting_path_mean_volume": 522.2404583333333
}