{
  "s0_rotational_constant_a": 0.0338968,
  "s0_rotational_constant_b": 0.0399711,
  "s0_rotational_constant_c": 0.1378586,
  "s1_rotational_constant_a": 0.0331864,
  "s1_rotational_constant_b": 0.0388481,
  "s1_rotational_constant_c": 0.1445425,
  "s0_rays_asymmetry_parameter": 0.8831436162128781,
  "s1_rays_asymmetry_parameter": 0.8983136083250041,
  "s0_volume": 828.97669,
  "s1_volume": 828.69183,
  "delta_volume": -0.2848599999999806,
  "s0_homo_lumo_gap": 1.360351383938002,
  "s1_homo_lumo_gap": 0.7599649048027151,
  "delta_gap": -0.6003864791352869,
  "s0_dihedral_avg": -3.5572136797769467,
  "s1_dihedral_avg": 0.1050960857486801,
  "delta_dihedral": 3.662309765525627,
  "delta_dipole": null,
  "excitation_energy": "0.8746",
  "exciting_path_mean_volume": 828.2667633333334,
  "s0_bonds_avg": 1.3051094263687952,
  "s1_bonds_avg": 1.3026217844186745,
  "s0_angles_avg": 118.18937638890559,
  "s1_angles_avg": 118.17761653174875
}