{
  "s0_rotational_constant_a": 0.0338968,
  "s0_rotational_constant_b": 0.0399711,
  "s0_rotational_constant_c": 0.1378586,
  "s1_rotational_constant_a": 0.0331864,
  "s1_rotational_constant_b": 0.0388481,
  "s1_rotational_constant_c": 0.1445425,
  "s0_rays_asymmetry_parameter": 0.8831436162128781,
  "s1_rays_asymmetry_parameter": 0.8983136083250041,
  "s0_volume": 828.97669,
  "s1_volume": 828.69183,
  "delta_volume": -0.2848599999999806,
  "s0_homo_lumo_gap": 1.360351383938002,
  "s1_homo_lumo_gap": 0.7599649048027151,
  "delta_gap": -0.6003864791352869,
  "s0_dihedral_avg": 90.8410833192837,
  "s1_dihedral_avg": 90.93822570909454,
  "delta_dihedral": 0.09714238981084122,
  "delta_dipole": {
    "element": [
      "C",
      "C",
      "C",
      "C",
      "C",
      "C",
      "C",
      "C",
      "C",
      "N",
      "C",
      "C",
      "C",
      "C",
      "C",
      "C",
      "C",
      "C",
      "C",
      "C",
      "C",
      "C",
      "P",
      "O",
      "C",
      "C",
      "C",
      "C",
      "C",
      "C",
      "C",
      "C",
      "C",
      "C",
      "C",
      "C",
      "C",
      "C",
      "C",
      "C",
      "C",
      "C",
      "C",
      "C",
      "H",
      "H",
      "H",
      "H",
      "H",
      "H",
      "H",
      "H",
      "H",
      "H",
      "H",
      "H",
      "H",
      "H",
      "H",
      "H",
      "H",
      "H",
      "H",
      "H",
      "H",
      "H",
      "H",
      "H",
      "H",
      "H",
      "H",
      "H",
      "H",
      "H",
      "H",
      "H"
    ],
    "charge_variation": [
      -0.0038780000000000064,
      0.005612000000000006,
      -0.004594000000000001,
      -0.011165000000000008,
      0.005534999999999998,
      -0.009420000000000012,
      0.0037490000000000006,
      -0.0070159999999999945,
      -0.010249000000000008,
      0.05891299999999999,
      -0.006409999999999971,
      -0.0019750000000000045,
      0.0022200000000000067,
      0.0030639999999999973,
      0.013347000000000005,
      -0.00017900000000000034,
      0.0037900000000000017,
      -0.003591000000000011,
      0.0021849999999999994,
      0.0021410000000000005,
      0.001831000000000001,
      -6.600000000000356e-05,
      -0.036238000000000006,
      0.006306000000000034,
      -0.007084000000000007,
      -0.0008979999999999995,
      -0.00040200000000000305,
      -0.001686,
      -0.0016980000000000016,
      -0.0009180000000000021,
      -0.002043999999999997,
      0.010835000000000001,
      -0.004006000000000003,
      0.006124,
      0.0011150000000000049,
      0.007786000000000001,
      0.005931000000000002,
      -0.00038299999999999446,
      -0.00832299999999997,
      -0.009468000000000004,
      0.0057339999999999995,
      -0.011996999999999994,
      0.006226999999999996,
      -0.014258999999999994,
      -5.3999999999998494e-05,
      0.0005190000000000021,
      0.0009240000000000012,
      0.0007559999999999997,
      0.0002559999999999993,
      0.0009919999999999998,
      0.0005720000000000031,
      0.00020900000000000085,
      0.0003939999999999985,
      -0.0015239999999999976,
      0.0006979999999999972,
      0.0012660000000000032,
      0.0003849999999999999,
      -0.000728000000000003,
      0.001235,
      -6.699999999999762e-05,
      -0.00035199999999999815,
      -8.200000000000568e-05,
      -0.0009569999999999995,
      -0.0006790000000000025,
      -0.0008490000000000025,
      -0.0007789999999999984,
      -0.0014059999999999975,
      0.0018400000000000014,
      0.0006899999999999996,
      -0.001243000000000001,
      0.0026590000000000016,
      0.001119000000000002,
      -0.0014819999999999972,
      0.0004410000000000004,
      0.0004400000000000029,
      0.0003119999999999998
    ]
  },
  "excitation_energy": "0.8746",
  "exciting_path_mean_volume": 828.2667633333334,
  "s0_bonds_avg": 1.3051094263687952,
  "s1_bonds_avg": 1.3026217844186745,
  "s0_angles_avg": 118.18937638890559,
  "s1_angles_avg": 118.17761653174875,
  "delta_bonds": -0.0024876419501207447,
  "delta_angles": -0.011759857156832254
}