{"charge": {"element": ["C", "C", "C", "C", "C", "C", "C", "C", "C", "N", "C", "C", "C", "C", "C", "C", "C", "C", "C", "C", "C", "C", "P", "O", "C", "C", "C", "C", "C", "C", "C", "C", "C", "C", "C", "C", "C", "C", "C", "C", "C", "C", "C", "C", "H", "H", "H", "H", "H", "H", "H", "H", "H", "H", "H", "H", "H", "H", "H", "H", "H", "H", "H", "H", "H", "H", "H", "H", "H", "H", "H", "H", "H", "H", "H", "H"], "charge_variation": [-0.0038780000000000064, 0.005612000000000006, -0.004594000000000001, -0.011165000000000008, 0.005534999999999998, -0.009420000000000012, 0.0037490000000000006, -0.0070159999999999945, -0.010249000000000008, 0.05891299999999999, -0.006409999999999971, -0.0019750000000000045, 0.0022200000000000067, 0.0030639999999999973, 0.013347000000000005, -0.00017900000000000034, 0.0037900000000000017, -0.003591000000000011, 0.0021849999999999994, 0.0021410000000000005, 0.001831000000000001, -6.600000000000356e-05, -0.036238000000000006, 0.006306000000000034, -0.007084000000000007, -0.0008979999999999995, -0.00040200000000000305, -0.001686, -0.0016980000000000016, -0.0009180000000000021, -0.002043999999999997, 0.010835000000000001, -0.004006000000000003, 0.006124, 0.0011150000000000049, 0.007786000000000001, 0.005931000000000002, -0.00038299999999999446, -0.00832299999999997, -0.009468000000000004, 0.0057339999999999995, -0.011996999999999994, 0.006226999999999996, -0.014258999999999994, -5.3999999999998494e-05, 0.0005190000000000021, 0.0009240000000000012, 0.0007559999999999997, 0.0002559999999999993, 0.0009919999999999998, 0.0005720000000000031, 0.00020900000000000085, 0.0003939999999999985, -0.0015239999999999976, 0.0006979999999999972, 0.0012660000000000032, 0.0003849999999999999, -0.000728000000000003, 0.001235, -6.699999999999762e-05, -0.00035199999999999815, -8.200000000000568e-05, -0.0009569999999999995, -0.0006790000000000025, -0.0008490000000000025, -0.0007789999999999984, -0.0014059999999999975, 0.0018400000000000014, 0.0006899999999999996, -0.001243000000000001, 0.0026590000000000016, 0.001119000000000002, -0.0014819999999999972, 0.0004410000000000004, 0.0004400000000000029, 0.0003119999999999998]}, "ground_state": {"HOMO-LUMO": 1.360351383938002, "charge": {"element": ["C", "C", "C", "C", "C", "C", "C", "C", "C", "N", "C", "C", "C", "C", "C", "C", "C", "C", "C", "C", "C", "C", "P", "O", "C", "C", "C", "C", "C", "C", "C", "C", "C", "C", "C", "C", "C", "C", "C", "C", "C", "C", "C", "C", "H", "H", "H", "H", "H", "H", "H", "H", "H", "H", "H", "H", "H", "H", "H", "H", "H", "H", "H", "H", "H", "H", "H", "H", "H", "H", "H", "H", "H", "H", "H", "H"], "charge": [-0.096258, 0.115879, -0.095702, -0.065343, -0.050033, -0.086236, -0.006734, -0.172848, 0.358429, -0.52025, 0.391478, -0.10378, -0.053768, 0.040673, 0.02703, 0.006236, 0.066667, -0.077494, -0.017394, -0.03106, -0.015447, -0.044619, 0.120066, -0.494267, 0.08751, -0.003955, -0.025972, -0.015897, -0.018534, -0.050189, 0.045612, -0.006233, -0.037549, -0.005749, -0.068904, 0.053843, -0.036249, -0.100374, 0.358772, -0.174374, -0.009198, -0.086873, -0.049003, -0.064695, 0.015652, 0.023045, 0.022969, 0.022855, 0.016138, 0.022888, 0.033377, 0.032132, 0.026714, 0.039199, 0.038918, 0.032706, 0.028225, 0.028202, 0.026293, 0.029455, 0.052654, 0.04787, 0.033134, 0.029725, 0.031466, 0.027669, 0.039492, 0.033441, 0.030234, 0.037752, 0.038001, 0.040713, 0.038525, 0.027153, 0.032783, 0.033407]}, "structure": {"bonds": 1.3051094263687952, "angles": 118.18937638890559, "DA": -3.5572136797769467}, "rotational_constant": {"A": 0.0338968, "B": 0.0399711, "C": 0.1378586}, "rays_asymmetry_parameter": 0.8831436162128781, "volume": 828.97669}, "excited_state": {"HOMO-LUMO": 0.7599649048027151, "charge": {"element": ["C", "C", "C", "C", "C", "C", "C", "C", "C", "N", "C", "C", "C", "C", "C", "C", "C", "C", "C", "C", "C", "C", "P", "O", "C", "C", "C", "C", "C", "C", "C", "C", "C", "C", "C", "C", "C", "C", "C", "C", "C", "C", "C", "C", "H", "H", "H", "H", "H", "H", "H", "H", "H", "H", "H", "H", "H", "H", "H", "H", "H", "H", "H", "H", "H", "H", "H", "H", "H", "H", "H", "H", "H", "H", "H", "H"], "charge": [-0.100136, 0.121491, -0.100296, -0.076508, -0.044498, -0.095656, -0.002985, -0.179864, 0.34818, -0.461337, 0.385068, -0.105755, -0.051548, 0.043737, 0.040377, 0.006057, 0.070457, -0.081085, -0.015209, -0.028919, -0.013616, -0.044685, 0.083828, -0.487961, 0.080426, -0.004853, -0.026374, -0.017583, -0.020232, -0.051107, 0.043568, 0.004602, -0.041555, 0.000375, -0.067789, 0.061629, -0.030318, -0.100757, 0.350449, -0.183842, -0.003464, -0.09887, -0.042776, -0.078954, 0.015598, 0.023564, 0.023893, 0.023611, 0.016394, 0.02388, 0.033949, 0.032341, 0.027108, 0.037675, 0.039616, 0.033972, 0.02861, 0.027474, 0.027528, 0.029388, 0.052302, 0.047788, 0.032177, 0.029046, 0.030617, 0.02689, 0.038086, 0.035281, 0.030924, 0.036509, 0.04066, 0.041832, 0.037043, 0.027594, 0.033223, 0.033719]}, "structure": {"bonds": 1.3026217844186745, "angles": 118.17761653174875, "DA": 0.1050960857486801}, "rotational_constant": {"A": 0.0331864, "B": 0.0388481, "C": 0.1445425}, "rays_asymmetry_parameter": 0.8983136083250041, "excited_energy": "0.8746", "volume": 828.69183}, "exciting_path_mean_volume": 828.2667633333334}