{
  "s0_rotational_constant_a": 0.0282001,
  "s0_rotational_constant_b": 0.0297548,
  "s0_rotational_constant_c": 0.2703316,
  "s1_rotational_constant_a": 0.028628,
  "s1_rotational_constant_b": 0.0296135,
  "s1_rotational_constant_c": 0.2702855,
  "s0_rays_asymmetry_parameter": 0.9871582177453161,
  "s1_rays_asymmetry_parameter": 0.9918438285590143,
  "s0_volume": 664.79146,
  "s1_volume": 664.90363,
  "delta_volume": 0.11216999999999189,
  "s0_homo_lumo_gap": 1.8022778251855032,
  "s1_homo_lumo_gap": 1.3760115339911363,
  "delta_gap": -0.4262662911943669,
  "s0_dihedral_avg": -4.676071750244807,
  "s1_dihedral_avg": -9.06219421931698,
  "delta_dihedral": -4.386122469072173,
  "delta_dipole": null,
  "excitation_energy": "1.6181",
  "exciting_path_mean_volume": 664.8113033333333,
  "s0_bonds_avg": 1.2815245489166154,
  "s1_bonds_avg": 1.290810791148154,
  "s0_angles_avg": 119.81918187526172,
  "s1_angles_avg": 119.79160828137105
}