{
  "charge": {
    "element": [
      "O",
      "C",
      "C",
      "O",
      "C",
      "C",
      "C",
      "C",
      "C",
      "C",
      "C",
      "C",
      "C",
      "N",
      "C",
      "C",
      "C",
      "C",
      "C",
      "C",
      "C",
      "C",
      "C",
      "C",
      "C",
      "C",
      "C",
      "C",
      "C",
      "C",
      "O",
      "C",
      "C",
      "C",
      "C",
      "C",
      "C",
      "H",
      "H",
      "H",
      "H",
      "H",
      "H",
      "H",
      "H",
      "H",
      "H",
      "H",
      "H",
      "H",
      "H",
      "H",
      "H",
      "H",
      "H",
      "H",
      "H",
      "H",
      "H",
      "H"
    ],
    "charge_variation": [
      -0.013177000000000105,
      -0.013839999999999963,
      0.04112199999999999,
      -0.013134999999999897,
      -0.023397,
      0.013837000000000002,
      -0.002246000000000005,
      0.0045610000000000026,
      -0.007080000000000003,
      0.012757999999999999,
      -0.004061999999999996,
      0.015027000000000013,
      -0.01470699999999997,
      0.03566899999999995,
      0.00015500000000001624,
      -0.018902000000000002,
      0.005985,
      -0.01307599999999999,
      0.004016,
      -0.012735999999999997,
      0.00042399999999997995,
      -0.019230999999999998,
      0.00582,
      -0.013433999999999988,
      0.004237,
      -0.01311000000000001,
      0.015140000000000015,
      -0.004055999999999997,
      0.005169,
      -0.002579999999999999,
      -0.029438999999999993,
      0.007877999999999996,
      -0.006033999999999984,
      -0.004118,
      0.017531000000000005,
      -0.010527,
      0.01946500000000001,
      0.011716000000000004,
      0.002676999999999999,
      -0.001465000000000001,
      0.0013079999999999967,
      0.00018899999999999473,
      -0.001024000000000004,
      -0.000563000000000001,
      -0.00015300000000000036,
      -0.0002339999999999981,
      0.0016569999999999988,
      -0.001119999999999996,
      -0.000674000000000001,
      -0.00017199999999999854,
      -0.0002559999999999993,
      0.0017570000000000016,
      0.00029000000000000553,
      0.0014020000000000005,
      -0.0009399999999999964,
      0.0014280000000000057,
      0.006141000000000001,
      0.005122999999999996,
      -0.0006530000000000008,
      0.0036590000000000025
    ]
  },
  "ground_state": {
    "HOMO-LUMO": 1.8022778251855032,
    "structure": {
      "bonds": 1.2815245489166154,
      "angles": 119.81918187526172,
      "DA": 90.01130335722127
    },
    "rotational_constant": {
      "A": 0.0282001,
      "B": 0.0297548,
      "C": 0.2703316
    },
    "rays_asymmetry_parameter": 0.9871582177453161,
    "volume": 664.79146
  },
  "excited_state": {
    "HOMO-LUMO": 1.3760115339911363,
    "structure": {
      "bonds": 1.290810791148154,
      "angles": 119.79160828137105,
      "DA": 90.08599094423717
    },
    "rotational_constant": {
      "A": 0.028628,
      "B": 0.0296135,
      "C": 0.2702855
    },
    "rays_asymmetry_parameter": 0.9918438285590143,
    "excited_energy": "1.6181",
    "volume": 664.90363
  },
  "exciting_path_mean_volume": 664.8113033333333
}