{
  "s0_rotational_constant_a": 0.0700907,
  "s0_rotational_constant_b": 0.0928943,
  "s0_rotational_constant_c": 0.2240668,
  "s1_rotational_constant_a": 0.0719061,
  "s1_rotational_constant_b": 0.0922491,
  "s1_rotational_constant_c": 0.2269689,
  "s0_rays_asymmetry_parameter": 0.7038033824729942,
  "s1_rays_asymmetry_parameter": 0.7376159852653248,
  "s0_volume": 569.17771,
  "s1_volume": 565.35877,
  "delta_volume": -3.818939999999998,
  "s0_homo_lumo_gap": 2.2286393562151194,
  "s1_homo_lumo_gap": 1.2582869342085519,
  "delta_gap": -0.9703524220065676,
  "s0_dihedral_avg": 88.67700409760397,
  "s1_dihedral_avg": 88.97890878196138,
  "delta_dihedral": 0.30190468435741025,
  "delta_dipole": {
    "element": [
      "C",
      "C",
      "C",
      "C",
      "C",
      "C",
      "C",
      "C",
      "C",
      "C",
      "C",
      "C",
      "C",
      "C",
      "C",
      "C",
      "C",
      "N",
      "N",
      "N",
      "N",
      "C",
      "C",
      "C",
      "C",
      "C",
      "C",
      "C",
      "C",
      "C",
      "C",
      "H",
      "H",
      "H",
      "H",
      "H",
      "H",
      "H",
      "H",
      "H",
      "H",
      "H",
      "H",
      "H",
      "H",
      "H",
      "H",
      "H",
      "H",
      "H",
      "H"
    ],
    "charge_variation": [
      0.0024199999999999985,
      5.999999999999062e-06,
      -0.0009549999999999975,
      -0.0028630000000000044,
      0.005311,
      0.002034000000000001,
      -0.0004810000000000092,
      0.00016700000000000048,
      -0.0005940000000000008,
      -0.0001470000000000013,
      -0.0003829999999999979,
      -0.004063999999999998,
      -0.004479000000000011,
      -0.006704999999999996,
      0.0031879999999999964,
      -0.007493999999999999,
      0.0026849999999999374,
      0.0011470000000000091,
      0.0010500000000000093,
      -0.0024789999999999812,
      -0.005595999999999997,
      -0.000559999999999998,
      -0.004844000000000001,
      -0.0029509999999999953,
      -0.00011899999999999411,
      -0.0010349999999999977,
      0.0002449999999999952,
      0.0006090000000000019,
      -0.0009989999999999999,
      0.0004609999999999892,
      -0.0012729999999999998,
      0.0014630000000000025,
      0.0007640000000000008,
      0.002942,
      0.003811000000000002,
      -2.8000000000000247e-05,
      0.001067000000000002,
      0.0002669999999999999,
      0.0021930000000000005,
      0.0021889999999999965,
      -0.00038699999999999846,
      0.0012079999999999869,
      7.199999999999568e-05,
      0.0024180000000000035,
      0.0025249999999999995,
      -9.499999999999786e-05,
      0.0017120000000000017,
      0.0003249999999999989,
      0.003382000000000003,
      0.0027449999999999974,
      0.00012699999999999864
    ]
  },
  "excitation_energy": "2.1103",
  "exciting_path_mean_volume": 566.67917,
  "s0_bonds_avg": 1.281005607606,
  "s1_bonds_avg": 1.27881202462,
  "delta_bonds": -0.002193582985999809,
  "s0_angles_avg": 119.5685536207076,
  "s1_angles_avg": 119.56582054616767,
  "delta_angles": -0.002733074539932545
}