{
  "s0_rotational_constant_a": 0.0233974,
  "s0_rotational_constant_b": 0.0260767,
  "s0_rotational_constant_c": 0.1762311,
  "s1_rotational_constant_a": 0.0241256,
  "s1_rotational_constant_b": 0.0266693,
  "s1_rotational_constant_c": 0.1637895,
  "s0_rays_asymmetry_parameter": 0.9649383611075305,
  "s1_rays_asymmetry_parameter": 0.9635739801050952,
  "s0_volume": 783.30085,
  "s1_volume": 784.91704,
  "delta_volume": 1.6161900000000742,
  "s0_homo_lumo_gap": 1.092139681047073,
  "s1_homo_lumo_gap": 0.16636494421347692,
  "delta_gap": -0.925774736833596,
  "s0_dihedral_avg": 89.2149148117446,
  "s1_dihedral_avg": 89.07646292461935,
  "delta_dihedral": -0.1384518871252567,
  "delta_dipole": {
    "element": [
      "C",
      "N",
      "C",
      "C",
      "C",
      "C",
      "C",
      "C",
      "C",
      "C",
      "C",
      "C",
      "C",
      "C",
      "C",
      "N",
      "C",
      "C",
      "C",
      "C",
      "C",
      "C",
      "C",
      "C",
      "C",
      "C",
      "C",
      "C",
      "C",
      "C",
      "C",
      "C",
      "C",
      "C",
      "C",
      "C",
      "O",
      "S",
      "O",
      "O",
      "C",
      "F",
      "F",
      "F",
      "H",
      "H",
      "H",
      "H",
      "H",
      "H",
      "H",
      "H",
      "H",
      "H",
      "H",
      "H",
      "H",
      "H",
      "H",
      "H",
      "H",
      "H",
      "H",
      "H",
      "H",
      "H",
      "H",
      "H",
      "H",
      "H",
      "H"
    ],
    "charge_variation": [
      0.0012209999999999999,
      -0.0030569999999999764,
      0.0027329999999999854,
      0.00011200000000000099,
      0.0019320000000000032,
      0.0008200000000000013,
      -0.004629999999999999,
      0.003802,
      0.0006260000000000154,
      0.035214999999999996,
      -0.03362899999999999,
      -0.24798600000000004,
      -0.05014999999999992,
      -0.884154,
      -0.0013299999999999979,
      0.44157299999999994,
      0.032551,
      0.08955000000000002,
      0.020484,
      0.155334,
      0.011290999999999999,
      0.12794,
      0.129326,
      0.174761,
      0.029644999999999998,
      0.29794,
      0.033014,
      0.180218,
      -0.020211000000000034,
      -0.17183799999999996,
      0.0004180000000000017,
      -0.005451000000000001,
      -0.001902999999999995,
      -0.00023999999999999716,
      0.0012379999999999891,
      0.0016400000000000303,
      -0.034362000000000004,
      -0.15532800000000002,
      -0.052868000000000026,
      0.0403690000000001,
      -0.11725700000000006,
      -0.020101000000000036,
      0.04586599999999996,
      -0.008867999999999987,
      -0.0001570000000000009,
      -0.0004990000000000029,
      0.00021900000000000044,
      -0.00018699999999999967,
      -4.300000000000137e-05,
      -0.0005949999999999983,
      0.001454999999999998,
      -0.008584000000000001,
      -0.0028660000000000005,
      -0.016052,
      -0.021805999999999992,
      -0.007125000000000006,
      -0.0002580000000000013,
      0.0019489999999999993,
      0.0012770000000000004,
      0.004597000000000004,
      0.0017510000000000026,
      0.000558999999999997,
      0.002123,
      0.004984999999999996,
      0.011608,
      0.0028369999999999992,
      -0.017741,
      -0.0030960000000000015,
      -0.0009880000000000028,
      0.00012099999999999611,
      0.00026400000000000035
    ]
  },
  "excitation_energy": "0.1932",
  "exciting_path_mean_volume": 784.4606316666667,
  "s0_bonds_avg": 1.313973584486932,
  "s1_bonds_avg": 1.3158759571984797,
  "delta_bonds": 0.0019023727115476952,
  "s0_angles_avg": 117.02545451935214,
  "s1_angles_avg": 117.17458790853621,
  "delta_angles": 0.14913338918407248
}