{
  "s0_rotational_constant_a": 0.0234383,
  "s0_rotational_constant_b": 0.0279011,
  "s0_rotational_constant_c": 0.1295159,
  "s1_rotational_constant_a": 0.0240534,
  "s1_rotational_constant_b": 0.0278866,
  "s1_rotational_constant_c": 0.1246936,
  "s0_rays_asymmetry_parameter": 0.915857824837666,
  "s1_rays_asymmetry_parameter": 0.9238236807955469,
  "s0_volume": 821.60227,
  "s1_volume": 821.72473,
  "delta_volume": 0.12246000000004642,
  "s0_homo_lumo_gap": 1.5337531914073272,
  "s1_homo_lumo_gap": 0.8008881014402633,
  "delta_gap": -0.7328650899670639,
  "s0_dihedral_avg": 91.52050829798047,
  "s1_dihedral_avg": 91.71837525905642,
  "delta_dihedral": 0.19786696107594537,
  "delta_dipole": {
    "element": [
      "C",
      "O",
      "C",
      "C",
      "C",
      "C",
      "N",
      "C",
      "C",
      "C",
      "C",
      "O",
      "C",
      "C",
      "C",
      "C",
      "C",
      "C",
      "C",
      "C",
      "C",
      "C",
      "C",
      "C",
      "C",
      "C",
      "C",
      "C",
      "C",
      "C",
      "C",
      "C",
      "C",
      "C",
      "C",
      "C",
      "C",
      "C",
      "C",
      "C",
      "C",
      "C",
      "C",
      "H",
      "H",
      "H",
      "H",
      "H",
      "H",
      "H",
      "H",
      "H",
      "H",
      "H",
      "H",
      "H",
      "H",
      "H",
      "H",
      "H",
      "H",
      "H",
      "H",
      "H",
      "H",
      "H",
      "H",
      "H",
      "H",
      "H",
      "H",
      "H",
      "H",
      "H",
      "H",
      "H",
      "H",
      "H"
    ],
    "charge_variation": [
      -0.005529000000000006,
      0.012673000000000045,
      -0.01424700000000001,
      -0.004581999999999975,
      -0.02516800000000001,
      0.0064169999999999505,
      0.011349000000000053,
      -1.1000000000038757e-05,
      -0.013692999999999997,
      -0.00741,
      -0.007945000000000035,
      0.011019000000000057,
      -0.00570200000000004,
      -0.0006780000000000119,
      -0.034719,
      -0.011050999999999978,
      0.04443899999999999,
      -0.014152999999999999,
      0.03717,
      -0.016747,
      0.011386999999999994,
      -0.008383000000000002,
      0.009219000000000005,
      -0.004149000000000007,
      0.004057000000000005,
      0.00166899999999999,
      -0.003985000000000016,
      0.007494000000000008,
      -0.0008270000000000083,
      0.0002909999999999996,
      0.0002950000000000036,
      0.0005020000000000024,
      -0.004854999999999998,
      0.0016339999999999966,
      0.004373999999999996,
      -0.00626800000000001,
      0.008069,
      -0.0015729999999999997,
      0.0017819999999999997,
      -0.013879999999999997,
      0.043775999999999995,
      -0.043472,
      0.0016199999999999826,
      -0.0006760000000000001,
      0.003365,
      0.0031490000000000008,
      -0.0027620000000000006,
      0.004095000000000001,
      0.004056999999999998,
      -0.002118999999999996,
      0.003481999999999999,
      0.003477000000000001,
      0.0001969999999999999,
      -0.0033270000000000036,
      -0.0022100000000000036,
      0.0008879999999999999,
      0.0034929999999999996,
      -0.0005719999999999961,
      0.004698000000000001,
      0.002347999999999996,
      0.0011480000000000032,
      0.002926999999999999,
      0.0001549999999999989,
      0.00018699999999999967,
      0.0001010000000000004,
      0.00010299999999999893,
      0.00016499999999999848,
      -9.999999999999593e-06,
      -4.49999999999999e-05,
      0.000171000000000001,
      0.0001349999999999997,
      0.003245999999999999,
      0.0017160000000000022,
      0.00031799999999999884,
      0.0034560000000000007,
      0.0006450000000000067,
      -0.0023029999999999995,
      -0.0039050000000000057
    ]
  },
  "excitation_energy": "0.9322",
  "exciting_path_mean_volume": 821.230725,
  "s0_bonds_avg": 1.2837235546011905,
  "s1_bonds_avg": 1.2581248062179764,
  "delta_bonds": -0.025598748383214076,
  "s0_angles_avg": 117.28902429215121,
  "s1_angles_avg": 117.28244930094975,
  "delta_angles": -0.006574991201460989
}