{
  "s0_rotational_constant_a": 0.0891158,
  "s0_rotational_constant_b": 0.1154283,
  "s0_rotational_constant_c": 0.3180038,
  "s1_rotational_constant_a": 0.0958398,
  "s1_rotational_constant_b": 0.1026607,
  "s1_rotational_constant_c": 0.3202668,
  "s0_rays_asymmetry_parameter": 0.7700840585788683,
  "s1_rays_asymmetry_parameter": 0.9392149785899202,
  "s0_volume": 506.54116,
  "s1_volume": 510.27636,
  "delta_volume": 3.7352000000000203,
  "s0_homo_lumo_gap": 1.638813614239905,
  "s1_homo_lumo_gap": 0.3193092350712532,
  "delta_gap": -1.3195043791686518,
  "s0_dihedral_avg": 15.413382456054014,
  "s1_dihedral_avg": 17.79815632015992,
  "delta_dihedral": 2.384773864105904,
  "delta_dipole": null,
  "excitation_energy": "0.3672",
  "exciting_path_mean_volume": 509.3314566666666,
  "s0_bonds_avg": 1.2794033598729169,
  "s1_bonds_avg": 1.2746844239754167,
  "s0_angles_avg": 116.91102657836173,
  "s1_angles_avg": 116.51812607551553
}