{"charge": {"element": ["C", "C", "C", "N", "C", "C", "C", "C", "C", "C", "S", "C", "C", "C", "C", "C", "C", "N", "C", "O", "O", "C", "C", "C", "C", "C", "H", "H", "H", "H", "H", "H", "H", "H", "H", "H", "H", "H", "H", "H", "H", "H", "H", "H", "H", "H"], "charge_variation": [-0.0030859999999999915, 0.003964000000000002, -0.008386000000000032, 0.019895000000000107, 0.01781100000000002, -0.022727999999999998, 0.0022979999999999997, -0.019923999999999997, -0.0026450000000000015, -0.018669999999999996, -0.011518, 0.025853, -0.008080000000000004, 0.020514000000000004, 0.038276000000000004, 0.034124, -0.0013940000000000063, 0.015196999999999905, -0.030139999999999834, -0.024511999999999978, 0.011028000000000038, 0.005167000000000033, 0.0013989999999999975, -0.028392999999999998, 0.037961999999999996, -0.03624200000000005, -0.003354000000000003, 0.001344999999999999, -0.0015670000000000024, 0.002856000000000001, -0.0019330000000000007, 0.0007949999999999988, -0.0006330000000000016, -0.001471, -0.002213000000000003, -0.0011400000000000021, -0.0020929999999999976, -0.007334, 0.016555999999999994, -0.0036499999999999996, -0.0015769999999999985, -0.0007759999999999989, 0.0010149999999999985, -0.0005299999999999958, -0.007595999999999999, -0.004472999999999998]}, "ground_state": {"HOMO-LUMO": 1.638813614239905, "charge": {"element": ["C", "C", "C", "N", "C", "C", "C", "C", "C", "C", "S", "C", "C", "C", "C", "C", "C", "N", "C", "O", "O", "C", "C", "C", "C", "C", "H", "H", "H", "H", "H", "H", "H", "H", "H", "H", "H", "H", "H", "H", "H", "H", "H", "H", "H", "H"], "charge": [-0.073622, -0.06281, 0.253356, -0.536078, 0.362791, -0.167847, -0.014717, -0.065976, -0.041142, 0.04622, -0.191611, 0.053065, -0.070412, 0.013798, 0.013277, -0.101231, 0.598336, -0.735605, 1.084439, -0.841904, -0.530931, 0.362772, -0.11841, -0.021061, -0.177184, 0.395979, 0.021944, 0.019612, 0.027008, 0.028763, 0.031375, 0.012488, 0.010429, 0.046717, 0.032495, 0.036518, 0.039192, 0.041698, 0.032522, -0.004771, 0.015725, 0.02164, 0.022297, 0.048303, 0.032782, 0.049772]}, "structure": {"bonds": 1.2794033598729169, "angles": 116.91102657836173, "DA": 15.413382456054014}, "rotational_constant": {"A": 0.0891158, "B": 0.1154283, "C": 0.3180038}, "rays_asymmetry_parameter": 0.7700840585788683, "volume": 506.54116}, "excited_state": {"HOMO-LUMO": 0.3193092350712532, "charge": {"element": ["C", "C", "C", "N", "C", "C", "C", "C", "C", "C", "S", "C", "C", "C", "C", "C", "C", "N", "C", "O", "O", "C", "C", "C", "C", "C", "H", "H", "H", "H", "H", "H", "H", "H", "H", "H", "H", "H", "H", "H", "H", "H", "H", "H", "H", "H"], "charge": [-0.076708, -0.058846, 0.24497, -0.516183, 0.380602, -0.190575, -0.012419, -0.0859, -0.043787, 0.02755, -0.203129, 0.078918, -0.078492, 0.034312, 0.051553, -0.067107, 0.596942, -0.720408, 1.054299, -0.866416, -0.519903, 0.367939, -0.117011, -0.049454, -0.139222, 0.359737, 0.01859, 0.020957, 0.025441, 0.031619, 0.029442, 0.013283, 0.009796, 0.045246, 0.030282, 0.035378, 0.037099, 0.034364, 0.049078, -0.008421, 0.014148, 0.020864, 0.023312, 0.047773, 0.025186, 0.045299]}, "structure": {"bonds": 1.2746844239754167, "angles": 116.51812607551553, "DA": 17.79815632015992}, "rotational_constant": {"A": 0.0958398, "B": 0.1026607, "C": 0.3202668}, "rays_asymmetry_parameter": 0.9392149785899202, "excited_energy": "0.3672", "volume": 510.27636}, "exciting_path_mean_volume": 509.3314566666666}