{
  "charge": {
    "element": [
      "C",
      "C",
      "C",
      "N",
      "C",
      "C",
      "C",
      "C",
      "C",
      "C",
      "C",
      "Br",
      "C",
      "C",
      "C",
      "C",
      "C",
      "C",
      "C",
      "N",
      "B",
      "F",
      "F",
      "C",
      "C",
      "H",
      "H",
      "H",
      "H",
      "H",
      "H",
      "H",
      "H",
      "H",
      "H",
      "H",
      "H",
      "H",
      "H",
      "H",
      "H",
      "H",
      "H"
    ],
    "charge_variation": [
      0.0008220000000000033,
      0.00028100000000000347,
      0.0004289999999999572,
      -0.015554000000000012,
      0.02455400000000002,
      -0.0011929999999999996,
      0.005068999999999997,
      -0.01720300000000001,
      0.008402,
      -0.015855999999999995,
      0.0010580000000000034,
      0.034157999999999994,
      -0.012622000000000008,
      0.024116,
      -0.012172000000000002,
      -0.0002730000000000232,
      0.0009210000000000051,
      0.0001949999999999938,
      0.0008029999999999982,
      -0.01557900000000001,
      0.0012579999999999814,
      -0.0011769999999999836,
      -0.0023609999999999465,
      -0.013515,
      -0.0010380000000000111,
      0.00042299999999999977,
      -0.0008830000000000001,
      -0.0005359999999999983,
      -0.001301,
      0.0010489999999999944,
      0.0006829999999999961,
      0.00023100000000000204,
      0.0010480000000000003,
      -0.0006449999999999997,
      0.003263000000000002,
      0.000905000000000003,
      -0.0011659999999999986,
      0.0009370000000000003,
      -0.0007259999999999992,
      -0.0005919999999999988,
      0.0005219999999999947,
      0.002369999999999997,
      0.000895
    ]
  },
  "ground_state": {
    "HOMO-LUMO": 1.52379110464025,
    "structure": {
      "bonds": 1.3004808920041304,
      "angles": 116.08644128142609,
      "DA": 91.60782806522157
    },
    "rotational_constant": {
      "A": 0.0819433,
      "B": 0.1001279,
      "C": 0.3174483
    },
    "rays_asymmetry_parameter": 0.8455693085072503,
    "volume": 480.41163
  },
  "excited_state": {
    "HOMO-LUMO": 1.4737874699962172,
    "structure": {
      "bonds": 1.305519462313478,
      "angles": 116.08122807284572,
      "DA": 91.72515331271093
    },
    "rotational_constant": {
      "A": 0.081798,
      "B": 0.0999282,
      "C": 0.3172779
    },
    "rays_asymmetry_parameter": 0.8460148827989139,
    "excited_energy": "2.4250",
    "volume": 481.21226
  },
  "exciting_path_mean_volume": 480.89199833333333
}