{
  "s0_rotational_constant_a": 0.0649609,
  "s0_rotational_constant_b": 0.0709094,
  "s0_rotational_constant_c": 0.5257949,
  "s1_rotational_constant_a": 0.0667442,
  "s1_rotational_constant_b": 0.0681506,
  "s1_rotational_constant_c": 0.5243611,
  "s0_rays_asymmetry_parameter": 0.9741837624828029,
  "s1_rays_asymmetry_parameter": 0.993853373859226,
  "s0_volume": 479.00483,
  "s1_volume": 482.88033,
  "delta_volume": 3.875499999999988,
  "s0_homo_lumo_gap": 1.7997526089823213,
  "s1_homo_lumo_gap": 1.4683941741829574,
  "delta_gap": -0.3313584347993639,
  "s0_dihedral_avg": 4.064779543842623,
  "s1_dihedral_avg": 12.256779905803054,
  "delta_dihedral": 8.192000361960432,
  "delta_dipole": null,
  "excitation_energy": "1.6887",
  "exciting_path_mean_volume": 480.99633666666665,
  "s0_bonds_avg": 1.2852409395195654,
  "s1_bonds_avg": 1.2862936566341305,
  "s0_angles_avg": 117.86710526486667,
  "s1_angles_avg": 117.86823590158241
}