{
  "charge": {
    "element": [
      "Cl",
      "C",
      "C",
      "C",
      "C",
      "C",
      "O",
      "C",
      "C",
      "C",
      "C",
      "C",
      "C",
      "C",
      "N",
      "C",
      "C",
      "C",
      "C",
      "C",
      "C",
      "C",
      "C",
      "C",
      "C",
      "C",
      "C",
      "C",
      "C",
      "C",
      "H",
      "H",
      "H",
      "H",
      "H",
      "H",
      "H",
      "H",
      "H",
      "H",
      "H",
      "H",
      "H",
      "H",
      "H",
      "H",
      "H",
      "H",
      "H",
      "H"
    ],
    "charge_variation": [
      -0.23799100000000006,
      0.013974,
      0.004978999999999999,
      0.014717000000000008,
      -0.017862,
      0.0023980000000000112,
      -0.10431299999999999,
      -0.5016090000000001,
      -0.044374000000000004,
      -0.138456,
      0.004232999999999997,
      -0.17050400000000002,
      0.004681999999999999,
      -0.15213300000000002,
      0.05852999999999997,
      0.17323299999999997,
      0.29351099999999997,
      0.006083000000000002,
      0.352612,
      0.008962999999999999,
      0.253636,
      0.19717500000000004,
      -0.070832,
      -0.013354000000000005,
      0.007503000000000001,
      -0.001346999999999994,
      0.012981,
      -0.0016999999999999932,
      -0.002246000000000012,
      0.004947999999999999,
      0.002591000000000003,
      0.0030780000000000043,
      0.0038609999999999964,
      0.019461999999999993,
      0.003499999999999996,
      0.002005,
      -0.000168999999999999,
      0.0002930000000000016,
      0.005457,
      -0.005768000000000002,
      -0.0018099999999999991,
      -0.005929,
      -0.00648,
      0.00037700000000000233,
      0.0037219999999999996,
      0.0041499999999999974,
      0.005943999999999998,
      0.007209,
      -0.0016480000000000036,
      0.002716000000000003
    ]
  },
  "ground_state": {
    "HOMO-LUMO": 1.3788197485619156,
    "charge": {
      "element": [
        "Cl",
        "C",
        "C",
        "C",
        "C",
        "C",
        "O",
        "C",
        "C",
        "C",
        "C",
        "C",
        "C",
        "C",
        "N",
        "C",
        "C",
        "C",
        "C",
        "C",
        "C",
        "C",
        "C",
        "C",
        "C",
        "C",
        "C",
        "C",
        "C",
        "C",
        "H",
        "H",
        "H",
        "H",
        "H",
        "H",
        "H",
        "H",
        "H",
        "H",
        "H",
        "H",
        "H",
        "H",
        "H",
        "H",
        "H",
        "H",
        "H",
        "H"
      ],
      "charge": [
        0.939983,
        -0.03483,
        -0.014546,
        -0.067459,
        0.03528,
        0.376225,
        -0.34537,
        0.524275,
        -0.014646,
        0.00281,
        -0.02124,
        -0.024885,
        -0.027561,
        -0.067254,
        -1.232612,
        0.480104,
        -0.143084,
        -0.029891,
        -0.09396,
        -0.0358,
        -0.090114,
        -0.546347,
        0.134504,
        -0.086048,
        -0.018714,
        -0.050423,
        -0.015099,
        -0.082475,
        -0.063257,
        -0.011281,
        0.031365,
        0.030763,
        0.031315,
        0.065059,
        0.033332,
        0.030576,
        0.030629,
        0.026198,
        0.022673,
        0.021881,
        0.026275,
        0.022802,
        0.038565,
        0.027474,
        0.02915,
        0.029402,
        0.029245,
        0.02676,
        0.038474,
        0.031777
      ]
    },
    "structure": {
      "bonds": 1.4546417786596664,
      "angles": 109.49278941815909,
      "DA": 94.64571645220823
    },
    "rotational_constant": {
      "A": 0.0728413,
      "B": 0.121018,
      "C": 0.165882
    },
    "rays_asymmetry_parameter": -0.03560484820084116,
    "volume": 575.89932
  },
  "excited_state": {
    "HOMO-LUMO": 0.1420597382578559,
    "charge": {
      "element": [
        "Cl",
        "C",
        "C",
        "C",
        "C",
        "C",
        "O",
        "C",
        "C",
        "C",
        "C",
        "C",
        "C",
        "C",
        "N",
        "C",
        "C",
        "C",
        "C",
        "C",
        "C",
        "C",
        "C",
        "C",
        "C",
        "C",
        "C",
        "C",
        "C",
        "C",
        "H",
        "H",
        "H",
        "H",
        "H",
        "H",
        "H",
        "H",
        "H",
        "H",
        "H",
        "H",
        "H",
        "H",
        "H",
        "H",
        "H",
        "H",
        "H",
        "H"
      ],
      "charge": [
        0.701992,
        -0.020856,
        -0.009567,
        -0.052742,
        0.017418,
        0.378623,
        -0.449683,
        0.022666,
        -0.05902,
        -0.135646,
        -0.017007,
        -0.195389,
        -0.022879,
        -0.219387,
        -1.174082,
        0.653337,
        0.150427,
        -0.023808,
        0.258652,
        -0.026837,
        0.163522,
        -0.349172,
        0.063672,
        -0.099402,
        -0.011211,
        -0.05177,
        -0.002118,
        -0.084175,
        -0.065503,
        -0.006333,
        0.033956,
        0.033841,
        0.035176,
        0.084521,
        0.036832,
        0.032581,
        0.03046,
        0.026491,
        0.02813,
        0.016113,
        0.024465,
        0.016873,
        0.032085,
        0.027851,
        0.032872,
        0.033552,
        0.035189,
        0.033969,
        0.036826,
        0.034493
      ]
    },
    "structure": {
      "bonds": 1.3031162957205555,
      "angles": 119.93409732456207,
      "DA": 90.25076758870009
    },
    "rotational_constant": {
      "A": 0.0695212,
      "B": 0.1137854,
      "C": 0.1597107
    },
    "rays_asymmetry_parameter": 0.018417886782829778,
    "excited_energy": "0.1699",
    "volume": 581.69554
  },
  "exciting_path_mean_volume": 578.3696566666666
}