{
  "s0_rotational_constant_a": 0.0486147,
  "s0_rotational_constant_b": 0.0591601,
  "s0_rotational_constant_c": 0.2171309,
  "s1_rotational_constant_a": 0.0495031,
  "s1_rotational_constant_b": 0.0592591,
  "s1_rotational_constant_c": 0.2161439,
  "s0_rays_asymmetry_parameter": 0.874844080272401,
  "s1_rays_asymmetry_parameter": 0.8829098276052443,
  "s0_volume": 648.03698,
  "s1_volume": 645.55331,
  "delta_volume": -2.483669999999961,
  "s0_homo_lumo_gap": 2.094900858419903,
  "s1_homo_lumo_gap": 1.5615741078527225,
  "delta_gap": -0.5333267505671806,
  "s0_dihedral_avg": 90.03045333952514,
  "s1_dihedral_avg": 90.17142031380959,
  "delta_dihedral": 0.14096697428445282,
  "delta_dipole": {
    "element": [
      "O",
      "C",
      "C",
      "C",
      "C",
      "C",
      "C",
      "C",
      "C",
      "C",
      "C",
      "C",
      "C",
      "C",
      "C",
      "C",
      "C",
      "C",
      "C",
      "C",
      "C",
      "C",
      "C",
      "C",
      "C",
      "C",
      "C",
      "C",
      "C",
      "C",
      "C",
      "C",
      "C",
      "C",
      "H",
      "H",
      "H",
      "H",
      "H",
      "H",
      "H",
      "H",
      "H",
      "H",
      "H",
      "H",
      "H",
      "H",
      "H",
      "H",
      "H",
      "H",
      "H",
      "H",
      "H",
      "H",
      "H",
      "H"
    ],
    "charge_variation": [
      -0.031054999999999944,
      -0.007552000000000003,
      0.006087999999999996,
      0.0008870000000000058,
      0.00019600000000000173,
      0.0025400000000000006,
      0.00010100000000000386,
      -0.0007310000000000025,
      0.0008650000000000047,
      0.0032869999999999983,
      -0.0026230000000000003,
      0.0029570000000000013,
      -0.0003049999999999997,
      -0.0011110000000000009,
      -0.0004569999999999991,
      0.0002050000000000038,
      -0.00011399999999999952,
      -0.0006649999999999989,
      -0.002350999999999992,
      -0.0012000000000000066,
      0.000962000000000001,
      0.0009619999999999976,
      -0.00016100000000000142,
      -0.0007410000000000055,
      0.0011060000000000098,
      -0.004922999999999997,
      0.001122999999999999,
      -0.0021650000000000003,
      0.0007099999999999988,
      -0.0033079999999999915,
      -0.00010000000000000286,
      0.0010659999999999975,
      -0.0025319999999999926,
      0.007295000000000001,
      0.004511000000000001,
      0.002211000000000001,
      0.00010900000000000493,
      0.0016060000000000033,
      0.0009830000000000047,
      0.0021800000000000014,
      0.0004720000000000002,
      0.0009569999999999995,
      0.0008149999999999998,
      0.0012840000000000004,
      0.0012649999999999988,
      0.0005469999999999989,
      0.0005509999999999994,
      0.00034,
      0.002251999999999997,
      0.002561999999999995,
      0.00022400000000000198,
      0.0007570000000000007,
      0.0007039999999999998,
      0.002163000000000005,
      -6.699999999999762e-05,
      0.0016599999999999948,
      0.0006710000000000049,
      0.0029879999999999976
    ]
  },
  "excitation_energy": "2.0420",
  "exciting_path_mean_volume": 646.2963,
  "s0_bonds_avg": 1.2903949565082258,
  "s1_bonds_avg": 1.2892445939911295,
  "delta_bonds": -0.001150362517096326,
  "s0_angles_avg": 119.99901894755983,
  "s1_angles_avg": 120.00509577265971,
  "delta_angles": 0.006076825099881944
}