{
  "charge": {
    "element": [
      "O",
      "C",
      "C",
      "C",
      "C",
      "C",
      "C",
      "C",
      "C",
      "C",
      "C",
      "C",
      "C",
      "C",
      "C",
      "C",
      "C",
      "C",
      "C",
      "C",
      "C",
      "C",
      "C",
      "C",
      "C",
      "C",
      "C",
      "C",
      "C",
      "C",
      "C",
      "C",
      "C",
      "C",
      "H",
      "H",
      "H",
      "H",
      "H",
      "H",
      "H",
      "H",
      "H",
      "H",
      "H",
      "H",
      "H",
      "H",
      "H",
      "H",
      "H",
      "H",
      "H",
      "H",
      "H",
      "H",
      "H",
      "H"
    ],
    "charge_variation": [
      -0.031054999999999944,
      -0.007552000000000003,
      0.006087999999999996,
      0.0008870000000000058,
      0.00019600000000000173,
      0.0025400000000000006,
      0.00010100000000000386,
      -0.0007310000000000025,
      0.0008650000000000047,
      0.0032869999999999983,
      -0.0026230000000000003,
      0.0029570000000000013,
      -0.0003049999999999997,
      -0.0011110000000000009,
      -0.0004569999999999991,
      0.0002050000000000038,
      -0.00011399999999999952,
      -0.0006649999999999989,
      -0.002350999999999992,
      -0.0012000000000000066,
      0.000962000000000001,
      0.0009619999999999976,
      -0.00016100000000000142,
      -0.0007410000000000055,
      0.0011060000000000098,
      -0.004922999999999997,
      0.001122999999999999,
      -0.0021650000000000003,
      0.0007099999999999988,
      -0.0033079999999999915,
      -0.00010000000000000286,
      0.0010659999999999975,
      -0.0025319999999999926,
      0.007295000000000001,
      0.004511000000000001,
      0.002211000000000001,
      0.00010900000000000493,
      0.0016060000000000033,
      0.0009830000000000047,
      0.0021800000000000014,
      0.0004720000000000002,
      0.0009569999999999995,
      0.0008149999999999998,
      0.0012840000000000004,
      0.0012649999999999988,
      0.0005469999999999989,
      0.0005509999999999994,
      0.00034,
      0.002251999999999997,
      0.002561999999999995,
      0.00022400000000000198,
      0.0007570000000000007,
      0.0007039999999999998,
      0.002163000000000005,
      -6.699999999999762e-05,
      0.0016599999999999948,
      0.0006710000000000049,
      0.0029879999999999976
    ]
  },
  "ground_state": {
    "HOMO-LUMO": 2.094900858419903,
    "charge": {
      "element": [
        "O",
        "C",
        "C",
        "C",
        "C",
        "C",
        "C",
        "C",
        "C",
        "C",
        "C",
        "C",
        "C",
        "C",
        "C",
        "C",
        "C",
        "C",
        "C",
        "C",
        "C",
        "C",
        "C",
        "C",
        "C",
        "C",
        "C",
        "C",
        "C",
        "C",
        "C",
        "C",
        "C",
        "C",
        "H",
        "H",
        "H",
        "H",
        "H",
        "H",
        "H",
        "H",
        "H",
        "H",
        "H",
        "H",
        "H",
        "H",
        "H",
        "H",
        "H",
        "H",
        "H",
        "H",
        "H",
        "H",
        "H",
        "H"
      ],
      "charge": [
        -0.675204,
        0.671407,
        -0.039316,
        -0.041889,
        -0.077821,
        0.09138,
        0.044564,
        -0.054664,
        -0.060962,
        0.081777,
        -0.022824,
        -0.014082,
        0.079514,
        -0.067082,
        -0.020756,
        -0.038953,
        -0.020271,
        -0.065919,
        0.07897,
        -0.067036,
        -0.020423,
        -0.038957,
        -0.020494,
        -0.066857,
        0.080437,
        -0.069255,
        -0.02128,
        -0.039568,
        -0.019912,
        -0.065683,
        -0.058642,
        -0.052551,
        -0.077313,
        0.009896,
        -0.042659,
        0.026527,
        0.037826,
        0.032212,
        0.032413,
        0.031015,
        0.028087,
        0.027754,
        0.02889,
        0.031357,
        0.030428,
        0.028569,
        0.028207,
        0.028463,
        0.031273,
        0.029871,
        0.027842,
        0.027847,
        0.02907,
        0.031663,
        0.033121,
        0.034028,
        0.038214,
        0.047752
      ]
    },
    "structure": {
      "bonds": 1.2903949565082258,
      "angles": 119.99901894755983,
      "DA": 90.03045333952514
    },
    "rotational_constant": {
      "A": 0.0486147,
      "B": 0.0591601,
      "C": 0.2171309
    },
    "rays_asymmetry_parameter": 0.874844080272401,
    "volume": 648.03698
  },
  "excited_state": {
    "HOMO-LUMO": 1.5615741078527225,
    "charge": {
      "element": [
        "O",
        "C",
        "C",
        "C",
        "C",
        "C",
        "C",
        "C",
        "C",
        "C",
        "C",
        "C",
        "C",
        "C",
        "C",
        "C",
        "C",
        "C",
        "C",
        "C",
        "C",
        "C",
        "C",
        "C",
        "C",
        "C",
        "C",
        "C",
        "C",
        "C",
        "C",
        "C",
        "C",
        "C",
        "H",
        "H",
        "H",
        "H",
        "H",
        "H",
        "H",
        "H",
        "H",
        "H",
        "H",
        "H",
        "H",
        "H",
        "H",
        "H",
        "H",
        "H",
        "H",
        "H",
        "H",
        "H",
        "H",
        "H"
      ],
      "charge": [
        -0.706259,
        0.663855,
        -0.033228,
        -0.041002,
        -0.077625,
        0.09392,
        0.044665,
        -0.055395,
        -0.060097,
        0.085064,
        -0.025447,
        -0.011125,
        0.079209,
        -0.068193,
        -0.021213,
        -0.038748,
        -0.020385,
        -0.066584,
        0.076619,
        -0.068236,
        -0.019461,
        -0.037995,
        -0.020655,
        -0.067598,
        0.081543,
        -0.074178,
        -0.020157,
        -0.041733,
        -0.019202,
        -0.068991,
        -0.058742,
        -0.051485,
        -0.079845,
        0.017191,
        -0.038148,
        0.028738,
        0.037935,
        0.033818,
        0.033396,
        0.033195,
        0.028559,
        0.028711,
        0.029705,
        0.032641,
        0.031693,
        0.029116,
        0.028758,
        0.028803,
        0.033525,
        0.032433,
        0.028066,
        0.028604,
        0.029774,
        0.033826,
        0.033054,
        0.035688,
        0.038885,
        0.05074
      ]
    },
    "structure": {
      "bonds": 1.2892445939911295,
      "angles": 120.00509577265971,
      "DA": 90.17142031380959
    },
    "rotational_constant": {
      "A": 0.0495031,
      "B": 0.0592591,
      "C": 0.2161439
    },
    "rays_asymmetry_parameter": 0.8829098276052443,
    "excited_energy": "2.0420",
    "volume": 645.55331
  },
  "exciting_path_mean_volume": 646.2963
}