{
  "s0_rotational_constant_a": 0.030585,
  "s0_rotational_constant_b": 0.0473019,
  "s0_rotational_constant_c": 0.0777843,
  "s1_rotational_constant_a": 0.0305829,
  "s1_rotational_constant_b": 0.0473895,
  "s1_rotational_constant_c": 0.0778241,
  "s0_rays_asymmetry_parameter": 0.29164627441508667,
  "s1_rays_asymmetry_parameter": 0.2884770073579839,
  "s0_volume": 907.41306,
  "s1_volume": 904.30401,
  "delta_volume": -3.1090500000000247,
  "s0_homo_lumo_gap": 2.513596943281025,
  "s1_homo_lumo_gap": 2.14427318901314,
  "delta_gap": -0.3693237542678851,
  "s0_dihedral_avg": 89.9068578528741,
  "s1_dihedral_avg": 90.30009309664969,
  "delta_dihedral": 0.3932352437755924,
  "delta_dipole": {
    "element": [
      "C",
      "O",
      "C",
      "C",
      "C",
      "C",
      "C",
      "C",
      "C",
      "C",
      "C",
      "C",
      "C",
      "C",
      "C",
      "C",
      "C",
      "C",
      "C",
      "C",
      "C",
      "C",
      "C",
      "C",
      "C",
      "C",
      "C",
      "C",
      "C",
      "C",
      "C",
      "C",
      "C",
      "C",
      "C",
      "C",
      "C",
      "C",
      "C",
      "C",
      "C",
      "C",
      "O",
      "C",
      "C",
      "C",
      "C",
      "C",
      "H",
      "H",
      "H",
      "H",
      "H",
      "H",
      "H",
      "H",
      "H",
      "H",
      "H",
      "H",
      "H",
      "H",
      "H",
      "H",
      "H",
      "H",
      "H",
      "H",
      "H",
      "H",
      "H",
      "H",
      "H",
      "H",
      "H",
      "H",
      "H",
      "H",
      "H",
      "H",
      "H",
      "H"
    ],
    "charge_variation": [
      0.0018159999999999843,
      -0.0038500000000000756,
      -0.005910000000000026,
      0.010509000000000018,
      -0.0026209999999999983,
      9.399999999999686e-05,
      -0.003606999999999999,
      0.015946000000000002,
      -0.013752,
      -0.0032889999999999994,
      0.00255699999999999,
      -0.001688999999999996,
      -0.0002950000000000001,
      -7.300000000000362e-05,
      0.0004889999999999999,
      -0.002351000000000006,
      0.0038060000000000004,
      0.004833999999999991,
      -0.00043899999999999495,
      -0.00014899999999999983,
      -0.00014999999999999736,
      -6.499999999999909e-05,
      -0.0018269999999999953,
      -0.0064670000000000005,
      0.0009959999999999969,
      -0.001696000000000003,
      1.6999999999999654e-05,
      -0.002792999999999997,
      -0.0002149999999999999,
      0.0006200000000000094,
      -0.0010870000000000012,
      0.003608,
      6.699999999999762e-05,
      -0.0005909999999999978,
      -0.001903000000000002,
      -0.0024610000000000014,
      -0.0007689999999999919,
      0.009243999999999999,
      -0.016303,
      0.005899999999999999,
      -0.017063000000000023,
      0.013283000000000045,
      0.01910699999999993,
      -0.006296999999999997,
      -0.014028000000000013,
      0.006567000000000003,
      -0.005763000000000004,
      0.007511999999999991,
      -0.0011069999999999986,
      -0.0012000000000000014,
      0.00013299999999999998,
      -0.001022000000000002,
      0.0010730000000000045,
      0.0005950000000000052,
      -0.00041799999999999823,
      -0.00019199999999999773,
      -0.0004320000000000018,
      0.0009849999999999998,
      -0.0007379999999999991,
      -0.0002589999999999988,
      -0.0005280000000000007,
      -0.0003160000000000003,
      -0.0006630000000000004,
      0.0011919999999999986,
      -0.0004399999999999994,
      0.0008110000000000027,
      -0.0006409999999999992,
      0.00044500000000000095,
      0.00023899999999999963,
      -0.0005870000000000007,
      0.00012999999999999817,
      -0.00022699999999999804,
      0.0005369999999999993,
      0.001119000000000002,
      -8.199999999999874e-05,
      0.006058000000000001,
      0.000737,
      0.005651999999999999,
      -0.0009330000000000033,
      0.0009440000000000004,
      0.0006059999999999954,
      -0.0009429999999999994
    ]
  },
  "excitation_energy": "2.6741",
  "exciting_path_mean_volume": 905.4657816666667,
  "s0_bonds_avg": 1.28902423871375,
  "s1_bonds_avg": 1.29305620665125,
  "s0_angles_avg": 119.89069234659574,
  "s1_angles_avg": 119.93899833760491,
  "delta_bonds": 0.004031967937500047,
  "delta_angles": 0.048305991009172544
}