{
  "s0_rotational_constant_a": 0.0950915,
  "s0_rotational_constant_b": 0.1102797,
  "s0_rotational_constant_c": 0.1315304,
  "s1_rotational_constant_a": 0.0912067,
  "s1_rotational_constant_b": 0.1166469,
  "s1_rotational_constant_c": 0.1371092,
  "s0_rays_asymmetry_parameter": 0.16637439659265232,
  "s1_rays_asymmetry_parameter": -0.10844507379772363,
  "s0_volume": 685.60046,
  "s1_volume": 676.9735,
  "delta_volume": -8.626960000000054,
  "s0_homo_lumo_gap": 2.4134427325328622,
  "s1_homo_lumo_gap": 1.2151949904654682,
  "delta_gap": -1.198247742067394,
  "s0_dihedral_avg": 9.277641134494129,
  "s1_dihedral_avg": -5.245593890709745,
  "delta_dihedral": -14.523235025203874,
  "delta_dipole": null,
  "excitation_energy": "1.6850",
  "exciting_path_mean_volume": 681.2124083333333,
  "s0_bonds_avg": 1.3114996579638463,
  "s1_bonds_avg": 1.3063662340046156,
  "s0_angles_avg": 119.48169320630097,
  "s1_angles_avg": 119.49184117032625
}