{
  "s0_rotational_constant_a": 0.0308395,
  "s0_rotational_constant_b": 0.0353217,
  "s0_rotational_constant_c": 0.1953115,
  "s1_rotational_constant_a": 0.0312314,
  "s1_rotational_constant_b": 0.0355733,
  "s1_rotational_constant_c": 0.1932646,
  "s0_rays_asymmetry_parameter": 0.9454958898779123,
  "s1_rays_asymmetry_parameter": 0.9464072794958069,
  "s0_volume": 722.7313,
  "s1_volume": 721.15565,
  "delta_volume": -1.575649999999996,
  "s0_homo_lumo_gap": 1.6504219895877204,
  "s1_homo_lumo_gap": 1.0757067277593437,
  "delta_gap": -0.5747152618283766,
  "s0_dihedral_avg": 4.8497013223857035,
  "s1_dihedral_avg": -11.339251159385453,
  "delta_dihedral": -16.188952481771157,
  "delta_dipole": null,
  "excitation_energy": "1.2851",
  "exciting_path_mean_volume": 721.3923166666667,
  "s0_bonds_avg": 1.3023652255648575,
  "s1_bonds_avg": 1.300855634777286,
  "s0_angles_avg": 119.91880398556283,
  "s1_angles_avg": 119.91860116864419
}