{
  "s0_rotational_constant_a": 0.0308395,
  "s0_rotational_constant_b": 0.0353217,
  "s0_rotational_constant_c": 0.1953115,
  "s1_rotational_constant_a": 0.0312314,
  "s1_rotational_constant_b": 0.0355733,
  "s1_rotational_constant_c": 0.1932646,
  "s0_rays_asymmetry_parameter": 0.9454958898779123,
  "s1_rays_asymmetry_parameter": 0.9464072794958069,
  "s0_volume": 722.7313,
  "s1_volume": 721.15565,
  "delta_volume": -1.575649999999996,
  "s0_homo_lumo_gap": 1.6504219895877204,
  "s1_homo_lumo_gap": 1.0757067277593437,
  "delta_gap": -0.5747152618283766,
  "s0_dihedral_avg": 90.03074377979023,
  "s1_dihedral_avg": 90.13170760428223,
  "delta_dihedral": 0.10096382449199837,
  "delta_dipole": {
    "element": [
      "O",
      "C",
      "C",
      "C",
      "C",
      "C",
      "N",
      "C",
      "C",
      "N",
      "C",
      "C",
      "C",
      "C",
      "C",
      "C",
      "C",
      "C",
      "C",
      "C",
      "C",
      "C",
      "C",
      "C",
      "C",
      "C",
      "C",
      "C",
      "C",
      "C",
      "C",
      "C",
      "C",
      "C",
      "C",
      "C",
      "C",
      "C",
      "C",
      "C",
      "H",
      "H",
      "H",
      "H",
      "H",
      "H",
      "H",
      "H",
      "H",
      "H",
      "H",
      "H",
      "H",
      "H",
      "H",
      "H",
      "H",
      "H",
      "H",
      "H",
      "H",
      "H",
      "H",
      "H"
    ],
    "charge_variation": [
      -0.03512399999999993,
      -0.003158999999999912,
      0.00823199999999999,
      0.004149,
      -0.005417000000000005,
      0.01111200000000001,
      0.0009730000000000016,
      -0.0030300000000000327,
      -0.007461999999999969,
      0.0008500000000000174,
      0.007354000000000027,
      -0.003953999999999999,
      -0.0004000000000000045,
      0.0015599999999999989,
      -0.0008109999999999992,
      0.001564999999999997,
      -0.001746000000000001,
      0.0005130000000000013,
      -0.0013759999999999883,
      -0.0008190000000000003,
      -0.0005000000000000004,
      -0.0002060000000000048,
      0.0010439999999999998,
      -0.001351000000000005,
      0.00037600000000000133,
      -0.0010639999999999955,
      0.0001810000000000006,
      -0.0003599999999999992,
      -0.0005310000000000002,
      -0.001565999999999998,
      0.0010640000000000094,
      -0.003380999999999995,
      0.0005070000000000005,
      -0.0015169999999999975,
      0.000562,
      -0.0029720000000000024,
      -0.0017169999999999963,
      0.0021839999999999984,
      0.008310999999999999,
      0.00959199999999999,
      0.0016080000000000053,
      0.0009629999999999986,
      0.0005539999999999989,
      -0.0012679999999999983,
      -0.00012000000000000205,
      0.0014959999999999973,
      0.0019839999999999997,
      0.00035299999999999915,
      0.0003499999999999996,
      0.00036600000000000174,
      0.0012149999999999973,
      0.0010770000000000016,
      0.000614,
      0.000562,
      0.00041500000000000217,
      0.002083999999999999,
      0.0026380000000000015,
      0.0006130000000000024,
      0.00035299999999999915,
      0.00045600000000000154,
      0.0017840000000000009,
      0.0002679999999999974,
      -0.0005789999999999962,
      0.0005459999999999979
    ]
  },
  "excitation_energy": "1.2851",
  "exciting_path_mean_volume": 721.3923166666667,
  "s0_bonds_avg": 1.3023652255648575,
  "s1_bonds_avg": 1.300855634777286,
  "s0_angles_avg": 119.91880398556283,
  "s1_angles_avg": 119.91860116864419,
  "delta_bonds": -0.001509590787571513,
  "delta_angles": -0.00020281691864454388
}