{
  "charge": {
    "element": [
      "C",
      "Si",
      "C",
      "C",
      "C",
      "C",
      "C",
      "C",
      "C",
      "C",
      "C",
      "C",
      "C",
      "N",
      "B",
      "F",
      "F",
      "N",
      "C",
      "C",
      "C",
      "C",
      "C",
      "C",
      "H",
      "H",
      "H",
      "H",
      "H",
      "H",
      "H",
      "H",
      "H",
      "H",
      "H",
      "H",
      "H",
      "H",
      "H",
      "H",
      "H",
      "H",
      "H"
    ],
    "charge_variation": [
      0.0010739999999999986,
      -0.0023249999999999937,
      0.0006019999999999984,
      0.0011600000000000013,
      0.009575,
      -0.0005030000000000034,
      0.012956000000000002,
      -0.0011810000000000015,
      0.00938,
      0.024241999999999986,
      0.0008739999999999998,
      0.011801000000000006,
      0.02492799999999995,
      -0.006008000000000013,
      0.005395000000000039,
      -0.004133999999999971,
      -0.00435299999999994,
      -0.06631999999999999,
      0.009448000000000012,
      -0.046175999999999995,
      -0.057453000000000004,
      0.04424600000000001,
      0.0008800000000000058,
      -0.0009790000000000007,
      0.0006360000000000011,
      1.4999999999997654e-05,
      0.0007049999999999973,
      0.0009720000000000006,
      0.00028800000000000006,
      -0.00027299999999999894,
      0.0006650000000000024,
      -0.00013900000000000023,
      0.0007170000000000024,
      0.0010529999999999984,
      0.0061189999999999994,
      0.0031199999999999978,
      0.0009390000000000023,
      0.0013880000000000003,
      -0.0009510000000000005,
      0.007772000000000001,
      0.0072450000000000014,
      0.0019580000000000014,
      0.0006410000000000027
    ]
  },
  "ground_state": {
    "HOMO-LUMO": 1.607139566174138,
    "charge": {
      "element": [
        "C",
        "Si",
        "C",
        "C",
        "C",
        "C",
        "C",
        "C",
        "C",
        "C",
        "C",
        "C",
        "C",
        "N",
        "B",
        "F",
        "F",
        "N",
        "C",
        "C",
        "C",
        "C",
        "C",
        "C",
        "H",
        "H",
        "H",
        "H",
        "H",
        "H",
        "H",
        "H",
        "H",
        "H",
        "H",
        "H",
        "H",
        "H",
        "H",
        "H",
        "H",
        "H",
        "H"
      ],
      "charge": [
        -0.047425,
        -0.08738,
        -0.049758,
        -0.049716,
        0.080049,
        -0.037326,
        -0.048991,
        0.032821,
        0.061763,
        0.201529,
        -0.124501,
        -0.146099,
        0.274921,
        -0.251284,
        0.733498,
        -0.518568,
        -0.518572,
        -0.252593,
        0.274934,
        -0.146396,
        -0.124995,
        0.202211,
        -0.048689,
        -0.03647,
        0.021491,
        0.021649,
        0.024632,
        0.025303,
        0.022958,
        0.021741,
        0.023103,
        0.021723,
        0.025324,
        0.03534,
        0.035579,
        0.046479,
        0.048454,
        0.044843,
        0.044737,
        0.048497,
        0.046473,
        0.03575,
        0.032963
      ]
    },
    "structure": {
      "bonds": 1.310412048793913,
      "angles": 116.08347038915505,
      "DA": 92.09110392036412
    },
    "rotational_constant": {
      "A": 0.0924924,
      "B": 0.105718,
      "C": 0.4909229
    },
    "rays_asymmetry_parameter": 0.9336115081551236,
    "volume": 476.34425
  },
  "excited_state": {
    "HOMO-LUMO": 1.3991629773711662,
    "charge": {
      "element": [
        "C",
        "Si",
        "C",
        "C",
        "C",
        "C",
        "C",
        "C",
        "C",
        "C",
        "C",
        "C",
        "C",
        "N",
        "B",
        "F",
        "F",
        "N",
        "C",
        "C",
        "C",
        "C",
        "C",
        "C",
        "H",
        "H",
        "H",
        "H",
        "H",
        "H",
        "H",
        "H",
        "H",
        "H",
        "H",
        "H",
        "H",
        "H",
        "H",
        "H",
        "H",
        "H",
        "H"
      ],
      "charge": [
        -0.046351,
        -0.089705,
        -0.049156,
        -0.048556,
        0.089624,
        -0.037829,
        -0.036035,
        0.03164,
        0.071143,
        0.225771,
        -0.123627,
        -0.134298,
        0.299849,
        -0.257292,
        0.738893,
        -0.522702,
        -0.522925,
        -0.318913,
        0.284382,
        -0.192572,
        -0.182448,
        0.246457,
        -0.047809,
        -0.037449,
        0.022127,
        0.021664,
        0.025337,
        0.026275,
        0.023246,
        0.021468,
        0.023768,
        0.021584,
        0.026041,
        0.036393,
        0.041698,
        0.049599,
        0.049393,
        0.046231,
        0.043786,
        0.056269,
        0.053718,
        0.037708,
        0.033604
      ]
    },
    "structure": {
      "bonds": 1.3147043644947827,
      "angles": 116.07335520832744,
      "DA": 92.06562387164017
    },
    "rotational_constant": {
      "A": 0.091246,
      "B": 0.1047214,
      "C": 0.4894677
    },
    "rays_asymmetry_parameter": 0.9323221210697457,
    "excited_energy": "1.8187",
    "volume": 476.11889
  },
  "exciting_path_mean_volume": 476.02032
}