{
  "s0_rotational_constant_a": 0.0119488,
  "s0_rotational_constant_b": 0.0138265,
  "s0_rotational_constant_c": 0.0759026,
  "s1_rotational_constant_a": 0.0119356,
  "s1_rotational_constant_b": 0.0138227,
  "s1_rotational_constant_c": 0.0758874,
  "s0_rays_asymmetry_parameter": 0.9412794861290493,
  "s1_rays_asymmetry_parameter": 0.9409836783327443,
  "s0_volume": 1241.91214,
  "s1_volume": 1239.88656,
  "delta_volume": -2.025579999999991,
  "s0_homo_lumo_gap": 1.584543234976704,
  "s1_homo_lumo_gap": 1.2504990368233084,
  "delta_gap": -0.3340441981533955,
  "s0_dihedral_avg": 91.96118349660976,
  "s1_dihedral_avg": 91.97795250556726,
  "delta_dihedral": 0.016769008957496112,
  "delta_dipole": {
    "element": [
      "C",
      "C",
      "C",
      "C",
      "C",
      "C",
      "C",
      "C",
      "C",
      "C",
      "C",
      "C",
      "C",
      "N",
      "C",
      "C",
      "C",
      "C",
      "C",
      "C",
      "C",
      "C",
      "C",
      "C",
      "C",
      "C",
      "C",
      "C",
      "C",
      "C",
      "C",
      "C",
      "C",
      "C",
      "C",
      "C",
      "C",
      "C",
      "C",
      "C",
      "C",
      "C",
      "C",
      "C",
      "C",
      "C",
      "C",
      "N",
      "C",
      "C",
      "C",
      "C",
      "C",
      "C",
      "N",
      "C",
      "C",
      "C",
      "C",
      "C",
      "C",
      "C",
      "C",
      "C",
      "C",
      "H",
      "H",
      "H",
      "H",
      "H",
      "H",
      "H",
      "H",
      "H",
      "H",
      "H",
      "H",
      "H",
      "H",
      "H",
      "H",
      "H",
      "H",
      "H",
      "H",
      "H",
      "H",
      "H",
      "H",
      "H",
      "H",
      "H",
      "H",
      "H",
      "H",
      "H",
      "H",
      "H",
      "H",
      "H",
      "H",
      "H",
      "H",
      "H",
      "H",
      "H",
      "H",
      "H",
      "H",
      "H",
      "H",
      "H",
      "H",
      "H",
      "H",
      "H",
      "H",
      "H",
      "H",
      "H"
    ],
    "charge_variation": [
      0.0001719999999999916,
      -0.0005290000000000017,
      0.0016649999999999998,
      0.0005610000000000059,
      0.001341999999999996,
      -0.0009920000000000068,
      -0.007734000000000005,
      0.005768000000000002,
      -0.007872,
      0.0002060000000000048,
      0.0020719999999999975,
      -0.0034339999999999926,
      -0.013247000000000009,
      0.06296500000000005,
      -0.00984999999999997,
      -0.008224000000000009,
      0.003848,
      -0.010314000000000004,
      0.0052239999999999995,
      -0.01280500000000001,
      0.005931000000000006,
      -0.004608000000000001,
      -0.004451999999999998,
      -0.010052999999999992,
      0.0039919999999999956,
      -0.007276000000000005,
      0.0027560000000000006,
      -0.0032210000000000016,
      -0.012869999999999993,
      -0.0027790000000000037,
      0.005999000000000004,
      0.005428000000000002,
      -0.004123000000000002,
      0.0010610000000000064,
      -0.0007439999999999947,
      0.0009189999999999893,
      0.0003490000000000021,
      0.0012179999999999969,
      -0.0024919999999999942,
      -0.004111999999999998,
      0.004506000000000003,
      -0.006971999999999999,
      0.00017100000000000448,
      -0.0004950000000000024,
      -0.0003149999999999993,
      -0.0008060000000000012,
      0.0005489999999999107,
      -0.00036199999999997345,
      0.0020459999999999923,
      -0.0012759999999999994,
      0.0004880000000000023,
      0.00015700000000000436,
      -0.0019740000000000035,
      0.004170000000000007,
      -0.005479000000000012,
      0.0017320000000000113,
      -0.0002919999999999867,
      0.0012659999999999998,
      -0.0004060000000000036,
      0.00018599999999999953,
      -0.0004689999999999972,
      -0.0004950000000000093,
      0.0005450000000000038,
      0.0057890000000000025,
      -0.002028999999999989,
      -0.00021700000000000018,
      9.800000000000086e-05,
      -8.999999999998592e-06,
      -6.400000000000156e-05,
      -0.0007359999999999971,
      -0.0002139999999999989,
      -0.0003119999999999998,
      -0.00028299999999999853,
      -0.00019600000000000173,
      0.0004869999999999944,
      0.0024339999999999987,
      0.0012590000000000032,
      0.0003310000000000049,
      0.0008169999999999983,
      0.0004799999999999978,
      0.0004689999999999972,
      0.0005270000000000066,
      0.001172000000000003,
      0.0001439999999999983,
      0.0009469999999999999,
      5.000000000000143e-05,
      0.0008030000000000016,
      0.001124,
      0.0009160000000000001,
      0.00029699999999999865,
      0.0005380000000000003,
      0.0005790000000000031,
      0.0008680000000000007,
      0.0014970000000000053,
      0.0026520000000000016,
      -0.0005070000000000005,
      -0.00019699999999999926,
      0.0003009999999999992,
      0.0008409999999999997,
      -0.0023299999999999987,
      8.599999999999927e-05,
      0.0005330000000000005,
      -0.0003820000000000004,
      -0.0009650000000000006,
      0.0010580000000000034,
      0.002123,
      0.0009149999999999991,
      -0.00027299999999999547,
      6.599999999999662e-05,
      -2.000000000002e-06,
      0.00015199999999999936,
      0.0002520000000000022,
      0.00018599999999999867,
      -0.0009370000000000003,
      6.900000000000656e-05,
      -0.00010100000000000386,
      -8.200000000000568e-05,
      9.400000000000033e-05,
      0.0006250000000000006,
      0.002044000000000004
    ]
  },
  "excitation_energy": "1.4408",
  "exciting_path_mean_volume": 1240.8653916666665,
  "s0_bonds_avg": 1.1436539538083845,
  "s1_bonds_avg": 1.284086254067692,
  "s0_angles_avg": 116.85755133125443,
  "s1_angles_avg": 116.84169104821754,
  "delta_bonds": 0.14043230025930753,
  "delta_angles": -0.015860283036886358
}