{
  "s0_rotational_constant_a": 0.0091276,
  "s0_rotational_constant_b": 0.0103353,
  "s0_rotational_constant_c": 0.0565082,
  "s1_rotational_constant_a": 0.0093728,
  "s1_rotational_constant_b": 0.0102592,
  "s1_rotational_constant_c": 0.0564487,
  "s0_rays_asymmetry_parameter": 0.9490213294048618,
  "s1_rays_asymmetry_parameter": 0.9623416652682159,
  "s0_volume": 1357.6095,
  "s1_volume": 1358.16832,
  "delta_volume": 0.5588199999999688,
  "s0_homo_lumo_gap": 1.0272242093411506,
  "s1_homo_lumo_gap": 0.08994994268573908,
  "delta_gap": -0.9372742666554115,
  "s0_dihedral_avg": 92.22470629521901,
  "s1_dihedral_avg": 91.93288672680902,
  "delta_dihedral": -0.29181956840999135,
  "delta_dipole": {
    "element": [
      "C",
      "C",
      "C",
      "C",
      "C",
      "C",
      "C",
      "O",
      "C",
      "C",
      "C",
      "C",
      "O",
      "C",
      "C",
      "C",
      "C",
      "C",
      "C",
      "C",
      "C",
      "C",
      "S",
      "O",
      "O",
      "C",
      "C",
      "C",
      "C",
      "C",
      "N",
      "C",
      "C",
      "C",
      "C",
      "C",
      "C",
      "C",
      "C",
      "C",
      "C",
      "C",
      "C",
      "C",
      "C",
      "C",
      "S",
      "O",
      "O",
      "C",
      "C",
      "C",
      "C",
      "C",
      "N",
      "C",
      "C",
      "C",
      "C",
      "C",
      "C",
      "C",
      "C",
      "C",
      "C",
      "C",
      "C",
      "C",
      "C",
      "C",
      "H",
      "H",
      "H",
      "H",
      "H",
      "H",
      "H",
      "H",
      "H",
      "H",
      "H",
      "H",
      "H",
      "H",
      "H",
      "H",
      "H",
      "H",
      "H",
      "H",
      "H",
      "H",
      "H",
      "H",
      "H",
      "H",
      "H",
      "H",
      "H",
      "H",
      "H",
      "H",
      "H",
      "H",
      "H",
      "H",
      "H",
      "H",
      "H",
      "H",
      "H",
      "H",
      "H",
      "H",
      "H",
      "H",
      "H",
      "H",
      "H",
      "H",
      "H",
      "H",
      "H",
      "H",
      "H",
      "H",
      "H",
      "H",
      "H",
      "H"
    ],
    "charge_variation": [
      -0.0013340000000000019,
      0.0011660000000000004,
      -8.89999999999988e-05,
      -0.00023200000000000998,
      -0.004274,
      0.0001260000000000011,
      0.00037700000000000233,
      0.0071750000000000425,
      0.02102300000000007,
      -0.017074000000000002,
      -0.00706900000000002,
      0.014811999999999936,
      0.0068969999999999865,
      -0.004033999999999982,
      -0.0017479999999999996,
      0.002008999999999997,
      0.0008849999999999969,
      0.0017120000000000017,
      -0.0005439999999999993,
      0.001009999999999997,
      0.018123,
      -0.01252499999999998,
      0.006813999999999987,
      -0.006108000000000002,
      -0.009089000000000014,
      -0.0037490000000000023,
      0.01189,
      -0.003159000000000002,
      0.013078000000000006,
      -0.00028800000000001047,
      0.001490999999999909,
      -0.00017899999999998473,
      -0.004700999999999983,
      0.002969,
      0.0013750000000000012,
      0.002222,
      -0.00017300000000000648,
      -0.00030000000000002247,
      -0.004515000000000019,
      0.0030509999999999995,
      0.001117999999999994,
      0.0021650000000000003,
      -0.00017899999999998473,
      0.01280500000000001,
      0.001484,
      0.0035560000000000036,
      5.199999999994098e-05,
      -0.009126999999999996,
      -0.013580999999999954,
      -0.03278700000000001,
      0.037528000000000006,
      -0.020176999999999997,
      0.038564,
      -0.012689999999999979,
      -0.012785000000000046,
      -0.0012580000000000369,
      -0.002481000000000011,
      -0.005645,
      0.008121000000000003,
      -0.005633999999999999,
      0.026267,
      0.044837000000000016,
      -0.07972300000000002,
      0.027486,
      -0.077179,
      0.023728,
      -0.08186400000000002,
      0.04251100000000001,
      -0.007378999999999999,
      0.044199,
      0.0006270000000000026,
      0.0002449999999999987,
      0.00026600000000000235,
      6.199999999999956e-05,
      0.00047000000000000167,
      -0.0003380000000000015,
      0.0007369999999999998,
      0.0013310000000000023,
      -0.0004030000000000006,
      0.003765000000000001,
      0.0022019999999999956,
      -0.0010430000000000023,
      0.0013300000000000013,
      0.0007269999999999985,
      -0.0019309999999999987,
      0.004806000000000001,
      0.0007810000000000004,
      -0.001635000000000001,
      -0.0001270000000000021,
      0.0015109999999999985,
      0.0005259999999999987,
      -0.0010749999999999996,
      -0.00051,
      0.002766000000000001,
      -0.0003859999999999992,
      -0.0006399999999999999,
      -0.00022699999999999804,
      0.0005070000000000005,
      -0.00024400000000000116,
      -2.1000000000000185e-05,
      0.0019549999999999984,
      0.000671999999999999,
      -0.0009419999999999984,
      0.0004329999999999959,
      0.0011409999999999962,
      0.0005570000000000019,
      0.001125000000000001,
      -0.0007319999999999965,
      0.0003439999999999971,
      0.0011510000000000062,
      0.0005539999999999989,
      0.0010490000000000013,
      0.0007349999999999995,
      0.0031170000000000017,
      -0.00011099999999999999,
      0.0014780000000000001,
      0.0012469999999999981,
      -0.0011590000000000003,
      -0.0017179999999999973,
      -0.0015340000000000006,
      0.0012330000000000015,
      0.002702000000000003,
      -0.004499999999999997,
      -0.0057329999999999985,
      -0.0006280000000000036,
      -0.006037999999999998,
      -5.6000000000000494e-05,
      -0.0007929999999999951,
      0.0051199999999999996,
      -0.003705
    ]
  },
  "excitation_energy": "0.1037",
  "exciting_path_mean_volume": 1358.4866833333333,
  "s0_bonds_avg": 1.273137472798623,
  "s1_bonds_avg": 1.2845857953858697,
  "delta_bonds": 0.011448322587246595,
  "s0_angles_avg": 115.79777960816091,
  "s1_angles_avg": 115.7764830983791,
  "delta_angles": -0.02129650978180564
}