{
  "charge": {
    "element": [
      "N",
      "C",
      "C",
      "C",
      "N",
      "C",
      "C",
      "C",
      "C",
      "C",
      "C",
      "C",
      "C",
      "C",
      "N",
      "C",
      "C",
      "C",
      "C",
      "C",
      "C",
      "C",
      "C",
      "C",
      "C",
      "C",
      "C",
      "C",
      "C",
      "C",
      "C",
      "H",
      "H",
      "H",
      "H",
      "H",
      "H",
      "H",
      "H",
      "H",
      "H",
      "H",
      "H",
      "H",
      "H",
      "H",
      "H",
      "H",
      "H",
      "H"
    ],
    "charge_variation": [
      -0.026541999999999955,
      0.01428599999999991,
      -0.028199000000000002,
      0.02181299999999997,
      -0.03846099999999997,
      -0.015777,
      0.008919,
      -0.0006360000000000046,
      -0.001349999999999997,
      0.006595000000000004,
      0.015668,
      -0.010839000000000001,
      0.006972000000000006,
      -0.01821499999999998,
      0.15780499999999997,
      -0.004815999999999987,
      -0.066537,
      0.008085,
      -0.035734,
      0.003126,
      -0.046555,
      -0.0028859999999999997,
      -0.05017300000000001,
      0.004817,
      -0.038346000000000005,
      0.009557,
      -0.06963299999999999,
      0.007880999999999999,
      -0.009409,
      -0.006769999999999998,
      0.007936000000000002,
      0.01287,
      0.026402000000000002,
      0.008684999999999998,
      0.010144,
      0.011184,
      0.008569,
      0.005387000000000003,
      0.008990999999999999,
      0.006537999999999999,
      0.013985000000000004,
      0.014136000000000003,
      0.006426999999999999,
      0.009143000000000002,
      0.0052260000000000015,
      0.007914000000000001,
      0.011592000000000005,
      0.011031999999999997,
      0.008445000000000001,
      0.010749999999999996
    ]
  },
  "ground_state": {
    "HOMO-LUMO": 1.3228649847838772,
    "structure": {
      "bonds": 1.29039711605283,
      "angles": 121.44250512292147,
      "DA": 89.9370676923011
    },
    "rotational_constant": {
      "A": 0.0444115,
      "B": 0.0493436,
      "C": 0.3271121
    },
    "rays_asymmetry_parameter": 0.9651072548130425,
    "volume": 577.71014
  },
  "excited_state": {
    "HOMO-LUMO": 0.3690543615910382,
    "structure": {
      "bonds": 1.2711123086573586,
      "angles": 121.41484437731795,
      "DA": 90.23632913889955
    },
    "rotational_constant": {
      "A": 0.0444807,
      "B": 0.0495214,
      "C": 0.3328546
    },
    "rays_asymmetry_parameter": 0.9650405255121909,
    "excited_energy": "0.4355",
    "volume": 575.83515
  },
  "exciting_path_mean_volume": 577.9087483333333
}