{
  "s0_rotational_constant_a": 0.0067034,
  "s0_rotational_constant_b": 0.0072695,
  "s0_rotational_constant_c": 0.0548639,
  "s1_rotational_constant_a": 0.0067064,
  "s1_rotational_constant_b": 0.0072827,
  "s1_rotational_constant_c": 0.0548726,
  "s0_rays_asymmetry_parameter": 0.9764911078580994,
  "s1_rays_asymmetry_parameter": 0.9760703563909963,
  "s0_volume": 1538.47308,
  "s1_volume": 1535.48857,
  "delta_volume": -2.98451,
  "s0_homo_lumo_gap": 1.6190254976132508,
  "s1_homo_lumo_gap": 1.2649999820245523,
  "delta_gap": -0.35402551558869844,
  "s0_dihedral_avg": -0.34981628838301854,
  "s1_dihedral_avg": -2.814192498435744,
  "delta_dihedral": -2.4643762100527256,
  "delta_dipole": null,
  "excitation_energy": "1.4560",
  "exciting_path_mean_volume": 1536.1398666666666,
  "s0_bonds_avg": 1.2892866112850625,
  "s1_bonds_avg": 1.2969404289716875,
  "s0_angles_avg": 117.85882157768236,
  "s1_angles_avg": 117.85784713121326
}