{"charge": {"element": ["C", "C", "C", "N", "C", "C", "C", "C", "C", "C", "C", "C", "C", "C", "N", "C", "C", "C", "C", "C", "C", "C", "C", "C", "C", "C", "C", "C", "C", "C", "C", "C", "C", "C", "C", "C", "C", "N", "B", "F", "F", "C", "C", "H", "H", "H", "H", "H", "H", "H", "H", "H", "H", "H", "H", "H", "H", "H", "H", "H", "H", "H", "H", "H", "H", "H", "H", "H", "H", "H", "H", "H", "H", "H", "H"], "charge_variation": [0.0016049999999999953, -0.0008599999999999997, 0.005292000000000019, -0.017398000000000025, 0.024479, -0.004942000000000002, 0.004542000000000001, 0.0008609999999999937, 0.006989999999999996, -0.006165000000000004, 0.016382, -0.005302000000000001, 0.02234, -0.01391199999999998, 0.030073999999999934, 0.002939000000000025, -0.02541099999999999, 0.007381, -0.016685000000000005, 0.005187, -0.016474000000000016, 0.002933999999999992, -0.016472000000000014, 0.005184, -0.016684000000000004, 0.00738, -0.025407999999999986, 0.022335999999999995, -0.005294, 0.006997000000000003, 0.0007980000000000001, 0.024569000000000007, -0.01286699999999999, 0.0009389999999999954, 0.005279000000000034, -0.0009160000000000001, 0.0016199999999999964, -0.017332999999999987, 3.999999999992898e-05, -0.0012410000000000476, -0.0012529999999999486, -0.01282499999999999, 0.0009200000000000041, 0.0003140000000000018, -0.0009270000000000007, -0.00019499999999999726, -0.0007640000000000008, 0.0017059999999999992, 0.0014230000000000007, -0.0009610000000000035, 0.0010280000000000011, 0.0005030000000000034, -0.002042000000000002, -0.0010299999999999997, -0.00015299999999999342, -0.0005330000000000022, 0.002896999999999997, 0.002897999999999998, -0.0005330000000000022, -0.00015399999999999442, -0.0010299999999999997, -0.002041000000000001, 0.0005040000000000044, 0.0010290000000000021, -0.0009639999999999996, 0.0014310000000000017, 0.002334999999999997, 0.001574000000000006, 0.0017210000000000003, -0.0007650000000000001, 0.00031799999999999884, -0.0009169999999999994, -0.00021999999999999797, 0.002361000000000002, 0.0015600000000000058]}, "ground_state": {"HOMO-LUMO": 1.2284741446373704, "charge": {"element": ["C", "C", "C", "N", "C", "C", "C", "C", "C", "C", "C", "C", "C", "C", "N", "C", "C", "C", "C", "C", "C", "C", "C", "C", "C", "C", "C", "C", "C", "C", "C", "C", "C", "C", "C", "C", "C", "N", "B", "F", "F", "C", "C", "H", "H", "H", "H", "H", "H", "H", "H", "H", "H", "H", "H", "H", "H", "H", "H", "H", "H", "H", "H", "H", "H", "H", "H", "H", "H", "H", "H", "H", "H", "H", "H"], "charge": [-0.069631, -0.045854, 0.3907, -0.308268, 0.203214, 0.052697, 0.026628, -0.048398, -0.065466, 0.084206, 0.009123, -0.040743, -0.137935, 0.391901, -0.524102, 0.389022, -0.143075, -0.006614, -0.077786, -0.005951, -0.141867, 0.389026, -0.141868, -0.005948, -0.077786, -0.006614, -0.143077, -0.137931, -0.040752, -0.065473, -0.048336, 0.203126, -0.120425, -0.191384, 0.390713, -0.045797, -0.069649, -0.30834, 0.751762, -0.525453, -0.52544, -0.120468, -0.191365, 0.036619, 0.011775, 0.025153, 0.013091, 0.052342, 0.034155, 0.036207, 0.034087, 0.040908, 0.03866, 0.0298, 0.032801, 0.02996, 0.039695, 0.039695, 0.02996, 0.032802, 0.0298, 0.038659, 0.040907, 0.034086, 0.03621, 0.034147, 0.046462, 0.048135, 0.052327, 0.013096, 0.036612, 0.011767, 0.025178, 0.046436, 0.048149]}, "structure": {"bonds": 1.2757847283187653, "angles": 117.70067298276126, "DA": 3.0127845304061087}, "rotational_constant": {"A": 0.0223123, "B": 0.0224386, "C": 0.1882746}, "rays_asymmetry_parameter": 0.9984779675866146, "volume": 800.15403}, "excited_state": {"HOMO-LUMO": 0.9023130837044682, "charge": {"element": ["C", "C", "C", "N", "C", "C", "C", "C", "C", "C", "C", "C", "C", "C", "N", "C", "C", "C", "C", "C", "C", "C", "C", "C", "C", "C", "C", "C", "C", "C", "C", "C", "C", "C", "C", "C", "C", "N", "B", "F", "F", "C", "C", "H", "H", "H", "H", "H", "H", "H", "H", "H", "H", "H", "H", "H", "H", "H", "H", "H", "H", "H", "H", "H", "H", "H", "H", "H", "H", "H", "H", "H", "H", "H", "H"], "charge": [-0.068026, -0.046714, 0.395992, -0.325666, 0.227693, 0.047755, 0.03117, -0.047537, -0.058476, 0.078041, 0.025505, -0.046045, -0.115595, 0.377989, -0.494028, 0.391961, -0.168486, 0.000767, -0.094471, -0.000764, -0.158341, 0.39196, -0.15834, -0.000764, -0.09447, 0.000766, -0.168485, -0.115595, -0.046046, -0.058476, -0.047538, 0.227695, -0.133292, -0.190445, 0.395992, -0.046713, -0.068029, -0.325673, 0.751802, -0.526694, -0.526693, -0.133293, -0.190445, 0.036933, 0.010848, 0.024958, 0.012327, 0.054048, 0.035578, 0.035246, 0.035115, 0.041411, 0.036618, 0.02877, 0.032648, 0.029427, 0.042592, 0.042593, 0.029427, 0.032648, 0.02877, 0.036618, 0.041411, 0.035115, 0.035246, 0.035578, 0.048797, 0.049709, 0.054048, 0.012331, 0.03693, 0.01085, 0.024958, 0.048797, 0.049709]}, "structure": {"bonds": 1.2844583966622223, "angles": 117.69758399290924, "DA": 0.9883827914343905}, "rotational_constant": {"A": 0.0219816, "B": 0.0231389, "C": 0.1877488}, "rays_asymmetry_parameter": 0.9860370447229608, "excited_energy": "1.0678", "volume": 801.69682}, "exciting_path_mean_volume": 800.4025933333334}