{
  "s0_rotational_constant_a": 0.0094066,
  "s0_rotational_constant_b": 0.0094778,
  "s0_rotational_constant_c": 0.0910251,
  "s1_rotational_constant_a": 0.0092359,
  "s1_rotational_constant_b": 0.0093427,
  "s1_rotational_constant_c": 0.0921607,
  "s0_rays_asymmetry_parameter": 0.9982552975122062,
  "s1_rays_asymmetry_parameter": 0.9974241722620978,
  "s0_volume": 1160.5777,
  "s1_volume": 1159.93348,
  "delta_volume": -0.6442200000001321,
  "s0_homo_lumo_gap": 2.049553091150486,
  "s1_homo_lumo_gap": 1.5737620856264831,
  "delta_gap": -0.47579100552400266,
  "s0_dihedral_avg": -1.814700576628099,
  "s1_dihedral_avg": 2.7896634657538053,
  "delta_dihedral": 4.6043640423819046,
  "delta_dipole": null,
  "excitation_energy": "1.8110",
  "exciting_path_mean_volume": 1159.752235,
  "s0_bonds_avg": 1.2861567159994916,
  "s1_bonds_avg": 1.309127841114407,
  "s0_angles_avg": 119.67672440034627,
  "s1_angles_avg": 119.67532094312082
}