{
  "s0_rotational_constant_a": 0.0440068,
  "s0_rotational_constant_b": 0.0787438,
  "s0_rotational_constant_c": 0.094163,
  "s1_rotational_constant_a": 0.0446715,
  "s1_rotational_constant_b": 0.0830177,
  "s1_rotational_constant_c": 0.0915345,
  "s0_rays_asymmetry_parameter": -0.38515278270682407,
  "s1_rays_asymmetry_parameter": -0.6365234833450695,
  "s0_volume": 647.48845,
  "s1_volume": 646.5698,
  "delta_volume": -0.9186499999999569,
  "s0_homo_lumo_gap": 1.9170663169042599,
  "s1_homo_lumo_gap": 1.5194400047384322,
  "delta_gap": -0.39762631216582767,
  "s0_dihedral_avg": -4.134437740019368,
  "s1_dihedral_avg": -4.074413065366656,
  "delta_dihedral": 0.060024674652711774,
  "delta_dipole": null,
  "excitation_energy": "2.1225",
  "exciting_path_mean_volume": 646.8844316666667,
  "s0_bonds_avg": 1.3121665785551613,
  "s1_bonds_avg": 1.3163800223909679,
  "s0_angles_avg": 119.33694715073686,
  "s1_angles_avg": 119.34504158390136
}