{"charge": {"element": ["O", "S", "O", "C", "C", "C", "C", "C", "C", "C", "C", "C", "C", "C", "C", "C", "C", "C", "C", "C", "C", "C", "C", "C", "C", "C", "C", "C", "C", "C", "C", "C", "C", "C", "C", "H", "H", "H", "H", "H", "H", "H", "H", "H", "H", "H", "H", "H", "H", "H", "H", "H", "H", "H", "H", "H", "H"], "charge_variation": [-0.0039719999999999756, -0.0022540000000000893, -0.008973000000000009, -0.018533, 0.0053360000000000005, 0.005804, -0.0032060000000000005, 0.003572999999999993, -0.0006470000000000017, -4.700000000000537e-05, 0.0010849999999999992, -0.0017150000000000012, 0.0015839999999999986, -0.00024400000000000116, -0.0015329999999999996, -0.0028400000000000022, 0.010176000000000001, -0.005317999999999996, 0.0028800000000000006, -0.003263000000000002, 0.003931999999999991, -0.00035099999999999715, -0.0004200000000000037, 0.0011430000000000017, -0.0013910000000000033, 0.0016590000000000008, -0.0011410000000000031, -0.0025400000000000006, 0.0033959999999999962, 0.0056880000000000056, -0.0036729999999999957, 0.003131, -0.007376000000000001, 0.006855999999999999, -0.0043269999999999975, 0.001798999999999995, 0.0005500000000000019, 0.0006190000000000015, 0.00018299999999999914, 0.0010299999999999997, 0.0002149999999999999, 0.0011719999999999994, 0.00033500000000000196, 0.0013190000000000007, 0.0006490000000000037, 0.0008070000000000022, 0.001115999999999999, 0.00045600000000000154, 0.000787000000000003, 0.00032799999999999843, 0.0014429999999999998, 0.0011130000000000029, 0.0014230000000000007, -0.0004930000000000004, 0.0006059999999999954, 0.001791000000000001, 0.0002720000000000014]}, "ground_state": {"HOMO-LUMO": 1.9170663169042599, "charge": {"element": ["O", "S", "O", "C", "C", "C", "C", "C", "C", "C", "C", "C", "C", "C", "C", "C", "C", "C", "C", "C", "C", "C", "C", "C", "C", "C", "C", "C", "C", "C", "C", "C", "C", "C", "C", "H", "H", "H", "H", "H", "H", "H", "H", "H", "H", "H", "H", "H", "H", "H", "H", "H", "H", "H", "H", "H", "H"], "charge": [-0.558075, 0.702366, -0.550951, 0.023559, 0.056018, -0.025928, -0.048398, 0.079612, 0.06211, -0.066716, -0.023665, -0.034265, -0.021164, -0.059855, -0.055159, -0.050259, 0.008881, 0.052016, -0.057442, -0.054936, 0.070651, 0.061965, -0.065457, -0.020903, -0.034322, -0.021125, -0.066777, -0.05227, -0.049719, 0.043119, -0.051492, -0.004355, -0.022708, 0.011352, 0.038812, 0.051152, 0.038946, 0.031982, 0.029373, 0.030386, 0.030573, 0.036045, 0.034821, 0.03282, 0.033267, 0.035746, 0.033071, 0.030184, 0.030978, 0.030199, 0.032599, 0.036565, 0.034386, 0.045235, 0.034971, 0.039383, 0.052797]}, "structure": {"bonds": 1.3121665785551613, "angles": 119.33694715073686, "DA": -4.134437740019368}, "rotational_constant": {"A": 0.0440068, "B": 0.0787438, "C": 0.094163}, "rays_asymmetry_parameter": -0.38515278270682407, "volume": 647.48845}, "excited_state": {"HOMO-LUMO": 1.5194400047384322, "charge": {"element": ["O", "S", "O", "C", "C", "C", "C", "C", "C", "C", "C", "C", "C", "C", "C", "C", "C", "C", "C", "C", "C", "C", "C", "C", "C", "C", "C", "C", "C", "C", "C", "C", "C", "C", "C", "H", "H", "H", "H", "H", "H", "H", "H", "H", "H", "H", "H", "H", "H", "H", "H", "H", "H", "H", "H", "H", "H"], "charge": [-0.562047, 0.700112, -0.559924, 0.005026, 0.061354, -0.020124, -0.051604, 0.083185, 0.061463, -0.066763, -0.02258, -0.03598, -0.01958, -0.060099, -0.056692, -0.053099, 0.019057, 0.046698, -0.054562, -0.058199, 0.074583, 0.061614, -0.065877, -0.01976, -0.035713, -0.019466, -0.067918, -0.05481, -0.046323, 0.048807, -0.055165, -0.001224, -0.030084, 0.018208, 0.034485, 0.052951, 0.039496, 0.032601, 0.029556, 0.031416, 0.030788, 0.037217, 0.035156, 0.034139, 0.033916, 0.036553, 0.034187, 0.03064, 0.031765, 0.030527, 0.034042, 0.037678, 0.035809, 0.044742, 0.035577, 0.041174, 0.053069]}, "structure": {"bonds": 1.3163800223909679, "angles": 119.34504158390136, "DA": -4.074413065366656}, "rotational_constant": {"A": 0.0446715, "B": 0.0830177, "C": 0.0915345}, "rays_asymmetry_parameter": -0.6365234833450695, "excited_energy": "2.1225", "volume": 646.5698}, "exciting_path_mean_volume": 646.8844316666667}