{
  "s0_rotational_constant_a": 0.0310262,
  "s0_rotational_constant_b": 0.0349932,
  "s0_rotational_constant_c": 0.2565264,
  "s1_rotational_constant_a": 0.031142,
  "s1_rotational_constant_b": 0.035191,
  "s1_rotational_constant_c": 0.2523437,
  "s0_rays_asymmetry_parameter": 0.9648159957286069,
  "s1_rays_asymmetry_parameter": 0.9633908780990381,
  "s0_volume": 641.15161,
  "s1_volume": 642.01404,
  "delta_volume": 0.8624300000000176,
  "s0_homo_lumo_gap": 2.192099913137189,
  "s1_homo_lumo_gap": 1.6495539465178761,
  "delta_gap": -0.5425459666193131,
  "s0_dihedral_avg": 91.8749090081355,
  "s1_dihedral_avg": 90.59017116398468,
  "delta_dihedral": -1.2847378441508255,
  "delta_dipole": {
    "element": [
      "C",
      "N",
      "C",
      "C",
      "C",
      "C",
      "C",
      "C",
      "C",
      "C",
      "C",
      "S",
      "C",
      "C",
      "C",
      "C",
      "C",
      "C",
      "C",
      "C",
      "N",
      "C",
      "C",
      "C",
      "C",
      "C",
      "C",
      "C",
      "O",
      "C",
      "C",
      "C",
      "C",
      "H",
      "H",
      "H",
      "H",
      "H",
      "H",
      "H",
      "H",
      "H",
      "H",
      "H",
      "H",
      "H",
      "H",
      "H",
      "H",
      "H",
      "H",
      "H",
      "H",
      "H",
      "H",
      "H",
      "H",
      "H",
      "H"
    ],
    "charge_variation": [
      0.00015200000000001324,
      -0.012938999999999923,
      0.0002530000000000032,
      -0.004108999999999974,
      0.007312999999999986,
      -0.003250999999999997,
      0.0035509999999999995,
      0.0003579999999999972,
      -0.005739999999999995,
      -0.0009910000000000058,
      0.004465000000000011,
      0.002445999999999976,
      -0.008181000000000008,
      -0.0021629999999999983,
      -0.005132999999999999,
      0.011281999999999993,
      -0.036572,
      0.017769000000000004,
      -0.042235999999999996,
      0.003898999999999986,
      0.09084500000000006,
      -0.0013060000000000016,
      -0.0010369999999999824,
      -0.04068500000000003,
      0.019351000000000004,
      0.0010519999999999974,
      0.006476000000000003,
      -0.009526999999999952,
      -0.03632000000000002,
      0.012902999999999998,
      0.005985000000000004,
      -0.0026310000000000014,
      0.007685999999999998,
      -0.00023999999999999976,
      -0.0009709999999999996,
      0.0003359999999999995,
      -0.0010150000000000003,
      0.00036799999999999854,
      -0.00025100000000000035,
      0.0004129999999999967,
      4.29999999999979e-05,
      0.005766,
      0.001239000000000004,
      -0.0012459999999999971,
      -0.0003799999999999984,
      -0.0006999999999999992,
      -0.001689000000000003,
      -0.0008609999999999998,
      -0.009106,
      0.014238,
      -0.008505,
      -0.0007180000000000008,
      0.013184000000000001,
      -0.0016639999999999988,
      0.0010420000000000013,
      0.005101000000000001,
      0.0023159999999999986,
      -0.00019500000000000073,
      0.0005350000000000008
    ]
  },
  "excitation_energy": "1.9471",
  "exciting_path_mean_volume": 641.3772083333334,
  "s0_bonds_avg": 1.2906489275987303,
  "s1_bonds_avg": 1.2945739930007936,
  "delta_bonds": 0.003925065402063277,
  "s0_angles_avg": 117.13236198972115,
  "s1_angles_avg": 117.26431525099223,
  "delta_angles": 0.13195326127107876
}