{
  "charge": {
    "element": [
      "C",
      "N",
      "C",
      "C",
      "C",
      "C",
      "C",
      "C",
      "C",
      "C",
      "C",
      "S",
      "C",
      "C",
      "C",
      "C",
      "C",
      "C",
      "C",
      "C",
      "N",
      "C",
      "C",
      "C",
      "C",
      "C",
      "C",
      "C",
      "O",
      "C",
      "C",
      "C",
      "C",
      "H",
      "H",
      "H",
      "H",
      "H",
      "H",
      "H",
      "H",
      "H",
      "H",
      "H",
      "H",
      "H",
      "H",
      "H",
      "H",
      "H",
      "H",
      "H",
      "H",
      "H",
      "H",
      "H",
      "H",
      "H",
      "H"
    ],
    "charge_variation": [
      0.00015200000000001324,
      -0.012938999999999923,
      0.0002530000000000032,
      -0.004108999999999974,
      0.007312999999999986,
      -0.003250999999999997,
      0.0035509999999999995,
      0.0003579999999999972,
      -0.005739999999999995,
      -0.0009910000000000058,
      0.004465000000000011,
      0.002445999999999976,
      -0.008181000000000008,
      -0.0021629999999999983,
      -0.005132999999999999,
      0.011281999999999993,
      -0.036572,
      0.017769000000000004,
      -0.042235999999999996,
      0.003898999999999986,
      0.09084500000000006,
      -0.0013060000000000016,
      -0.0010369999999999824,
      -0.04068500000000003,
      0.019351000000000004,
      0.0010519999999999974,
      0.006476000000000003,
      -0.009526999999999952,
      -0.03632000000000002,
      0.012902999999999998,
      0.005985000000000004,
      -0.0026310000000000014,
      0.007685999999999998,
      -0.00023999999999999976,
      -0.0009709999999999996,
      0.0003359999999999995,
      -0.0010150000000000003,
      0.00036799999999999854,
      -0.00025100000000000035,
      0.0004129999999999967,
      4.29999999999979e-05,
      0.005766,
      0.001239000000000004,
      -0.0012459999999999971,
      -0.0003799999999999984,
      -0.0006999999999999992,
      -0.001689000000000003,
      -0.0008609999999999998,
      -0.009106,
      0.014238,
      -0.008505,
      -0.0007180000000000008,
      0.013184000000000001,
      -0.0016639999999999988,
      0.0010420000000000013,
      0.005101000000000001,
      0.0023159999999999986,
      -0.00019500000000000073,
      0.0005350000000000008
    ]
  },
  "ground_state": {
    "HOMO-LUMO": 2.192099913137189,
    "charge": {
      "element": [
        "C",
        "N",
        "C",
        "C",
        "C",
        "C",
        "C",
        "C",
        "C",
        "C",
        "C",
        "S",
        "C",
        "C",
        "C",
        "C",
        "C",
        "C",
        "C",
        "C",
        "N",
        "C",
        "C",
        "C",
        "C",
        "C",
        "C",
        "C",
        "O",
        "C",
        "C",
        "C",
        "C",
        "H",
        "H",
        "H",
        "H",
        "H",
        "H",
        "H",
        "H",
        "H",
        "H",
        "H",
        "H",
        "H",
        "H",
        "H",
        "H",
        "H",
        "H",
        "H",
        "H",
        "H",
        "H",
        "H",
        "H",
        "H",
        "H"
      ],
      "charge": [
        0.240337,
        -0.660224,
        0.240358,
        0.434326,
        -0.156772,
        -0.04786,
        0.006372,
        0.06176,
        -0.050229,
        -0.063458,
        0.100752,
        -0.169838,
        0.10075,
        -0.063457,
        -0.050227,
        0.06176,
        0.006369,
        -0.047863,
        -0.156719,
        0.434311,
        -0.660201,
        0.240344,
        0.240329,
        -0.153683,
        -0.035339,
        -0.040024,
        -0.062239,
        0.688882,
        -0.756554,
        -0.062237,
        -0.040022,
        -0.035345,
        -0.153638,
        0.005314,
        -0.00901,
        0.013275,
        -0.00829,
        0.014068,
        0.00489,
        0.040513,
        0.03097,
        0.036592,
        0.0377,
        0.037701,
        0.036593,
        0.030975,
        0.040516,
        0.004907,
        0.01407,
        -0.008298,
        0.013266,
        0.005303,
        -0.008989,
        0.041658,
        0.037568,
        0.05937,
        0.059371,
        0.037574,
        0.041668
      ]
    },
    "structure": {
      "bonds": 1.2906489275987303,
      "angles": 117.13236198972115,
      "DA": 91.8749090081355
    },
    "rotational_constant": {
      "A": 0.0310262,
      "B": 0.0349932,
      "C": 0.2565264
    },
    "rays_asymmetry_parameter": 0.9648159957286069,
    "volume": 641.15161
  },
  "excited_state": {
    "HOMO-LUMO": 1.6495539465178761,
    "charge": {
      "element": [
        "C",
        "N",
        "C",
        "C",
        "C",
        "C",
        "C",
        "C",
        "C",
        "C",
        "C",
        "S",
        "C",
        "C",
        "C",
        "C",
        "C",
        "C",
        "C",
        "C",
        "N",
        "C",
        "C",
        "C",
        "C",
        "C",
        "C",
        "C",
        "O",
        "C",
        "C",
        "C",
        "C",
        "H",
        "H",
        "H",
        "H",
        "H",
        "H",
        "H",
        "H",
        "H",
        "H",
        "H",
        "H",
        "H",
        "H",
        "H",
        "H",
        "H",
        "H",
        "H",
        "H",
        "H",
        "H",
        "H",
        "H",
        "H",
        "H"
      ],
      "charge": [
        0.240489,
        -0.673163,
        0.240611,
        0.430217,
        -0.149459,
        -0.051111,
        0.009923,
        0.062118,
        -0.055969,
        -0.064449,
        0.105217,
        -0.167392,
        0.092569,
        -0.06562,
        -0.05536,
        0.073042,
        -0.030203,
        -0.030094,
        -0.198955,
        0.43821,
        -0.569356,
        0.239038,
        0.239292,
        -0.194368,
        -0.015988,
        -0.038972,
        -0.055763,
        0.679355,
        -0.792874,
        -0.049334,
        -0.034037,
        -0.037976,
        -0.145952,
        0.005074,
        -0.009981,
        0.013611,
        -0.009305,
        0.014436,
        0.004639,
        0.040926,
        0.031013,
        0.042358,
        0.038939,
        0.036455,
        0.036213,
        0.030275,
        0.038827,
        0.004046,
        0.004964,
        0.00594,
        0.004761,
        0.004585,
        0.004195,
        0.039994,
        0.03861,
        0.064471,
        0.061687,
        0.037379,
        0.042203
      ]
    },
    "structure": {
      "bonds": 1.2945739930007936,
      "angles": 117.26431525099223,
      "DA": 90.59017116398468
    },
    "rotational_constant": {
      "A": 0.031142,
      "B": 0.035191,
      "C": 0.2523437
    },
    "rays_asymmetry_parameter": 0.9633908780990381,
    "excited_energy": "1.9471",
    "volume": 642.01404
  },
  "exciting_path_mean_volume": 641.3772083333334
}