{
  "charge": {
    "element": [
      "C",
      "C",
      "C",
      "C",
      "C",
      "C",
      "C",
      "C",
      "C",
      "C",
      "N",
      "B",
      "F",
      "F",
      "N",
      "C",
      "C",
      "C",
      "C",
      "C",
      "C",
      "H",
      "H",
      "H",
      "H",
      "H",
      "H",
      "H",
      "H",
      "H",
      "H",
      "H",
      "H",
      "H"
    ],
    "charge_variation": [
      0.0005440000000000028,
      0.009816000000000005,
      -0.0004930000000000004,
      0.0011359999999999981,
      -0.00036800000000000027,
      0.009267000000000011,
      0.024479,
      0.0002960000000000046,
      0.011378,
      0.024658000000000013,
      -0.007406000000000024,
      0.005807000000000007,
      -0.004121000000000041,
      -0.0043520000000000225,
      -0.066357,
      0.009923000000000015,
      -0.04608300000000001,
      -0.057608999999999994,
      0.044528999999999985,
      0.012756000000000003,
      -0.0004709999999999992,
      0.0016460000000000016,
      0.0009879999999999993,
      0.00046399999999999914,
      0.0006029999999999994,
      0.001998999999999994,
      0.003049000000000003,
      0.0009460000000000024,
      0.0012949999999999975,
      -0.000897000000000002,
      0.0078049999999999994,
      0.007273000000000002,
      0.006276999999999998,
      0.001225999999999998
    ]
  },
  "ground_state": {
    "HOMO-LUMO": 1.6123532668694995,
    "structure": {
      "bonds": 1.2935618778559457,
      "angles": 117.99237275558407,
      "DA": 89.94226857829318
    },
    "rotational_constant": {
      "A": 0.1670061,
      "B": 0.2157803,
      "C": 0.5810426
    },
    "rays_asymmetry_parameter": 0.7643966172064539,
    "volume": 375.54004
  },
  "excited_state": {
    "HOMO-LUMO": 1.404771243098275,
    "structure": {
      "bonds": 1.2988300494221625,
      "angles": 117.98722522999607,
      "DA": 89.80391755665617
    },
    "rotational_constant": {
      "A": 0.1643546,
      "B": 0.2139282,
      "C": 0.5786874
    },
    "rays_asymmetry_parameter": 0.7607063693726396,
    "excited_energy": "1.8247",
    "volume": 375.46414
  },
  "exciting_path_mean_volume": 375.18396333333334
}