{
  "s0_rotational_constant_a": 0.0101025,
  "s0_rotational_constant_b": 0.0107008,
  "s0_rotational_constant_c": 0.0817047,
  "s1_rotational_constant_a": 0.0107321,
  "s1_rotational_constant_b": 0.0118117,
  "s1_rotational_constant_c": 0.0667916,
  "s0_rays_asymmetry_parameter": 0.9832882229875619,
  "s1_rays_asymmetry_parameter": 0.9614837806259421,
  "s0_volume": 1126.92945,
  "s1_volume": 1125.01226,
  "delta_volume": -1.9171900000001187,
  "s0_homo_lumo_gap": 2.232323777270193,
  "s1_homo_lumo_gap": 1.0694072929421399,
  "delta_gap": -1.1629164843280533,
  "s0_dihedral_avg": -5.819185077995208,
  "s1_dihedral_avg": -1.565789479947969,
  "delta_dihedral": 4.253395598047239,
  "delta_dipole": null,
  "excitation_energy": "1.2302",
  "exciting_path_mean_volume": 1124.4838533333334,
  "s0_bonds_avg": 1.2698250952745043,
  "s1_bonds_avg": 1.2737249390700907,
  "s0_angles_avg": 117.87650667191119,
  "s1_angles_avg": 117.87290388838419
}