{
  "s0_rotational_constant_a": 0.008883,
  "s0_rotational_constant_b": 0.0123297,
  "s0_rotational_constant_c": 0.0276983,
  "s1_rotational_constant_a": 0.0090132,
  "s1_rotational_constant_b": 0.0122226,
  "s1_rotational_constant_c": 0.029862,
  "s0_rays_asymmetry_parameter": 0.6336279517201424,
  "s1_rays_asymmetry_parameter": 0.6921261655347071,
  "s0_volume": 1360.91533,
  "s1_volume": 1361.48251,
  "delta_volume": 0.5671800000000076,
  "s0_homo_lumo_gap": 1.6141818717062857,
  "s1_homo_lumo_gap": 1.04220407485679,
  "delta_gap": -0.5719777968494957,
  "s0_dihedral_avg": 90.01876849392475,
  "s1_dihedral_avg": 90.00260230367317,
  "delta_dihedral": -0.016166190251581725,
  "delta_dipole": {
    "element": [
      "N",
      "C",
      "C",
      "C",
      "C",
      "C",
      "N",
      "C",
      "C",
      "C",
      "C",
      "C",
      "C",
      "C",
      "C",
      "C",
      "C",
      "C",
      "N",
      "C",
      "C",
      "C",
      "C",
      "C",
      "C",
      "C",
      "C",
      "C",
      "C",
      "C",
      "C",
      "C",
      "C",
      "C",
      "C",
      "C",
      "C",
      "C",
      "C",
      "C",
      "C",
      "C",
      "C",
      "C",
      "C",
      "C",
      "C",
      "C",
      "C",
      "C",
      "C",
      "C",
      "C",
      "C",
      "C",
      "C",
      "C",
      "C",
      "C",
      "C",
      "C",
      "C",
      "C",
      "C",
      "C",
      "C",
      "C",
      "C",
      "C",
      "C",
      "C",
      "C",
      "C",
      "C",
      "C",
      "H",
      "H",
      "H",
      "H",
      "H",
      "H",
      "H",
      "H",
      "H",
      "H",
      "H",
      "H",
      "H",
      "H",
      "H",
      "H",
      "H",
      "H",
      "H",
      "H",
      "H",
      "H",
      "H",
      "H",
      "H",
      "H",
      "H",
      "H",
      "H",
      "H",
      "H",
      "H",
      "H",
      "H",
      "H",
      "H",
      "H",
      "H",
      "H",
      "H",
      "H",
      "H",
      "H",
      "H",
      "H",
      "H",
      "H"
    ],
    "charge_variation": [
      -0.02274699999999996,
      0.016981000000000024,
      -0.018809999999999997,
      0.004531999999999998,
      0.015315999999999996,
      -0.018035999999999996,
      0.02642,
      -0.01750800000000008,
      -0.0012999999999999956,
      0.0014959999999999973,
      -1.4000000000000123e-05,
      -0.000689000000000009,
      -0.0001290000000000041,
      -0.00038799999999999946,
      -0.0004039999999999981,
      -0.0010739999999999916,
      0.0020789999999999975,
      -0.003276000000000001,
      -0.004442999999999975,
      0.014909000000000006,
      -0.004345000000000002,
      0.0006579999999999989,
      -0.0007959999999999912,
      0.0006429999999999977,
      0.0006620000000000029,
      -0.0007419999999999927,
      0.00041400000000000464,
      -0.00036499999999999033,
      0.0004800000000000082,
      -0.0005749999999999991,
      -0.0003949999999999926,
      -0.0008910000000000029,
      0.0027069999999999976,
      -0.0016620000000000038,
      0.003523000000000002,
      -0.0017589999999999967,
      0.0004009999999999986,
      -0.00022800000000000598,
      0.00018699999999999967,
      -8.200000000000568e-05,
      -5.6000000000000494e-05,
      -0.00027200000000000835,
      0.0002980000000000066,
      -0.001447999999999998,
      -0.001466000000000009,
      0.002864,
      -0.004926999999999997,
      0.0012149999999999939,
      -0.005315,
      0.0018410000000000024,
      -0.002133999999999997,
      -0.0002930000000000016,
      -0.0019759999999999917,
      0.0016310000000000074,
      -0.0018010000000000005,
      0.0004640000000000061,
      -0.0010309999999999903,
      0.0006739999999999975,
      -5.9000000000003494e-05,
      -0.00036900000000000127,
      0.00028700000000000947,
      0.0013819999999999943,
      -0.0011610000000000092,
      0.00014899999999999983,
      0.0011050000000000018,
      -0.0005479999999999999,
      0.0005259999999999987,
      0.0008729999999999988,
      -0.0023180000000000006,
      0.003127999999999999,
      -0.004927000000000001,
      -0.002169,
      -0.005381999999999998,
      0.014312999999999992,
      0.003650999999999998,
      0.004289000000000001,
      0.0007319999999999965,
      0.0005690000000000001,
      8.99999999999998e-05,
      0.00011800000000000005,
      -0.0001239999999999991,
      5.000000000000143e-05,
      0.00010999999999999899,
      -0.0007440000000000016,
      0.0002050000000000038,
      8.199999999999874e-05,
      0.00019399999999999973,
      4.49999999999999e-05,
      -6.199999999999956e-05,
      -0.000452000000000001,
      -0.0003559999999999987,
      0.00015400000000000136,
      -0.0006449999999999997,
      -0.00022099999999999898,
      6.700000000000456e-05,
      -1.000000000001e-06,
      -3.900000000000084e-05,
      5.5999999999997024e-05,
      9.20000000000018e-05,
      0.00029499999999999665,
      0.000905000000000003,
      0.0012830000000000064,
      0.001472000000000001,
      0.0012530000000000041,
      0.0012940000000000035,
      -0.0002539999999999973,
      0.00013099999999999917,
      -0.00035199999999999815,
      -0.00016100000000000142,
      0.00022699999999999804,
      -0.00022300000000000098,
      0.00020000000000000226,
      -0.00015899999999999942,
      -0.0003490000000000021,
      -2.4000000000003185e-05,
      -0.000675000000000002,
      -0.00016700000000000048,
      0.0004860000000000003,
      4.699999999999843e-05,
      -0.0018330000000000013,
      -0.00011400000000000299,
      0.005014999999999999
    ]
  },
  "excitation_energy": "1.2140",
  "exciting_path_mean_volume": 1361.16031,
  "s0_bonds_avg": 1.2969100323932088,
  "s1_bonds_avg": 1.2998748847535821,
  "delta_bonds": 0.00296485236037336,
  "s0_angles_avg": 120.27778141881012,
  "s1_angles_avg": 120.19816131126107,
  "delta_angles": -0.07962010754904725
}