{
  "s0_rotational_constant_a": 0.059519,
  "s0_rotational_constant_b": 0.0768031,
  "s0_rotational_constant_c": 0.1693855,
  "s1_rotational_constant_a": 0.0649432,
  "s1_rotational_constant_b": 0.0853414,
  "s1_rotational_constant_c": 0.1679691,
  "s0_rays_asymmetry_parameter": 0.6853617799784284,
  "s1_rays_asymmetry_parameter": 0.6040180187700376,
  "s0_volume": 672.10058,
  "s1_volume": 669.76437,
  "delta_volume": -2.336210000000051,
  "s0_homo_lumo_gap": 2.285143789899454,
  "s1_homo_lumo_gap": 0.5491202363896641,
  "delta_gap": -1.7360235535097899,
  "s0_dihedral_avg": 9.945884968005798,
  "s1_dihedral_avg": -6.2974360157093425,
  "delta_dihedral": -16.24332098371514,
  "delta_dipole": null,
  "excitation_energy": "0.6485",
  "exciting_path_mean_volume": 674.0455666666667,
  "s0_bonds_avg": 1.2766297824712904,
  "s1_bonds_avg": 1.2826013742140325,
  "s0_angles_avg": 118.00207044670773,
  "s1_angles_avg": 117.98785428596916
}