{
  "s0_rotational_constant_a": 0.059519,
  "s0_rotational_constant_b": 0.0768031,
  "s0_rotational_constant_c": 0.1693855,
  "s1_rotational_constant_a": 0.0649432,
  "s1_rotational_constant_b": 0.0853414,
  "s1_rotational_constant_c": 0.1679691,
  "s0_rays_asymmetry_parameter": 0.6853617799784284,
  "s1_rays_asymmetry_parameter": 0.6040180187700376,
  "s0_volume": 672.10058,
  "s1_volume": 669.76437,
  "delta_volume": -2.336210000000051,
  "s0_homo_lumo_gap": 2.285143789899454,
  "s1_homo_lumo_gap": 0.5491202363896641,
  "delta_gap": -1.7360235535097899,
  "s0_dihedral_avg": 91.37586587113697,
  "s1_dihedral_avg": 91.0675170526255,
  "delta_dihedral": -0.3083488185114618,
  "delta_dipole": {
    "element": [
      "C",
      "C",
      "O",
      "C",
      "S",
      "S",
      "C",
      "C",
      "C",
      "C",
      "C",
      "C",
      "C",
      "C",
      "C",
      "C",
      "C",
      "C",
      "C",
      "C",
      "C",
      "C",
      "C",
      "C",
      "C",
      "C",
      "C",
      "C",
      "C",
      "C",
      "C",
      "C",
      "C",
      "H",
      "H",
      "H",
      "H",
      "H",
      "H",
      "H",
      "H",
      "H",
      "H",
      "H",
      "H",
      "H",
      "H",
      "H",
      "H",
      "H",
      "H",
      "H",
      "H",
      "H",
      "H",
      "H",
      "H",
      "H",
      "H"
    ],
    "charge_variation": [
      0.006831000000000004,
      0.0029710000000000014,
      -0.025762000000000007,
      0.0028839999999999977,
      0.06039099999999997,
      -0.10148300000000002,
      0.05339300000000001,
      -0.0009869999999999948,
      0.013418,
      0.020585,
      0.011661000000000005,
      0.014712000000000001,
      -0.011602,
      0.005988999999999994,
      -0.004789000000000002,
      -0.0020310000000000016,
      -0.005995999999999994,
      -0.001986999999999999,
      -0.0020789999999999975,
      0.004255999999999996,
      -0.006365999999999997,
      -0.003412000000000002,
      -0.0046649999999999955,
      -0.0008019999999999972,
      0.004103000000000009,
      -0.0014340000000000047,
      0.00894700000000001,
      0.004092999999999999,
      -0.007206999999999998,
      -0.007532999999999998,
      -0.008122000000000004,
      0.009788999999999999,
      -0.013894000000000004,
      -0.0035250000000000004,
      -0.006135999999999999,
      0.00016399999999999748,
      -0.004398,
      -0.00696,
      -0.002144,
      -0.0009329999999999963,
      -0.0028369999999999992,
      0.00020299999999999485,
      -0.00011099999999999999,
      -0.0010690000000000005,
      -0.0008550000000000016,
      -0.0008260000000000003,
      0.002444999999999996,
      0.0008629999999999992,
      -0.0012149999999999973,
      -0.0010270000000000001,
      9.999999999999593e-06,
      0.0057919999999999985,
      0.021498999999999997,
      -0.00014100000000000223,
      -0.0025699999999999994,
      -0.0006939999999999967,
      -2.4000000000003185e-05,
      -0.003020000000000002,
      -0.006367000000000001
    ]
  },
  "excitation_energy": "0.6485",
  "exciting_path_mean_volume": 674.0455666666667,
  "s0_bonds_avg": 1.2766297824712904,
  "s1_bonds_avg": 1.2826013742140325,
  "s0_angles_avg": 118.00207044670773,
  "s1_angles_avg": 117.98785428596916,
  "delta_bonds": 0.005971591742742088,
  "delta_angles": -0.014216160738570238
}