{
  "s0_rotational_constant_a": 0.1404489,
  "s0_rotational_constant_b": 0.1736864,
  "s0_rotational_constant_c": 0.5736069,
  "s1_rotational_constant_a": 0.1417922,
  "s1_rotational_constant_b": 0.1710324,
  "s1_rotational_constant_c": 0.569355,
  "s0_rays_asymmetry_parameter": 0.8465340591654777,
  "s1_rays_asymmetry_parameter": 0.8632238351886553,
  "s0_volume": 390.55278,
  "s1_volume": 395.14457,
  "delta_volume": 4.591790000000003,
  "s0_homo_lumo_gap": 1.5775009294445552,
  "s1_homo_lumo_gap": 1.6051585776009523,
  "delta_gap": 0.02765764815639704,
  "s0_dihedral_avg": 89.87890455096185,
  "s1_dihedral_avg": 90.49443430393299,
  "delta_dihedral": 0.6155297529711419,
  "delta_dipole": {
    "element": [
      "C",
      "C",
      "C",
      "C",
      "C",
      "C",
      "C",
      "C",
      "C",
      "C",
      "C",
      "N",
      "B",
      "F",
      "F",
      "N",
      "C",
      "C",
      "C",
      "C",
      "C",
      "C",
      "H",
      "H",
      "H",
      "H",
      "H",
      "H",
      "H",
      "H",
      "H",
      "H",
      "H",
      "H",
      "H"
    ],
    "charge_variation": [
      -0.02163899999999999,
      0.009299,
      -0.007077,
      0.0006470000000000017,
      0.0004190000000000027,
      -0.009533,
      0.0014289999999999997,
      0.023633000000000015,
      -0.005538000000000015,
      0.0033170000000000144,
      0.005963999999999969,
      -0.019239000000000006,
      0.0007240000000000579,
      -0.0007700000000000484,
      -0.0008179999999999854,
      -0.019328000000000012,
      0.005863000000000007,
      0.00315399999999999,
      -0.005681000000000019,
      0.023597000000000007,
      0.0011670000000000014,
      0.0003980000000000025,
      0.0032009999999999955,
      0.0034479999999999997,
      -0.0009500000000000064,
      0.0009890000000000038,
      -0.0023989999999999984,
      0.001904000000000003,
      0.0005849999999999952,
      0.0006979999999999972,
      0.000667999999999995,
      0.0005999999999999964,
      0.0018909999999999969,
      -0.0024279999999999996,
      0.0018069999999999961
    ]
  },
  "excitation_energy": "2.2388",
  "exciting_path_mean_volume": 392.7978,
  "s0_bonds_avg": 1.2929715858052635,
  "s1_bonds_avg": 1.2957437769997369,
  "s0_angles_avg": 118.99565823313085,
  "s1_angles_avg": 118.9978954969023,
  "delta_bonds": 0.0027721911944733613,
  "delta_angles": 0.0022372637714482835
}