{
  "s0_rotational_constant_a": 0.0326276,
  "s0_rotational_constant_b": 0.0387847,
  "s0_rotational_constant_c": 0.1747336,
  "s1_rotational_constant_a": 0.0328163,
  "s1_rotational_constant_b": 0.0385809,
  "s1_rotational_constant_c": 0.1740019,
  "s0_rays_asymmetry_parameter": 0.9133449678409075,
  "s1_rays_asymmetry_parameter": 0.9183401140059608,
  "s0_volume": 777.31005,
  "s1_volume": 775.06534,
  "delta_volume": -2.2447100000000546,
  "s0_homo_lumo_gap": 1.9759789578513267,
  "s1_homo_lumo_gap": 1.4985634328517858,
  "delta_gap": -0.4774155249995409,
  "s0_dihedral_avg": 90.02381865891233,
  "s1_dihedral_avg": 90.07835196334177,
  "delta_dihedral": 0.05453330442944093,
  "delta_dipole": {
    "element": [
      "C",
      "C",
      "C",
      "C",
      "C",
      "C",
      "C",
      "C",
      "C",
      "C",
      "C",
      "C",
      "C",
      "C",
      "C",
      "C",
      "C",
      "C",
      "C",
      "C",
      "C",
      "C",
      "C",
      "C",
      "C",
      "C",
      "C",
      "C",
      "C",
      "C",
      "C",
      "C",
      "C",
      "C",
      "C",
      "C",
      "C",
      "C",
      "C",
      "C",
      "C",
      "C",
      "H",
      "H",
      "H",
      "H",
      "H",
      "H",
      "H",
      "H",
      "H",
      "H",
      "H",
      "H",
      "H",
      "H",
      "H",
      "H",
      "H",
      "H",
      "H",
      "H",
      "H",
      "H",
      "H",
      "H",
      "H",
      "H",
      "H",
      "H"
    ],
    "charge_variation": [
      -0.0014090000000000005,
      0.0011339999999999996,
      -0.002115999999999993,
      -0.0004760000000000042,
      -0.0015109999999999985,
      0.000959999999999999,
      0.0012560000000000071,
      -0.0029860000000000025,
      -0.00027699999999999947,
      -0.0008560000000000026,
      0.00047900000000000026,
      -0.0020800000000000124,
      -0.00012099999999999611,
      -0.0004040000000000016,
      0.0006829999999999961,
      0.0010949999999999918,
      -0.004036999999999999,
      0.005969000000000002,
      -0.007948999999999998,
      0.0036519999999999955,
      -0.002945000000000003,
      -0.0014920000000000072,
      0.0032360000000000028,
      -0.007768999999999998,
      0.0071979999999999995,
      -0.008029999999999995,
      0.0034050000000000052,
      -0.0019559999999999994,
      -0.0022140000000000076,
      0.002967000000000001,
      -0.0003320000000000007,
      0.00046899999999999893,
      -0.0010620000000000004,
      -0.0006459999999999938,
      0.0006569999999999909,
      -0.0020789999999999975,
      -0.00046600000000000114,
      -0.000898999999999997,
      0.00046700000000000214,
      -0.0025439999999999907,
      -0.0019219999999999932,
      -0.0004259999999999993,
      0.00039900000000000005,
      0.0002950000000000001,
      0.0010010000000000019,
      0.0021699999999999983,
      0.00024099999999999816,
      0.00015099999999999836,
      0.0004889999999999999,
      0.001129999999999999,
      0.000673,
      0.0009400000000000033,
      -0.0007010000000000002,
      0.0029860000000000025,
      0.0010459999999999983,
      0.0004860000000000003,
      0.002242000000000001,
      -0.0009839999999999988,
      0.0023019999999999985,
      0.0005740000000000051,
      0.0007119999999999974,
      0.0008329999999999969,
      0.001802000000000005,
      0.002197000000000001,
      0.00012599999999999764,
      0.0003789999999999974,
      0.0003720000000000008,
      0.0011069999999999969,
      0.002243000000000002,
      0.00016500000000000195
    ]
  },
  "excitation_energy": "1.9292",
  "exciting_path_mean_volume": 775.7713399999999,
  "s0_bonds_avg": 1.2985193320671427,
  "s1_bonds_avg": 1.2994130226785712,
  "delta_bonds": 0.0008936906114285215,
  "s0_angles_avg": 119.99832073275752,
  "s1_angles_avg": 119.99685650728107,
  "delta_angles": -0.001464225476453862
}