{
  "s0_rotational_constant_a": 0.0082394,
  "s0_rotational_constant_b": 0.0091926,
  "s0_rotational_constant_c": 0.0608452,
  "s1_rotational_constant_a": 0.0082887,
  "s1_rotational_constant_b": 0.0092488,
  "s1_rotational_constant_c": 0.0609562,
  "s0_rays_asymmetry_parameter": 0.9637606499663535,
  "s1_rays_asymmetry_parameter": 0.9635410832107086,
  "s0_volume": 1336.62017,
  "s1_volume": 1335.4615,
  "delta_volume": -1.1586700000000292,
  "s0_homo_lumo_gap": 1.160434806335271,
  "s1_homo_lumo_gap": 0.9516010590150557,
  "delta_gap": -0.2088337473202153,
  "s0_dihedral_avg": 91.09098885507993,
  "s1_dihedral_avg": 90.87930093667894,
  "delta_dihedral": -0.21168791840098322,
  "delta_dipole": {
    "element": [
      "C",
      "C",
      "C",
      "C",
      "C",
      "C",
      "C",
      "N",
      "C",
      "C",
      "C",
      "C",
      "C",
      "C",
      "C",
      "C",
      "C",
      "C",
      "C",
      "C",
      "C",
      "C",
      "C",
      "C",
      "C",
      "C",
      "C",
      "C",
      "C",
      "C",
      "C",
      "C",
      "C",
      "C",
      "C",
      "C",
      "C",
      "C",
      "C",
      "C",
      "C",
      "C",
      "C",
      "C",
      "N",
      "S",
      "N",
      "C",
      "S",
      "N",
      "C",
      "C",
      "C",
      "C",
      "C",
      "C",
      "C",
      "C",
      "C",
      "C",
      "C",
      "C",
      "C",
      "C",
      "C",
      "C",
      "C",
      "C",
      "C",
      "C",
      "C",
      "H",
      "H",
      "H",
      "H",
      "H",
      "H",
      "H",
      "H",
      "H",
      "H",
      "H",
      "H",
      "H",
      "H",
      "H",
      "H",
      "H",
      "H",
      "H",
      "H",
      "H",
      "H",
      "H",
      "H",
      "H",
      "H",
      "H",
      "H",
      "H",
      "H",
      "H",
      "H",
      "H",
      "H",
      "H",
      "H",
      "H",
      "H",
      "H",
      "H",
      "H",
      "H",
      "H",
      "H",
      "H",
      "H",
      "H",
      "H",
      "H",
      "H",
      "H",
      "H"
    ],
    "charge_variation": [
      8.900000000000574e-05,
      0.0002970000000000056,
      -0.0002520000000000022,
      -0.00019800000000000373,
      -0.0005020000000000024,
      0.00037499999999998646,
      -0.0017339999999999578,
      0.0040799999999999725,
      -0.011965000000000003,
      -0.004815,
      0.0011269999999999891,
      -0.00038599999999999746,
      0.007098000000000007,
      -0.005432,
      0.0031699999999999923,
      -2.6999999999999247e-05,
      -0.0035150000000000008,
      0.0009900000000000048,
      0.00037000000000000227,
      -0.00018699999999999967,
      -0.0001779999999999976,
      0.00040100000000000205,
      -0.00011099999999999999,
      -0.00014000000000000123,
      0.00022199999999999998,
      0.000168999999999999,
      -6.300000000000056e-05,
      2.1000000000000185e-05,
      0.00015700000000000436,
      -4.499999999998949e-05,
      -1.1999999999998123e-05,
      3.500000000000031e-05,
      -5.4999999999999494e-05,
      8.299999999999974e-05,
      1.000000000001e-06,
      0.0002999999999999947,
      -4.699999999999149e-05,
      -6.699999999999762e-05,
      -7.100000000000162e-05,
      -9.299999999999933e-05,
      -3.199999999999037e-05,
      -8.800000000000474e-05,
      -0.0009709999999999996,
      0.005784999999999985,
      -0.01944199999999996,
      0.04397399999999996,
      -0.03449599999999997,
      0.0061089999999999756,
      -0.005828,
      0.011936000000000058,
      0.004454999999999987,
      -0.0007759999999999989,
      -0.003256999999999996,
      0.001346,
      -0.0027490000000000014,
      0.000784999999999994,
      0.000232,
      -0.003639999999999999,
      0.002257999999999996,
      -0.004117999999999997,
      0.001989000000000001,
      -0.002936000000000008,
      0.0001849999999999994,
      0.0009979999999999989,
      0.002722000000000002,
      0.0007279999999999925,
      0.0016039999999999943,
      -0.0007939999999999892,
      -0.0005460000000000048,
      -0.001569000000000001,
      0.0010850000000000026,
      -0.0002339999999999981,
      0.00013900000000000023,
      -0.00011399999999999952,
      -7.899999999999921e-05,
      3.0000000000002247e-05,
      0.00030900000000000025,
      0.00020600000000000132,
      1.5999999999998654e-05,
      -4.39999999999989e-05,
      0.00016100000000000142,
      -0.00046600000000000114,
      0.0014119999999999966,
      9.599999999999886e-05,
      0.0009460000000000024,
      0.001240999999999999,
      -0.0003080000000000027,
      9.999999999999593e-06,
      -0.00010699999999999946,
      -1.6999999999999654e-05,
      -8.100000000000121e-05,
      -4.099999999999937e-05,
      1.0000000000003062e-05,
      -5.4999999999999494e-05,
      3.399999999999931e-05,
      -7.099999999999815e-05,
      -1.3000000000002593e-05,
      5.0000000000050004e-06,
      -2.2000000000001185e-05,
      -6.799999999999862e-05,
      -9.099999999999733e-05,
      0.0001409999999999953,
      -0.00011300000000000199,
      5.7000000000001494e-05,
      0.00029599999999999765,
      0.000281,
      0.0001449999999999993,
      6.400000000000156e-05,
      -0.00013700000000000517,
      8.399999999999727e-05,
      7.599999999999968e-05,
      7.100000000000162e-05,
      0.0002109999999999959,
      0.0018900000000000028,
      -0.0009639999999999996,
      0.0001910000000000002,
      -0.00022900000000000004,
      -0.00033299999999999996,
      3.599999999999784e-05,
      0.0029060000000000023,
      -0.0010249999999999981,
      -0.00014299999999999903,
      -0.00035199999999999815
    ]
  },
  "excitation_energy": "1.1547",
  "exciting_path_mean_volume": 1335.961545,
  "s0_bonds_avg": 1.2904970390063435,
  "s1_bonds_avg": 1.3075845987353736,
  "s0_angles_avg": 117.40469850683301,
  "s1_angles_avg": 117.39181326655047,
  "delta_bonds": 0.01708755972903009,
  "delta_angles": -0.012885240282543009
}