{
  "s0_rotational_constant_a": 0.019298,
  "s0_rotational_constant_b": 0.0224159,
  "s0_rotational_constant_c": 0.0889404,
  "s1_rotational_constant_a": 0.0215738,
  "s1_rotational_constant_b": 0.0255446,
  "s1_rotational_constant_c": 0.094482,
  "s0_rays_asymmetry_parameter": 0.9104597199407258,
  "s1_rays_asymmetry_parameter": 0.8910739807045025,
  "s0_volume": 924.05474,
  "s1_volume": 919.91215,
  "delta_volume": -4.142590000000041,
  "s0_homo_lumo_gap": 1.1845685805874435,
  "s1_homo_lumo_gap": 0.24070099619463114,
  "delta_gap": -0.9438675843928124,
  "s0_dihedral_avg": 91.53124415475955,
  "s1_dihedral_avg": 91.29047029241146,
  "delta_dihedral": -0.2407738623480924,
  "delta_dipole": {
    "element": [
      "C",
      "O",
      "C",
      "C",
      "C",
      "C",
      "C",
      "C",
      "C",
      "C",
      "C",
      "C",
      "C",
      "C",
      "C",
      "C",
      "C",
      "C",
      "C",
      "S",
      "C",
      "C",
      "C",
      "C",
      "O",
      "N",
      "C",
      "C",
      "O",
      "N",
      "C",
      "C",
      "O",
      "C",
      "C",
      "O",
      "C",
      "C",
      "O",
      "C",
      "C",
      "C",
      "C",
      "C",
      "C",
      "O",
      "C",
      "C",
      "C",
      "C",
      "C",
      "H",
      "H",
      "H",
      "H",
      "H",
      "H",
      "H",
      "H",
      "H",
      "H",
      "H",
      "H",
      "H",
      "H",
      "H",
      "H",
      "H",
      "H",
      "H",
      "H",
      "H",
      "H",
      "H",
      "H",
      "H",
      "H",
      "H",
      "H",
      "H",
      "H",
      "H",
      "H",
      "H",
      "H"
    ],
    "charge_variation": [
      -0.0016899999999999693,
      0.011692999999999953,
      0.007037999999999989,
      -0.008752999999999983,
      0.005953,
      -0.004105999999999999,
      0.016585999999999997,
      -0.033244,
      0.007174,
      -0.01320700000000001,
      3.699999999999884e-05,
      -0.012672000000000003,
      0.0013650000000000016,
      -0.009743000000000002,
      0.009591000000000002,
      0.0031739999999999963,
      0.0017749999999999988,
      -0.00578300000000001,
      0.011090000000000003,
      0.009443999999999994,
      0.018783000000000008,
      0.010019,
      0.007891999999999955,
      -0.008994000000000058,
      -0.027654999999999985,
      0.005654999999999966,
      0.003066000000000013,
      -0.00375100000000006,
      -0.011116000000000015,
      0.005489999999999995,
      0.0014310000000000156,
      -0.001714999999999911,
      -0.002842000000000011,
      -0.0006680000000000019,
      0.01560499999999998,
      0.0007699999999999374,
      -0.00034200000000000896,
      0.004859000000000002,
      -0.006966000000000028,
      -0.015167,
      0.004540999999999996,
      -0.025153000000000002,
      0.010409999999999999,
      -0.011045,
      0.02983800000000003,
      0.021465000000000067,
      -0.014394000000000018,
      -0.02809600000000001,
      0.0016679999999999959,
      0.005571000000000003,
      -0.010290999999999995,
      0.0017150000000000012,
      0.0021790000000000004,
      0.00018900000000000004,
      -0.0008220000000000033,
      0.0009160000000000001,
      -0.00014199999999999977,
      -0.0015280000000000016,
      -0.0007510000000000017,
      -0.001398,
      0.0011479999999999962,
      0.0016469999999999992,
      -0.013387,
      0.007613999999999996,
      -0.007150999999999999,
      0.0025850000000000005,
      0.00011600000000000152,
      0.00032400000000000137,
      -0.0007020000000000004,
      0.0019270000000000016,
      0.0012619999999999997,
      -0.00013699999999999997,
      7.999999999999978e-05,
      -0.002143,
      -0.015167999999999997,
      -0.0015010000000000023,
      0.0023169999999999996,
      0.009477,
      0.009194999999999998,
      0.031099,
      -0.003603,
      -0.0021829999999999974,
      0.0005489999999999974,
      0.002243000000000002,
      -0.0005540000000000059
    ]
  },
  "excitation_energy": "0.2770",
  "exciting_path_mean_volume": 923.2972516666667,
  "s0_bonds_avg": 1.2734601473024174,
  "s1_bonds_avg": 1.2700576554950547,
  "delta_bonds": -0.0034024918073627397,
  "s0_angles_avg": 117.15084464377951,
  "s1_angles_avg": 117.11536649399156,
  "delta_angles": -0.03547814978794861
}