{
  "s0_rotational_constant_a": 0.056901,
  "s0_rotational_constant_b": 0.0788358,
  "s0_rotational_constant_c": 0.1754132,
  "s1_rotational_constant_a": 0.0574012,
  "s1_rotational_constant_b": 0.0802808,
  "s1_rotational_constant_c": 0.1722543,
  "s0_rays_asymmetry_parameter": 0.6298305153393492,
  "s1_rays_asymmetry_parameter": 0.6015849811628942,
  "s0_volume": 631.47827,
  "s1_volume": 627.37536,
  "delta_volume": -4.102909999999952,
  "s0_homo_lumo_gap": 1.8447112534962917,
  "s1_homo_lumo_gap": 1.3355264405957334,
  "delta_gap": -0.5091848129005583,
  "s0_dihedral_avg": 90.0048754195763,
  "s1_dihedral_avg": 90.0586831249447,
  "delta_dihedral": 0.053807705368399183,
  "delta_dipole": {
    "element": [
      "O",
      "S",
      "O",
      "C",
      "C",
      "C",
      "C",
      "C",
      "C",
      "C",
      "C",
      "C",
      "C",
      "C",
      "C",
      "C",
      "C",
      "C",
      "S",
      "C",
      "C",
      "C",
      "C",
      "C",
      "C",
      "C",
      "C",
      "C",
      "C",
      "C",
      "C",
      "C",
      "C",
      "C",
      "H",
      "H",
      "H",
      "H",
      "H",
      "H",
      "H",
      "H",
      "H",
      "H",
      "H",
      "H",
      "H",
      "H",
      "H",
      "H",
      "H",
      "H",
      "H",
      "H"
    ],
    "charge_variation": [
      -0.008108000000000004,
      0.021894999999999998,
      -0.03195700000000001,
      -0.013049999999999999,
      0.002023999999999998,
      -0.0034080000000000013,
      0.0001590000000000029,
      0.0016480000000000002,
      0.0015710000000000003,
      0.004100999999999997,
      0.007336000000000002,
      -0.0022899999999999934,
      0.0026160000000000003,
      0.0008210000000000005,
      0.006773000000000001,
      -0.0001299999999999999,
      0.0022949999999999984,
      0.002357999999999999,
      -0.012973999999999996,
      -0.011212,
      0.0029549999999999993,
      0.0011359999999999981,
      -0.0013899999999999989,
      -0.0019050000000000004,
      -0.0008549999999999981,
      -0.0007520000000000027,
      0.01378,
      -0.010759000000000005,
      -0.0007959999999999912,
      -0.00042400000000000077,
      -0.006876000000000004,
      0.00282,
      0.009849999999999998,
      -0.008409,
      5.099999999999549e-05,
      0.0001570000000000009,
      0.001414000000000002,
      0.0006349999999999967,
      0.0010869999999999977,
      0.003709999999999998,
      -4.400000000000237e-05,
      0.0017840000000000009,
      0.00035800000000000415,
      0.009002000000000003,
      0.0011989999999999987,
      0.0002510000000000012,
      0.00034199999999999856,
      -0.0004459999999999985,
      7.200000000000262e-05,
      0.0017759999999999998,
      0.0001360000000000007,
      0.0018139999999999996,
      0.001238999999999997,
      0.006616999999999998
    ]
  },
  "excitation_energy": "1.7883",
  "exciting_path_mean_volume": 629.1581033333333,
  "s0_bonds_avg": 1.328315888825424,
  "s1_bonds_avg": 1.330376181175763,
  "s0_angles_avg": 119.0259452078448,
  "s1_angles_avg": 119.01714410356904,
  "delta_bonds": 0.002060292350338999,
  "delta_angles": -0.008801104275761418
}