{
  "s0_rotational_constant_a": 0.056901,
  "s0_rotational_constant_b": 0.0788358,
  "s0_rotational_constant_c": 0.1754132,
  "s1_rotational_constant_a": 0.0574012,
  "s1_rotational_constant_b": 0.0802808,
  "s1_rotational_constant_c": 0.1722543,
  "s0_rays_asymmetry_parameter": 0.6298305153393492,
  "s1_rays_asymmetry_parameter": 0.6015849811628942,
  "s0_volume": 631.47827,
  "s1_volume": 627.37536,
  "delta_volume": -4.102909999999952,
  "s0_homo_lumo_gap": 1.8447112534962917,
  "s1_homo_lumo_gap": 1.3355264405957334,
  "delta_gap": -0.5091848129005583,
  "s0_dihedral_avg": 2.813637007092874,
  "s1_dihedral_avg": -4.013244162629312,
  "delta_dihedral": -6.826881169722186,
  "delta_dipole": null,
  "excitation_energy": "1.7883",
  "exciting_path_mean_volume": 629.1581033333333,
  "s0_bonds_avg": 1.328315888825424,
  "s1_bonds_avg": 1.330376181175763,
  "s0_angles_avg": 119.0259452078448,
  "s1_angles_avg": 119.01714410356904
}