{
  "s0_rotational_constant_a": 0.0052827,
  "s0_rotational_constant_b": 0.0055747,
  "s0_rotational_constant_c": 0.062087,
  "s1_rotational_constant_a": 0.0052991,
  "s1_rotational_constant_b": 0.0055815,
  "s1_rotational_constant_c": 0.0628916,
  "s0_rays_asymmetry_parameter": 0.9897190881676211,
  "s1_rays_asymmetry_parameter": 0.9901931675131311,
  "s0_volume": 1504.22671,
  "s1_volume": 1502.95397,
  "delta_volume": -1.2727399999998852,
  "s0_homo_lumo_gap": 1.5017226742439131,
  "s1_homo_lumo_gap": 1.119443581243972,
  "delta_gap": -0.3822790929999411,
  "s0_dihedral_avg": 90.8648492861476,
  "s1_dihedral_avg": 90.85342654304851,
  "delta_dihedral": -0.011422743099089416,
  "delta_dipole": {
    "element": [
      "C",
      "C",
      "N",
      "C",
      "C",
      "C",
      "C",
      "C",
      "C",
      "C",
      "C",
      "C",
      "C",
      "C",
      "C",
      "C",
      "C",
      "C",
      "C",
      "C",
      "C",
      "C",
      "C",
      "C",
      "C",
      "C",
      "C",
      "C",
      "C",
      "C",
      "C",
      "C",
      "C",
      "C",
      "C",
      "C",
      "C",
      "C",
      "C",
      "C",
      "C",
      "C",
      "C",
      "C",
      "C",
      "C",
      "C",
      "C",
      "C",
      "C",
      "C",
      "C",
      "C",
      "C",
      "C",
      "C",
      "C",
      "C",
      "C",
      "C",
      "C",
      "C",
      "C",
      "C",
      "C",
      "C",
      "C",
      "C",
      "C",
      "N",
      "C",
      "C",
      "C",
      "C",
      "C",
      "C",
      "C",
      "C",
      "H",
      "H",
      "H",
      "H",
      "H",
      "H",
      "H",
      "H",
      "H",
      "H",
      "H",
      "H",
      "H",
      "H",
      "H",
      "H",
      "H",
      "H",
      "H",
      "H",
      "H",
      "H",
      "H",
      "H",
      "H",
      "H",
      "H",
      "H",
      "H",
      "H",
      "H",
      "H",
      "H",
      "H",
      "H",
      "H",
      "H",
      "H",
      "H",
      "H",
      "H",
      "H",
      "H",
      "H",
      "H",
      "H",
      "H",
      "H",
      "H",
      "H",
      "H",
      "H",
      "H",
      "H",
      "H",
      "H",
      "H",
      "H",
      "H",
      "H",
      "H",
      "H",
      "H",
      "H"
    ],
    "charge_variation": [
      0.0023410000000000097,
      -0.006881999999999999,
      0.03822600000000009,
      -0.007113000000000036,
      0.0019189999999999902,
      0.0014949999999999686,
      -0.014021000000000006,
      0.00537,
      -0.011867,
      0.010110999999999998,
      -0.015488000000000002,
      0.0061109999999999914,
      -0.0045530000000000015,
      -0.0009879999999999993,
      -0.004414999999999995,
      -0.0002449999999999987,
      -0.004650000000000001,
      0.006381999999999999,
      -0.0028859999999999997,
      0.00021799999999999597,
      -0.005260999999999995,
      0.007900000000000004,
      -0.006847000000000006,
      0.002129999999999993,
      -0.002024999999999999,
      -0.002700999999999995,
      0.0036489999999999995,
      -0.009886000000000006,
      0.007547999999999999,
      -9.200000000000874e-05,
      0.0002930000000000016,
      -0.00017600000000000254,
      -0.0003589999999999982,
      0.0004889999999999999,
      -0.0002539999999999973,
      -0.0002849999999999936,
      0.0001850000000000046,
      -8.000000000000021e-05,
      -0.00011199999999999405,
      0.0001349999999999997,
      0.00037900000000000433,
      0.00010700000000000986,
      -2.000000000002e-06,
      6.200000000000302e-05,
      -0.00015899999999999942,
      7.000000000000062e-05,
      -8.099999999999774e-05,
      0.0004159999999999997,
      -0.00010699999999999599,
      -3.600000000000131e-05,
      -0.00011800000000000005,
      8.79999999999978e-05,
      -0.00013900000000000023,
      4.099999999999937e-05,
      0.00022600000000000398,
      -0.010055999999999995,
      0.003700000000000009,
      -0.0029969999999999997,
      -0.002911000000000004,
      0.002007999999999996,
      -0.007242000000000012,
      0.00145,
      0.0007100000000000006,
      -0.0004180000000000017,
      -0.003396000000000003,
      -0.008116,
      0.0037770000000000026,
      -0.010928999999999994,
      0.0023869999999999725,
      0.026302000000000048,
      -0.004354999999999998,
      0.0024300000000000016,
      -0.0041019999999999945,
      1.4000000000000123e-05,
      -0.009060000000000012,
      0.005184000000000005,
      0.006651000000000004,
      -0.011371999999999993,
      0.0008249999999999993,
      -0.00010800000000000393,
      -5.6000000000000494e-05,
      0.0014680000000000006,
      0.000384,
      0.0021469999999999996,
      3.2999999999999935e-05,
      -0.0006370000000000021,
      0.0008959999999999975,
      0.0008309999999999984,
      -0.0002370000000000011,
      0.0009289999999999993,
      0.00026199999999999835,
      -0.00022199999999999998,
      -0.000730999999999999,
      -0.00023100000000000204,
      0.0006610000000000019,
      0.00024000000000000063,
      -0.00010599999999999846,
      0.002898999999999999,
      0.0011060000000000028,
      0.0008000000000000021,
      0.002817,
      -5.1999999999996493e-05,
      -0.00023400000000000157,
      -5.099999999999896e-05,
      -0.00014400000000000177,
      -5.6999999999998024e-05,
      -5.199999999999996e-05,
      3.900000000000084e-05,
      -4.60000000000009e-05,
      -0.00011800000000000005,
      2.6999999999999247e-05,
      -0.00010800000000000046,
      5.0000000000050004e-06,
      -6.799999999999862e-05,
      -5.7999999999999025e-05,
      -4.200000000000037e-05,
      -9.900000000000186e-05,
      0.00011800000000000005,
      -0.00022300000000000098,
      0.0001460000000000003,
      0.0026709999999999998,
      0.000675000000000002,
      0.0006210000000000035,
      0.0024150000000000005,
      -0.0002710000000000004,
      -0.00016599999999999948,
      0.0007059999999999983,
      -0.0003089999999999968,
      -0.00011300000000000004,
      0.0009300000000000003,
      0.00046699999999999867,
      -0.0003060000000000007,
      0.0005000000000000004,
      0.0015310000000000011,
      0.000394,
      0.0010340000000000002,
      -0.00041100000000000164,
      0.00033400000000000096,
      -2.4000000000003185e-05,
      0.0009619999999999976,
      0.0014100000000000015,
      0.00027900000000000147
    ]
  },
  "excitation_energy": "1.2959",
  "exciting_path_mean_volume": 1503.4736933333334,
  "s0_bonds_avg": 1.2902034154274027,
  "s1_bonds_avg": 1.2901453874839106,
  "delta_bonds": -5.802794349207829e-05,
  "s0_angles_avg": 118.00362323130332,
  "s1_angles_avg": 118.01023078238306,
  "delta_angles": 0.0066075510797389825
}