{
  "s0_rotational_constant_a": 0.0489766,
  "s0_rotational_constant_b": 0.0648923,
  "s0_rotational_constant_c": 0.1800092,
  "s1_rotational_constant_a": 0.0503837,
  "s1_rotational_constant_b": 0.0656412,
  "s1_rotational_constant_c": 0.1729227,
  "s0_rays_asymmetry_parameter": 0.7570726674125372,
  "s1_rays_asymmetry_parameter": 0.7509772398991342,
  "s0_volume": 571.78449,
  "s1_volume": 571.92931,
  "delta_volume": 0.14481999999998152,
  "s0_homo_lumo_gap": 1.5475303138606757,
  "s1_homo_lumo_gap": 0.5351744033710166,
  "delta_gap": -1.0123559104896591,
  "s0_dihedral_avg": 11.659865931595515,
  "s1_dihedral_avg": -4.895768981007763,
  "delta_dihedral": -16.555634912603278,
  "delta_dipole": null,
  "excitation_energy": "0.6267",
  "exciting_path_mean_volume": 572.9366416666666,
  "s0_bonds_avg": 1.2881364707994443,
  "s1_bonds_avg": 1.2841140396292592,
  "s0_angles_avg": 118.14735485991186,
  "s1_angles_avg": 118.15291320909681
}