{"charge": {"element": ["C", "O", "C", "C", "C", "C", "N", "C", "C", "C", "C", "O", "C", "C", "C", "C", "C", "C", "C", "C", "C", "C", "C", "C", "O", "S", "C", "C", "C", "C", "H", "H", "H", "H", "H", "H", "H", "H", "H", "H", "H", "H", "H", "H", "H", "H", "H", "H", "H", "H", "H"], "charge_variation": [-0.004106999999999972, 0.00946899999999995, -0.01646399999999998, 0.0042089999999999905, -0.04778700000000001, 0.010492000000000001, -0.011677999999999966, 0.009763999999999995, -0.02068500000000001, -0.002715999999999996, -0.015359000000000012, 0.008118999999999987, -0.004057000000000033, 0.0023190000000000155, -0.045595, -0.00562199999999996, 0.05590500000000001, -0.018862000000000004, 0.040938999999999996, -0.02557699999999999, 0.023572999999999997, -0.00019900000000000473, 0.013950999999999998, -0.007423999999999986, -0.023282000000000025, 0.047502, -0.020622, 0.05495299999999999, -0.024659999999999987, -0.00259899999999999, -0.000983, 0.0022400000000000007, 0.0026429999999999995, -0.004202999999999998, -0.0027289999999999953, 0.004823000000000001, -0.002690999999999999, 0.002402999999999999, -0.001151, 0.0028380000000000002, -0.004704, -0.0029, 0.0016450000000000006, 0.003827999999999998, 0.0010320000000000051, 0.005401999999999997, 0.0014180000000000026, 0.004174000000000004, 0.001583000000000001, 0.004406, -0.0029739999999999975]}, "ground_state": {"HOMO-LUMO": 1.5475303138606757, "structure": {"bonds": 1.2881364707994443, "angles": 118.14735485991186, "DA": 11.659865931595515}, "rotational_constant": {"A": 0.0489766, "B": 0.0648923, "C": 0.1800092}, "rays_asymmetry_parameter": 0.7570726674125372, "volume": 571.78449}, "excited_state": {"HOMO-LUMO": 0.5351744033710166, "structure": {"bonds": 1.2841140396292592, "angles": 118.15291320909681, "DA": -4.895768981007763}, "rotational_constant": {"A": 0.0503837, "B": 0.0656412, "C": 0.1729227}, "rays_asymmetry_parameter": 0.7509772398991342, "excited_energy": "0.6267", "volume": 571.92931}, "exciting_path_mean_volume": 572.9366416666666}