{"charge": {"element": ["C", "O", "C", "C", "C", "C", "C", "O", "C", "C", "C", "C", "C", "O", "C", "C", "C", "N", "C", "C", "C", "C", "O", "C", "C", "C", "C", "C", "C", "C", "C", "O", "C", "C", "C", "C", "C", "H", "H", "H", "H", "H", "H", "H", "H", "H", "H", "H", "H", "H", "H", "H", "H", "H", "H", "H", "H", "H", "H", "H", "H", "H", "H", "H", "H"], "charge_variation": [-0.0020870000000000055, 0.009557000000000038, 0.00651999999999997, -0.010958000000000023, 0.0047810000000000005, -0.0069049999999999945, 0.005525000000000002, -0.029459999999999986, 0.025484000000000062, -0.011238999999999999, 0.007437, 0.006768999999999997, -0.004797000000000051, -0.002446999999999977, 0.002921000000000007, 0.014359999999999984, -0.004758999999999999, -0.051593, 0.02562299999999998, -0.017125, 0.004206000000000015, -0.006488999999999967, -0.0035069999999999824, 0.0003470000000000417, -0.0008500000000000174, 0.005264000000000005, 0.018145000000000022, -0.010027999999999995, 0.013004999999999996, -0.012781000000000015, 0.008598999999999912, 0.01385900000000001, -0.0017449999999999966, -0.012569999999999998, 0.004563000000000001, 0.005446999999999999, -0.006706999999999991, 0.001962, 0.002045000000000001, 0.0005170000000000001, 0.00025899999999999535, 0.0005679999999999991, 0.002138000000000001, 0.0015299999999999966, -0.0016219999999999993, -0.0031810000000000007, -0.0005430000000000018, 0.000677999999999998, 0.007526999999999999, -0.0018600000000000005, -0.0014970000000000053, -0.0012849999999999997, -0.00030900000000000025, -0.0015450000000000012, 0.0005259999999999987, 0.002483000000000006, -0.002197000000000001, 0.001015000000000002, 0.0016610000000000001, 0.0024870000000000005, 0.0006169999999999995, 0.00036199999999999427, 0.0004249999999999983, 0.001581000000000006, -0.0007059999999999983]}, "ground_state": {"HOMO-LUMO": 2.188235896964218, "charge": {"element": ["C", "O", "C", "C", "C", "C", "C", "O", "C", "C", "C", "C", "C", "O", "C", "C", "C", "N", "C", "C", "C", "C", "O", "C", "C", "C", "C", "C", "C", "C", "C", "O", "C", "C", "C", "C", "C", "H", "H", "H", "H", "H", "H", "H", "H", "H", "H", "H", "H", "H", "H", "H", "H", "H", "H", "H", "H", "H", "H", "H", "H", "H", "H", "H", "H"], "charge": [0.325812, -0.474841, 0.548539, -0.139504, -0.044232, -0.066541, 0.297156, -0.359011, 0.722768, -0.127412, -0.011556, -0.141787, 0.566006, -0.46082, 0.326305, -0.205533, -0.035074, -0.358725, 0.210632, -0.072667, -0.201909, 0.535797, -0.479605, 0.327524, -0.131513, -0.078193, 0.142028, -0.060819, -0.04822, -0.142645, 0.546826, -0.480517, 0.326586, -0.201296, -0.029855, -0.01766, -0.20862, -0.007553, -0.007997, 0.013382, 0.054156, 0.033688, 0.037964, 0.059269, -0.007097, -0.007399, 0.017138, 0.051698, 0.035591, 0.038877, 0.054003, -0.007018, 0.015428, -0.010757, 0.058395, 0.040891, 0.031867, 0.053097, -0.007927, -0.009261, 0.012931, 0.049154, 0.028587, 0.03158, 0.04989]}, "structure": {"bonds": 1.2572469393733334, "angles": 117.56074294026077, "DA": 1.176030716534096}, "rotational_constant": {"A": 0.043676, "B": 0.0750802, "C": 0.0969009}, "rays_asymmetry_parameter": -0.18005670278384758, "volume": 695.1123}, "excited_state": {"HOMO-LUMO": 1.6876145058216458, "charge": {"element": ["C", "O", "C", "C", "C", "C", "C", "O", "C", "C", "C", "C", "C", "O", "C", "C", "C", "N", "C", "C", "C", "C", "O", "C", "C", "C", "C", "C", "C", "C", "C", "O", "C", "C", "C", "C", "C", "H", "H", "H", "H", "H", "H", "H", "H", "H", "H", "H", "H", "H", "H", "H", "H", "H", "H", "H", "H", "H", "H", "H", "H", "H", "H", "H", "H"], "charge": [0.323725, -0.465284, 0.555059, -0.150462, -0.039451, -0.073446, 0.302681, -0.388471, 0.748252, -0.138651, -0.004119, -0.135018, 0.561209, -0.463267, 0.329226, -0.191173, -0.039833, -0.410318, 0.236255, -0.089792, -0.197703, 0.529308, -0.483112, 0.327871, -0.132363, -0.072929, 0.160173, -0.070847, -0.035215, -0.155426, 0.555425, -0.466658, 0.324841, -0.213866, -0.025292, -0.012213, -0.215327, -0.005591, -0.005952, 0.013899, 0.054415, 0.034256, 0.040102, 0.060799, -0.008719, -0.01058, 0.016595, 0.052376, 0.043118, 0.037017, 0.052506, -0.008303, 0.015119, -0.012302, 0.058921, 0.043374, 0.02967, 0.054112, -0.006266, -0.006774, 0.013548, 0.049516, 0.029012, 0.033161, 0.049184]}, "structure": {"bonds": 1.2734467345743476, "angles": 117.52040772556816, "DA": -0.9434059803745313}, "rotational_constant": {"A": 0.0434016, "B": 0.0724641, "C": 0.1000756}, "rays_asymmetry_parameter": -0.02560256907929576, "excited_energy": "2.1574", "volume": 693.94564}, "exciting_path_mean_volume": 694.41732}