{
  "s0_rotational_constant_a": 0.010291,
  "s0_rotational_constant_b": 0.0133363,
  "s0_rotational_constant_c": 0.0314152,
  "s1_rotational_constant_a": 0.010246,
  "s1_rotational_constant_b": 0.0132672,
  "s1_rotational_constant_c": 0.0314154,
  "s0_rays_asymmetry_parameter": 0.7116766552106114,
  "s1_rays_asymmetry_parameter": 0.7145691422524965,
  "s0_volume": 1431.08402,
  "s1_volume": 1433.70201,
  "delta_volume": 2.6179899999999634,
  "s0_homo_lumo_gap": 1.0180077144271675,
  "s1_homo_lumo_gap": 0.4851408362073344,
  "delta_gap": -0.5328668782198331,
  "s0_dihedral_avg": 90.47427573884094,
  "s1_dihedral_avg": 90.2790561264895,
  "delta_dihedral": -0.19521961235145113,
  "delta_dipole": {
    "element": [
      "O",
      "C",
      "C",
      "C",
      "C",
      "C",
      "C",
      "C",
      "C",
      "C",
      "C",
      "C",
      "N",
      "C",
      "C",
      "C",
      "C",
      "C",
      "N",
      "C",
      "C",
      "C",
      "C",
      "C",
      "C",
      "C",
      "C",
      "C",
      "C",
      "C",
      "C",
      "C",
      "S",
      "C",
      "C",
      "C",
      "C",
      "C",
      "C",
      "C",
      "C",
      "C",
      "C",
      "C",
      "C",
      "C",
      "C",
      "C",
      "C",
      "C",
      "N",
      "C",
      "C",
      "C",
      "C",
      "C",
      "C",
      "C",
      "C",
      "C",
      "C",
      "C",
      "C",
      "C",
      "S",
      "C",
      "C",
      "C",
      "C",
      "C",
      "C",
      "C",
      "C",
      "C",
      "C",
      "C",
      "C",
      "C",
      "C",
      "C",
      "C",
      "N",
      "C",
      "C",
      "H",
      "H",
      "H",
      "H",
      "H",
      "H",
      "H",
      "H",
      "H",
      "H",
      "H",
      "H",
      "H",
      "H",
      "H",
      "H",
      "H",
      "H",
      "H",
      "H",
      "H",
      "H",
      "H",
      "H",
      "H",
      "H",
      "H",
      "H",
      "H",
      "H",
      "H",
      "H",
      "H",
      "H",
      "H",
      "H",
      "H",
      "H",
      "H",
      "H",
      "H",
      "H",
      "H",
      "H",
      "H",
      "H"
    ],
    "charge_variation": [
      -0.0035929999999999573,
      -0.0005370000000000097,
      0.001181999999999999,
      -0.0020550000000000013,
      0.0018279999999999998,
      -0.0033250000000000016,
      0.002356999999999998,
      -0.005948,
      0.005281000000000001,
      0.003715999999999997,
      -0.0021690000000000043,
      0.014590999999999965,
      -0.008461000000000052,
      -0.010164000000000006,
      0.003483,
      0.0019250000000000003,
      0.004246,
      0.0029000000000000137,
      -0.006970000000000032,
      0.0029489999999999794,
      -0.0007070000000000132,
      0.0014809999999999997,
      -0.0003630000000000022,
      0.0011590000000000003,
      -0.0029999999999999957,
      2.6999999999999247e-05,
      -0.00046900000000000067,
      -0.00024199999999999916,
      0.0005499999999999949,
      -0.0001460000000000003,
      0.0002459999999999962,
      0.0005970000000000003,
      -0.0002560000000000062,
      -0.0010500000000000093,
      0.0008669999999999997,
      -2.9999999999998778e-05,
      0.003182000000000001,
      -0.0014769999999999991,
      0.0008579999999999994,
      -6.400000000000156e-05,
      0.0009349999999999983,
      -0.0002899999999999986,
      0.0004849999999999993,
      7.199999999998874e-05,
      0.0006789999999999852,
      -0.0006220000000000114,
      0.001350999999999998,
      0.0022840000000000013,
      -0.0007299999999999807,
      -0.008921999999999985,
      0.06666900000000003,
      -0.004680999999999991,
      -0.016795000000000004,
      0.007309,
      -0.01822,
      0.007169999999999996,
      -0.015931999999999995,
      0.0024170000000000025,
      -0.0005940000000000008,
      0.0012759999999999994,
      -0.00039100000000000246,
      -9.400000000000033e-05,
      -0.0002950000000000036,
      0.0007279999999999925,
      -0.0006670000000000009,
      0.001800999999999997,
      -0.0018560000000000035,
      0.0026669999999999992,
      -0.0020779999999999965,
      0.001452000000000002,
      -0.002395,
      -0.011181000000000003,
      0.005801999999999995,
      -0.011524999999999994,
      0.0057469999999999995,
      -0.01528199999999999,
      -0.008884999999999976,
      0.0004960000000000103,
      0.004162,
      0.005718999999999995,
      -0.009444999999999981,
      -0.004878999999999967,
      0.004557000000000033,
      0.007848999999999995,
      -0.0013050000000000006,
      -0.00046900000000000414,
      -0.00016599999999999948,
      -0.00043600000000000583,
      -0.0025019999999999973,
      0.0027589999999999976,
      0.0021700000000000053,
      0.0015610000000000068,
      0.000448999999999998,
      -0.0007820000000000049,
      -0.00020600000000000132,
      0.00046399999999999914,
      -0.0002119999999999969,
      0.00025299999999999975,
      -0.00022199999999999998,
      4.200000000000037e-05,
      6.500000000000256e-05,
      6.899999999999962e-05,
      0.00040699999999999764,
      -0.0020030000000000013,
      -0.0008160000000000008,
      -0.00018400000000000014,
      0.00023500000000000604,
      -0.0001779999999999976,
      -0.001569000000000001,
      0.0012560000000000002,
      0.0014260000000000037,
      -0.004077999999999998,
      -0.000171000000000001,
      0.0004030000000000006,
      -1.6999999999999654e-05,
      -0.0005149999999999981,
      -5.999999999999062e-06,
      -0.00028600000000000153,
      -0.0002030000000000018,
      -0.0002040000000000028,
      -0.001228,
      0.0007919999999999976,
      -0.0004379999999999974,
      0.0003209999999999949,
      0.00028100000000000347,
      0.0001250000000000001,
      -0.0001229999999999981,
      0.0003480000000000011,
      0.002592000000000004,
      0.004032999999999995
    ]
  },
  "excitation_energy": "0.5626",
  "exciting_path_mean_volume": 1432.2027366666669,
  "s0_bonds_avg": 1.304557163095102,
  "s1_bonds_avg": 1.3214723238993196,
  "delta_bonds": 0.01691516080421751,
  "s0_angles_avg": 119.31216757891625,
  "s1_angles_avg": 119.2686900568347,
  "delta_angles": -0.04347752208154532
}