{
  "charge": {
    "element": [
      "C",
      "C",
      "C",
      "C",
      "N",
      "C",
      "C",
      "C",
      "C",
      "C",
      "C",
      "C",
      "C",
      "C",
      "N",
      "C",
      "C",
      "N",
      "C",
      "N",
      "C",
      "N",
      "C",
      "C",
      "H",
      "H",
      "H",
      "H",
      "H",
      "H",
      "H",
      "H",
      "H",
      "H",
      "H",
      "H",
      "H",
      "H",
      "H",
      "H",
      "H",
      "H",
      "H",
      "H",
      "H",
      "H",
      "H",
      "H",
      "H"
    ],
    "charge_variation": [
      7.600000000000662e-05,
      -0.0005539999999999989,
      -0.0029649999999999954,
      0.0009759999999999769,
      -0.01127200000000006,
      0.0014599999999999613,
      -0.005200999999999997,
      -0.00013900000000000023,
      0.0002570000000000072,
      -0.0069170000000000065,
      -0.0021950000000000025,
      -0.003391999999999999,
      -0.010360000000000001,
      0.027117000000000002,
      0.04995099999999997,
      -0.02395799999999998,
      0.004745999999999917,
      -0.011796000000000029,
      0.0026650000000000285,
      -0.0017759999999999998,
      0.007570000000000077,
      -0.005448999999999926,
      -0.011501999999999998,
      0.00040100000000001246,
      -0.0003960000000000005,
      1.4999999999997654e-05,
      -0.0005959999999999993,
      7.799999999999821e-05,
      -0.0007790000000000019,
      0.00041300000000000017,
      -0.0001480000000000023,
      -0.0006540000000000001,
      -0.0004010000000000003,
      -0.00021000000000000012,
      0.00038799999999999946,
      -1.9000000000001654e-05,
      4.699999999999843e-05,
      -0.0006970000000000032,
      -6.600000000000009e-05,
      8.700000000000027e-05,
      -0.0006880000000000011,
      -6.399999999999809e-05,
      0.0009200000000000041,
      0.0005980000000000013,
      0.0074810000000000015,
      -0.00023699999999998722,
      -0.0008559999999999679,
      -0.002572999999999999,
      0.0006119999999999945
    ]
  },
  "ground_state": {
    "HOMO-LUMO": 1.8340144594287202,
    "charge": {
      "element": [
        "C",
        "C",
        "C",
        "C",
        "N",
        "C",
        "C",
        "C",
        "C",
        "C",
        "C",
        "C",
        "C",
        "C",
        "N",
        "C",
        "C",
        "N",
        "C",
        "N",
        "C",
        "N",
        "C",
        "C",
        "H",
        "H",
        "H",
        "H",
        "H",
        "H",
        "H",
        "H",
        "H",
        "H",
        "H",
        "H",
        "H",
        "H",
        "H",
        "H",
        "H",
        "H",
        "H",
        "H",
        "H",
        "H",
        "H",
        "H",
        "H"
      ],
      "charge": [
        -0.078673,
        -0.020759,
        -0.069718,
        0.264834,
        -0.571599,
        0.261346,
        -0.067261,
        -0.023524,
        -0.077906,
        0.456479,
        -0.193801,
        -0.006505,
        -0.032213,
        0.454133,
        -0.89369,
        0.265271,
        0.57108,
        -0.730479,
        0.355176,
        -0.77107,
        0.542654,
        -0.680223,
        0.032566,
        -0.191341,
        0.021132,
        0.019532,
        0.025387,
        0.018411,
        0.022419,
        0.027608,
        0.022766,
        0.004993,
        0.01316,
        0.002666,
        0.016028,
        0.020986,
        0.030259,
        0.022492,
        0.015967,
        0.019888,
        0.024969,
        0.025011,
        0.04575,
        0.02921,
        0.021546,
        0.345047,
        0.325966,
        0.041252,
        0.042777
      ]
    },
    "structure": {
      "bonds": 1.2344849486940817,
      "angles": 116.7882723917701,
      "DA": 93.67636496848857
    },
    "rotational_constant": {
      "A": 0.0688246,
      "B": 0.0830569,
      "C": 0.3662896
    },
    "rays_asymmetry_parameter": 0.9043094145529725,
    "volume": 512.66151
  },
  "excited_state": {
    "HOMO-LUMO": 1.499728079979977,
    "charge": {
      "element": [
        "C",
        "C",
        "C",
        "C",
        "N",
        "C",
        "C",
        "C",
        "C",
        "C",
        "C",
        "C",
        "C",
        "C",
        "N",
        "C",
        "C",
        "N",
        "C",
        "N",
        "C",
        "N",
        "C",
        "C",
        "H",
        "H",
        "H",
        "H",
        "H",
        "H",
        "H",
        "H",
        "H",
        "H",
        "H",
        "H",
        "H",
        "H",
        "H",
        "H",
        "H",
        "H",
        "H",
        "H",
        "H",
        "H",
        "H",
        "H",
        "H"
      ],
      "charge": [
        -0.078597,
        -0.021313,
        -0.072683,
        0.26581,
        -0.582871,
        0.262806,
        -0.072462,
        -0.023663,
        -0.077649,
        0.449562,
        -0.195996,
        -0.009897,
        -0.042573,
        0.48125,
        -0.843739,
        0.241313,
        0.575826,
        -0.742275,
        0.357841,
        -0.772846,
        0.550224,
        -0.685672,
        0.021064,
        -0.19094,
        0.020736,
        0.019547,
        0.024791,
        0.018489,
        0.02164,
        0.028021,
        0.022618,
        0.004339,
        0.012759,
        0.002456,
        0.016416,
        0.020967,
        0.030306,
        0.021795,
        0.015901,
        0.019975,
        0.024281,
        0.024947,
        0.04667,
        0.029808,
        0.029027,
        0.34481,
        0.32511,
        0.038679,
        0.043389
      ]
    },
    "structure": {
      "bonds": 1.2495344185881632,
      "angles": 115.08612391725454,
      "DA": 93.43277045410504
    },
    "rotational_constant": {
      "A": 0.0693188,
      "B": 0.0843172,
      "C": 0.3607013
    },
    "rays_asymmetry_parameter": 0.8970535292956853,
    "excited_energy": "1.9608",
    "volume": 512.80773
  },
  "exciting_path_mean_volume": 512.504295
}