{
  "charge": {
    "element": [
      "C",
      "C",
      "N",
      "C",
      "C",
      "C",
      "C",
      "C",
      "C",
      "C",
      "C",
      "C",
      "C",
      "C",
      "C",
      "C",
      "C",
      "C",
      "C",
      "C",
      "C",
      "N",
      "C",
      "C",
      "C",
      "C",
      "C",
      "C",
      "C",
      "C",
      "C",
      "C",
      "C",
      "C",
      "H",
      "H",
      "H",
      "H",
      "H",
      "H",
      "H",
      "H",
      "H",
      "H",
      "H",
      "H",
      "H",
      "H",
      "H",
      "H",
      "H",
      "H",
      "H",
      "H"
    ],
    "charge_variation": [
      0.0029640000000000083,
      -0.0050060000000000104,
      0.00446599999999997,
      0.0024319999999999897,
      -0.0011319999999999941,
      -0.003486000000000003,
      0.0011870000000000006,
      -6.599999999999662e-05,
      -0.0011540000000000022,
      -0.0011839999999999976,
      -0.00068,
      0.0013810000000000072,
      -0.0009279999999999983,
      0.0007360000000000005,
      -0.0013370000000000049,
      0.0011789999999999995,
      -0.004539000000000001,
      0.0063590000000000035,
      0.00025399999999999034,
      -0.0007380000000000025,
      0.005076999999999998,
      -0.023487000000000036,
      -0.008662999999999976,
      0.0063560000000000005,
      -0.0054459999999999995,
      0.012725999999999998,
      -0.009473999999999996,
      0.002694999999999989,
      -0.0017750000000000057,
      0.0024010000000000004,
      -0.0044319999999999915,
      -0.007196999999999995,
      0.0026510000000000023,
      -0.004033,
      9.299999999999586e-05,
      0.0008510000000000011,
      -0.0001460000000000003,
      0.0024379999999999957,
      0.002711999999999999,
      0.000559999999999998,
      0.0008230000000000043,
      -0.00015799999999999842,
      0.00102,
      0.0017230000000000023,
      0.002679000000000001,
      0.003053,
      0.0005460000000000048,
      0.0058540000000000016,
      0.002033,
      8.299999999999974e-05,
      0.0007969999999999991,
      0.0030039999999999997,
      0.0031979999999999995,
      0.0007310000000000025
    ]
  },
  "ground_state": {
    "HOMO-LUMO": 2.1942904293479217,
    "charge": {
      "element": [
        "C",
        "C",
        "N",
        "C",
        "C",
        "C",
        "C",
        "C",
        "C",
        "C",
        "C",
        "C",
        "C",
        "C",
        "C",
        "C",
        "C",
        "C",
        "C",
        "C",
        "C",
        "N",
        "C",
        "C",
        "C",
        "C",
        "C",
        "C",
        "C",
        "C",
        "C",
        "C",
        "C",
        "C",
        "H",
        "H",
        "H",
        "H",
        "H",
        "H",
        "H",
        "H",
        "H",
        "H",
        "H",
        "H",
        "H",
        "H",
        "H",
        "H",
        "H",
        "H",
        "H",
        "H"
      ],
      "charge": [
        -0.112457,
        0.421226,
        -0.810072,
        0.457654,
        -0.065556,
        -0.064527,
        0.05698,
        0.063009,
        -0.067633,
        -0.060884,
        0.032451,
        0.066532,
        -0.06344,
        -0.063434,
        0.066528,
        -0.101774,
        0.063012,
        0.056988,
        -0.064521,
        -0.065534,
        0.457627,
        -0.810076,
        0.421259,
        -0.112484,
        0.007793,
        0.01488,
        -0.116352,
        -0.067614,
        -0.060882,
        0.032456,
        -0.101776,
        -0.116342,
        0.014887,
        0.00779,
        0.031648,
        0.020166,
        0.050017,
        0.035582,
        0.034069,
        0.036434,
        0.032795,
        0.032798,
        0.035361,
        0.035577,
        0.050013,
        0.020146,
        0.031651,
        0.028783,
        0.03731,
        0.034062,
        0.036432,
        0.035364,
        0.037305,
        0.028772
      ]
    },
    "structure": {
      "bonds": 1.3066938556265,
      "angles": 119.94749833695023,
      "DA": 89.99717604451102
    },
    "rotational_constant": {
      "A": 0.0291607,
      "B": 0.0302005,
      "C": 0.6515179
    },
    "rays_asymmetry_parameter": 0.9966585105788124,
    "volume": 608.78315
  },
  "excited_state": {
    "HOMO-LUMO": 1.7920028075311785,
    "charge": {
      "element": [
        "C",
        "C",
        "N",
        "C",
        "C",
        "C",
        "C",
        "C",
        "C",
        "C",
        "C",
        "C",
        "C",
        "C",
        "C",
        "C",
        "C",
        "C",
        "C",
        "C",
        "C",
        "N",
        "C",
        "C",
        "C",
        "C",
        "C",
        "C",
        "C",
        "C",
        "C",
        "C",
        "C",
        "C",
        "H",
        "H",
        "H",
        "H",
        "H",
        "H",
        "H",
        "H",
        "H",
        "H",
        "H",
        "H",
        "H",
        "H",
        "H",
        "H",
        "H",
        "H",
        "H",
        "H"
      ],
      "charge": [
        -0.109493,
        0.41622,
        -0.805606,
        0.460086,
        -0.066688,
        -0.068013,
        0.058167,
        0.062943,
        -0.068787,
        -0.062068,
        0.031771,
        0.067913,
        -0.064368,
        -0.062698,
        0.065191,
        -0.100595,
        0.058473,
        0.063347,
        -0.064267,
        -0.066272,
        0.462704,
        -0.833563,
        0.412596,
        -0.106128,
        0.002347,
        0.027606,
        -0.125826,
        -0.064919,
        -0.062657,
        0.034857,
        -0.106208,
        -0.123539,
        0.017538,
        0.003757,
        0.031741,
        0.021017,
        0.049871,
        0.03802,
        0.036781,
        0.036994,
        0.033618,
        0.03264,
        0.036381,
        0.0373,
        0.052692,
        0.023199,
        0.032197,
        0.034637,
        0.039343,
        0.034145,
        0.037229,
        0.038368,
        0.040503,
        0.029503
      ]
    },
    "structure": {
      "bonds": 1.3094849997130003,
      "angles": 119.92291377033263,
      "DA": 90.04656726812681
    },
    "rotational_constant": {
      "A": 0.0291426,
      "B": 0.0303487,
      "C": 0.6380316
    },
    "rays_asymmetry_parameter": 0.9960383583871609,
    "excited_energy": "2.1488",
    "volume": 608.66546
  },
  "exciting_path_mean_volume": 608.37468
}