{
  "s0_rotational_constant_a": 0.1499271,
  "s0_rotational_constant_b": 0.1644792,
  "s0_rotational_constant_c": 1.3181268,
  "s1_rotational_constant_a": 0.1499326,
  "s1_rotational_constant_b": 0.1660503,
  "s1_rotational_constant_c": 1.2690115,
  "s0_rays_asymmetry_parameter": 0.9750862801967849,
  "s1_rays_asymmetry_parameter": 0.9711947030723214,
  "s0_volume": 361.61322,
  "s1_volume": 361.1568,
  "delta_volume": -0.4564200000000369,
  "s0_homo_lumo_gap": 2.4829188317781514,
  "s1_homo_lumo_gap": 0.6654325654724098,
  "delta_gap": -1.8174862663057416,
  "s0_dihedral_avg": 92.64594081802548,
  "s1_dihedral_avg": 92.99286339263719,
  "delta_dihedral": 0.3469225746117104,
  "delta_dipole": {
    "element": [
      "C",
      "C",
      "C",
      "C",
      "N",
      "C",
      "C",
      "C",
      "O",
      "N",
      "C",
      "C",
      "C",
      "C",
      "C",
      "C",
      "C",
      "O",
      "H",
      "H",
      "H",
      "H",
      "H",
      "H",
      "H",
      "H",
      "H",
      "H",
      "H",
      "H",
      "H",
      "H",
      "H",
      "H"
    ],
    "charge_variation": [
      -0.0009460000000000024,
      0.001022000000000002,
      0.0026199999999999973,
      0.002860000000000029,
      -0.08613499999999996,
      0.005637999999999976,
      0.12995600000000002,
      -0.006180999999999992,
      0.0005260000000000264,
      -0.07119600000000004,
      0.029756999999999978,
      -0.03116300000000001,
      0.010144,
      -0.043455999999999995,
      0.01114,
      -0.043033,
      -0.0047439999999999705,
      0.07952999999999999,
      0.0014799999999999987,
      -0.0008110000000000027,
      -0.001800999999999997,
      0.0007629999999999998,
      0.0006539999999999983,
      -0.003907999999999998,
      0.008606000000000003,
      0.009721,
      -0.014622,
      0.0044580000000000175,
      -0.006846000000000005,
      0.015121000000000002,
      -0.0023640000000000015,
      0.002537000000000001,
      -0.0022810000000000018,
      0.0029560000000000003
    ]
  },
  "excitation_energy": "0.8148",
  "exciting_path_mean_volume": 361.08062666666666,
  "s0_bonds_avg": 1.2582138717468572,
  "s1_bonds_avg": 1.2621760467360001,
  "delta_bonds": 0.003962174989142975,
  "s0_angles_avg": 115.78691132484948,
  "s1_angles_avg": 115.40860639131779,
  "delta_angles": -0.3783049335316946
}