{
  "charge": {
    "element": [
      "C",
      "C",
      "C",
      "C",
      "N",
      "C",
      "C",
      "C",
      "O",
      "N",
      "C",
      "C",
      "C",
      "C",
      "C",
      "C",
      "C",
      "O",
      "H",
      "H",
      "H",
      "H",
      "H",
      "H",
      "H",
      "H",
      "H",
      "H",
      "H",
      "H",
      "H",
      "H",
      "H",
      "H"
    ],
    "charge_variation": [
      -0.0009460000000000024,
      0.001022000000000002,
      0.0026199999999999973,
      0.002860000000000029,
      -0.08613499999999996,
      0.005637999999999976,
      0.12995600000000002,
      -0.006180999999999992,
      0.0005260000000000264,
      -0.07119600000000004,
      0.029756999999999978,
      -0.03116300000000001,
      0.010144,
      -0.043455999999999995,
      0.01114,
      -0.043033,
      -0.0047439999999999705,
      0.07952999999999999,
      0.0014799999999999987,
      -0.0008110000000000027,
      -0.001800999999999997,
      0.0007629999999999998,
      0.0006539999999999983,
      -0.003907999999999998,
      0.008606000000000003,
      0.009721,
      -0.014622,
      0.0044580000000000175,
      -0.006846000000000005,
      0.015121000000000002,
      -0.0023640000000000015,
      0.002537000000000001,
      -0.0022810000000000018,
      0.0029560000000000003
    ]
  },
  "ground_state": {
    "HOMO-LUMO": 2.4829188317781514,
    "charge": {
      "element": [
        "C",
        "C",
        "C",
        "C",
        "N",
        "C",
        "C",
        "C",
        "O",
        "N",
        "C",
        "C",
        "C",
        "C",
        "C",
        "C",
        "C",
        "O",
        "H",
        "H",
        "H",
        "H",
        "H",
        "H",
        "H",
        "H",
        "H",
        "H",
        "H",
        "H",
        "H",
        "H",
        "H",
        "H"
      ],
      "charge": [
        -0.078929,
        -0.022842,
        -0.056041,
        0.264661,
        -0.619244,
        0.357719,
        -0.451119,
        0.978788,
        -0.762744,
        -0.584098,
        0.370132,
        -0.103862,
        -0.013899,
        -0.061876,
        -0.014503,
        -0.111356,
        0.933927,
        -0.799466,
        0.026741,
        0.022374,
        0.021667,
        0.020243,
        0.023501,
        0.023024,
        0.019964,
        0.004677,
        0.007151,
        0.335628,
        0.076432,
        0.05249,
        0.030671,
        0.03035,
        0.030383,
        0.049456
      ]
    },
    "structure": {
      "bonds": 1.2582138717468572,
      "angles": 115.78691132484948,
      "DA": 92.64594081802548
    },
    "rotational_constant": {
      "A": 0.1499271,
      "B": 0.1644792,
      "C": 1.3181268
    },
    "rays_asymmetry_parameter": 0.9750862801967849,
    "volume": 361.61322
  },
  "excited_state": {
    "HOMO-LUMO": 0.6654325654724098,
    "charge": {
      "element": [
        "C",
        "C",
        "C",
        "C",
        "N",
        "C",
        "C",
        "C",
        "O",
        "N",
        "C",
        "C",
        "C",
        "C",
        "C",
        "C",
        "C",
        "O",
        "H",
        "H",
        "H",
        "H",
        "H",
        "H",
        "H",
        "H",
        "H",
        "H",
        "H",
        "H",
        "H",
        "H",
        "H",
        "H"
      ],
      "charge": [
        -0.079875,
        -0.02182,
        -0.053421,
        0.267521,
        -0.705379,
        0.363357,
        -0.321163,
        0.972607,
        -0.762218,
        -0.655294,
        0.399889,
        -0.135025,
        -0.003755,
        -0.105332,
        -0.003363,
        -0.154389,
        0.929183,
        -0.719936,
        0.028221,
        0.021563,
        0.019866,
        0.021006,
        0.024155,
        0.019116,
        0.02857,
        0.014398,
        -0.007471,
        0.340086,
        0.069586,
        0.067611,
        0.028307,
        0.032887,
        0.028102,
        0.052412
      ]
    },
    "structure": {
      "bonds": 1.2621760467360001,
      "angles": 115.40860639131779,
      "DA": 92.99286339263719
    },
    "rotational_constant": {
      "A": 0.1499326,
      "B": 0.1660503,
      "C": 1.2690115
    },
    "rays_asymmetry_parameter": 0.9711947030723214,
    "excited_energy": "0.8148",
    "volume": 361.1568
  },
  "exciting_path_mean_volume": 361.08062666666666
}