{
  "s0_rotational_constant_a": 0.0802455,
  "s0_rotational_constant_b": 0.091415,
  "s0_rotational_constant_c": 0.5270837,
  "s1_rotational_constant_a": 0.0816686,
  "s1_rotational_constant_b": 0.0888299,
  "s1_rotational_constant_c": 0.5245781,
  "s0_rays_asymmetry_parameter": 0.9500065124244078,
  "s1_rays_asymmetry_parameter": 0.9676624682920552,
  "s0_volume": 457.18095,
  "s1_volume": 461.73342,
  "delta_volume": 4.552470000000028,
  "s0_homo_lumo_gap": 1.597131220058512,
  "s1_homo_lumo_gap": 1.6004537297396366,
  "delta_gap": 0.0033225096811246857,
  "s0_dihedral_avg": 89.85148345769122,
  "s1_dihedral_avg": 90.0141787750517,
  "delta_dihedral": 0.16269531736048748,
  "delta_dipole": {
    "element": [
      "F",
      "B",
      "F",
      "N",
      "C",
      "C",
      "C",
      "C",
      "C",
      "C",
      "C",
      "C",
      "C",
      "C",
      "C",
      "C",
      "C",
      "C",
      "C",
      "C",
      "C",
      "C",
      "C",
      "C",
      "C",
      "N",
      "H",
      "H",
      "H",
      "H",
      "H",
      "H",
      "H",
      "H",
      "H",
      "H",
      "H",
      "H",
      "H",
      "H",
      "H"
    ],
    "charge_variation": [
      -0.0014930000000000776,
      0.0011400000000000299,
      -0.0014969999999999706,
      -0.024270000000000014,
      0.009025000000000005,
      0.003033000000000008,
      -0.004486000000000018,
      0.02793100000000001,
      0.010724999999999998,
      -0.010946000000000001,
      -0.0032140000000000016,
      -0.002923000000000002,
      -0.00724000000000001,
      0.0009899999999999978,
      -0.007556999999999994,
      0.0038319999999999986,
      -0.009098000000000002,
      0.0038270000000000005,
      -0.007574999999999998,
      -0.002928,
      -0.0029910000000000006,
      0.028781,
      -0.005384,
      0.0024430000000000007,
      0.00849500000000003,
      -0.026258999999999977,
      0.0008480000000000015,
      0.000793000000000002,
      0.002699,
      -0.003384999999999999,
      0.0030999999999999986,
      0.0038839999999999986,
      -5.4999999999999494e-05,
      0.0018929999999999989,
      -5.4999999999999494e-05,
      0.0038709999999999994,
      0.0031009999999999996,
      -0.0033310000000000006,
      0.0027270000000000003,
      0.0008280000000000023,
      0.0007199999999999984
    ]
  },
  "excitation_energy": "1.8405",
  "exciting_path_mean_volume": 459.78954333333337,
  "s0_bonds_avg": 1.299205618893111,
  "s1_bonds_avg": 1.2939782908922224,
  "s0_angles_avg": 119.15540468693695,
  "s1_angles_avg": 119.1605460282186,
  "delta_bonds": -0.0052273280008885425,
  "delta_angles": 0.005141341281657219
}