{
  "s0_rotational_constant_a": 0.0095625,
  "s0_rotational_constant_b": 0.0113391,
  "s0_rotational_constant_c": 0.053734,
  "s1_rotational_constant_a": 0.0096799,
  "s1_rotational_constant_b": 0.01129,
  "s1_rotational_constant_c": 0.0558141,
  "s0_rays_asymmetry_parameter": 0.9195589916575168,
  "s1_rays_asymmetry_parameter": 0.9301992881636617,
  "s0_volume": 1341.15668,
  "s1_volume": 1338.07444,
  "delta_volume": -3.082239999999956,
  "s0_homo_lumo_gap": 1.8047622243164354,
  "s1_homo_lumo_gap": 1.3050088762437086,
  "delta_gap": -0.49975334807272676,
  "s0_dihedral_avg": 92.45010792835525,
  "s1_dihedral_avg": 92.43295811826458,
  "delta_dihedral": -0.017149810090671735,
  "delta_dipole": {
    "element": [
      "C",
      "C",
      "C",
      "C",
      "C",
      "C",
      "C",
      "C",
      "O",
      "C",
      "C",
      "C",
      "C",
      "C",
      "C",
      "C",
      "C",
      "C",
      "C",
      "C",
      "C",
      "C",
      "C",
      "C",
      "C",
      "N",
      "C",
      "C",
      "C",
      "C",
      "C",
      "C",
      "S",
      "C",
      "C",
      "O",
      "C",
      "C",
      "C",
      "C",
      "C",
      "C",
      "C",
      "C",
      "C",
      "C",
      "C",
      "C",
      "C",
      "C",
      "C",
      "C",
      "C",
      "C",
      "C",
      "C",
      "C",
      "C",
      "C",
      "N",
      "C",
      "C",
      "C",
      "C",
      "C",
      "C",
      "S",
      "C",
      "H",
      "H",
      "H",
      "H",
      "H",
      "H",
      "H",
      "H",
      "H",
      "H",
      "H",
      "H",
      "H",
      "H",
      "H",
      "H",
      "H",
      "H",
      "H",
      "H",
      "H",
      "H",
      "H",
      "H",
      "H",
      "H",
      "H",
      "H",
      "H",
      "H",
      "H",
      "H",
      "H",
      "H",
      "H",
      "H",
      "H",
      "H",
      "H",
      "H",
      "H",
      "H",
      "H",
      "H",
      "H",
      "H",
      "H",
      "H",
      "H",
      "H",
      "H",
      "H",
      "H",
      "H",
      "H",
      "H",
      "H",
      "H",
      "H",
      "H"
    ],
    "charge_variation": [
      -0.0002410000000000051,
      0.002152000000000001,
      -0.0002720000000000014,
      -0.0043269999999999975,
      0.006014000000000002,
      -0.0008070000000000022,
      -0.003984000000000001,
      -0.00869399999999998,
      0.03215300000000004,
      -0.008599999999999997,
      0.00775,
      0.0002869999999999956,
      -0.0018460000000000004,
      0.0010969999999999973,
      -0.0013950000000000004,
      -0.003247,
      -0.0005769999999999942,
      -0.0016689999999999969,
      -5.4999999999999494e-05,
      0.0013200000000000017,
      -0.00036699999999999927,
      -6.20000000000065e-05,
      -0.0018659999999999996,
      0.0009529999999999816,
      -0.0030879999999999797,
      0.0034999999999999476,
      -0.00045799999999995844,
      0.0003019999999999967,
      -0.0007310000000000007,
      -2.999999999998837e-05,
      -0.0005810000000000017,
      0.0010939999999999978,
      -0.010856999999999992,
      -0.035366,
      0.02942800000000001,
      0.09733600000000003,
      -0.038022,
      -0.012271,
      0.004102999999999999,
      -0.0004650000000000071,
      -0.009660000000000002,
      -0.003471000000000002,
      -0.0009510000000000005,
      0.0008350000000000024,
      -0.053044,
      -0.014932,
      -0.00039900000000001046,
      0.019392,
      -0.010587999999999993,
      -0.012112000000000012,
      0.009542999999999968,
      0.005951999999999999,
      -0.025536000000000003,
      0.009039000000000005,
      -0.018520000000000002,
      0.022031999999999996,
      -0.019003999999999997,
      -0.002590999999999982,
      0.0031200000000000117,
      -0.0071249999999999925,
      0.003935000000000022,
      -0.005258999999999986,
      0.000867999999999999,
      -0.003978999999999996,
      0.0009339999999999991,
      -0.0044399999999999995,
      -0.018359999999999987,
      -0.0029710000000000014,
      0.0005180000000000011,
      -0.0011630000000000008,
      -0.0006169999999999995,
      0.001177000000000001,
      0.0005629999999999975,
      0.00018800000000000067,
      -0.0027089999999999996,
      0.0036759999999999987,
      0.0010450000000000008,
      0.0020479999999999977,
      0.0007069999999999993,
      0.0008170000000000018,
      0.000392,
      0.0031020000000000006,
      -0.002376000000000003,
      -0.0005209999999999989,
      0.006026,
      -0.002044999999999998,
      6.300000000000056e-05,
      -0.0006580000000000058,
      0.0004519999999999941,
      0.00010899999999999799,
      -0.0003600000000000027,
      -0.0002899999999999986,
      -0.00046800000000000314,
      -0.00022799999999999904,
      -8.400000000000074e-05,
      -0.00020799999999999985,
      -1.2999999999999123e-05,
      0.00011300000000000199,
      0.012427,
      0.032926,
      0.007672999999999999,
      0.009385,
      0.001777,
      -0.005821,
      -0.0016749999999999994,
      0.005330999999999999,
      0.003112,
      0.004129000000000001,
      -0.013330000000000002,
      0.0018209999999999997,
      0.0030539999999999994,
      0.0035509999999999986,
      -0.00014099999999999877,
      -0.0017729999999999968,
      0.005105000000000002,
      -0.005703,
      0.0035559999999999967,
      0.004602000000000002,
      0.0017719999999999958,
      0.0008279999999999954,
      -0.0026590000000000016,
      0.005939,
      0.005349,
      3.900000000000431e-05,
      -0.0007799999999999994,
      0.0003060000000000007,
      -0.000735000000000003,
      0.0003610000000000002
    ]
  },
  "excitation_energy": "1.5119",
  "exciting_path_mean_volume": 1338.3772183333333,
  "s0_bonds_avg": 1.2796155579326087,
  "s1_bonds_avg": 1.2821600556871016,
  "delta_bonds": 0.002544497754492836,
  "s0_angles_avg": 115.58846332231397,
  "s1_angles_avg": 115.63286520324891,
  "delta_angles": 0.04440188093494157
}