{
  "s0_rotational_constant_a": 0.017125,
  "s0_rotational_constant_b": 0.0189193,
  "s0_rotational_constant_c": 0.1322331,
  "s1_rotational_constant_a": 0.0176483,
  "s1_rotational_constant_b": 0.0190597,
  "s1_rotational_constant_c": 0.1320859,
  "s0_rays_asymmetry_parameter": 0.9688240879660076,
  "s1_rays_asymmetry_parameter": 0.9753332820681315,
  "s0_volume": 873.36224,
  "s1_volume": 873.92544,
  "delta_volume": 0.563199999999938,
  "s0_homo_lumo_gap": 0.9006858430907791,
  "s1_homo_lumo_gap": 0.5508454379767511,
  "delta_gap": -0.34984040511402803,
  "s0_dihedral_avg": 90.96298705860342,
  "s1_dihedral_avg": 90.86436708525017,
  "delta_dihedral": -0.09861997335325157,
  "delta_dipole": {
    "element": [
      "C",
      "C",
      "N",
      "C",
      "O",
      "C",
      "C",
      "C",
      "C",
      "C",
      "C",
      "C",
      "C",
      "C",
      "C",
      "C",
      "C",
      "C",
      "C",
      "C",
      "C",
      "O",
      "C",
      "C",
      "C",
      "C",
      "C",
      "C",
      "C",
      "O",
      "C",
      "C",
      "C",
      "C",
      "C",
      "C",
      "C",
      "C",
      "C",
      "C",
      "C",
      "S",
      "S",
      "C",
      "S",
      "H",
      "H",
      "H",
      "H",
      "H",
      "H",
      "H",
      "H",
      "H",
      "H",
      "H",
      "H",
      "H",
      "H",
      "H",
      "H",
      "H",
      "H",
      "H",
      "H",
      "H",
      "H",
      "H",
      "H",
      "H",
      "H",
      "H",
      "H",
      "H",
      "H",
      "H"
    ],
    "charge_variation": [
      0.00015700000000000436,
      -0.001216999999999968,
      0.009977000000000014,
      -0.004596999999999962,
      -0.012742000000000031,
      0.011388999999999996,
      -0.0015800000000000015,
      0.011046000000000007,
      -0.010157000000000006,
      0.004415000000000002,
      -0.003278000000000003,
      0.003147000000000004,
      0.004276000000000002,
      0.0012899999999999995,
      0.010651999999999995,
      -0.01733599999999999,
      -0.0037149999999999996,
      -0.005172,
      0.004428000000000001,
      -0.009704000000000018,
      0.006027999999999922,
      0.011414999999999953,
      -0.0034869999999999624,
      -0.011077000000000004,
      0.002318000000000004,
      -0.0067670000000000004,
      0.006312999999999999,
      -0.008797,
      0.006626000000000021,
      0.007717000000000029,
      -0.0035290000000000044,
      -0.005821000000000021,
      -0.004906000000000001,
      0.0067949999999999955,
      -0.0044490000000000085,
      1.9000000000001654e-05,
      -0.008823999999999999,
      0.003165000000000001,
      -0.011574000000000001,
      0.005919999999999995,
      -0.003969,
      0.0037479999999999944,
      0.007782999999999998,
      -0.013175999999999966,
      0.007467999999999919,
      0.00012099999999999958,
      0.000396000000000004,
      -0.00029799999999999965,
      0.0015189999999999995,
      -0.00036600000000000174,
      0.004660000000000004,
      0.0029479999999999992,
      0.00031499999999999584,
      -0.0003109999999999988,
      -0.0006309999999999996,
      0.0004809999999999953,
      -0.0005519999999999969,
      0.0027679999999999996,
      0.000578,
      0.0027670000000000004,
      -0.0005760000000000001,
      0.0004039999999999981,
      0.0002590000000000023,
      -0.0009709999999999996,
      0.002832000000000001,
      0.0024019999999999996,
      0.0007049999999999999,
      -0.0017000000000000001,
      0.003781999999999997,
      0.0017600000000000011,
      -0.0006069999999999999,
      -0.00034600000000000256,
      -0.0014459999999999994,
      -6.1000000000002025e-05,
      -0.001008000000000002,
      -4.799999999999943e-05
    ]
  },
  "excitation_energy": "0.6814",
  "exciting_path_mean_volume": 873.928285,
  "s0_bonds_avg": 1.2798412293414816,
  "s1_bonds_avg": 1.3034280201718518,
  "delta_bonds": 0.023586790830370186,
  "s0_angles_avg": 117.6201320801126,
  "s1_angles_avg": 117.62434956643916,
  "delta_angles": 0.004217486326567155
}