{
  "s0_rotational_constant_a": 0.1143049,
  "s0_rotational_constant_b": 0.1360885,
  "s0_rotational_constant_c": 0.4788926,
  "s1_rotational_constant_a": 0.1143543,
  "s1_rotational_constant_b": 0.135816,
  "s1_rotational_constant_c": 0.4753775,
  "s0_rays_asymmetry_parameter": 0.880502825520444,
  "s1_rays_asymmetry_parameter": 0.8811062557752523,
  "s0_volume": 372.7035,
  "s1_volume": 373.78615,
  "delta_volume": 1.082650000000001,
  "s0_homo_lumo_gap": 1.5853786243887478,
  "s1_homo_lumo_gap": 1.5508773137851515,
  "delta_gap": -0.03450131060359629,
  "s0_dihedral_avg": 2.1126972280524488,
  "s1_dihedral_avg": -2.0460583299483117,
  "delta_dihedral": -4.1587555580007605,
  "delta_dipole": null,
  "excitation_energy": "2.3221",
  "exciting_path_mean_volume": 373.2579349999999,
  "s0_bonds_avg": 1.3201923360029408,
  "s1_bonds_avg": 1.3239625664876469,
  "s0_angles_avg": 118.88997887225638,
  "s1_angles_avg": 118.89271298664717
}