{
  "s0_rotational_constant_a": 0.1143049,
  "s0_rotational_constant_b": 0.1360885,
  "s0_rotational_constant_c": 0.4788926,
  "s1_rotational_constant_a": 0.1143543,
  "s1_rotational_constant_b": 0.135816,
  "s1_rotational_constant_c": 0.4753775,
  "s0_rays_asymmetry_parameter": 0.880502825520444,
  "s1_rays_asymmetry_parameter": 0.8811062557752523,
  "s0_volume": 372.7035,
  "s1_volume": 373.78615,
  "delta_volume": 1.082650000000001,
  "s0_homo_lumo_gap": 1.5853786243887478,
  "s1_homo_lumo_gap": 1.5508773137851515,
  "delta_gap": -0.03450131060359629,
  "s0_dihedral_avg": 89.8790754616678,
  "s1_dihedral_avg": 90.21872874915175,
  "delta_dihedral": 0.33965328748395507,
  "delta_dipole": {
    "element": [
      "F",
      "B",
      "F",
      "N",
      "C",
      "C",
      "C",
      "C",
      "C",
      "C",
      "C",
      "C",
      "C",
      "C",
      "Br",
      "C",
      "C",
      "C",
      "C",
      "C",
      "N",
      "H",
      "H",
      "H",
      "H",
      "H",
      "H",
      "H",
      "H",
      "H",
      "H"
    ],
    "charge_variation": [
      -0.0023490000000000455,
      0.001290999999999931,
      -0.001558999999999977,
      -0.017486,
      0.0024199999999999777,
      0.0013960000000000083,
      -0.009495000000000003,
      0.022784,
      -0.0012940000000000035,
      0.005932,
      -0.017484,
      0.008379000000000001,
      -0.016317000000000012,
      0.0018829999999999958,
      0.033547999999999994,
      -0.013507000000000005,
      0.023674,
      -0.011306999999999998,
      0.0005420000000000147,
      0.001800999999999997,
      -0.018239000000000005,
      0.0006269999999999956,
      0.0002009999999999998,
      0.0025009999999999963,
      -5.8000000000002494e-05,
      9.30000000000028e-05,
      0.0007530000000000037,
      -0.0011950000000000016,
      0.0017050000000000051,
      0.00020900000000000085,
      0.0005460000000000048
    ]
  },
  "excitation_energy": "2.3221",
  "exciting_path_mean_volume": 373.2579349999999,
  "s0_bonds_avg": 1.3201923360029408,
  "s1_bonds_avg": 1.3239625664876469,
  "s0_angles_avg": 118.88997887225638,
  "s1_angles_avg": 118.89271298664717,
  "delta_bonds": 0.0037702304847060386,
  "delta_angles": 0.0027341143907904097
}