{"charge": {"element": ["F", "B", "F", "N", "C", "C", "C", "C", "C", "C", "C", "C", "C", "C", "Br", "C", "C", "C", "C", "C", "N", "H", "H", "H", "H", "H", "H", "H", "H", "H", "H"], "charge_variation": [-0.0023490000000000455, 0.001290999999999931, -0.001558999999999977, -0.017486, 0.0024199999999999777, 0.0013960000000000083, -0.009495000000000003, 0.022784, -0.0012940000000000035, 0.005932, -0.017484, 0.008379000000000001, -0.016317000000000012, 0.0018829999999999958, 0.033547999999999994, -0.013507000000000005, 0.023674, -0.011306999999999998, 0.0005420000000000147, 0.001800999999999997, -0.018239000000000005, 0.0006269999999999956, 0.0002009999999999998, 0.0025009999999999963, -5.8000000000002494e-05, 9.30000000000028e-05, 0.0007530000000000037, -0.0011950000000000016, 0.0017050000000000051, 0.00020900000000000085, 0.0005460000000000048]}, "ground_state": {"HOMO-LUMO": 1.5853786243887478, "structure": {"bonds": 1.3201923360029408, "angles": 118.88997887225638, "DA": 2.1126972280524488}, "rotational_constant": {"A": 0.1143049, "B": 0.1360885, "C": 0.4788926}, "rays_asymmetry_parameter": 0.880502825520444, "volume": 372.7035}, "excited_state": {"HOMO-LUMO": 1.5508773137851515, "structure": {"bonds": 1.3239625664876469, "angles": 118.89271298664717, "DA": -2.0460583299483117}, "rotational_constant": {"A": 0.1143543, "B": 0.135816, "C": 0.4753775}, "rays_asymmetry_parameter": 0.8811062557752523, "excited_energy": "2.3221", "volume": 373.78615}, "exciting_path_mean_volume": 373.2579349999999}