{
  "s0_rotational_constant_a": 0.0271733,
  "s0_rotational_constant_b": 0.0361821,
  "s0_rotational_constant_c": 0.0871247,
  "s1_rotational_constant_a": 0.0262791,
  "s1_rotational_constant_b": 0.0329113,
  "s1_rotational_constant_c": 0.0879823,
  "s0_rays_asymmetry_parameter": 0.699463231884493,
  "s1_rays_asymmetry_parameter": 0.7850289774274268,
  "s0_volume": 849.06106,
  "s1_volume": 848.6658,
  "delta_volume": -0.3952600000000075,
  "s0_homo_lumo_gap": 2.0786747116315727,
  "s1_homo_lumo_gap": 1.4436699129522386,
  "delta_gap": -0.6350047986793341,
  "s0_dihedral_avg": 90.13725553258607,
  "s1_dihedral_avg": 90.13219537981378,
  "delta_dihedral": -0.005060152772287552,
  "delta_dipole": {
    "element": [
      "O",
      "C",
      "C",
      "O",
      "C",
      "C",
      "C",
      "C",
      "N",
      "O",
      "O",
      "C",
      "C",
      "N",
      "O",
      "O",
      "C",
      "C",
      "C",
      "C",
      "C",
      "C",
      "C",
      "C",
      "C",
      "C",
      "C",
      "C",
      "C",
      "C",
      "C",
      "C",
      "C",
      "C",
      "C",
      "C",
      "C",
      "C",
      "C",
      "C",
      "C",
      "C",
      "C",
      "O",
      "C",
      "C",
      "C",
      "C",
      "C",
      "C",
      "H",
      "H",
      "H",
      "H",
      "H",
      "H",
      "H",
      "H",
      "H",
      "H",
      "H",
      "H",
      "H",
      "H",
      "H",
      "H",
      "H",
      "H",
      "H",
      "H",
      "H",
      "H",
      "H",
      "H",
      "H",
      "H"
    ],
    "charge_variation": [
      -0.014874999999999972,
      -0.018121000000000054,
      0.015090999999999993,
      -0.006620000000000015,
      0.03139100000000006,
      0.004794999999999994,
      0.005534999999999998,
      0.005342999999999987,
      -0.0004349999999999632,
      0.0010210000000000496,
      -0.007238000000000078,
      0.002694999999999989,
      -0.009885000000000005,
      -0.009692999999999952,
      -0.007199999999999984,
      0.0044159999999999755,
      -0.012344999999999995,
      0.005592,
      -0.0010830000000000006,
      -0.0015889999999999932,
      -0.0004750000000000032,
      -0.0019790000000000016,
      0.0010570000000000006,
      0.0022800000000000042,
      -0.002246999999999999,
      -0.001239999999999998,
      -0.001004999999999999,
      3.999999999999837e-05,
      -0.0012530000000000041,
      -0.002594000000000013,
      -0.004616999999999996,
      0.005406000000000001,
      0.004956000000000002,
      -0.004939000000000002,
      0.00037700000000000233,
      0.0034259999999999985,
      -0.003606999999999999,
      0.00011699999999999905,
      -0.002707999999999995,
      -3.9999999999970615e-06,
      -0.004306999999999991,
      -0.0031859999999999944,
      0.00969,
      -0.031098999999999988,
      0.008996000000000004,
      -0.004768000000000022,
      -0.004226,
      0.015971,
      -0.011018,
      0.014184000000000002,
      -0.001577000000000002,
      -5.000000000000143e-05,
      -0.001793000000000003,
      0.0011919999999999986,
      2.1999999999994246e-05,
      0.0019470000000000008,
      4.49999999999999e-05,
      0.00019699999999999926,
      0.0004709999999999992,
      0.001472000000000001,
      0.001468999999999998,
      -0.0010120000000000025,
      0.0014769999999999991,
      0.0003949999999999995,
      0.002125999999999996,
      0.0029570000000000013,
      -8.599999999999927e-05,
      -9.699999999999986e-05,
      0.00023000000000000104,
      0.0015940000000000051,
      -0.0004659999999999942,
      0.004401000000000002,
      0.007356000000000001,
      0.006793,
      -0.0004880000000000023,
      0.0034000000000000002
    ]
  },
  "excitation_energy": "1.7356",
  "exciting_path_mean_volume": 849.2113116666666,
  "s0_bonds_avg": 1.2858659716301217,
  "s1_bonds_avg": 1.2881092303736585,
  "delta_bonds": 0.0022432587435368134,
  "s0_angles_avg": 119.98454832831345,
  "s1_angles_avg": 119.96010796068605,
  "delta_angles": -0.02444036762740609
}