{
  "s0_rotational_constant_a": 0.1123161,
  "s0_rotational_constant_b": 0.1357864,
  "s0_rotational_constant_c": 0.2315643,
  "s1_rotational_constant_a": 0.1116961,
  "s1_rotational_constant_b": 0.1383205,
  "s1_rotational_constant_c": 0.2186623,
  "s0_rays_asymmetry_parameter": 0.6063621924691526,
  "s1_rays_asymmetry_parameter": 0.5021904115505645,
  "s0_volume": 576.64601,
  "s1_volume": 577.43292,
  "delta_volume": 0.7869099999999207,
  "s0_homo_lumo_gap": 2.8022525570927543,
  "s1_homo_lumo_gap": 1.9364299359795174,
  "delta_gap": -0.8658226211132369,
  "s0_dihedral_avg": 91.80459970532478,
  "s1_dihedral_avg": 91.46903742330981,
  "delta_dihedral": -0.33556228201496197,
  "delta_dipole": {
    "element": [
      "C",
      "C",
      "C",
      "C",
      "C",
      "C",
      "C",
      "C",
      "C",
      "C",
      "C",
      "C",
      "N",
      "C",
      "C",
      "C",
      "C",
      "C",
      "C",
      "N",
      "C",
      "C",
      "C",
      "C",
      "C",
      "C",
      "C",
      "C",
      "H",
      "H",
      "H",
      "H",
      "H",
      "H",
      "H",
      "H",
      "H",
      "H",
      "H",
      "H",
      "H",
      "H",
      "H",
      "H",
      "H",
      "H",
      "H",
      "H",
      "H",
      "H",
      "H",
      "H",
      "H",
      "H",
      "H",
      "H"
    ],
    "charge_variation": [
      -0.0002849999999999936,
      0.0002690000000000019,
      0.0006130000000000024,
      -0.0037739999999999996,
      -0.005388000000000004,
      0.023954,
      -0.037290000000000004,
      -0.008901,
      0.017298000000000008,
      -0.0019910000000000067,
      -0.017513,
      -0.014322000000000001,
      0.08643299999999998,
      0.019459000000000004,
      -0.028055999999999998,
      0.015407999999999998,
      -0.037358,
      0.017780000000000004,
      -0.034501000000000004,
      0.01186100000000001,
      -0.03907099999999997,
      0.005582999999999998,
      -0.0020900000000000016,
      2.1000000000000185e-05,
      -3.399999999999237e-05,
      -0.0004539999999999961,
      0.0008009999999999962,
      -0.0031969999999999915,
      -0.0010390000000000017,
      0.0003720000000000008,
      0.0005929999999999998,
      0.00028399999999999953,
      0.0005059999999999995,
      0.0012670000000000008,
      0.0012779999999999979,
      0.00023300000000000057,
      -0.0015420000000000017,
      0.012632,
      0.009441999999999999,
      -6.300000000000056e-05,
      -5.000000000000143e-05,
      1.8999999999998185e-05,
      0.011016999999999999,
      0.008182999999999996,
      -0.010622999999999994,
      -0.0008299999999999974,
      0.00013300000000000117,
      0.0023180000000000006,
      -0.0008630000000000027,
      -0.00039400000000000546,
      0.0002550000000000052,
      0.00011699999999999905,
      0.00021699999999999844,
      -4.000000000000184e-05,
      -0.00047600000000000073,
      0.001802999999999999
    ]
  },
  "excitation_energy": "2.2344",
  "exciting_path_mean_volume": 576.7722716666667,
  "s0_bonds_avg": 1.2711996626310165,
  "s1_bonds_avg": 1.278666888247119,
  "s0_angles_avg": 115.4828588475066,
  "s1_angles_avg": 115.5373844038937,
  "delta_bonds": 0.00746722561610258,
  "delta_angles": 0.054525556387091
}