{
  "s0_rotational_constant_a": 0.1123161,
  "s0_rotational_constant_b": 0.1357864,
  "s0_rotational_constant_c": 0.2315643,
  "s1_rotational_constant_a": 0.1116961,
  "s1_rotational_constant_b": 0.1383205,
  "s1_rotational_constant_c": 0.2186623,
  "s0_rays_asymmetry_parameter": 0.6063621924691526,
  "s1_rays_asymmetry_parameter": 0.5021904115505645,
  "s0_volume": 576.64601,
  "s1_volume": 577.43292,
  "delta_volume": 0.7869099999999207,
  "s0_homo_lumo_gap": 2.8022525570927543,
  "s1_homo_lumo_gap": 1.9364299359795174,
  "delta_gap": -0.8658226211132369,
  "s0_dihedral_avg": -3.80711356271261,
  "s1_dihedral_avg": -1.5677729556605688,
  "delta_dihedral": 2.239340607052041,
  "delta_dipole": null,
  "excitation_energy": "2.2344",
  "exciting_path_mean_volume": 576.7722716666667,
  "s0_bonds_avg": 1.2711996626310165,
  "s1_bonds_avg": 1.278666888247119,
  "s0_angles_avg": 115.4828588475066,
  "s1_angles_avg": 115.5373844038937
}