{
  "s0_rotational_constant_a": 0.042345,
  "s0_rotational_constant_b": 0.0669717,
  "s0_rotational_constant_c": 0.0977532,
  "s1_rotational_constant_a": 0.0434908,
  "s1_rotational_constant_b": 0.0624786,
  "s1_rotational_constant_c": 0.1064222,
  "s0_rays_asymmetry_parameter": 0.11108103132749308,
  "s1_rays_asymmetry_parameter": 0.39655561452629373,
  "s0_volume": 762.35804,
  "s1_volume": 757.33503,
  "delta_volume": -5.023009999999999,
  "s0_homo_lumo_gap": 2.1823364694550604,
  "s1_homo_lumo_gap": 1.2564147911613652,
  "delta_gap": -0.9259216782936952,
  "s0_dihedral_avg": 0.9938887126862285,
  "s1_dihedral_avg": -4.241441520597278,
  "delta_dihedral": -5.2353302332835066,
  "delta_dipole": null,
  "excitation_energy": "2.0573",
  "exciting_path_mean_volume": 759.0642233333334,
  "s0_bonds_avg": 1.2610866568485717,
  "s1_bonds_avg": 1.2623634166285713,
  "s0_angles_avg": 116.16294352579386,
  "s1_angles_avg": 116.14515579060863
}