{
  "s0_rotational_constant_a": 0.042345,
  "s0_rotational_constant_b": 0.0669717,
  "s0_rotational_constant_c": 0.0977532,
  "s1_rotational_constant_a": 0.0434908,
  "s1_rotational_constant_b": 0.0624786,
  "s1_rotational_constant_c": 0.1064222,
  "s0_rays_asymmetry_parameter": 0.11108103132749308,
  "s1_rays_asymmetry_parameter": 0.39655561452629373,
  "s0_volume": 762.35804,
  "s1_volume": 757.33503,
  "delta_volume": -5.023009999999999,
  "s0_homo_lumo_gap": 2.1823364694550604,
  "s1_homo_lumo_gap": 1.2564147911613652,
  "delta_gap": -0.9259216782936952,
  "s0_dihedral_avg": 91.86591050734658,
  "s1_dihedral_avg": 91.9565904201292,
  "delta_dihedral": 0.090679912782619,
  "delta_dipole": {
    "element": [
      "C",
      "C",
      "N",
      "C",
      "C",
      "C",
      "C",
      "C",
      "C",
      "C",
      "C",
      "C",
      "C",
      "C",
      "C",
      "F",
      "C",
      "C",
      "C",
      "C",
      "C",
      "C",
      "F",
      "C",
      "C",
      "C",
      "C",
      "C",
      "C",
      "N",
      "C",
      "C",
      "C",
      "C",
      "C",
      "C",
      "C",
      "C",
      "H",
      "H",
      "H",
      "H",
      "H",
      "H",
      "H",
      "H",
      "H",
      "H",
      "H",
      "H",
      "H",
      "H",
      "H",
      "H",
      "H",
      "H",
      "H",
      "H",
      "H",
      "H",
      "H",
      "H",
      "H",
      "H",
      "H",
      "H",
      "H",
      "H",
      "H",
      "H",
      "H",
      "H",
      "H",
      "H"
    ],
    "charge_variation": [
      -0.0007160000000000083,
      -0.0014399999999999968,
      0.012303999999999982,
      -0.0010910000000000086,
      -0.001233999999999999,
      -1.6000000000016e-05,
      0.0017359999999999876,
      0.0010830000000000006,
      0.0044399999999999995,
      -0.0009499999999999995,
      -0.018039,
      0.006442999999999997,
      -0.015985,
      0.0011089999999999989,
      -0.00892599999999999,
      0.0011689999999999756,
      0.0020739999999999925,
      -0.009457,
      0.006283999999999998,
      -0.009697000000000004,
      0.001798999999999995,
      -0.009098999999999968,
      0.0010899999999999799,
      0.0017590000000000106,
      -0.015665,
      0.004591000000000001,
      -0.003256000000000002,
      0.0005119999999999847,
      0.0003250000000000197,
      0.011341999999999963,
      -0.00170300000000001,
      0.0006690000000000029,
      -0.0015399999999999858,
      0.0011440000000000061,
      0.0019909999999999928,
      0.0011089999999999989,
      -0.003362999999999998,
      0.001456999999999986,
      0.00022500000000000298,
      -3.599999999999784e-05,
      0.001287,
      0.0009919999999999998,
      0.0006420000000000002,
      0.0008769999999999993,
      0.0004630000000000001,
      0.0004990000000000029,
      0.0011579999999999993,
      0.00013599999999999723,
      0.0005780000000000021,
      0.0055600000000000024,
      0.0032340000000000008,
      -0.001006,
      -0.0010789999999999966,
      0.003487000000000004,
      0.003369000000000004,
      -0.001023000000000003,
      -0.0009249999999999953,
      0.0033299999999999996,
      0.002935,
      5.2999999999997494e-05,
      0.00010100000000000018,
      0.0007329999999999993,
      -0.00018299999999999914,
      0.0006969999999999997,
      0.0006540000000000018,
      0.00013099999999999917,
      0.0007400000000000001,
      0.0005670000000000015,
      0.0004480000000000005,
      -3.299999999999831e-05,
      0.0006449999999999997,
      0.005478000000000004,
      0.0031659999999999987,
      -0.00015499999999999542
    ]
  },
  "excitation_energy": "2.0573",
  "exciting_path_mean_volume": 759.0642233333334,
  "s0_bonds_avg": 1.2610866568485717,
  "s1_bonds_avg": 1.2623634166285713,
  "s0_angles_avg": 116.16294352579386,
  "s1_angles_avg": 116.14515579060863,
  "delta_bonds": 0.0012767597799996366,
  "delta_angles": -0.017787735185237352
}