{"charge": {"element": ["C", "C", "N", "C", "C", "C", "C", "C", "C", "C", "C", "C", "C", "C", "C", "F", "C", "C", "C", "C", "C", "C", "F", "C", "C", "C", "C", "C", "C", "N", "C", "C", "C", "C", "C", "C", "C", "C", "H", "H", "H", "H", "H", "H", "H", "H", "H", "H", "H", "H", "H", "H", "H", "H", "H", "H", "H", "H", "H", "H", "H", "H", "H", "H", "H", "H", "H", "H", "H", "H", "H", "H", "H", "H"], "charge_variation": [-0.0007160000000000083, -0.0014399999999999968, 0.012303999999999982, -0.0010910000000000086, -0.001233999999999999, -1.6000000000016e-05, 0.0017359999999999876, 0.0010830000000000006, 0.0044399999999999995, -0.0009499999999999995, -0.018039, 0.006442999999999997, -0.015985, 0.0011089999999999989, -0.00892599999999999, 0.0011689999999999756, 0.0020739999999999925, -0.009457, 0.006283999999999998, -0.009697000000000004, 0.001798999999999995, -0.009098999999999968, 0.0010899999999999799, 0.0017590000000000106, -0.015665, 0.004591000000000001, -0.003256000000000002, 0.0005119999999999847, 0.0003250000000000197, 0.011341999999999963, -0.00170300000000001, 0.0006690000000000029, -0.0015399999999999858, 0.0011440000000000061, 0.0019909999999999928, 0.0011089999999999989, -0.003362999999999998, 0.001456999999999986, 0.00022500000000000298, -3.599999999999784e-05, 0.001287, 0.0009919999999999998, 0.0006420000000000002, 0.0008769999999999993, 0.0004630000000000001, 0.0004990000000000029, 0.0011579999999999993, 0.00013599999999999723, 0.0005780000000000021, 0.0055600000000000024, 0.0032340000000000008, -0.001006, -0.0010789999999999966, 0.003487000000000004, 0.003369000000000004, -0.001023000000000003, -0.0009249999999999953, 0.0033299999999999996, 0.002935, 5.2999999999997494e-05, 0.00010100000000000018, 0.0007329999999999993, -0.00018299999999999914, 0.0006969999999999997, 0.0006540000000000018, 0.00013099999999999917, 0.0007400000000000001, 0.0005670000000000015, 0.0004480000000000005, -3.299999999999831e-05, 0.0006449999999999997, 0.005478000000000004, 0.0031659999999999987, -0.00015499999999999542]}, "ground_state": {"HOMO-LUMO": 2.1823364694550604, "charge": {"element": ["C", "C", "N", "C", "C", "C", "C", "C", "C", "C", "C", "C", "C", "C", "C", "F", "C", "C", "C", "C", "C", "C", "F", "C", "C", "C", "C", "C", "C", "N", "C", "C", "C", "C", "C", "C", "C", "C", "H", "H", "H", "H", "H", "H", "H", "H", "H", "H", "H", "H", "H", "H", "H", "H", "H", "H", "H", "H", "H", "H", "H", "H", "H", "H", "H", "H", "H", "H", "H", "H", "H", "H", "H", "H"], "charge": [-0.12036, 0.285687, -0.624091, 0.285311, -0.119555, 0.427616, -0.179865, -0.035993, 0.009959, 0.014614, -0.059325, 0.041723, -0.036646, -0.182038, 0.602549, -0.365039, -0.183337, -0.048472, 0.042004, -0.048234, -0.183095, 0.602175, -0.365259, -0.182758, -0.036934, 0.008204, -0.031761, -0.181826, 0.427749, -0.618162, 0.283752, -0.115564, 0.284081, -0.115967, -0.181067, -0.035572, -0.033823, -0.177754, 0.034586, 0.02583, 0.020066, 0.014416, -0.002047, 0.006952, 0.001192, 0.028834, 0.01799, 0.037168, 0.039417, 0.027516, 0.035267, 0.045285, 0.045319, 0.032519, 0.032558, 0.045369, 0.045354, 0.035468, 0.028292, 0.037872, -0.001556, 0.012174, 0.024619, 0.018739, 0.035287, 0.011704, -0.001115, 0.025762, 0.018569, 0.034494, 0.03929, 0.027606, 0.02859, 0.037687]}, "structure": {"bonds": 1.2610866568485717, "angles": 116.16294352579386, "DA": 0.9938887126862285}, "rotational_constant": {"A": 0.042345, "B": 0.0669717, "C": 0.0977532}, "rays_asymmetry_parameter": 0.11108103132749308, "volume": 762.35804}, "excited_state": {"HOMO-LUMO": 1.2564147911613652, "charge": {"element": ["C", "C", "N", "C", "C", "C", "C", "C", "C", "C", "C", "C", "C", "C", "C", "F", "C", "C", "C", "C", "C", "C", "F", "C", "C", "C", "C", "C", "C", "N", "C", "C", "C", "C", "C", "C", "C", "C", "H", "H", "H", "H", "H", "H", "H", "H", "H", "H", "H", "H", "H", "H", "H", "H", "H", "H", "H", "H", "H", "H", "H", "H", "H", "H", "H", "H", "H", "H", "H", "H", "H", "H", "H", "H"], "charge": [-0.121076, 0.284247, -0.611787, 0.28422, -0.120789, 0.4276, -0.178129, -0.03491, 0.014399, 0.013664, -0.077364, 0.048166, -0.052631, -0.180929, 0.593623, -0.36387, -0.181263, -0.057929, 0.048288, -0.057931, -0.181296, 0.593076, -0.364169, -0.180999, -0.052599, 0.012795, -0.035017, -0.181314, 0.428074, -0.60682, 0.282049, -0.114895, 0.282541, -0.114823, -0.179076, -0.034463, -0.037186, -0.176297, 0.034811, 0.025794, 0.021353, 0.015408, -0.001405, 0.007829, 0.001655, 0.029333, 0.019148, 0.037304, 0.039995, 0.033076, 0.038501, 0.044279, 0.04424, 0.036006, 0.035927, 0.044346, 0.044429, 0.038798, 0.031227, 0.037925, -0.001455, 0.012907, 0.024436, 0.019436, 0.035941, 0.011835, -0.000375, 0.026329, 0.019017, 0.034461, 0.039935, 0.033084, 0.031756, 0.037532]}, "structure": {"bonds": 1.2623634166285713, "angles": 116.14515579060863, "DA": -4.241441520597278}, "rotational_constant": {"A": 0.0434908, "B": 0.0624786, "C": 0.1064222}, "rays_asymmetry_parameter": 0.39655561452629373, "excited_energy": "2.0573", "volume": 757.33503}, "exciting_path_mean_volume": 759.0642233333334}