{
  "s0_rotational_constant_a": 0.0350964,
  "s0_rotational_constant_b": 0.0394522,
  "s0_rotational_constant_c": 0.11373,
  "s1_rotational_constant_a": 0.0351415,
  "s1_rotational_constant_b": 0.0391532,
  "s1_rotational_constant_c": 0.1138383,
  "s0_rays_asymmetry_parameter": 0.8892127538355106,
  "s1_rays_asymmetry_parameter": 0.8980466804241086,
  "s0_volume": 835.24155,
  "s1_volume": 833.06635,
  "delta_volume": -2.1751999999999043,
  "s0_homo_lumo_gap": 1.2806084304528373,
  "s1_homo_lumo_gap": 0.4757229770702538,
  "delta_gap": -0.8048854533825835,
  "s0_dihedral_avg": 91.52621723192104,
  "s1_dihedral_avg": 91.04119329725266,
  "delta_dihedral": -0.48502393466837646,
  "delta_dipole": {
    "element": [
      "C",
      "C",
      "C",
      "C",
      "C",
      "C",
      "C",
      "C",
      "C",
      "N",
      "C",
      "C",
      "F",
      "C",
      "C",
      "N",
      "C",
      "O",
      "C",
      "C",
      "C",
      "C",
      "C",
      "C",
      "C",
      "C",
      "C",
      "C",
      "C",
      "C",
      "C",
      "C",
      "C",
      "C",
      "C",
      "C",
      "C",
      "C",
      "O",
      "C",
      "C",
      "C",
      "N",
      "C",
      "C",
      "C",
      "C",
      "C",
      "C",
      "H",
      "H",
      "H",
      "H",
      "H",
      "H",
      "H",
      "H",
      "H",
      "H",
      "H",
      "H",
      "H",
      "H",
      "H",
      "H",
      "H",
      "H",
      "H",
      "H",
      "H",
      "H",
      "H",
      "H",
      "H",
      "H"
    ],
    "charge_variation": [
      -0.006207999999999991,
      0.007054000000000005,
      -0.007885000000000003,
      -0.008711999999999998,
      0.0057239999999999965,
      -0.016561000000000006,
      0.0034519999999999998,
      -0.015047000000000005,
      -0.010403999999999969,
      0.092943,
      -0.0031849999999999934,
      -0.007199000000000011,
      -0.004766999999999966,
      0.009246000000000004,
      0.0069710000000000605,
      -0.0028209999999999624,
      -0.0061189999999999856,
      -0.006002999999999981,
      0.0037449999999999983,
      -0.005343000000000014,
      0.0028800000000000006,
      -0.0011779999999999985,
      0.0010329999999999992,
      -6.300000000000056e-05,
      0.0006840000000000006,
      -0.0010770000000000085,
      0.0005500000000000019,
      -0.005323999999999995,
      0.0015000000000000013,
      -0.0021970000000000045,
      -0.005066999999999988,
      0.0013670000000000002,
      0.0006440000000000057,
      0.0004180000000000017,
      0.0009039999999999951,
      0.0010019999999999994,
      2.000000000002e-06,
      0.0011429999999999982,
      0.0043840000000000545,
      0.022978,
      -0.019649,
      0.016737000000000002,
      -0.022015000000000007,
      -0.010899999999999965,
      -0.014669000000000015,
      0.003573,
      -0.012046000000000001,
      0.008835000000000003,
      -0.006511999999999997,
      0.0008669999999999997,
      0.0008029999999999982,
      -0.0017290000000000014,
      -0.0013989999999999975,
      0.0004630000000000016,
      0.009510999999999999,
      0.00023000000000000104,
      0.0005100000000000035,
      -0.0006929999999999992,
      -0.00034400000000000056,
      -1.5000000000001124e-05,
      0.00029699999999999865,
      0.00016300000000000342,
      0.00028600000000000153,
      5.2999999999997494e-05,
      -0.00021999999999999797,
      -0.0022049999999999986,
      0.00043799999999999395,
      0.00010099999999999693,
      0.0002469999999999972,
      0.0001260000000000011,
      0.0005059999999999995,
      -0.0030419999999999996,
      -0.0014149999999999996,
      -0.0002109999999999959,
      -0.0001460000000000003
    ]
  },
  "excitation_energy": "0.5472",
  "exciting_path_mean_volume": 834.3095266666668,
  "s0_bonds_avg": 1.3099669524474697,
  "s1_bonds_avg": 1.312412834043976,
  "delta_bonds": 0.002445881596506272,
  "s0_angles_avg": 119.58697606398252,
  "s1_angles_avg": 119.28567858171569,
  "delta_angles": -0.3012974822668326
}