{
  "s0_rotational_constant_a": 0.0334578,
  "s0_rotational_constant_b": 0.0513171,
  "s0_rotational_constant_c": 0.0667071,
  "s1_rotational_constant_a": 0.0339409,
  "s1_rotational_constant_b": 0.0536497,
  "s1_rotational_constant_c": 0.0691354,
  "s0_rays_asymmetry_parameter": -0.07426622515361206,
  "s1_rays_asymmetry_parameter": -0.11999318075267425,
  "s0_volume": 888.61786,
  "s1_volume": 884.34047,
  "delta_volume": -4.2773899999999685,
  "s0_homo_lumo_gap": 1.422491294730945,
  "s1_homo_lumo_gap": 0.35518744157873927,
  "delta_gap": -1.0673038531522057,
  "s0_dihedral_avg": 89.96912489441026,
  "s1_dihedral_avg": 90.73594035516997,
  "delta_dihedral": 0.766815460759716,
  "delta_dipole": {
    "element": [
      "O",
      "S",
      "O",
      "C",
      "C",
      "C",
      "C",
      "C",
      "N",
      "C",
      "C",
      "C",
      "C",
      "C",
      "C",
      "C",
      "C",
      "C",
      "C",
      "C",
      "C",
      "C",
      "C",
      "C",
      "C",
      "C",
      "C",
      "C",
      "N",
      "C",
      "C",
      "C",
      "C",
      "C",
      "C",
      "C",
      "C",
      "C",
      "C",
      "C",
      "C",
      "C",
      "C",
      "C",
      "C",
      "C",
      "C",
      "C",
      "C",
      "H",
      "H",
      "H",
      "H",
      "H",
      "H",
      "H",
      "H",
      "H",
      "H",
      "H",
      "H",
      "H",
      "H",
      "H",
      "H",
      "H",
      "H",
      "H",
      "H",
      "H",
      "H",
      "H",
      "H",
      "H",
      "H",
      "H",
      "H",
      "H",
      "H",
      "H",
      "H"
    ],
    "charge_variation": [
      -0.003995000000000082,
      0.021055999999999964,
      -0.015550999999999982,
      -0.103726,
      0.017644,
      0.00102,
      0.011454000000000006,
      -0.02063100000000001,
      0.05927500000000002,
      -0.007066000000000017,
      -0.006422000000000011,
      0.0010960000000000002,
      -0.009068999999999994,
      0.004899000000000001,
      -0.009651999999999994,
      0.0019870000000000165,
      -0.023406999999999983,
      0.0069960000000000005,
      -0.01824400000000001,
      0.0013549999999999999,
      -0.021052000000000015,
      0.00013299999999999423,
      -0.008924000000000001,
      0.067597,
      0.010115,
      -0.0010650000000000034,
      0.025682999999999997,
      0.0072770000000000334,
      -0.01767400000000008,
      0.00889599999999996,
      -0.02649399999999999,
      0.011453,
      -0.014804999999999999,
      0.005502,
      -0.011634999999999979,
      0.00414500000000001,
      0.0048890000000000045,
      -0.00089,
      -0.0002449999999999952,
      0.000745,
      -0.007727000000000012,
      0.019420000000000007,
      -0.0005290000000000017,
      -0.006002,
      0.009319000000000001,
      0.003206,
      0.00511,
      0.009618,
      0.0009219999999999992,
      0.006841,
      0.0015630000000000019,
      0.0023260000000000017,
      0.00017499999999999807,
      -0.000333999999999994,
      0.0008560000000000026,
      0.0009090000000000001,
      0.002008000000000003,
      -0.0007769999999999999,
      -0.00015300000000000036,
      -0.002045999999999999,
      -0.00020399999999999585,
      -0.0010819999999999996,
      -0.006794000000000001,
      0.0018209999999999962,
      -0.0005679999999999991,
      -0.0013290000000000038,
      -0.0036859999999999983,
      0.0019829999999999987,
      -0.0005719999999999996,
      0.0013829999999999953,
      0.002813999999999997,
      6.199999999999956e-05,
      4.900000000000043e-05,
      -0.00037299999999999833,
      -0.0033040000000000014,
      0.0034259999999999985,
      0.003573,
      -0.001355999999999996,
      0.0021040000000000017,
      0.003051999999999999,
      0.0016319999999999946
    ]
  },
  "excitation_energy": "0.4090",
  "exciting_path_mean_volume": 886.8517083333332,
  "s0_bonds_avg": 1.2788412496225,
  "s1_bonds_avg": 1.29721728175,
  "delta_bonds": 0.018376032127500164,
  "s0_angles_avg": 119.51559014850757,
  "s1_angles_avg": 119.42386119705655,
  "delta_angles": -0.09172895145101734
}