{
  "s0_rotational_constant_a": 0.0172092,
  "s0_rotational_constant_b": 0.018102,
  "s0_rotational_constant_c": 0.0759598,
  "s1_rotational_constant_a": 0.0167746,
  "s1_rotational_constant_b": 0.0175802,
  "s1_rotational_constant_c": 0.0785025,
  "s0_rays_asymmetry_parameter": 0.9696071189060197,
  "s1_rays_asymmetry_parameter": 0.9738983506647724,
  "s0_volume": 1194.22156,
  "s1_volume": 1195.47751,
  "delta_volume": 1.2559499999999844,
  "s0_homo_lumo_gap": 1.071328416476026,
  "s1_homo_lumo_gap": 0.046321934727109326,
  "delta_gap": -1.0250064817489166,
  "s0_dihedral_avg": 4.899148398433012,
  "s1_dihedral_avg": 0.09966702173241887,
  "delta_dihedral": -4.7994813767005935,
  "delta_dipole": null,
  "excitation_energy": "0.0553",
  "exciting_path_mean_volume": 1194.7916866666667,
  "s0_bonds_avg": 1.2875258356302424,
  "s1_bonds_avg": 1.2862538050787096,
  "s0_angles_avg": 118.17036527774033,
  "s1_angles_avg": 118.22817671926904
}