{
  "s0_rotational_constant_a": 0.0131265,
  "s0_rotational_constant_b": 0.0152177,
  "s0_rotational_constant_c": 0.0736704,
  "s1_rotational_constant_a": 0.0130245,
  "s1_rotational_constant_b": 0.0154421,
  "s1_rotational_constant_c": 0.0734097,
  "s0_rays_asymmetry_parameter": 0.9309195476340308,
  "s1_rays_asymmetry_parameter": 0.9199273994289991,
  "s0_volume": 1230.52821,
  "s1_volume": 1227.6927,
  "delta_volume": -2.8355099999998856,
  "s0_homo_lumo_gap": 1.6766972995639269,
  "s1_homo_lumo_gap": 1.317390054826118,
  "delta_gap": -0.35930724473780895,
  "s0_dihedral_avg": 1.3407877446359189,
  "s1_dihedral_avg": -2.608001569543521,
  "delta_dihedral": -3.94878931417944,
  "delta_dipole": null,
  "excitation_energy": "1.5150",
  "exciting_path_mean_volume": 1228.8118983333334,
  "s0_bonds_avg": 1.2779801906978905,
  "s1_bonds_avg": 1.2832463700289063,
  "s0_angles_avg": 116.86459615865125,
  "s1_angles_avg": 116.85815683568346
}