{
  "s0_rotational_constant_a": 0.0131265,
  "s0_rotational_constant_b": 0.0152177,
  "s0_rotational_constant_c": 0.0736704,
  "s1_rotational_constant_a": 0.0130245,
  "s1_rotational_constant_b": 0.0154421,
  "s1_rotational_constant_c": 0.0734097,
  "s0_rays_asymmetry_parameter": 0.9309195476340308,
  "s1_rays_asymmetry_parameter": 0.9199273994289991,
  "s0_volume": 1230.52821,
  "s1_volume": 1227.6927,
  "delta_volume": -2.8355099999998856,
  "s0_homo_lumo_gap": 1.6766972995639269,
  "s1_homo_lumo_gap": 1.317390054826118,
  "delta_gap": -0.35930724473780895,
  "s0_dihedral_avg": 91.91058646140701,
  "s1_dihedral_avg": 92.0025513032201,
  "delta_dihedral": 0.09196484181309472,
  "delta_dipole": {
    "element": [
      "C",
      "C",
      "C",
      "C",
      "C",
      "C",
      "C",
      "C",
      "C",
      "C",
      "C",
      "C",
      "C",
      "N",
      "C",
      "C",
      "C",
      "C",
      "C",
      "C",
      "C",
      "C",
      "C",
      "C",
      "C",
      "C",
      "C",
      "C",
      "C",
      "C",
      "C",
      "C",
      "C",
      "C",
      "C",
      "C",
      "C",
      "C",
      "C",
      "C",
      "C",
      "C",
      "C",
      "C",
      "C",
      "C",
      "N",
      "C",
      "C",
      "C",
      "C",
      "C",
      "C",
      "C",
      "C",
      "C",
      "C",
      "C",
      "C",
      "C",
      "C",
      "C",
      "C",
      "H",
      "H",
      "H",
      "H",
      "H",
      "H",
      "H",
      "H",
      "H",
      "H",
      "H",
      "H",
      "H",
      "H",
      "H",
      "H",
      "H",
      "H",
      "H",
      "H",
      "H",
      "H",
      "H",
      "H",
      "H",
      "H",
      "H",
      "H",
      "H",
      "H",
      "H",
      "H",
      "H",
      "H",
      "H",
      "H",
      "H",
      "H",
      "H",
      "H",
      "H",
      "H",
      "H",
      "H",
      "H",
      "H",
      "H",
      "H",
      "H",
      "H",
      "H",
      "H",
      "H",
      "H",
      "H",
      "H"
    ],
    "charge_variation": [
      -0.0003110000000000057,
      -0.000897999999999996,
      0.0007110000000000033,
      0.0004730000000000012,
      0.0016410000000000036,
      -0.00010700000000000986,
      -0.007524000000000003,
      0.006737,
      -0.008902999999999998,
      0.00429199999999999,
      0.001120000000000003,
      -0.002020999999999995,
      -0.011993000000000031,
      0.06222699999999998,
      -0.013058999999999987,
      -0.0037619999999999876,
      0.0018079999999999988,
      -0.007033999999999999,
      0.003583999999999997,
      -0.009436,
      0.006708000000000006,
      -0.006562999999999999,
      -0.006177000000000002,
      -0.012975,
      0.004976999999999995,
      -0.010979000000000003,
      0.004161999999999999,
      -0.008455000000000018,
      -0.009511999999999965,
      -0.0018780000000000047,
      0.0019269999999999982,
      0.005843000000000001,
      -0.006299000000000013,
      0.005410999999999999,
      -0.0012920000000000015,
      0.0004960000000000103,
      0.0004970000000000113,
      0.00012000000000000899,
      -0.00418700000000001,
      -0.0076950000000000005,
      0.005124999999999998,
      -0.010055999999999999,
      0.0024049999999999974,
      0.0020970000000000016,
      0.004009999999999986,
      0.00045000000000000595,
      -0.0012780000000000014,
      0.002595999999999987,
      -0.004619999999999985,
      0.0030099999999999997,
      -0.002808000000000005,
      0.001438000000000001,
      -0.002611000000000002,
      0.002701000000000009,
      -0.004844999999999988,
      0.0024030000000000006,
      -0.0030040000000000067,
      0.0017599999999999994,
      -0.0028590000000000004,
      0.004705000000000015,
      0.004063000000000004,
      0.005922999999999998,
      -0.006706000000000004,
      0.0007449999999999991,
      -7.899999999999921e-05,
      -0.00042400000000000077,
      -9.999999999999593e-06,
      -0.0003239999999999979,
      -0.00031799999999999884,
      1.9999999999985307e-06,
      0.00032799999999999843,
      -0.00041799999999999997,
      0.0007450000000000026,
      0.0012939999999999965,
      0.0007329999999999975,
      0.0002970000000000056,
      0.00019099999999999673,
      0.0013319999999999999,
      0.0001030000000000024,
      0.0007290000000000005,
      0.00032400000000000137,
      0.0017759999999999998,
      0.0017250000000000008,
      0.0016190000000000024,
      0.00019600000000000173,
      0.0016979999999999981,
      0.00041999999999999676,
      0.00036799999999999333,
      0.00046500000000000014,
      0.00010500000000000093,
      0.00044500000000000095,
      0.0007790000000000019,
      0.0015000000000000013,
      -0.0001899999999999992,
      -1.9999999999999185e-05,
      0.00010399999999999993,
      -0.0014280000000000022,
      0.0007399999999999993,
      -1.000000000001e-06,
      -6.600000000000009e-05,
      0.0005719999999999996,
      -0.0004899999999999974,
      0.0010690000000000005,
      0.004185000000000001,
      0.0017750000000000023,
      -0.0005199999999999996,
      -0.001246000000000004,
      -0.0004940000000000014,
      0.00010199999999999793,
      -0.00036900000000000127,
      0.00011500000000000399,
      -0.0011099999999999999,
      -0.00045600000000000154,
      0.0001999999999999988,
      -0.00040899999999999964,
      0.00013200000000000017,
      -0.0005469999999999989,
      0.0017020000000000021,
      0.004735000000000003
    ]
  },
  "excitation_energy": "1.5150",
  "exciting_path_mean_volume": 1228.8118983333334,
  "s0_bonds_avg": 1.2779801906978905,
  "s1_bonds_avg": 1.2832463700289063,
  "s0_angles_avg": 116.86459615865125,
  "s1_angles_avg": 116.85815683568346,
  "delta_bonds": 0.005266179331015808,
  "delta_angles": -0.0064393229677932595
}