{
  "s0_rotational_constant_a": 0.0456268,
  "s0_rotational_constant_b": 0.0650032,
  "s0_rotational_constant_c": 0.1334649,
  "s1_rotational_constant_a": 0.0456765,
  "s1_rotational_constant_b": 0.0607613,
  "s1_rotational_constant_c": 0.1521758,
  "s0_rays_asymmetry_parameter": 0.5588155936888434,
  "s1_rays_asymmetry_parameter": 0.7167155089282278,
  "s0_volume": 689.17401,
  "s1_volume": 692.88085,
  "delta_volume": 3.7068400000000565,
  "s0_homo_lumo_gap": 2.1258755739811255,
  "s1_homo_lumo_gap": 1.0603513451790065,
  "delta_gap": -1.065524228802119,
  "s0_dihedral_avg": 92.66451825913022,
  "s1_dihedral_avg": 92.60733779187777,
  "delta_dihedral": -0.05718046725245074,
  "delta_dipole": {
    "element": [
      "C",
      "C",
      "N",
      "C",
      "C",
      "C",
      "C",
      "C",
      "C",
      "C",
      "N",
      "N",
      "C",
      "C",
      "C",
      "C",
      "C",
      "C",
      "C",
      "O",
      "C",
      "C",
      "C",
      "C",
      "N",
      "C",
      "C",
      "C",
      "C",
      "C",
      "C",
      "C",
      "C",
      "H",
      "H",
      "H",
      "H",
      "H",
      "H",
      "H",
      "H",
      "H",
      "H",
      "H",
      "H",
      "H",
      "H",
      "H",
      "H",
      "H",
      "H",
      "H",
      "H",
      "H",
      "H",
      "H",
      "H",
      "H",
      "H",
      "H",
      "H",
      "H",
      "H",
      "H",
      "H",
      "H",
      "H"
    ],
    "charge_variation": [
      0.0003680000000000072,
      -6.40000000000085e-05,
      -0.0021700000000000053,
      0.0002849999999999797,
      -0.0004789999999999933,
      0.00043399999999998995,
      -0.00044399999999999995,
      0.0071979999999999995,
      -0.003015000000000004,
      0.02769900000000003,
      0.016024999999999956,
      -0.041603999999999974,
      -0.007294000000000023,
      0.027285000000000004,
      -0.018109999999999994,
      0.030925999999999995,
      -0.013935,
      0.005297999999999997,
      0.003936999999999968,
      -0.01627099999999998,
      0.0029249999999999996,
      0.016948999999999995,
      -0.010080000000000006,
      -0.015330999999999984,
      0.04664199999999996,
      -0.010236000000000023,
      0.0021880000000000094,
      -0.010774000000000006,
      0.0024150000000000005,
      0.0003009999999999957,
      -0.041882,
      -0.005302000000000001,
      0.0018920000000000048,
      0.0003129999999999973,
      -3.600000000000131e-05,
      -3.999999999999837e-05,
      -0.00037300000000000007,
      0.000348,
      0.0003320000000000007,
      0.000463,
      5.4999999999999494e-05,
      0.00045299999999999854,
      2.1000000000000185e-05,
      0.0011820000000000025,
      -0.0001349999999999997,
      0.006898000000000001,
      0.0061229999999999965,
      -0.0011609999999999954,
      0.0075829999999999995,
      0.003152000000000002,
      0.003385000000000027,
      0.002446999999999998,
      -0.003277000000000002,
      0.0023499999999999997,
      -0.002935,
      -0.001471,
      0.001580999999999999,
      -0.0008139999999999988,
      0.004945999999999999,
      -0.0031409999999999997,
      0.0004210000000000047,
      -0.0011479999999999997,
      -0.0006290000000000011,
      -0.0031049999999999967,
      -0.017182000000000003,
      -0.0025170000000000053,
      0.00013300000000000117
    ]
  },
  "excitation_energy": "1.2201",
  "exciting_path_mean_volume": 691.15247,
  "s0_bonds_avg": 1.2506044642539136,
  "s1_bonds_avg": 1.252055866387971,
  "delta_bonds": 0.0014514021340574779,
  "s0_angles_avg": 115.31964147152078,
  "s1_angles_avg": 115.24092588520509,
  "delta_angles": -0.07871558631569542
}