{
  "s0_rotational_constant_a": 0.0192551,
  "s0_rotational_constant_b": 0.0211275,
  "s0_rotational_constant_c": 0.1485153,
  "s1_rotational_constant_a": 0.0192728,
  "s1_rotational_constant_b": 0.0211322,
  "s1_rotational_constant_c": 0.1483308,
  "s0_rays_asymmetry_parameter": 0.9710289787575759,
  "s1_rays_asymmetry_parameter": 0.9711850485828077,
  "s0_volume": 858.26358,
  "s1_volume": 859.12934,
  "delta_volume": 0.8657599999999093,
  "s0_homo_lumo_gap": 1.9891002860105305,
  "s1_homo_lumo_gap": 1.4811236584485643,
  "delta_gap": -0.5079766275619662,
  "s0_dihedral_avg": -0.49114296605497576,
  "s1_dihedral_avg": 9.149329712579089,
  "delta_dihedral": 9.640472678634065,
  "delta_dipole": null,
  "excitation_energy": "1.7720",
  "exciting_path_mean_volume": 858.3927316666665,
  "s0_bonds_avg": 1.2824807446183333,
  "s1_bonds_avg": 1.2872565040460715,
  "s0_angles_avg": 118.96693437698131,
  "s1_angles_avg": 118.89831425516446
}