{
  "s0_rotational_constant_a": 0.0110488,
  "s0_rotational_constant_b": 0.0125827,
  "s0_rotational_constant_c": 0.0500172,
  "s1_rotational_constant_a": 0.0110852,
  "s1_rotational_constant_b": 0.0125969,
  "s1_rotational_constant_c": 0.0522827,
  "s0_rays_asymmetry_parameter": 0.9212746738382894,
  "s1_rays_asymmetry_parameter": 0.9266120517021665,
  "s0_volume": 1306.94797,
  "s1_volume": 1295.88045,
  "delta_volume": -11.067519999999831,
  "s0_homo_lumo_gap": 1.9460219479581968,
  "s1_homo_lumo_gap": 1.0556981989425411,
  "delta_gap": -0.8903237490156557,
  "s0_dihedral_avg": 91.57007900794598,
  "s1_dihedral_avg": 91.2759828411221,
  "delta_dihedral": -0.29409616682387707,
  "delta_dipole": {
    "element": [
      "C",
      "C",
      "N",
      "C",
      "C",
      "C",
      "C",
      "C",
      "C",
      "C",
      "C",
      "O",
      "C",
      "C",
      "C",
      "N",
      "C",
      "C",
      "C",
      "C",
      "C",
      "C",
      "C",
      "C",
      "C",
      "C",
      "C",
      "C",
      "C",
      "C",
      "C",
      "C",
      "C",
      "C",
      "C",
      "C",
      "C",
      "C",
      "C",
      "C",
      "C",
      "C",
      "C",
      "C",
      "C",
      "C",
      "C",
      "C",
      "C",
      "C",
      "C",
      "C",
      "C",
      "C",
      "C",
      "C",
      "C",
      "O",
      "N",
      "N",
      "C",
      "S",
      "N",
      "C",
      "C",
      "C",
      "C",
      "C",
      "C",
      "H",
      "H",
      "H",
      "H",
      "H",
      "H",
      "H",
      "H",
      "H",
      "H",
      "H",
      "H",
      "H",
      "H",
      "H",
      "H",
      "H",
      "H",
      "H",
      "H",
      "H",
      "H",
      "H",
      "H",
      "H",
      "H",
      "H",
      "H",
      "H",
      "H",
      "H",
      "H",
      "H",
      "H",
      "H",
      "H",
      "H",
      "H",
      "H",
      "H",
      "H",
      "H",
      "H",
      "H",
      "H",
      "H",
      "H",
      "H",
      "H",
      "H",
      "H",
      "H",
      "H",
      "H",
      "H"
    ],
    "charge_variation": [
      -0.0042139999999999955,
      -0.006203999999999987,
      0.06537000000000004,
      -0.005980000000000041,
      -0.005070000000000005,
      0.02122200000000002,
      -0.020017000000000007,
      0.014932,
      -0.020717999999999986,
      0.00754100000000002,
      -0.04048999999999997,
      -0.01349800000000001,
      -0.014390999999999987,
      -0.003166000000000002,
      -0.007503999999999955,
      0.02152900000000002,
      -0.0033660000000000356,
      -0.001458000000000001,
      -0.00014100000000000223,
      -0.002043000000000003,
      0.001892999999999978,
      0.001618999999999999,
      0.017461999999999978,
      0.010909000000000002,
      0.002274,
      0.002793999999999998,
      -0.005436999999999997,
      0.0019650000000000015,
      -0.0026180000000000023,
      0.0007929999999999951,
      -0.004017,
      -0.0005349999999999938,
      -0.0002920000000000006,
      0.0012040000000000002,
      -0.0012479999999999991,
      -0.0009689999999999976,
      0.001565999999999998,
      -2.6999999999999247e-05,
      0.0003559999999999987,
      -0.00022199999999999998,
      -0.0009549999999999975,
      -0.0010860000000000036,
      -5.199999999999996e-05,
      -0.0004230000000000067,
      0.00221,
      8.299999999999974e-05,
      -0.0008130000000000082,
      -0.00026299999999999935,
      -0.0005210000000000006,
      -0.00022799999999999904,
      0.0014339999999999978,
      -3.100000000000325e-05,
      -0.004194999999999997,
      0.00017299999999999954,
      -0.010174999999999997,
      0.011127999999999999,
      0.0025300000000000322,
      0.015114000000000072,
      -0.038209999999999966,
      -0.021743000000000012,
      0.010956000000000077,
      -0.008855999999999975,
      0.013997999999999955,
      -0.003304000000000029,
      -0.009762999999999994,
      0.0037300000000000002,
      -0.008973999999999996,
      0.004297000000000002,
      0.010642000000000013,
      -0.002005,
      0.0009860000000000008,
      -0.0008389999999999995,
      0.007764,
      -0.00027800000000000004,
      0.0021550000000000007,
      -0.000567,
      0.0008470000000000005,
      -0.00037799999999999986,
      -0.0005070000000000005,
      -2.6000000000005186e-05,
      -0.003532999999999998,
      -0.003605999999999998,
      -0.001898999999999998,
      0.0019899999999999987,
      0.00042099999999999993,
      -0.00040000000000000105,
      0.0004949999999999954,
      0.0006899999999999996,
      0.00024799999999999996,
      -0.000205,
      0.0013290000000000003,
      0.00028000000000000247,
      -0.0003610000000000002,
      -0.001117,
      0.0007780000000000009,
      -0.001454999999999998,
      0.0019479999999999983,
      9.10000000000008e-05,
      0.0017710000000000017,
      0.0011050000000000018,
      -0.0006269999999999991,
      0.001413000000000001,
      -0.0006069999999999999,
      0.0024519999999999993,
      0.002110999999999995,
      -0.0005159999999999991,
      0.001920999999999999,
      -0.0004380000000000009,
      0.001516,
      0.0015860000000000006,
      -0.0007799999999999994,
      0.0010940000000000012,
      -0.0005389999999999978,
      0.0004109999999999947,
      0.0028900000000000037,
      0.0004529999999999951,
      0.00014000000000000123,
      0.009882999999999975,
      0.0004629999999999912,
      -0.0020010000000000028,
      -0.0009779999999999997,
      -0.0008279999999999989,
      0.0003590000000000017,
      -0.0015949999999999992
    ]
  },
  "excitation_energy": "1.2176",
  "exciting_path_mean_volume": 1301.1380166666668,
  "s0_bonds_avg": 1.272475446538421,
  "s1_bonds_avg": 1.275862378277143,
  "delta_bonds": 0.0033869317387220654,
  "s0_angles_avg": 117.3119448909654,
  "s1_angles_avg": 117.29600601637257,
  "delta_angles": -0.01593887459283394
}