{
  "s0_rotational_constant_a": 0.0199947,
  "s0_rotational_constant_b": 0.0228033,
  "s0_rotational_constant_c": 0.055211,
  "s1_rotational_constant_a": 0.0197073,
  "s1_rotational_constant_b": 0.0228693,
  "s1_rotational_constant_c": 0.055698,
  "s0_rays_asymmetry_parameter": 0.8404943165522784,
  "s1_rays_asymmetry_parameter": 0.8242879410514383,
  "s0_volume": 1088.60314,
  "s1_volume": 1087.71925,
  "delta_volume": -0.8838899999998375,
  "s0_homo_lumo_gap": 0.3516281928785654,
  "s1_homo_lumo_gap": 0.15805730944158825,
  "delta_gap": -0.19357088343697715,
  "s0_dihedral_avg": 0.6247149826243081,
  "s1_dihedral_avg": 5.311372735147778,
  "delta_dihedral": 4.68665775252347,
  "delta_dipole": null,
  "excitation_energy": "0.1848",
  "exciting_path_mean_volume": 1087.8391033333335,
  "s0_bonds_avg": 1.292560493812252,
  "s1_bonds_avg": 1.2929877923213515,
  "s0_angles_avg": 117.99222421097052,
  "s1_angles_avg": 117.9901445863808
}