{
  "s0_rotational_constant_a": 0.0068999,
  "s0_rotational_constant_b": 0.0074832,
  "s0_rotational_constant_c": 0.049207,
  "s1_rotational_constant_a": 0.0069309,
  "s1_rotational_constant_b": 0.0075451,
  "s1_rotational_constant_c": 0.0486802,
  "s0_rays_asymmetry_parameter": 0.972425432137868,
  "s1_rays_asymmetry_parameter": 0.9705767521850664,
  "s0_volume": 1407.91309,
  "s1_volume": 1406.83232,
  "delta_volume": -1.0807700000000295,
  "s0_homo_lumo_gap": 0.6754082579302358,
  "s1_homo_lumo_gap": 0.44567344848002444,
  "delta_gap": -0.2297348094502114,
  "s0_dihedral_avg": -7.9608822694289865,
  "s1_dihedral_avg": -6.913085399619902,
  "delta_dihedral": 1.0477968698090843,
  "delta_dipole": null,
  "excitation_energy": "0.5128",
  "exciting_path_mean_volume": 1406.90727,
  "s0_bonds_avg": 1.3216843630495074,
  "s1_bonds_avg": 1.3044944311260145,
  "s0_angles_avg": 112.37710379718378,
  "s1_angles_avg": 116.19868379142119
}