{
  "s0_rotational_constant_a": 0.011613,
  "s0_rotational_constant_b": 0.0165235,
  "s0_rotational_constant_c": 0.0300498,
  "s1_rotational_constant_a": 0.0120531,
  "s1_rotational_constant_b": 0.0160465,
  "s1_rotational_constant_c": 0.0299656,
  "s0_rays_asymmetry_parameter": 0.46731536926147693,
  "s1_rays_asymmetry_parameter": 0.5541214235868805,
  "s0_volume": 1437.03228,
  "s1_volume": 1433.0544,
  "delta_volume": -3.9778799999999137,
  "s0_homo_lumo_gap": 2.005848891323657,
  "s1_homo_lumo_gap": 1.1623232762113567,
  "delta_gap": -0.8435256151123003,
  "s0_dihedral_avg": 89.9976289302076,
  "s1_dihedral_avg": 89.9823119657799,
  "delta_dihedral": -0.015316964427697144,
  "delta_dipole": {
    "element": [
      "C",
      "C",
      "C",
      "C",
      "N",
      "C",
      "C",
      "C",
      "C",
      "C",
      "C",
      "C",
      "C",
      "C",
      "C",
      "C",
      "C",
      "C",
      "C",
      "C",
      "C",
      "N",
      "C",
      "C",
      "C",
      "C",
      "C",
      "C",
      "C",
      "C",
      "C",
      "C",
      "C",
      "C",
      "C",
      "C",
      "C",
      "C",
      "C",
      "C",
      "N",
      "C",
      "C",
      "C",
      "C",
      "C",
      "C",
      "C",
      "C",
      "C",
      "C",
      "C",
      "C",
      "C",
      "C",
      "C",
      "C",
      "C",
      "C",
      "N",
      "C",
      "C",
      "C",
      "C",
      "C",
      "C",
      "C",
      "C",
      "C",
      "C",
      "C",
      "C",
      "C",
      "C",
      "C",
      "C",
      "C",
      "C",
      "H",
      "H",
      "H",
      "H",
      "H",
      "H",
      "H",
      "H",
      "H",
      "H",
      "H",
      "H",
      "H",
      "H",
      "H",
      "H",
      "H",
      "H",
      "H",
      "H",
      "H",
      "H",
      "H",
      "H",
      "H",
      "H",
      "H",
      "H",
      "H",
      "H",
      "H",
      "H",
      "H",
      "H",
      "H",
      "H",
      "H",
      "H",
      "H",
      "H",
      "H",
      "H",
      "H",
      "H",
      "H",
      "H",
      "H",
      "H",
      "H",
      "H",
      "H",
      "H",
      "H",
      "H",
      "H",
      "H"
    ],
    "charge_variation": [
      -0.002714999999999995,
      0.001641,
      -0.00011900000000000799,
      -0.0028269999999999684,
      0.024188999999999905,
      -0.002460999999999991,
      -0.0029010000000000147,
      0.0011999999999999997,
      -0.0030799999999999994,
      0.0019180000000000004,
      -0.004078999999999999,
      -0.010083000000000009,
      0.001679,
      -0.005724,
      0.002159000000000001,
      -0.007970999999999995,
      -0.008505000000000002,
      0.0060129999999999975,
      -0.008167,
      0.0065860000000000085,
      -0.010126999999999997,
      0.014579000000000009,
      -0.0012379999999999614,
      -0.0024959999999999982,
      0.001258,
      -0.0023809999999999942,
      0.0007679999999999996,
      -0.0020020000000000038,
      -0.0009550000000000392,
      -0.00148100000000001,
      0.000729,
      -0.0019730000000000025,
      0.0019450000000000001,
      -0.00359799999999999,
      0.0062490000000000046,
      -0.004855999999999999,
      0.0059039999999999995,
      -0.0052270000000000025,
      0.005860000000000004,
      -0.008433999999999997,
      0.015422000000000047,
      -0.0020319999999999783,
      -0.0024990000000000012,
      0.0010329999999999992,
      -0.0013089999999999907,
      0.0009189999999999997,
      -0.0018410000000000093,
      -0.002118999999999982,
      -0.002357999999999999,
      0.001143,
      -0.0013800000000000062,
      0.0008319999999999994,
      -0.001677999999999985,
      0.006172000000000011,
      -0.004965000000000004,
      0.006454000000000001,
      -0.007129000000000003,
      0.007328000000000001,
      -0.00908500000000001,
      0.013454999999999995,
      -0.001471,
      -0.0027729999999999977,
      0.0010780000000000008,
      -0.0012700000000000072,
      0.0007539999999999995,
      -0.0015479999999999938,
      -0.0015000000000000013,
      -0.0019080000000000208,
      0.0009559999999999994,
      -0.0016040000000000082,
      0.0012469999999999998,
      -0.0022840000000000082,
      0.006296000000000024,
      -0.005090999999999998,
      -0.005131999999999998,
      0.0027510000000000034,
      -0.0037429999999999963,
      0.0013429999999999996,
      4.9999999999980616e-06,
      3.799999999999984e-05,
      -0.0008090000000000042,
      -4.600000000000437e-05,
      0.00018800000000000067,
      6.600000000000009e-05,
      -0.0002489999999999992,
      0.00035700000000000315,
      -0.0010000000000000009,
      0.0027809999999999988,
      0.0030659999999999993,
      -0.0009959999999999969,
      -1.4000000000000123e-05,
      9.900000000000186e-05,
      7.199999999999915e-05,
      -3.200000000000078e-05,
      0.0005010000000000014,
      5.400000000000543e-05,
      0.0002009999999999998,
      2.4999999999997247e-05,
      -0.00035400000000000015,
      0.0002360000000000001,
      -0.0014460000000000028,
      0.002265999999999997,
      0.0026709999999999963,
      -0.0005679999999999991,
      0.00017099999999999754,
      1.9000000000001654e-05,
      0.0003080000000000027,
      6.0999999999998555e-05,
      0.00048000000000000126,
      0.0002099999999999949,
      7.000000000000062e-05,
      0.00037800000000000333,
      6.700000000000109e-05,
      0.0005049999999999985,
      -0.000675000000000002,
      0.0022980000000000014,
      0.002886999999999997,
      -0.0011079999999999979,
      2.5999999999998247e-05,
      9.499999999999786e-05,
      0.0002549999999999983,
      6.300000000000056e-05,
      0.0004220000000000057,
      0.00036899999999999433,
      -2.6000000000001716e-05,
      0.00028600000000000153,
      -5.6000000000000494e-05,
      8.299999999999974e-05,
      -0.0007609999999999978,
      0.002523000000000001,
      0.002256000000000001,
      -0.0003830000000000014,
      0.0001429999999999973,
      0.00017599999999999907
    ]
  },
  "excitation_energy": "1.7595",
  "exciting_path_mean_volume": 1433.0399183333332,
  "s0_bonds_avg": 1.2734581368709659,
  "s1_bonds_avg": 1.2782406561221378,
  "s0_angles_avg": 119.99061378580997,
  "s1_angles_avg": 119.99067255071203,
  "delta_bonds": 0.004782519251171902,
  "delta_angles": 5.8764902064467606e-05
}