{
  "s0_rotational_constant_a": 0.011613,
  "s0_rotational_constant_b": 0.0165235,
  "s0_rotational_constant_c": 0.0300498,
  "s1_rotational_constant_a": 0.0120531,
  "s1_rotational_constant_b": 0.0160465,
  "s1_rotational_constant_c": 0.0299656,
  "s0_rays_asymmetry_parameter": 0.46731536926147693,
  "s1_rays_asymmetry_parameter": 0.5541214235868805,
  "s0_volume": 1437.03228,
  "s1_volume": 1433.0544,
  "delta_volume": -3.9778799999999137,
  "s0_homo_lumo_gap": 2.005848891323657,
  "s1_homo_lumo_gap": 1.1623232762113567,
  "delta_gap": -0.8435256151123003,
  "s0_dihedral_avg": 4.8701026322437855,
  "s1_dihedral_avg": 9.519344519352721,
  "delta_dihedral": 4.649241887108936,
  "delta_dipole": null,
  "excitation_energy": "1.7595",
  "exciting_path_mean_volume": 1433.0399183333332,
  "s0_bonds_avg": 1.2734581368709659,
  "s1_bonds_avg": 1.2782406561221378,
  "s0_angles_avg": 119.99061378580997,
  "s1_angles_avg": 119.99067255071203
}