{
  "s0_rotational_constant_a": 0.012803,
  "s0_rotational_constant_b": 0.0210364,
  "s0_rotational_constant_c": 0.0287618,
  "s1_rotational_constant_a": 0.0129261,
  "s1_rotational_constant_b": 0.0212596,
  "s1_rotational_constant_c": 0.0287445,
  "s0_rays_asymmetry_parameter": -0.03183196731583816,
  "s1_rays_asymmetry_parameter": -0.05364638648662327,
  "s0_volume": 1064.55689,
  "s1_volume": 1066.9588,
  "delta_volume": 2.4019100000000435,
  "s0_homo_lumo_gap": 0.964335985556962,
  "s1_homo_lumo_gap": 0.5756404487993692,
  "delta_gap": -0.38869553675759283,
  "s0_dihedral_avg": -1.7217236428298432,
  "s1_dihedral_avg": 3.639267757177075,
  "delta_dihedral": 5.3609914000069185,
  "delta_dipole": null,
  "excitation_energy": "0.6841",
  "exciting_path_mean_volume": 1065.455435,
  "s0_bonds_avg": 1.3137067139121699,
  "s1_bonds_avg": 1.3012846083325,
  "s0_angles_avg": 116.65527897035346,
  "s1_angles_avg": 119.63102475222031
}