{
  "s0_rotational_constant_a": 0.0239601,
  "s0_rotational_constant_b": 0.0271227,
  "s0_rotational_constant_c": 0.1566817,
  "s1_rotational_constant_a": 0.0240551,
  "s1_rotational_constant_b": 0.0274667,
  "s1_rotational_constant_c": 0.1517141,
  "s0_rays_asymmetry_parameter": 0.9523423466865983,
  "s1_rays_asymmetry_parameter": 0.9465513594811177,
  "s0_volume": 878.8009,
  "s1_volume": 875.3623,
  "delta_volume": -3.4385999999999513,
  "s0_homo_lumo_gap": 1.708341415110044,
  "s1_homo_lumo_gap": 1.3246854262062135,
  "delta_gap": -0.38365598890383046,
  "s0_dihedral_avg": 90.28252802922368,
  "s1_dihedral_avg": 90.25387718607645,
  "delta_dihedral": -0.028650843147232763,
  "delta_dipole": {
    "element": [
      "C",
      "O",
      "C",
      "C",
      "C",
      "C",
      "C",
      "C",
      "C",
      "C",
      "C",
      "C",
      "C",
      "C",
      "C",
      "C",
      "C",
      "N",
      "C",
      "C",
      "C",
      "C",
      "C",
      "O",
      "C",
      "C",
      "C",
      "C",
      "C",
      "C",
      "C",
      "C",
      "C",
      "C",
      "C",
      "C",
      "C",
      "C",
      "C",
      "N",
      "C",
      "C",
      "C",
      "C",
      "H",
      "H",
      "H",
      "H",
      "H",
      "H",
      "H",
      "H",
      "H",
      "H",
      "H",
      "H",
      "H",
      "H",
      "H",
      "H",
      "H",
      "H",
      "H",
      "H",
      "H",
      "H",
      "H",
      "H",
      "H",
      "H",
      "H",
      "H",
      "H",
      "H",
      "H",
      "H",
      "H",
      "H",
      "H",
      "H",
      "H",
      "H",
      "H",
      "H"
    ],
    "charge_variation": [
      -0.0023820000000000507,
      0.005964999999999998,
      0.009792999999999996,
      -0.015602999999999978,
      0.00451,
      -0.005188999999999999,
      -0.003523,
      -0.0030659999999999993,
      5.9000000000003494e-05,
      0.000451,
      -0.006522,
      -0.001849,
      0.0006710000000000049,
      0.0007100000000000006,
      3.999999999999837e-05,
      0.00016099999999999448,
      -0.0016459999999999808,
      0.005728999999999984,
      -0.0010000000000000009,
      -0.0011730000000000074,
      -1.5000000000015001e-05,
      -0.000898999999999997,
      0.009817999999999993,
      0.006210000000000049,
      -0.0026269999999999905,
      -0.015334000000000014,
      0.005163,
      -0.005468000000000001,
      -0.0036000000000000008,
      -0.0029739999999999905,
      -0.0007259999999999905,
      0.00037500000000000033,
      -0.005885000000000001,
      -0.002588,
      0.0010030000000000039,
      0.0012169999999999993,
      -0.00022799999999999904,
      0.00027299999999999547,
      -0.001693,
      0.005265999999999993,
      -0.001350999999999991,
      -0.0011849999999999916,
      0.00023599999999998622,
      -0.0011130000000000029,
      0.002666,
      -7.500000000000041e-05,
      0.0016059999999999998,
      0.0031849999999999934,
      0.0004330000000000028,
      0.0006460000000000007,
      -0.0002249999999999995,
      0.0015779999999999995,
      -0.0003480000000000011,
      0.001131,
      0.001068999999999997,
      -0.0003510000000000041,
      6.400000000000025e-05,
      -0.0006629999999999995,
      0.00152,
      0.0001860000000000004,
      0.00023000000000000017,
      0.0008259999999999999,
      -0.00015899999999999942,
      0.0009180000000000021,
      0.001694000000000001,
      0.0027810000000000005,
      2.7000000000000114e-05,
      0.003244999999999998,
      0.0004139999999999977,
      0.0009409999999999974,
      -0.00020800000000000332,
      0.001398,
      -7.500000000000215e-05,
      0.0011989999999999987,
      0.0012510000000000021,
      -0.0002590000000000023,
      0.0003950000000000004,
      0.00020899999999999998,
      0.000773,
      8.899999999999967e-05,
      -0.0007509999999999999,
      0.001735,
      -8.800000000000474e-05,
      0.0009830000000000047
    ]
  },
  "excitation_energy": "2.0896",
  "exciting_path_mean_volume": 876.9838633333333,
  "s0_bonds_avg": 1.2626602196375,
  "s1_bonds_avg": 1.26285108416,
  "s0_angles_avg": 117.33374680676614,
  "s1_angles_avg": 117.33334652118323,
  "delta_bonds": 0.000190864522499945,
  "delta_angles": -0.00040028558291282934
}