{
  "s0_rotational_constant_a": 0.074325,
  "s0_rotational_constant_b": 0.080969,
  "s0_rotational_constant_c": 0.1735105,
  "s1_rotational_constant_a": 0.0744701,
  "s1_rotational_constant_b": 0.0812339,
  "s1_rotational_constant_c": 0.1761595,
  "s0_rays_asymmetry_parameter": 0.8660288046135777,
  "s1_rays_asymmetry_parameter": 0.8669713854148023,
  "s0_volume": 819.99613,
  "s1_volume": 817.0192,
  "delta_volume": -2.9769300000000385,
  "s0_homo_lumo_gap": 3.744490179733728,
  "s1_homo_lumo_gap": 3.1179426784245345,
  "delta_gap": -0.6265475013091937,
  "s0_dihedral_avg": 91.54622647513119,
  "s1_dihedral_avg": 90.3724731307861,
  "delta_dihedral": -1.1737533443450872,
  "delta_dipole": {
    "element": [
      "C",
      "C",
      "C",
      "C",
      "C",
      "C",
      "C",
      "C",
      "C",
      "C",
      "C",
      "C",
      "C",
      "C",
      "C",
      "C",
      "C",
      "C",
      "C",
      "C",
      "C",
      "C",
      "C",
      "C",
      "C",
      "C",
      "C",
      "C",
      "C",
      "C",
      "C",
      "C",
      "C",
      "C",
      "C",
      "C",
      "C",
      "C",
      "H",
      "H",
      "H",
      "H",
      "H",
      "H",
      "H",
      "H",
      "H",
      "H",
      "H",
      "H",
      "H",
      "H",
      "H",
      "H",
      "H",
      "H",
      "H",
      "H",
      "H",
      "H",
      "H",
      "H",
      "H",
      "H",
      "H",
      "H",
      "H",
      "H",
      "H",
      "H",
      "H",
      "H",
      "H",
      "H",
      "H",
      "H",
      "H",
      "H",
      "H",
      "H",
      "H",
      "H",
      "H",
      "H",
      "H",
      "H"
    ],
    "charge_variation": [
      -0.0004170000000000007,
      -0.0061239999999999975,
      0.0024210000000000065,
      0.0007749999999999979,
      -0.0006489999999999968,
      0.0018419999999999999,
      -0.0034480000000000066,
      0.0020599999999999993,
      2.4999999999997247e-05,
      -0.0015410000000000007,
      -0.00031699999999999784,
      -0.0006760000000000099,
      0.0011430000000000051,
      0.0007790000000000019,
      0.009604,
      0.0034409999999999996,
      -0.033968,
      0.010102,
      0.0020619999999999944,
      0.005802000000000002,
      0.0026099999999999873,
      -0.029183999999999988,
      0.010367999999999995,
      0.0038860000000000006,
      -0.003427000000000003,
      -0.0022039999999999976,
      0.0017290000000000014,
      0.00012199999999999711,
      -0.010178,
      0.003821000000000005,
      0.0036709999999999937,
      -0.0046720000000000025,
      0.00020100000000000673,
      0.002145000000000001,
      -0.0004630000000000051,
      -0.003225999999999979,
      0.0012469999999999981,
      -0.002468999999999999,
      0.00021799999999999944,
      0.0014020000000000005,
      0.0006299999999999986,
      0.0005440000000000028,
      -0.00016400000000000095,
      -0.00018900000000000167,
      0.0016620000000000038,
      -0.0009690000000000011,
      0.0010899999999999972,
      1.000000000001e-06,
      -3.399999999999931e-05,
      -0.00042100000000000123,
      0.0007950000000000006,
      0.00041300000000000364,
      -0.00010800000000000046,
      0.0008449999999999985,
      -0.0017250000000000008,
      -0.0012799999999999999,
      0.013991000000000003,
      -2.6999999999999247e-05,
      -0.00010399999999999993,
      -0.0006050000000000014,
      3.999999999999837e-05,
      -0.00051,
      -0.0008120000000000002,
      0.012538999999999995,
      0.0005109999999999976,
      -0.001913999999999999,
      -0.0014250000000000027,
      0.00033800000000000496,
      0.0001989999999999978,
      0.0005140000000000006,
      0.0005600000000000015,
      -0.00011899999999999758,
      0.00027500000000000094,
      0.0002720000000000014,
      0.00023100000000000204,
      0.00014099999999999877,
      0.0023289999999999977,
      -2.1000000000000185e-05,
      0.0006069999999999999,
      0.0003349999999999985,
      0.00022100000000000244,
      0.0006550000000000028,
      0.0007490000000000014,
      0.0006159999999999985,
      0.0004300000000000033,
      0.0003789999999999974
    ]
  },
  "excitation_energy": "3.5950",
  "exciting_path_mean_volume": 818.1223833333333,
  "s0_bonds_avg": 1.2608492870266292,
  "s1_bonds_avg": 1.2686142757335956,
  "s0_angles_avg": 113.72677119060403,
  "s1_angles_avg": 113.71029688560573,
  "delta_bonds": 0.0077649887069664025,
  "delta_angles": -0.016474304998297384
}