{
  "s0_rotational_constant_a": 0.0149751,
  "s0_rotational_constant_b": 0.0154923,
  "s0_rotational_constant_c": 0.1334269,
  "s1_rotational_constant_a": 0.0151968,
  "s1_rotational_constant_b": 0.0156382,
  "s1_rotational_constant_c": 0.1305033,
  "s0_rays_asymmetry_parameter": 0.9912673340548644,
  "s1_rays_asymmetry_parameter": 0.9923438834757797,
  "s0_volume": 951.80367,
  "s1_volume": 948.71863,
  "delta_volume": -3.085040000000049,
  "s0_homo_lumo_gap": 1.808775903087656,
  "s1_homo_lumo_gap": 1.3303889317685718,
  "delta_gap": -0.47838697131908425,
  "s0_dihedral_avg": 90.01880089332387,
  "s1_dihedral_avg": 90.15399847019634,
  "delta_dihedral": 0.13519757687247136,
  "delta_dipole": {
    "element": [
      "C",
      "C",
      "C",
      "C",
      "C",
      "C",
      "C",
      "C",
      "C",
      "C",
      "C",
      "C",
      "C",
      "C",
      "C",
      "C",
      "C",
      "C",
      "C",
      "C",
      "C",
      "C",
      "C",
      "C",
      "N",
      "C",
      "C",
      "C",
      "C",
      "C",
      "C",
      "C",
      "C",
      "C",
      "C",
      "C",
      "C",
      "C",
      "C",
      "S",
      "C",
      "C",
      "C",
      "C",
      "C",
      "C",
      "C",
      "C",
      "C",
      "C",
      "H",
      "H",
      "H",
      "H",
      "H",
      "H",
      "H",
      "H",
      "H",
      "H",
      "H",
      "H",
      "H",
      "H",
      "H",
      "H",
      "H",
      "H",
      "H",
      "H",
      "H",
      "H",
      "H",
      "H",
      "H",
      "H",
      "H",
      "H",
      "H",
      "H",
      "H",
      "H",
      "H",
      "H",
      "H"
    ],
    "charge_variation": [
      -0.0016539999999999958,
      0.00013599999999999723,
      -0.001450999999999994,
      -0.0006700000000000039,
      -0.0009480000000000009,
      -0.0005989999999999988,
      -0.001462999999999992,
      -4.599999999999049e-05,
      0.0014419999999999988,
      -0.000791,
      -9.699999999999986e-05,
      -0.0009399999999999964,
      0.0008029999999999982,
      -0.0022830000000000003,
      0.0008039999999999992,
      -0.0034439999999999957,
      0.007985000000000006,
      -0.0045530000000000015,
      0.008140999999999995,
      -0.010044999999999998,
      0.010270999999999999,
      -0.005021000000000005,
      0.012170999999999987,
      -0.013479999999999992,
      0.034792000000000045,
      -0.0009380000000000499,
      -0.011303000000000007,
      0.0034700000000000004,
      -0.010182999999999998,
      0.004566000000000001,
      -0.015490000000000004,
      -0.0012199999999999989,
      -0.01028699999999999,
      0.003214,
      -0.009491,
      0.004378,
      -0.014768999999999977,
      0.011956999999999995,
      -0.005192999999999996,
      0.004313000000000011,
      0.0021659999999999943,
      -0.0010010000000000019,
      -0.0008220000000000033,
      -0.0017309999999999964,
      0.0010069999999999975,
      -0.0018900000000000028,
      0.00016299999999999995,
      -0.0012749999999999984,
      -0.0014040000000000025,
      0.0016080000000000018,
      0.0013809999999999968,
      -0.0005789999999999997,
      0.002144,
      0.0010300000000000031,
      -0.000448999999999998,
      0.0013680000000000012,
      -0.0006270000000000026,
      0.0016560000000000012,
      0.003009999999999999,
      -0.0006029999999999994,
      0.0016559999999999978,
      -0.0007370000000000015,
      0.0017670000000000047,
      0.0001290000000000041,
      0.0017369999999999955,
      1.4000000000000123e-05,
      -4.099999999999937e-05,
      -0.00017499999999999807,
      -0.0003919999999999965,
      0.0017609999999999987,
      8.700000000000027e-05,
      -3.899999999999737e-05,
      -0.00013799999999999923,
      -0.0005370000000000028,
      -5.3999999999998494e-05,
      0.0020690000000000014,
      -0.0008309999999999984,
      0.0020000000000000018,
      0.0013889999999999979,
      -0.0005770000000000011,
      0.0015319999999999986,
      -0.000563000000000001,
      0.002319999999999999,
      0.0009279999999999983,
      -0.0005409999999999998
    ]
  },
  "excitation_energy": "1.6880",
  "exciting_path_mean_volume": 949.8720516666667,
  "s0_bonds_avg": 1.2923728650178263,
  "s1_bonds_avg": 1.2968257744343479,
  "s0_angles_avg": 119.81915239354566,
  "s1_angles_avg": 119.81751094688933,
  "delta_bonds": 0.004452909416521544,
  "delta_angles": -0.001641446656336143
}