{
  "s0_rotational_constant_a": 0.0072403,
  "s0_rotational_constant_b": 0.0074542,
  "s0_rotational_constant_c": 0.0704703,
  "s1_rotational_constant_a": 0.0072771,
  "s1_rotational_constant_b": 0.0075089,
  "s1_rotational_constant_c": 0.0701147,
  "s0_rays_asymmetry_parameter": 0.9932342242606359,
  "s1_rays_asymmetry_parameter": 0.9926222516455114,
  "s0_volume": 1428.07921,
  "s1_volume": 1422.32197,
  "delta_volume": -5.757240000000138,
  "s0_homo_lumo_gap": 2.104024834636786,
  "s1_homo_lumo_gap": 1.3370720470649227,
  "delta_gap": -0.7669527875718631,
  "s0_dihedral_avg": 90.0460330702054,
  "s1_dihedral_avg": 90.07455017611741,
  "delta_dihedral": 0.02851710591201595,
  "delta_dipole": {
    "element": [
      "C",
      "C",
      "C",
      "C",
      "C",
      "C",
      "C",
      "C",
      "C",
      "C",
      "C",
      "C",
      "C",
      "C",
      "C",
      "C",
      "C",
      "C",
      "C",
      "C",
      "C",
      "C",
      "C",
      "C",
      "C",
      "C",
      "C",
      "C",
      "C",
      "C",
      "C",
      "C",
      "C",
      "C",
      "C",
      "C",
      "C",
      "C",
      "C",
      "C",
      "C",
      "C",
      "C",
      "C",
      "C",
      "C",
      "C",
      "C",
      "C",
      "C",
      "C",
      "C",
      "C",
      "C",
      "C",
      "C",
      "C",
      "C",
      "C",
      "C",
      "C",
      "C",
      "C",
      "C",
      "C",
      "C",
      "C",
      "C",
      "C",
      "C",
      "C",
      "C",
      "C",
      "C",
      "C",
      "C",
      "C",
      "H",
      "H",
      "H",
      "H",
      "H",
      "H",
      "H",
      "H",
      "H",
      "H",
      "H",
      "H",
      "H",
      "H",
      "H",
      "H",
      "H",
      "H",
      "H",
      "H",
      "H",
      "H",
      "H",
      "H",
      "H",
      "H",
      "H",
      "H",
      "H",
      "H",
      "H",
      "H",
      "H",
      "H",
      "H",
      "H",
      "H",
      "H",
      "H",
      "H",
      "H",
      "H",
      "H",
      "H",
      "H",
      "H",
      "H",
      "H",
      "H",
      "H",
      "H",
      "H"
    ],
    "charge_variation": [
      -0.0034409999999999996,
      0.0018330000000000013,
      -0.0022970000000000074,
      0.0003409999999999941,
      -0.0024360000000000007,
      9.89999999999984e-05,
      -0.0009180000000000021,
      -0.001338999999999993,
      3.200000000000078e-05,
      -0.0016660000000000008,
      0.0016959999999999996,
      -0.0005280000000000007,
      -0.0008370000000000044,
      -0.000903000000000001,
      0.0011130000000000029,
      0.0012720000000000023,
      -0.00011800000000000699,
      -0.00020699999999999885,
      0.001580999999999999,
      0.0006299999999999986,
      -0.0007090000000000013,
      -0.0006839999999999902,
      -0.0004869999999999944,
      -4.799999999999943e-05,
      -0.00018299999999998873,
      0.00019399999999999973,
      0.00014100000000000223,
      6.0999999999998555e-05,
      -0.00012799999999999964,
      1.4000000000000123e-05,
      5.200000000000343e-05,
      9.800000000000086e-05,
      4.900000000000043e-05,
      -0.00013900000000000023,
      -0.00015099999999999836,
      0.002312999999999999,
      -0.002563999999999997,
      0.002015000000000003,
      -0.0003259999999999999,
      -0.0005269999999999997,
      -0.0006359999999999977,
      -0.0005040000000000044,
      0.0021150000000000006,
      -0.002295000000000002,
      0.0006590000000000068,
      -0.0026470000000000105,
      0.0004070000000000011,
      -0.0009539999999999965,
      -0.0009799999999999982,
      -0.0019430000000000003,
      0.0004849999999999993,
      -0.0018789999999999918,
      -0.0010980000000000018,
      -0.0008900000000000019,
      -3.900000000000084e-05,
      -0.0018330000000000013,
      0.0004600000000000021,
      -0.0020010000000000028,
      -0.0009079999999999991,
      0.0001799999999999996,
      -0.00043400000000000036,
      -0.0008379999999999915,
      -0.0012870000000000104,
      -0.0016019999999999993,
      -0.0012540000000000051,
      -0.0008129999999999943,
      0.00022000000000000144,
      -0.0012890000000000054,
      -0.001124,
      -0.0006450000000000067,
      -0.0018960000000000088,
      0.0005999999999999998,
      -0.0023990000000000053,
      0.0016240000000000004,
      -0.0014380000000000087,
      -0.0019869999999999888,
      0.0006540000000000018,
      0.0018430000000000009,
      -0.0010860000000000002,
      0.0010880000000000022,
      0.0019950000000000002,
      -0.0008160000000000008,
      0.0015709999999999995,
      -0.0006940000000000002,
      0.0010380000000000042,
      0.0018880000000000008,
      -0.00024199999999999916,
      0.0009309999999999943,
      -0.000623000000000002,
      0.0010280000000000011,
      1.4000000000000123e-05,
      7.700000000000068e-05,
      8.700000000000027e-05,
      9.10000000000008e-05,
      8.89999999999988e-05,
      6.0999999999998555e-05,
      7.499999999999868e-05,
      1.6999999999996185e-05,
      0.0008060000000000012,
      0.0013849999999999973,
      0.0012770000000000004,
      0.001166999999999998,
      0.00044299999999999895,
      0.00027299999999999894,
      0.00044299999999999895,
      0.001990000000000002,
      0.0020380000000000016,
      0.0005149999999999981,
      0.00032199999999999937,
      0.0005180000000000011,
      0.0009739999999999957,
      0.001800000000000003,
      0.0004809999999999988,
      0.0001370000000000017,
      0.000722999999999998,
      0.0008330000000000004,
      0.002075000000000004,
      0.0010739999999999986,
      0.0004930000000000004,
      0.0005199999999999996,
      -0.00035600000000000215,
      0.0027819999999999998,
      0.002231999999999998,
      -0.001067000000000002,
      0.0015010000000000023,
      -0.0007620000000000023,
      0.0010420000000000047,
      0.0021639999999999993,
      -0.0009439999999999969
    ]
  },
  "excitation_energy": "1.6715",
  "exciting_path_mean_volume": 1424.14574,
  "s0_bonds_avg": 1.2971116936606337,
  "s1_bonds_avg": 1.3017055462764087,
  "s0_angles_avg": 119.73061827077505,
  "s1_angles_avg": 119.72982739313476,
  "delta_bonds": 0.00459385261577494,
  "delta_angles": -0.000790877640298504
}