{
  "s0_rotational_constant_a": 0.0072403,
  "s0_rotational_constant_b": 0.0074542,
  "s0_rotational_constant_c": 0.0704703,
  "s1_rotational_constant_a": 0.0072771,
  "s1_rotational_constant_b": 0.0075089,
  "s1_rotational_constant_c": 0.0701147,
  "s0_rays_asymmetry_parameter": 0.9932342242606359,
  "s1_rays_asymmetry_parameter": 0.9926222516455114,
  "s0_volume": 1428.07921,
  "s1_volume": 1422.32197,
  "delta_volume": -5.757240000000138,
  "s0_homo_lumo_gap": 2.104024834636786,
  "s1_homo_lumo_gap": 1.3370720470649227,
  "delta_gap": -0.7669527875718631,
  "s0_dihedral_avg": -2.3784365537682706,
  "s1_dihedral_avg": -1.3718368969531087,
  "delta_dihedral": 1.0065996568151618,
  "delta_dipole": null,
  "excitation_energy": "1.6715",
  "exciting_path_mean_volume": 1424.14574,
  "s0_bonds_avg": 1.2971116936606337,
  "s1_bonds_avg": 1.3017055462764087,
  "s0_angles_avg": 119.73061827077505,
  "s1_angles_avg": 119.72982739313476
}