{
  "s0_rotational_constant_a": 0.0231576,
  "s0_rotational_constant_b": 0.0237917,
  "s0_rotational_constant_c": 0.3583734,
  "s1_rotational_constant_a": 0.0234426,
  "s1_rotational_constant_b": 0.0236389,
  "s1_rotational_constant_c": 0.3384498,
  "s0_rays_asymmetry_parameter": 0.9962167654388606,
  "s1_rays_asymmetry_parameter": 0.9987536792809815,
  "s0_volume": 693.88222,
  "s1_volume": 692.93839,
  "delta_volume": -0.9438299999999344,
  "s0_homo_lumo_gap": 1.5742600539079294,
  "s1_homo_lumo_gap": 0.032797878121708646,
  "delta_gap": -1.5414621757862208,
  "s0_dihedral_avg": 94.24808754343428,
  "s1_dihedral_avg": 93.07650226504684,
  "delta_dihedral": -1.1715852783874396,
  "delta_dipole": {
    "element": [
      "C",
      "C",
      "C",
      "C",
      "C",
      "C",
      "C",
      "C",
      "C",
      "C",
      "O",
      "C",
      "C",
      "C",
      "C",
      "C",
      "C",
      "N",
      "C",
      "C",
      "O",
      "C",
      "C",
      "C",
      "C",
      "C",
      "C",
      "C",
      "C",
      "N",
      "C",
      "N",
      "C",
      "H",
      "H",
      "H",
      "H",
      "H",
      "H",
      "H",
      "H",
      "H",
      "H",
      "H",
      "H",
      "H",
      "H",
      "H",
      "H",
      "H",
      "H",
      "H",
      "H",
      "H",
      "H",
      "H",
      "H",
      "H",
      "H",
      "H",
      "H",
      "H",
      "H",
      "H",
      "H",
      "H",
      "H",
      "H"
    ],
    "charge_variation": [
      -0.0004170000000000007,
      0.0016559999999999978,
      -0.0001470000000000013,
      -0.0024550000000000127,
      0.015855000000000008,
      -0.0018530000000000005,
      0.015332,
      -0.0065699999999999995,
      0.024982000000000004,
      -0.02026399999999995,
      -0.024127999999999983,
      0.005676999999999988,
      0.0001260000000000011,
      -0.0006110000000000004,
      -0.0022170000000000002,
      -0.009413000000000005,
      0.008913999999999977,
      0.056922999999999946,
      -0.028788000000000008,
      -0.03368899999999997,
      0.045624,
      -0.03292200000000001,
      -0.026816000000000006,
      0.02609599999999998,
      -0.009719,
      0.012088000000000015,
      -0.003928999999999988,
      -0.011726,
      0.007081000000000004,
      -0.015197000000000016,
      0.005114999999999981,
      -0.01479599999999992,
      -6.699999999999762e-05,
      0.000952999999999999,
      -0.0008519999999999986,
      0.0006609999999999984,
      0.0003070000000000017,
      0.0005439999999999993,
      -0.0005700000000000011,
      -0.0008799999999999988,
      0.005330000000000001,
      0.0009939999999999949,
      0.001472000000000001,
      -0.0045769999999999995,
      -0.005862999999999998,
      0.002079000000000001,
      -0.0020509999999999973,
      -0.0004519999999999993,
      -0.0003130000000000008,
      0.0014689999999999998,
      -0.005409000000000001,
      0.0030469999999999976,
      -0.001235,
      0.0035039999999999997,
      -0.009403,
      -2.5000000000000282e-05,
      0.007467,
      0.0047799999999999995,
      0.004759,
      0.006026999999999999,
      0.0016999999999999967,
      0.0014680000000000006,
      0.001335,
      0.0015250000000000055,
      0.002570000000000003,
      -0.0015229999999999966,
      -0.001069999999999998,
      0.002489999999999999
    ]
  },
  "excitation_energy": "0.0383",
  "exciting_path_mean_volume": 693.62977,
  "s0_bonds_avg": 1.2600076305834287,
  "s1_bonds_avg": 1.2629438069662855,
  "s0_angles_avg": 114.26581221797859,
  "s1_angles_avg": 113.78164934665695,
  "delta_bonds": 0.0029361763828568144,
  "delta_angles": -0.4841628713216437
}