{
  "s0_rotational_constant_a": 0.0249542,
  "s0_rotational_constant_b": 0.0261283,
  "s0_rotational_constant_c": 0.1553218,
  "s1_rotational_constant_a": 0.0257589,
  "s1_rotational_constant_b": 0.0258295,
  "s1_rotational_constant_c": 0.1550659,
  "s0_rays_asymmetry_parameter": 0.9819878558783011,
  "s1_rays_asymmetry_parameter": 0.9989080250875823,
  "s0_volume": 824.52896,
  "s1_volume": 825.77356,
  "delta_volume": 1.2445999999999913,
  "s0_homo_lumo_gap": 1.0825177365487435,
  "s1_homo_lumo_gap": 0.8080800695706607,
  "delta_gap": -0.2744376669780828,
  "s0_dihedral_avg": 89.11263764482464,
  "s1_dihedral_avg": 89.20511470176785,
  "delta_dihedral": 0.09247705694320985,
  "delta_dipole": {
    "element": [
      "C",
      "C",
      "C",
      "C",
      "N",
      "C",
      "C",
      "C",
      "C",
      "C",
      "C",
      "C",
      "C",
      "C",
      "C",
      "C",
      "C",
      "C",
      "C",
      "C",
      "C",
      "C",
      "C",
      "C",
      "C",
      "C",
      "C",
      "C",
      "C",
      "C",
      "C",
      "C",
      "C",
      "C",
      "C",
      "C",
      "C",
      "C",
      "N",
      "S",
      "N",
      "C",
      "C",
      "C",
      "C",
      "C",
      "H",
      "H",
      "H",
      "H",
      "H",
      "H",
      "H",
      "H",
      "H",
      "H",
      "H",
      "H",
      "H",
      "H",
      "H",
      "H",
      "H",
      "H",
      "H",
      "H",
      "H",
      "H",
      "H",
      "H",
      "H",
      "H",
      "H"
    ],
    "charge_variation": [
      -0.014845000000000011,
      0.0037270000000000003,
      -0.015286999999999995,
      -0.0004849999999999577,
      0.04055099999999995,
      0.00026799999999999047,
      -0.021587999999999996,
      0.005946999999999999,
      -0.015117000000000005,
      0.004229,
      -0.015215000000000006,
      -0.017141000000000017,
      0.01722399999999999,
      -0.005720999999999997,
      0.019685,
      -0.010590999999999996,
      0.006241,
      -0.0007619999999999988,
      0.00553,
      -0.0006539999999999983,
      0.0015579999999999969,
      0.0002950000000000001,
      -8.299999999999974e-05,
      -0.0010480000000000003,
      0.001705000000000012,
      -0.0005899999999999933,
      -3.100000000000325e-05,
      0.0005179999999999976,
      0.0007279999999999995,
      0.00032700000000000784,
      0.0003229999999999969,
      -0.00017600000000000254,
      0.0003020000000000106,
      0.000673,
      0.000448999999999998,
      -0.0009849999999999998,
      -0.00010399999999999993,
      0.00837300000000002,
      -0.01962200000000003,
      0.05449700000000002,
      -0.04176100000000005,
      0.010790999999999995,
      -0.004535999999999998,
      0.017877000000000004,
      -0.019201999999999997,
      0.006006999999999999,
      -0.00034,
      -0.0003829999999999979,
      0.0025449999999999987,
      -0.0011419999999999972,
      -0.0008449999999999985,
      -0.0001999999999999988,
      -0.0003589999999999982,
      0.0026699999999999988,
      -0.0006000000000000033,
      -0.0017720000000000027,
      -0.002713,
      0.0002009999999999998,
      0.0006840000000000006,
      0.00010799999999999699,
      -1.9999999999950613e-06,
      -8.599999999999927e-05,
      8.100000000000121e-05,
      0.0002960000000000011,
      4.700000000000537e-05,
      0.00013099999999999917,
      0.00017199999999999854,
      6.0999999999998555e-05,
      -0.00013699999999999823,
      -5.3999999999998494e-05,
      -0.0003199999999999939,
      0.000337999999999998,
      -0.0006670000000000009
    ]
  },
  "excitation_energy": "0.9606",
  "exciting_path_mean_volume": 824.6842783333332,
  "s0_bonds_avg": 1.3079128932425925,
  "s1_bonds_avg": 1.3088953985392593,
  "delta_bonds": 0.0009825052966667691,
  "s0_angles_avg": 119.69558426110265,
  "s1_angles_avg": 119.67714543751391,
  "delta_angles": -0.018438823588738273
}