{
  "s0_rotational_constant_a": 0.0481396,
  "s0_rotational_constant_b": 0.063945,
  "s0_rotational_constant_c": 0.1721614,
  "s1_rotational_constant_a": 0.0474327,
  "s1_rotational_constant_b": 0.0641222,
  "s1_rotational_constant_c": 0.1648175,
  "s0_rays_asymmetry_parameter": 0.7451190032720054,
  "s1_rays_asymmetry_parameter": 0.7156446149757038,
  "s0_volume": 594.42184,
  "s1_volume": 593.6161,
  "delta_volume": -0.8057400000000143,
  "s0_homo_lumo_gap": 1.7465897329461635,
  "s1_homo_lumo_gap": 1.186584943956579,
  "delta_gap": -0.5600047889895845,
  "s0_dihedral_avg": 90.31438231681312,
  "s1_dihedral_avg": 90.21722377597213,
  "delta_dihedral": -0.09715854084099362,
  "delta_dipole": {
    "element": [
      "C",
      "O",
      "C",
      "C",
      "C",
      "C",
      "C",
      "C",
      "C",
      "C",
      "C",
      "N",
      "C",
      "C",
      "C",
      "C",
      "C",
      "C",
      "S",
      "C",
      "N",
      "C",
      "C",
      "C",
      "C",
      "C",
      "C",
      "S",
      "C",
      "C",
      "C",
      "C",
      "H",
      "H",
      "H",
      "H",
      "H",
      "H",
      "H",
      "H",
      "H",
      "H",
      "H",
      "H",
      "H",
      "H",
      "H",
      "H",
      "H",
      "H"
    ],
    "charge_variation": [
      0.0007940000000000169,
      0.003410000000000024,
      0.006248000000000031,
      0.0008139999999999814,
      0.003980000000000001,
      -0.0021620000000000007,
      0.013885000000000002,
      0.0030100000000000023,
      0.010813999999999999,
      -0.001788999999999999,
      -0.02661100000000005,
      -0.021216000000000013,
      0.01421,
      -0.003841000000000011,
      0.0038550000000000043,
      -0.0042130000000000015,
      -0.0024999999999999883,
      0.001563999999999996,
      0.0042310000000000125,
      -0.007544999999999913,
      -0.019177,
      0.02229700000000001,
      -0.017504999999999993,
      0.009617,
      -0.013585999999999994,
      0.0034560000000000007,
      -0.036136,
      0.030725000000000002,
      0.002145000000000001,
      0.0033149999999999985,
      0.0044450000000000045,
      0.004350999999999994,
      2.0000000000002655e-06,
      0.00019399999999999973,
      0.000982,
      0.0014779999999999932,
      0.0014170000000000016,
      0.0013639999999999972,
      0.0008230000000000043,
      0.0007020000000000012,
      -0.0006199999999999956,
      0.0005300000000000027,
      -0.0008570000000000036,
      0.00022400000000000198,
      -0.0016159999999999994,
      0.0009499999999999995,
      -0.0008489999999999956,
      0.0027590000000000045,
      0.0006659999999999999,
      0.0009700000000000056
    ]
  },
  "excitation_energy": "1.7214",
  "exciting_path_mean_volume": 593.7004333333334,
  "s0_bonds_avg": 1.324332984728,
  "s1_bonds_avg": 1.3257893760459998,
  "s0_angles_avg": 118.34703342639777,
  "s1_angles_avg": 118.29738566779044,
  "delta_bonds": 0.0014563913179996835,
  "delta_angles": -0.04964775860733539
}