{"charge": {"element": ["C", "O", "C", "C", "C", "C", "C", "C", "C", "C", "C", "N", "C", "C", "C", "C", "C", "C", "S", "C", "N", "C", "C", "C", "C", "C", "C", "S", "C", "C", "C", "C", "H", "H", "H", "H", "H", "H", "H", "H", "H", "H", "H", "H", "H", "H", "H", "H", "H", "H"], "charge_variation": [0.0007940000000000169, 0.003410000000000024, 0.006248000000000031, 0.0008139999999999814, 0.003980000000000001, -0.0021620000000000007, 0.013885000000000002, 0.0030100000000000023, 0.010813999999999999, -0.001788999999999999, -0.02661100000000005, -0.021216000000000013, 0.01421, -0.003841000000000011, 0.0038550000000000043, -0.0042130000000000015, -0.0024999999999999883, 0.001563999999999996, 0.0042310000000000125, -0.007544999999999913, -0.019177, 0.02229700000000001, -0.017504999999999993, 0.009617, -0.013585999999999994, 0.0034560000000000007, -0.036136, 0.030725000000000002, 0.002145000000000001, 0.0033149999999999985, 0.0044450000000000045, 0.004350999999999994, 2.0000000000002655e-06, 0.00019399999999999973, 0.000982, 0.0014779999999999932, 0.0014170000000000016, 0.0013639999999999972, 0.0008230000000000043, 0.0007020000000000012, -0.0006199999999999956, 0.0005300000000000027, -0.0008570000000000036, 0.00022400000000000198, -0.0016159999999999994, 0.0009499999999999995, -0.0008489999999999956, 0.0027590000000000045, 0.0006659999999999999, 0.0009700000000000056]}, "ground_state": {"HOMO-LUMO": 1.7465897329461635, "charge": {"element": ["C", "O", "C", "C", "C", "C", "C", "C", "C", "C", "C", "N", "C", "C", "C", "C", "C", "C", "S", "C", "N", "C", "C", "C", "C", "C", "C", "S", "C", "C", "C", "C", "H", "H", "H", "H", "H", "H", "H", "H", "H", "H", "H", "H", "H", "H", "H", "H", "H", "H"], "charge": [0.326081, -0.491142, 0.524979, -0.13698, -0.033909, 0.020906, -0.068721, 0.030838, 0.003735, -0.051753, 0.54974, -0.864703, 0.422087, -0.070167, -0.038509, -0.05454, -0.064324, 0.046989, -0.128809, 0.573398, -0.891916, 0.427936, -0.07402, -0.044562, -0.061286, -0.061275, 0.020618, -0.07109, -0.048902, -0.076915, 0.101811, -0.289956, -0.008929, -0.009488, 0.001517, 0.046254, 0.034698, 0.036026, 0.062637, 0.049862, 0.032968, 0.033608, 0.036718, 0.046617, 0.030159, 0.031506, 0.034967, 0.032024, 0.035037, 0.048176]}, "structure": {"bonds": 1.324332984728, "angles": 118.34703342639777, "DA": -6.229663509658347}, "rotational_constant": {"A": 0.0481396, "B": 0.063945, "C": 0.1721614}, "rays_asymmetry_parameter": 0.7451190032720054, "volume": 594.42184}, "excited_state": {"HOMO-LUMO": 1.186584943956579, "charge": {"element": ["C", "O", "C", "C", "C", "C", "C", "C", "C", "C", "C", "N", "C", "C", "C", "C", "C", "C", "S", "C", "N", "C", "C", "C", "C", "C", "C", "S", "C", "C", "C", "C", "H", "H", "H", "H", "H", "H", "H", "H", "H", "H", "H", "H", "H", "H", "H", "H", "H", "H"], "charge": [0.326875, -0.487732, 0.531227, -0.136166, -0.029929, 0.018744, -0.054836, 0.033848, 0.014549, -0.053542, 0.523129, -0.885919, 0.436297, -0.074008, -0.034654, -0.058753, -0.066824, 0.048553, -0.124578, 0.565853, -0.911093, 0.450233, -0.091525, -0.034945, -0.074872, -0.057819, -0.015518, -0.040365, -0.046757, -0.0736, 0.106256, -0.285605, -0.008927, -0.009294, 0.002499, 0.047732, 0.036115, 0.03739, 0.06346, 0.050564, 0.032348, 0.034138, 0.035861, 0.046841, 0.028543, 0.032456, 0.034118, 0.034783, 0.035703, 0.049146]}, "structure": {"bonds": 1.3257893760459998, "angles": 118.29738566779044, "DA": -6.701589746914436}, "rotational_constant": {"A": 0.0474327, "B": 0.0641222, "C": 0.1648175}, "rays_asymmetry_parameter": 0.7156446149757038, "excited_energy": "1.7214", "volume": 593.6161}, "exciting_path_mean_volume": 593.7004333333334}