{
  "s0_rotational_constant_a": 0.0142466,
  "s0_rotational_constant_b": 0.015202,
  "s0_rotational_constant_c": 0.1741143,
  "s1_rotational_constant_a": 0.0141925,
  "s1_rotational_constant_b": 0.0151162,
  "s1_rotational_constant_c": 0.1750544,
  "s0_rays_asymmetry_parameter": 0.9880476168732021,
  "s1_rays_asymmetry_parameter": 0.9885156149467338,
  "s0_volume": 950.59576,
  "s1_volume": 951.31457,
  "delta_volume": 0.7188099999999622,
  "s0_homo_lumo_gap": 0.4472843622648126,
  "s1_homo_lumo_gap": 0.26802394435857924,
  "delta_gap": -0.17926041790623337,
  "s0_dihedral_avg": 0.5059129183652065,
  "s1_dihedral_avg": 8.75814250533284,
  "delta_dihedral": 8.252229586967633,
  "delta_dipole": null,
  "excitation_energy": "0.9611",
  "exciting_path_mean_volume": 950.9220466666669,
  "s0_bonds_avg": 1.2627056470776004,
  "s1_bonds_avg": 1.2687087897187002,
  "s0_angles_avg": 116.3644583802049,
  "s1_angles_avg": 116.3572075005217
}