{
  "s0_rotational_constant_a": 0.0711165,
  "s0_rotational_constant_b": 0.0819929,
  "s0_rotational_constant_c": 0.353164,
  "s1_rotational_constant_a": 0.0724812,
  "s1_rotational_constant_b": 0.0804656,
  "s1_rotational_constant_c": 0.3563131,
  "s0_rays_asymmetry_parameter": 0.922875402192893,
  "s1_rays_asymmetry_parameter": 0.9437385297424286,
  "s0_volume": 509.07759,
  "s1_volume": 512.18473,
  "delta_volume": 3.1071399999999585,
  "s0_homo_lumo_gap": 1.5614761468793237,
  "s1_homo_lumo_gap": 0.7130415985444594,
  "delta_gap": -0.8484345483348643,
  "s0_dihedral_avg": -0.9426933874783452,
  "s1_dihedral_avg": 12.442153907407462,
  "delta_dihedral": 13.384847294885807,
  "delta_dipole": null,
  "excitation_energy": "0.8200",
  "exciting_path_mean_volume": 510.6186333333333,
  "s0_bonds_avg": 1.2863750992752,
  "s1_bonds_avg": 1.2860204448498,
  "s0_angles_avg": 118.23868693461898,
  "s1_angles_avg": 118.20294694532515
}