{
  "s0_rotational_constant_a": 0.0128041,
  "s0_rotational_constant_b": 0.0128931,
  "s0_rotational_constant_c": 0.1322553,
  "s1_rotational_constant_a": 0.0128174,
  "s1_rotational_constant_b": 0.0129947,
  "s1_rotational_constant_c": 0.1330729,
  "s0_rays_asymmetry_parameter": 0.9985098517218747,
  "s1_rays_asymmetry_parameter": 0.9970512783199106,
  "s0_volume": 1074.21728,
  "s1_volume": 1074.52998,
  "delta_volume": 0.3126999999999498,
  "s0_homo_lumo_gap": 2.8708497287155996,
  "s1_homo_lumo_gap": 2.125083722779481,
  "delta_gap": -0.7457660059361184,
  "s0_dihedral_avg": 89.88324038529137,
  "s1_dihedral_avg": 89.5238880217386,
  "delta_dihedral": -0.3593523635527731,
  "delta_dipole": {
    "element": [
      "C",
      "N",
      "N",
      "C",
      "C",
      "C",
      "C",
      "C",
      "C",
      "C",
      "C",
      "C",
      "C",
      "C",
      "C",
      "C",
      "C",
      "C",
      "C",
      "C",
      "C",
      "C",
      "C",
      "C",
      "C",
      "C",
      "C",
      "C",
      "C",
      "C",
      "C",
      "C",
      "C",
      "C",
      "C",
      "C",
      "C",
      "C",
      "C",
      "C",
      "C",
      "C",
      "C",
      "C",
      "C",
      "C",
      "C",
      "C",
      "C",
      "C",
      "C",
      "C",
      "C",
      "C",
      "C",
      "C",
      "H",
      "H",
      "H",
      "H",
      "H",
      "H",
      "H",
      "H",
      "H",
      "H",
      "H",
      "H",
      "H",
      "H",
      "H",
      "H",
      "H",
      "H",
      "H",
      "H",
      "H",
      "H",
      "H",
      "H",
      "H",
      "H",
      "H",
      "H",
      "H",
      "H",
      "H",
      "H",
      "H",
      "H",
      "H",
      "H",
      "H",
      "H",
      "H",
      "H",
      "H",
      "H",
      "H",
      "H"
    ],
    "charge_variation": [
      0.017124000000000028,
      -0.00624799999999992,
      -0.075735,
      -0.010131000000000001,
      0.0042179999999999995,
      0.005921999999999997,
      0.003608,
      0.008735000000000007,
      -0.000871000000000002,
      -0.00015799999999999148,
      -8.099999999999774e-05,
      0.0010079999999999985,
      0.0006670000000000009,
      0.0014740000000000014,
      -0.0012399999999999911,
      0.0028450000000000003,
      -0.0025009999999999893,
      1.9999999999992246e-05,
      0.001202,
      0.0012720000000000023,
      0.0009059999999999971,
      -0.0013740000000000002,
      -0.0008080000000000032,
      -0.0008650000000000047,
      0.0006670000000000009,
      0.0007459999999999967,
      0.000844000000000001,
      3.0000000000030003e-06,
      -0.0012029999999999957,
      0.019059,
      -0.008933000000000003,
      0.002432,
      -0.001792000000000002,
      -0.001351999999999992,
      0.002704999999999999,
      -0.0009910000000000058,
      0.0007230000000000014,
      -0.0009569999999999995,
      -0.00014000000000000123,
      -0.00043199999999999836,
      0.0006960000000000022,
      0.002008000000000001,
      -0.0037559999999999955,
      -0.0001830000000000026,
      0.0003509999999999989,
      0.0010250000000000016,
      -0.002345,
      -0.0018250000000000072,
      0.00036799999999999333,
      -0.0015349999999999947,
      0.00020799999999999985,
      -0.0018760000000000027,
      -0.0003740000000000028,
      0.0003000000000000086,
      -0.0022760000000000002,
      0.0008890000000000009,
      0.006391000000000001,
      0.014843000000000002,
      0.0029679999999999984,
      0.0004309999999999939,
      0.0005339999999999998,
      -1.6999999999999654e-05,
      0.0003280000000000019,
      0.000612999999999999,
      0.0004030000000000006,
      -0.0002559999999999993,
      0.00031899999999999984,
      0.0002299999999999941,
      0.0002710000000000004,
      0.0001260000000000011,
      0.0002459999999999997,
      -7.000000000000062e-06,
      -0.00021000000000000185,
      0.0002580000000000013,
      0.00041899999999999923,
      0.00029799999999999965,
      8.000000000000021e-05,
      0.0006690000000000029,
      0.005317999999999996,
      0.0031839999999999993,
      0.0002869999999999956,
      0.00012099999999999958,
      -4.49999999999999e-05,
      0.00010900000000000146,
      -3.900000000000084e-05,
      0.00016599999999999948,
      0.0006879999999999942,
      0.0006180000000000005,
      -0.00028000000000000247,
      0.0016669999999999983,
      0.0035180000000000003,
      0.0004589999999999976,
      0.001119000000000002,
      0.00036699999999999927,
      0.00016100000000000142,
      4.099999999999937e-05,
      0.00041799999999999823,
      0.0005719999999999961,
      -4.700000000000537e-05,
      0.0006180000000000005
    ]
  },
  "excitation_energy": "2.4719",
  "exciting_path_mean_volume": 1073.6226316666666,
  "s0_bonds_avg": 1.2616303712829906,
  "s1_bonds_avg": 1.293549091528131,
  "delta_bonds": 0.03191872024514031,
  "s0_angles_avg": 118.42455226777133,
  "s1_angles_avg": 118.38184086849795,
  "delta_angles": -0.04271139927338652
}