{
  "s0_rotational_constant_a": 0.0065643,
  "s0_rotational_constant_b": 0.0072539,
  "s0_rotational_constant_c": 0.0377273,
  "s1_rotational_constant_a": 0.0068775,
  "s1_rotational_constant_b": 0.0072656,
  "s1_rotational_constant_c": 0.036785,
  "s0_rays_asymmetry_parameter": 0.9557423868048648,
  "s1_rays_asymmetry_parameter": 0.9740466438184403,
  "s0_volume": 1379.58781,
  "s1_volume": 1379.22043,
  "delta_volume": -0.3673799999999119,
  "s0_homo_lumo_gap": 1.2415546557243253,
  "s1_homo_lumo_gap": 0.6977025427930217,
  "delta_gap": -0.5438521129313036,
  "s0_dihedral_avg": -2.334329635589401,
  "s1_dihedral_avg": -5.095883565948114,
  "delta_dihedral": -2.761553930358713,
  "delta_dipole": null,
  "excitation_energy": "0.8312",
  "exciting_path_mean_volume": 1378.5315183333332,
  "s0_bonds_avg": 1.2635115130916668,
  "s1_bonds_avg": 1.2650017710695138,
  "s0_angles_avg": 114.88096113193188,
  "s1_angles_avg": 114.85953925107394
}