{
  "s0_rotational_constant_a": 0.0505945,
  "s0_rotational_constant_b": 0.0735258,
  "s0_rotational_constant_c": 0.1281828,
  "s1_rotational_constant_a": 0.0518084,
  "s1_rotational_constant_b": 0.0712638,
  "s1_rotational_constant_c": 0.1388748,
  "s0_rays_asymmetry_parameter": 0.4088979910630856,
  "s1_rays_asymmetry_parameter": 0.5530905148254666,
  "s0_volume": 712.6025,
  "s1_volume": 708.22465,
  "delta_volume": -4.377849999999967,
  "s0_homo_lumo_gap": 2.1148005417107067,
  "s1_homo_lumo_gap": 1.2499303189499633,
  "delta_gap": -0.8648702227607434,
  "s0_dihedral_avg": -8.283289909510524,
  "s1_dihedral_avg": -0.833188063706805,
  "delta_dihedral": 7.450101845803719,
  "delta_dipole": null,
  "excitation_energy": "1.9552",
  "exciting_path_mean_volume": 710.020095,
  "s0_bonds_avg": 1.2950631877385717,
  "s1_bonds_avg": 1.2934310546771428,
  "s0_angles_avg": 119.99897889229665,
  "s1_angles_avg": 119.99574720929428
}