{
  "s0_rotational_constant_a": 0.0156236,
  "s0_rotational_constant_b": 0.0179639,
  "s0_rotational_constant_c": 0.0553602,
  "s1_rotational_constant_a": 0.0156861,
  "s1_rotational_constant_b": 0.0180511,
  "s1_rotational_constant_c": 0.0551886,
  "s0_rays_asymmetry_parameter": 0.8822093485602693,
  "s1_rays_asymmetry_parameter": 0.88026074299095,
  "s0_volume": 1291.51124,
  "s1_volume": 1289.28934,
  "delta_volume": -2.221900000000005,
  "s0_homo_lumo_gap": 1.8251136165401358,
  "s1_homo_lumo_gap": 1.4181456371054262,
  "delta_gap": -0.40696797943470964,
  "s0_dihedral_avg": 2.8298061796542355,
  "s1_dihedral_avg": 8.003114945508463,
  "delta_dihedral": 5.173308765854227,
  "delta_dipole": null,
  "excitation_energy": "2.1814",
  "exciting_path_mean_volume": 1290.3176616666667,
  "s0_bonds_avg": 1.2844895503310687,
  "s1_bonds_avg": 1.3128000754839693,
  "s0_angles_avg": 118.56946046786366,
  "s1_angles_avg": 118.55892269003702
}