{
  "s0_rotational_constant_a": 0.0156236,
  "s0_rotational_constant_b": 0.0179639,
  "s0_rotational_constant_c": 0.0553602,
  "s1_rotational_constant_a": 0.0156861,
  "s1_rotational_constant_b": 0.0180511,
  "s1_rotational_constant_c": 0.0551886,
  "s0_rays_asymmetry_parameter": 0.8822093485602693,
  "s1_rays_asymmetry_parameter": 0.88026074299095,
  "s0_volume": 1291.51124,
  "s1_volume": 1289.28934,
  "delta_volume": -2.221900000000005,
  "s0_homo_lumo_gap": 1.8251136165401358,
  "s1_homo_lumo_gap": 1.4181456371054262,
  "delta_gap": -0.40696797943470964,
  "s0_dihedral_avg": 90.35949707834271,
  "s1_dihedral_avg": 89.67668190935737,
  "delta_dihedral": -0.6828151689853428,
  "delta_dipole": {
    "element": [
      "C",
      "Si",
      "C",
      "C",
      "C",
      "C",
      "C",
      "C",
      "C",
      "C",
      "C",
      "C",
      "C",
      "C",
      "C",
      "C",
      "C",
      "C",
      "C",
      "C",
      "C",
      "C",
      "C",
      "C",
      "C",
      "C",
      "C",
      "C",
      "C",
      "C",
      "C",
      "C",
      "C",
      "C",
      "C",
      "C",
      "C",
      "C",
      "C",
      "C",
      "C",
      "C",
      "C",
      "C",
      "C",
      "C",
      "C",
      "C",
      "C",
      "C",
      "C",
      "C",
      "C",
      "C",
      "C",
      "C",
      "C",
      "C",
      "C",
      "C",
      "C",
      "C",
      "C",
      "C",
      "C",
      "C",
      "C",
      "C",
      "C",
      "H",
      "H",
      "H",
      "H",
      "H",
      "H",
      "H",
      "H",
      "H",
      "H",
      "H",
      "H",
      "H",
      "H",
      "H",
      "H",
      "H",
      "H",
      "H",
      "H",
      "H",
      "H",
      "H",
      "H",
      "H",
      "H",
      "H",
      "H",
      "H",
      "H",
      "H",
      "H",
      "H",
      "H",
      "H",
      "H",
      "H",
      "H",
      "H",
      "H",
      "H",
      "H",
      "H",
      "H",
      "H",
      "H",
      "H",
      "H",
      "H",
      "H"
    ],
    "charge_variation": [
      0.0013139999999999957,
      -0.002252000000000004,
      0.000795000000000004,
      -0.0013029999999999986,
      -0.0027350000000000013,
      -0.0014099999999999946,
      0.0009639999999999996,
      0.0002909999999999996,
      0.0003370000000000005,
      -0.0020839999999999748,
      0.00033600000000000296,
      0.00021799999999999597,
      7.300000000000362e-05,
      6.100000000000029e-05,
      -0.00013699999999999823,
      -0.00017299999999999954,
      -0.00015699999999999048,
      -4.400000000000237e-05,
      0.00016700000000000048,
      -7.500000000000215e-05,
      -7.700000000000068e-05,
      -4.70000000000019e-05,
      -9.299999999999586e-05,
      -0.0010809999999999986,
      0.0011049999999999949,
      -0.003277000000000002,
      0.0020660000000000053,
      -0.0022859999999999964,
      0.0016600000000000018,
      0.003473999999999999,
      -0.0028730000000000006,
      0.0016479999999999967,
      -0.0015639999999999994,
      -0.0006070000000000034,
      -0.0014969999999999983,
      0.0024340000000000056,
      0.003800999999999999,
      -0.003825000000000009,
      0.002457000000000001,
      -0.0017189999999999983,
      -2.8000000000000247e-05,
      -0.002529,
      0.002374000000000001,
      -0.0017119999999999982,
      -0.0029959999999999987,
      9.699999999999986e-05,
      0.0004750000000000032,
      8.599999999999927e-05,
      0.00012999999999999817,
      -0.0023309999999999997,
      0.0006250000000000006,
      0.00012199999999999711,
      -3.299999999999137e-05,
      -0.000196,
      -0.00018899999999999473,
      -9.10000000000008e-05,
      -3.799999999999637e-05,
      -0.0005189999999999917,
      0.0005300000000000027,
      9.699999999999986e-05,
      -0.000790000000000006,
      0.0003130000000000008,
      -0.00021299999999999097,
      -0.0007390000000000001,
      0.0009909999999999919,
      -0.003278000000000003,
      0.0020580000000000043,
      -0.0024080000000000074,
      0.001575,
      0.0002149999999999999,
      0.0005109999999999976,
      0.0005579999999999995,
      0.00019599999999999826,
      0.0005080000000000015,
      0.00015000000000000083,
      0.002029000000000003,
      -8.099999999999774e-05,
      0.0010779999999999956,
      1.4000000000000123e-05,
      3.399999999999931e-05,
      3.399999999999931e-05,
      -7.999999999997592e-06,
      -2.999999999999531e-06,
      6.0999999999998555e-05,
      1.7999999999997185e-05,
      2.3999999999999716e-05,
      8.999999999998592e-06,
      7.999999999997592e-06,
      3.400000000000625e-05,
      0.0008529999999999996,
      -0.0001979999999999968,
      0.00031899999999999984,
      0.00046799999999999967,
      0.00030900000000000025,
      0.0006549999999999993,
      0.0001329999999999977,
      -1.2000000000001593e-05,
      0.0006320000000000006,
      0.0005459999999999979,
      0.0007859999999999985,
      0.0002659999999999989,
      0.00038000000000000186,
      0.0009450000000000014,
      5.999999999999062e-06,
      0.0013910000000000033,
      8.79999999999978e-05,
      4.70000000000019e-05,
      0.00012300000000000158,
      3.899999999999737e-05,
      8.79999999999978e-05,
      -9.20000000000018e-05,
      8.400000000000074e-05,
      0.00016800000000000148,
      8.99999999999998e-05,
      0.0002149999999999999,
      4.599999999999743e-05,
      0.0008209999999999988,
      -0.00020399999999999932,
      0.00035099999999999715
    ]
  },
  "excitation_energy": "2.1814",
  "exciting_path_mean_volume": 1290.3176616666667,
  "s0_bonds_avg": 1.2844895503310687,
  "s1_bonds_avg": 1.3128000754839693,
  "s0_angles_avg": 118.56946046786366,
  "s1_angles_avg": 118.55892269003702,
  "delta_bonds": 0.028310525152900556,
  "delta_angles": -0.010537777826641559
}