{
  "s0_rotational_constant_a": 0.0480376,
  "s0_rotational_constant_b": 0.0519449,
  "s0_rotational_constant_c": 0.3844437,
  "s1_rotational_constant_a": 0.0476571,
  "s1_rotational_constant_b": 0.0515893,
  "s1_rotational_constant_c": 0.4186418,
  "s0_rays_asymmetry_parameter": 0.9767703379932766,
  "s1_rays_asymmetry_parameter": 0.9788012821013913,
  "s0_volume": 563.08849,
  "s1_volume": 563.29487,
  "delta_volume": 0.20637999999996737,
  "s0_homo_lumo_gap": 1.5010614376734677,
  "s1_homo_lumo_gap": 1.031153532829721,
  "delta_gap": -0.46990790484374667,
  "s0_dihedral_avg": 91.69953059083224,
  "s1_dihedral_avg": 91.53001632375789,
  "delta_dihedral": -0.1695142670743479,
  "delta_dipole": {
    "element": [
      "C",
      "C",
      "C",
      "N",
      "C",
      "C",
      "C",
      "C",
      "C",
      "C",
      "S",
      "C",
      "C",
      "C",
      "C",
      "C",
      "C",
      "N",
      "C",
      "N",
      "C",
      "C",
      "C",
      "C",
      "C",
      "C",
      "N",
      "C",
      "C",
      "C",
      "H",
      "H",
      "H",
      "H",
      "H",
      "H",
      "H",
      "H",
      "H",
      "H",
      "H",
      "H",
      "H",
      "H",
      "H",
      "H",
      "H",
      "H",
      "H",
      "H"
    ],
    "charge_variation": [
      -0.0004960000000000103,
      -0.0007639999999999939,
      0.0013619999999999743,
      -0.0005070000000000352,
      0.025684999999999958,
      -0.020451999999999998,
      0.007255999999999999,
      -0.022321999999999995,
      0.0053389999999999965,
      -0.032589,
      0.006649000000000016,
      0.033526,
      -0.024312999999999994,
      0.02566,
      -0.011478000000000002,
      0.012783000000000003,
      0.0044480000000000075,
      -0.002615000000000034,
      -0.006352999999999942,
      0.004734000000000016,
      0.003574999999999995,
      0.0004509999999999931,
      0.002118999999999996,
      0.003485999999999996,
      -0.00190499999999999,
      0.005168999999999979,
      -0.0013969999999999816,
      -0.020378,
      0.03025599999999999,
      -0.035511000000000015,
      0.0006630000000000004,
      -0.002177000000000002,
      0.0008490000000000025,
      0.0005190000000000021,
      -0.00025199999999999875,
      -0.000732,
      0.0029529999999999973,
      -0.0003960000000000005,
      -0.0015249999999999986,
      0.0007349999999999995,
      -0.0024370000000000017,
      0.0010770000000000016,
      0.0060149999999999995,
      0.0009129999999999971,
      0.0007769999999999999,
      0.0008360000000000034,
      0.0009269999999999973,
      0.0007639999999999869,
      -0.0003919999999999965,
      -0.0005350000000000008
    ]
  },
  "excitation_energy": "1.3799",
  "exciting_path_mean_volume": 562.9492266666666,
  "s0_bonds_avg": 1.2945981139524074,
  "s1_bonds_avg": 1.3005566469724072,
  "s0_angles_avg": 118.05074078468522,
  "s1_angles_avg": 118.08188422394942,
  "delta_bonds": 0.005958533019999823,
  "delta_angles": 0.03114343926419849
}