{
  "charge": {
    "element": [
      "O",
      "C",
      "C",
      "C",
      "C",
      "C",
      "C",
      "C",
      "N",
      "C",
      "C",
      "C",
      "C",
      "C",
      "C",
      "C",
      "C",
      "C",
      "C",
      "C",
      "C",
      "C",
      "C",
      "C",
      "C",
      "C",
      "C",
      "Br",
      "C",
      "C",
      "C",
      "H",
      "H",
      "H",
      "H",
      "H",
      "H",
      "H",
      "H",
      "H",
      "H",
      "H",
      "H",
      "H",
      "H",
      "H",
      "H",
      "H",
      "H",
      "H",
      "H"
    ],
    "charge_variation": [
      -0.022023000000000015,
      -0.00656000000000001,
      0.030174000000000006,
      -0.0006399999999999999,
      0.029328,
      -0.008022000000000001,
      0.04434199999999999,
      -0.011843000000000048,
      0.008749000000000007,
      -0.01028699999999999,
      0.027416999999999997,
      -0.005831,
      0.015023000000000002,
      -0.0006569999999999996,
      0.005393999999999982,
      0.040968000000000004,
      -0.08335399999999998,
      0.02759,
      -0.07698400000000001,
      0.028619,
      -0.08177199999999998,
      0.041534000000000015,
      -0.012374999999999997,
      -0.0027459999999999984,
      -0.005738,
      0.0053409999999999985,
      -0.0010760000000000214,
      -0.0024510000000000087,
      0.005540000000000003,
      0.003835,
      0.004290000000000002,
      0.005648999999999994,
      0.004070999999999998,
      0.0021650000000000003,
      0.002034000000000001,
      0.002244999999999997,
      -0.00028500000000000053,
      0.0012930000000000025,
      0.0008089999999999972,
      0.0006929999999999992,
      -0.0049460000000000025,
      0.0008520000000000055,
      -0.005705000000000002,
      -0.005305000000000004,
      0.00027900000000000147,
      0.004832000000000003,
      0.0011940000000000006,
      -0.0003499999999999996,
      0.000905000000000003,
      0.0012479999999999991,
      0.0025360000000000035
    ]
  },
  "ground_state": {
    "HOMO-LUMO": 1.8980510035122,
    "structure": {
      "bonds": 1.297240276896,
      "angles": 119.29689852430386,
      "DA": 90.00022731084958
    },
    "rotational_constant": {
      "A": 0.0337762,
      "B": 0.0377732,
      "C": 0.2411182
    },
    "rays_asymmetry_parameter": 0.9614453415130557,
    "volume": 590.40609
  },
  "excited_state": {
    "HOMO-LUMO": 0.9876234858444914,
    "structure": {
      "bonds": 1.2932025601720003,
      "angles": 119.29533243966382,
      "DA": 90.17866153478317
    },
    "rotational_constant": {
      "A": 0.036296,
      "B": 0.0367463,
      "C": 0.2191145
    },
    "rays_asymmetry_parameter": 0.9950738027059625,
    "excited_energy": "1.1377",
    "volume": 592.8899
  },
  "exciting_path_mean_volume": 591.9616683333334
}