{
  "charge": {
    "element": [
      "N",
      "C",
      "C",
      "C",
      "N",
      "C",
      "S",
      "C",
      "C",
      "F",
      "C",
      "C",
      "C",
      "C",
      "C",
      "N",
      "C",
      "C",
      "C",
      "C",
      "C",
      "C",
      "C",
      "C",
      "C",
      "C",
      "C",
      "C",
      "C",
      "C",
      "C",
      "N",
      "S",
      "N",
      "C",
      "C",
      "S",
      "H",
      "H",
      "H",
      "H",
      "H",
      "H",
      "H",
      "H",
      "H",
      "H",
      "H",
      "H",
      "H",
      "H"
    ],
    "charge_variation": [
      0.0014530000000000376,
      -0.0003229999999999622,
      -0.0008550000000000085,
      -0.0020179999999999643,
      0.0023940000000000072,
      -0.003147000000000011,
      0.015042,
      -0.004337999999999995,
      0.01240399999999997,
      -0.004702999999999957,
      -0.007245999999999975,
      0.03015,
      -0.019141999999999996,
      0.03212699999999999,
      -0.01882800000000001,
      0.02062400000000003,
      0.005630999999999997,
      -0.028910999999999992,
      0.008227,
      -0.02080499999999999,
      0.004275,
      -0.019430000000000003,
      0.004815000000000014,
      -0.01877999999999999,
      0.0033289999999999995,
      -0.021353999999999998,
      0.005598,
      -0.026001999999999997,
      0.029342999999999994,
      -0.006221000000000004,
      0.018308999999999964,
      -0.03314499999999998,
      0.06747099999999995,
      -0.021206000000000058,
      0.004251000000000005,
      0.006951000000000002,
      0.008272,
      -0.011722999999999997,
      -0.0015970000000000012,
      -0.0016439999999999996,
      -0.0010760000000000006,
      -0.0005910000000000012,
      -0.0013319999999999999,
      0.002790000000000001,
      0.0031899999999999984,
      -0.0013769999999999998,
      -0.0012139999999999998,
      -0.0022569999999999986,
      -0.000453000000000002,
      -0.0016450000000000006,
      -0.005287
    ]
  },
  "ground_state": {
    "HOMO-LUMO": 0.8246218683843898,
    "structure": {
      "bonds": 1.3392279221750003,
      "angles": 121.28226065703676,
      "DA": 88.70007666727712
    },
    "rotational_constant": {
      "A": 0.0326591,
      "B": 0.0353692,
      "C": 0.1843134
    },
    "rays_asymmetry_parameter": 0.9642595033573066,
    "volume": 643.68536
  },
  "excited_state": {
    "HOMO-LUMO": 0.24175951893497416,
    "structure": {
      "bonds": 1.3381686232160714,
      "angles": 120.26659530190685,
      "DA": 88.8424679938035
    },
    "rotational_constant": {
      "A": 0.0323952,
      "B": 0.0366817,
      "C": 0.1847536
    },
    "rays_asymmetry_parameter": 0.9437313597412417,
    "excited_energy": "0.2845",
    "volume": 647.28682
  },
  "exciting_path_mean_volume": 645.817595
}