{
  "s0_rotational_constant_a": 0.0401347,
  "s0_rotational_constant_b": 0.0536368,
  "s0_rotational_constant_c": 0.0650027,
  "s1_rotational_constant_a": 0.0403457,
  "s1_rotational_constant_b": 0.0532323,
  "s1_rotational_constant_c": 0.0660597,
  "s0_rays_asymmetry_parameter": -0.08590156023805715,
  "s1_rays_asymmetry_parameter": -0.002302247802753723,
  "s0_volume": 945.83299,
  "s1_volume": 944.06178,
  "delta_volume": -1.7712099999999964,
  "s0_homo_lumo_gap": 0.9585971051986544,
  "s1_homo_lumo_gap": 0.6860261389914575,
  "delta_gap": -0.2725709662071969,
  "s0_dihedral_avg": 93.46348981670121,
  "s1_dihedral_avg": 92.54844893417277,
  "delta_dihedral": -0.9150408825284444,
  "delta_dipole": {
    "element": [
      "C",
      "C",
      "C",
      "C",
      "C",
      "C",
      "C",
      "C",
      "C",
      "C",
      "C",
      "C",
      "S",
      "C",
      "S",
      "S",
      "C",
      "C",
      "C",
      "C",
      "C",
      "C",
      "C",
      "C",
      "C",
      "C",
      "C",
      "C",
      "C",
      "C",
      "C",
      "C",
      "C",
      "C",
      "C",
      "C",
      "C",
      "C",
      "C",
      "C",
      "C",
      "C",
      "C",
      "H",
      "H",
      "H",
      "H",
      "H",
      "H",
      "H",
      "H",
      "H",
      "H",
      "H",
      "H",
      "H",
      "H",
      "H",
      "H",
      "H",
      "H",
      "H",
      "H",
      "H",
      "H",
      "H",
      "H",
      "H",
      "H",
      "H",
      "H",
      "H",
      "H",
      "H",
      "H",
      "H",
      "H",
      "H",
      "H",
      "H",
      "H",
      "H",
      "H",
      "H",
      "H",
      "H",
      "H",
      "H",
      "H"
    ],
    "charge_variation": [
      0.00017700000000001048,
      0.00015000000000000083,
      0.0001460000000000003,
      3.0000000000002247e-05,
      4.699999999999843e-05,
      -0.00012300000000000505,
      0.0004839999999999983,
      -0.00018299999999999914,
      0.0009139999999999981,
      0.0005590000000000039,
      0.002269,
      -0.008948000000000001,
      0.015498999999999999,
      -0.02817399999999992,
      0.0037960000000000216,
      0.025839,
      -0.007889000000000007,
      -0.001688999999999996,
      0.0003270000000000009,
      0.0012570000000000012,
      0.00010499999999999399,
      0.0012439999999999986,
      -0.0020059999999999974,
      0.002359999999999987,
      -0.0031869999999999954,
      0.0004050000000000026,
      -0.0015469999999999998,
      0.00033200000000000243,
      -0.0021960000000000035,
      0.001449999999999993,
      -0.0018510000000000054,
      0.0010359999999999987,
      -0.001923000000000001,
      0.00033500000000000196,
      -0.0016430000000000056,
      0.0014080000000000065,
      -0.0031000000000000055,
      -4.49999999999999e-05,
      -0.0023129999999999956,
      0.001797,
      -0.0009580000000000005,
      -0.0008140000000000092,
      -0.0020919999999999966,
      -7.899999999999921e-05,
      -8.200000000000221e-05,
      -8.000000000001062e-06,
      -4.70000000000019e-05,
      -0.0001250000000000001,
      -9.099999999999733e-05,
      -2.8999999999997778e-05,
      -1.6000000000002124e-05,
      -7.199999999999915e-05,
      1.9999999999985307e-06,
      -0.00019000000000000267,
      0.0003839999999999989,
      -0.0001370000000000017,
      -0.00020600000000000132,
      5.199999999999996e-05,
      -0.00024000000000000063,
      -0.00021899999999999697,
      -0.001284999999999998,
      0.0005950000000000018,
      0.0005039999999999975,
      -0.0011509999999999992,
      -0.00016499999999999848,
      -0.0007549999999999987,
      0.0001840000000000036,
      -0.0003620000000000012,
      0.00041099999999999817,
      -0.001129999999999999,
      0.0006120000000000014,
      0.0011550000000000032,
      0.0014960000000000043,
      0.0004330000000000028,
      9.99999999999994e-05,
      0.00015500000000000236,
      0.0006809999999999976,
      0.0003600000000000027,
      0.00013699999999999823,
      8.099999999999774e-05,
      0.00019700000000000273,
      0.0008250000000000028,
      0.001070999999999999,
      0.0005700000000000011,
      1.4000000000000123e-05,
      0.0018799999999999997,
      0.002940999999999999,
      0.0003949999999999995,
      -0.0001339999999999987
    ]
  },
  "excitation_energy": "0.8287",
  "exciting_path_mean_volume": 944.8125866666666,
  "s0_bonds_avg": 1.2159771920665219,
  "s1_bonds_avg": 1.292317243913587,
  "s0_angles_avg": 114.77877387540966,
  "s1_angles_avg": 114.74701208459263,
  "delta_bonds": 0.07634005184706516,
  "delta_angles": -0.03176179081702912
}