{
  "s0_rotational_constant_a": 0.0401347,
  "s0_rotational_constant_b": 0.0536368,
  "s0_rotational_constant_c": 0.0650027,
  "s1_rotational_constant_a": 0.0403457,
  "s1_rotational_constant_b": 0.0532323,
  "s1_rotational_constant_c": 0.0660597,
  "s0_rays_asymmetry_parameter": -0.08590156023805715,
  "s1_rays_asymmetry_parameter": -0.002302247802753723,
  "s0_volume": 945.83299,
  "s1_volume": 944.06178,
  "delta_volume": -1.7712099999999964,
  "s0_homo_lumo_gap": 0.9585971051986544,
  "s1_homo_lumo_gap": 0.6860261389914575,
  "delta_gap": -0.2725709662071969,
  "s0_dihedral_avg": 9.841777898075739,
  "s1_dihedral_avg": 2.0259043534793255,
  "delta_dihedral": -7.815873544596413,
  "delta_dipole": null,
  "excitation_energy": "0.8287",
  "exciting_path_mean_volume": 944.8125866666666,
  "s0_bonds_avg": 1.2159771920665219,
  "s1_bonds_avg": 1.292317243913587,
  "s0_angles_avg": 114.77877387540966,
  "s1_angles_avg": 114.74701208459263
}