{
  "s0_rotational_constant_a": 0.0731715,
  "s0_rotational_constant_b": 0.0904134,
  "s0_rotational_constant_c": 0.2987353,
  "s1_rotational_constant_a": 0.0797729,
  "s1_rotational_constant_b": 0.0967681,
  "s1_rotational_constant_c": 0.2942254,
  "s0_rays_asymmetry_parameter": 0.8471217455992495,
  "s1_rays_asymmetry_parameter": 0.8415014980007226,
  "s0_volume": 526.63495,
  "s1_volume": 527.61329,
  "delta_volume": 0.9783400000000029,
  "s0_homo_lumo_gap": 1.5780478782127019,
  "s1_homo_lumo_gap": 0.4348133861234551,
  "delta_gap": -1.1432344920892468,
  "s0_dihedral_avg": 2.7333247974196166,
  "s1_dihedral_avg": -1.603555750539719,
  "delta_dihedral": -4.3368805479593355,
  "delta_dipole": null,
  "excitation_energy": "0.5010",
  "exciting_path_mean_volume": 527.2575933333334,
  "s0_bonds_avg": 1.2800367230046,
  "s1_bonds_avg": 1.2771855173286,
  "s0_angles_avg": 119.76553980353452,
  "s1_angles_avg": 119.62126903072058
}