{
  "s0_rotational_constant_a": 0.0517112,
  "s0_rotational_constant_b": 0.0921282,
  "s0_rotational_constant_c": 0.1031277,
  "s1_rotational_constant_a": 0.0523383,
  "s1_rotational_constant_b": 0.0835848,
  "s1_rotational_constant_c": 0.1083929,
  "s0_rays_asymmetry_parameter": -0.5721412387074182,
  "s1_rays_asymmetry_parameter": -0.11485944061682711,
  "s0_volume": 678.3087,
  "s1_volume": 679.85698,
  "delta_volume": 1.548279999999977,
  "s0_homo_lumo_gap": 1.9740469497648405,
  "s1_homo_lumo_gap": 1.0707787465697298,
  "delta_gap": -0.9032682031951107,
  "s0_dihedral_avg": 92.55801486096811,
  "s1_dihedral_avg": 92.50895793842476,
  "delta_dihedral": -0.04905692254335747,
  "delta_dipole": {
    "element": [
      "C",
      "C",
      "C",
      "O",
      "C",
      "C",
      "C",
      "C",
      "C",
      "C",
      "C",
      "C",
      "C",
      "C",
      "C",
      "C",
      "C",
      "C",
      "C",
      "C",
      "C",
      "C",
      "C",
      "C",
      "C",
      "C",
      "O",
      "C",
      "C",
      "C",
      "C",
      "C",
      "C",
      "C",
      "H",
      "H",
      "H",
      "H",
      "H",
      "H",
      "H",
      "H",
      "H",
      "H",
      "H",
      "H",
      "H",
      "H",
      "H",
      "H",
      "H",
      "H",
      "H",
      "H",
      "H",
      "H",
      "H",
      "H",
      "H",
      "H",
      "H",
      "H",
      "H",
      "H"
    ],
    "charge_variation": [
      0.0002909999999999996,
      -0.0005110000000000114,
      -0.00010900000000002574,
      0.006955999999999962,
      0.0067909999999999915,
      0.004955999999999988,
      0.00046600000000000114,
      0.003301,
      0.014055000000000005,
      0.0036900000000000058,
      -0.024244999999999996,
      0.007049,
      -0.018643,
      -0.005843000000000001,
      0.004115000000000001,
      -0.011335000000000001,
      -0.011970999999999999,
      0.004130999999999996,
      -0.006502000000000001,
      -0.018442,
      0.006492999999999999,
      -0.024133,
      0.002153,
      -0.0013849999999999973,
      0.0024990000000000012,
      0.007581999999999978,
      0.006444000000000005,
      -0.00022400000000000198,
      0.0002549999999999983,
      0.0003519999999999912,
      0.0072409999999999974,
      0.011829999999999999,
      0.009439000000000001,
      0.006086000000000008,
      -0.0005689999999999966,
      0.000962000000000001,
      0.0009340000000000008,
      -0.0011640000000000018,
      0.0014480000000000014,
      5.3000000000000096e-05,
      0.0012950000000000001,
      0.00029699999999999865,
      0.003806000000000004,
      -0.008201000000000003,
      -0.001233999999999999,
      -0.00012799999999999964,
      -0.0015289999999999991,
      -0.0015769999999999985,
      -0.0001250000000000001,
      -0.0010419999999999978,
      -0.0078070000000000014,
      0.003264000000000003,
      0.0005310000000000037,
      0.0007450000000000009,
      0.0003549999999999994,
      6.799999999999862e-05,
      0.0010150000000000003,
      0.0008000000000000021,
      0.00028800000000000006,
      -0.0008809999999999998,
      0.0012889999999999985,
      0.006543,
      0.006331000000000003,
      0.0014030000000000015
    ]
  },
  "excitation_energy": "1.4907",
  "exciting_path_mean_volume": 678.5934416666668,
  "s0_bonds_avg": 1.2718152859435299,
  "s1_bonds_avg": 1.2740536268333824,
  "s0_angles_avg": 116.67084262185972,
  "s1_angles_avg": 116.66368064942061,
  "delta_bonds": 0.0022383408898525303,
  "delta_angles": -0.0071619724391069894
}