{"charge": {"element": ["C", "C", "C", "O", "C", "C", "C", "C", "C", "C", "C", "C", "C", "C", "C", "C", "C", "C", "C", "C", "C", "C", "C", "C", "C", "C", "O", "C", "C", "C", "C", "C", "C", "C", "H", "H", "H", "H", "H", "H", "H", "H", "H", "H", "H", "H", "H", "H", "H", "H", "H", "H", "H", "H", "H", "H", "H", "H", "H", "H", "H", "H", "H", "H"], "charge_variation": [0.0002909999999999996, -0.0005110000000000114, -0.00010900000000002574, 0.006955999999999962, 0.0067909999999999915, 0.004955999999999988, 0.00046600000000000114, 0.003301, 0.014055000000000005, 0.0036900000000000058, -0.024244999999999996, 0.007049, -0.018643, -0.005843000000000001, 0.004115000000000001, -0.011335000000000001, -0.011970999999999999, 0.004130999999999996, -0.006502000000000001, -0.018442, 0.006492999999999999, -0.024133, 0.002153, -0.0013849999999999973, 0.0024990000000000012, 0.007581999999999978, 0.006444000000000005, -0.00022400000000000198, 0.0002549999999999983, 0.0003519999999999912, 0.0072409999999999974, 0.011829999999999999, 0.009439000000000001, 0.006086000000000008, -0.0005689999999999966, 0.000962000000000001, 0.0009340000000000008, -0.0011640000000000018, 0.0014480000000000014, 5.3000000000000096e-05, 0.0012950000000000001, 0.00029699999999999865, 0.003806000000000004, -0.008201000000000003, -0.001233999999999999, -0.00012799999999999964, -0.0015289999999999991, -0.0015769999999999985, -0.0001250000000000001, -0.0010419999999999978, -0.0078070000000000014, 0.003264000000000003, 0.0005310000000000037, 0.0007450000000000009, 0.0003549999999999994, 6.799999999999862e-05, 0.0010150000000000003, 0.0008000000000000021, 0.00028800000000000006, -0.0008809999999999998, 0.0012889999999999985, 0.006543, 0.006331000000000003, 0.0014030000000000015]}, "ground_state": {"HOMO-LUMO": 1.9740469497648405, "charge": {"element": ["C", "C", "C", "O", "C", "C", "C", "C", "C", "C", "C", "C", "C", "C", "C", "C", "C", "C", "C", "C", "C", "C", "C", "C", "C", "C", "O", "C", "C", "C", "C", "C", "C", "C", "H", "H", "H", "H", "H", "H", "H", "H", "H", "H", "H", "H", "H", "H", "H", "H", "H", "H", "H", "H", "H", "H", "H", "H", "H", "H", "H", "H", "H", "H"], "charge": [-0.067077, -0.072444, 0.346079, -0.507543, 0.513188, -0.221441, -0.026487, 0.00014, 0.049088, -0.050888, 0.033946, -0.073257, -0.040878, -0.045294, -0.063792, 0.029222, 0.029765, -0.063746, -0.045749, -0.042299, -0.074282, 0.034618, 0.000466, -0.030688, -0.158441, 0.5107, -0.510051, 0.356139, -0.050214, -0.071139, -0.215057, -0.016231, -0.016955, -0.157858, 0.030381, 0.02095, 0.019427, 0.029509, 0.017047, -0.006398, 0.000413, 0.040761, 0.029022, 0.033584, 0.024971, 0.02591, 0.030038, 0.030125, 0.02578, 0.02431, 0.033415, 0.030133, 0.043722, -0.014673, -0.01292, 0.029107, 0.012648, 0.019509, 0.016969, 0.033769, 0.040174, 0.032434, 0.033052, 0.045292]}, "structure": {"bonds": 1.2718152859435299, "angles": 116.67084262185972, "DA": -2.182199503133292}, "rotational_constant": {"A": 0.0517112, "B": 0.0921282, "C": 0.1031277}, "rays_asymmetry_parameter": -0.5721412387074182, "volume": 678.3087}, "excited_state": {"HOMO-LUMO": 1.0707787465697298, "charge": {"element": ["C", "C", "C", "O", "C", "C", "C", "C", "C", "C", "C", "C", "C", "C", "C", "C", "C", "C", "C", "C", "C", "C", "C", "C", "C", "C", "O", "C", "C", "C", "C", "C", "C", "C", "H", "H", "H", "H", "H", "H", "H", "H", "H", "H", "H", "H", "H", "H", "H", "H", "H", "H", "H", "H", "H", "H", "H", "H", "H", "H", "H", "H", "H", "H"], "charge": [-0.066786, -0.072955, 0.34597, -0.500587, 0.519979, -0.216485, -0.026021, 0.003441, 0.063143, -0.047198, 0.009701, -0.066208, -0.059521, -0.051137, -0.059677, 0.017887, 0.017794, -0.059615, -0.052251, -0.060741, -0.067789, 0.010485, 0.002619, -0.032073, -0.155942, 0.518282, -0.503607, 0.355915, -0.049959, -0.070787, -0.207816, -0.004401, -0.007516, -0.151772, 0.029812, 0.021912, 0.020361, 0.028345, 0.018495, -0.006345, 0.001708, 0.041058, 0.032828, 0.025383, 0.023737, 0.025782, 0.028509, 0.028548, 0.025655, 0.023268, 0.025608, 0.033397, 0.044253, -0.013928, -0.012565, 0.029175, 0.013663, 0.020309, 0.017257, 0.032888, 0.041463, 0.038977, 0.039383, 0.046695]}, "structure": {"bonds": 1.2740536268333824, "angles": 116.66368064942061, "DA": 4.492990064190641}, "rotational_constant": {"A": 0.0523383, "B": 0.0835848, "C": 0.1083929}, "rays_asymmetry_parameter": -0.11485944061682711, "excited_energy": "1.4907", "volume": 679.85698}, "exciting_path_mean_volume": 678.5934416666668}