{
  "s0_rotational_constant_a": 0.1182548,
  "s0_rotational_constant_b": 0.20322,
  "s0_rotational_constant_c": 0.2323391,
  "s1_rotational_constant_a": 0.1213983,
  "s1_rotational_constant_b": 0.1940203,
  "s1_rotational_constant_c": 0.2684405,
  "s0_rays_asymmetry_parameter": -0.4895160859119093,
  "s1_rays_asymmetry_parameter": 0.012229142382255077,
  "s0_volume": 483.89097,
  "s1_volume": 480.72082,
  "delta_volume": -3.1701499999999783,
  "s0_homo_lumo_gap": 2.221172553131575,
  "s1_homo_lumo_gap": 1.4145374079185529,
  "delta_gap": -0.806635145213022,
  "s0_dihedral_avg": 89.98655667026395,
  "s1_dihedral_avg": 90.9461228533539,
  "delta_dihedral": 0.9595661830899473,
  "delta_dipole": {
    "element": [
      "C",
      "C",
      "C",
      "C",
      "C",
      "C",
      "C",
      "C",
      "C",
      "C",
      "C",
      "C",
      "C",
      "C",
      "C",
      "S",
      "O",
      "O",
      "C",
      "C",
      "C",
      "C",
      "C",
      "C",
      "C",
      "H",
      "H",
      "H",
      "H",
      "H",
      "H",
      "H",
      "H",
      "H",
      "H",
      "H",
      "H",
      "H",
      "H",
      "H",
      "H",
      "H",
      "H"
    ],
    "charge_variation": [
      0.0005830000000000002,
      -0.007300000000000001,
      0.011244000000000004,
      -0.00618,
      0.007543999999999995,
      -0.010445000000000003,
      0.021749,
      -0.029911,
      0.009804999999999994,
      -0.011626999999999998,
      -0.0072169999999999995,
      0.001016000000000003,
      -0.004177999999999987,
      0.003390000000000004,
      0.006860000000000005,
      -0.009144999999999959,
      -0.014152000000000053,
      0.009195999999999982,
      -0.014164999999999997,
      0.008744999999999998,
      -0.004696000000000002,
      0.0042780000000000006,
      -0.0022949999999999984,
      0.008600000000000003,
      0.009376999999999996,
      0.002456,
      -0.00027399999999999994,
      -0.0003809999999999994,
      0.0014790000000000011,
      0.0001789999999999986,
      0.0010970000000000008,
      0.003983,
      0.001576999999999995,
      0.000896000000000001,
      -0.0017580000000000026,
      -0.0008309999999999984,
      0.001120999999999997,
      0.000555999999999994,
      0.0004030000000000006,
      0.001129999999999999,
      0.0008249999999999993,
      -0.0002520000000000022,
      0.006712999999999997
    ]
  },
  "excitation_energy": "2.0157",
  "exciting_path_mean_volume": 482.480165,
  "s0_bonds_avg": 1.3099224450304348,
  "s1_bonds_avg": 1.3059118585628262,
  "s0_angles_avg": 117.51625147386098,
  "s1_angles_avg": 117.50029680295039,
  "delta_bonds": -0.004010586467608546,
  "delta_angles": -0.01595467091058822
}