{
  "charge": {
    "element": [
      "C",
      "C",
      "C",
      "C",
      "C",
      "C",
      "C",
      "C",
      "C",
      "C",
      "C",
      "C",
      "C",
      "C",
      "C",
      "S",
      "O",
      "O",
      "C",
      "C",
      "C",
      "C",
      "C",
      "C",
      "C",
      "H",
      "H",
      "H",
      "H",
      "H",
      "H",
      "H",
      "H",
      "H",
      "H",
      "H",
      "H",
      "H",
      "H",
      "H",
      "H",
      "H",
      "H"
    ],
    "charge_variation": [
      0.0005830000000000002,
      -0.007300000000000001,
      0.011244000000000004,
      -0.00618,
      0.007543999999999995,
      -0.010445000000000003,
      0.021749,
      -0.029911,
      0.009804999999999994,
      -0.011626999999999998,
      -0.0072169999999999995,
      0.001016000000000003,
      -0.004177999999999987,
      0.003390000000000004,
      0.006860000000000005,
      -0.009144999999999959,
      -0.014152000000000053,
      0.009195999999999982,
      -0.014164999999999997,
      0.008744999999999998,
      -0.004696000000000002,
      0.0042780000000000006,
      -0.0022949999999999984,
      0.008600000000000003,
      0.009376999999999996,
      0.002456,
      -0.00027399999999999994,
      -0.0003809999999999994,
      0.0014790000000000011,
      0.0001789999999999986,
      0.0010970000000000008,
      0.003983,
      0.001576999999999995,
      0.000896000000000001,
      -0.0017580000000000026,
      -0.0008309999999999984,
      0.001120999999999997,
      0.000555999999999994,
      0.0004030000000000006,
      0.001129999999999999,
      0.0008249999999999993,
      -0.0002520000000000022,
      0.006712999999999997
    ]
  },
  "ground_state": {
    "HOMO-LUMO": 2.221172553131575,
    "charge": {
      "element": [
        "C",
        "C",
        "C",
        "C",
        "C",
        "C",
        "C",
        "C",
        "C",
        "C",
        "C",
        "C",
        "C",
        "C",
        "C",
        "S",
        "O",
        "O",
        "C",
        "C",
        "C",
        "C",
        "C",
        "C",
        "C",
        "H",
        "H",
        "H",
        "H",
        "H",
        "H",
        "H",
        "H",
        "H",
        "H",
        "H",
        "H",
        "H",
        "H",
        "H",
        "H",
        "H",
        "H"
      ],
      "charge": [
        -0.077097,
        0.101739,
        -0.060864,
        -0.01067,
        -0.076945,
        0.067012,
        0.015651,
        0.026012,
        0.070576,
        -0.071324,
        -0.01212,
        -0.05228,
        0.107357,
        -0.080777,
        -0.069678,
        0.701398,
        -0.548263,
        -0.556285,
        0.039026,
        0.011357,
        -0.02054,
        -0.004113,
        -0.049602,
        0.041328,
        -0.091804,
        0.023493,
        0.020566,
        0.023615,
        0.03267,
        0.032622,
        0.034199,
        0.03338,
        0.031495,
        0.03181,
        0.023272,
        0.031671,
        0.019151,
        0.052706,
        0.053064,
        0.039617,
        0.035409,
        0.045685,
        0.036482
      ]
    },
    "structure": {
      "bonds": 1.3099224450304348,
      "angles": 117.51625147386098,
      "DA": 89.98655667026395
    },
    "rotational_constant": {
      "A": 0.1182548,
      "B": 0.20322,
      "C": 0.2323391
    },
    "rays_asymmetry_parameter": -0.4895160859119093,
    "volume": 483.89097
  },
  "excited_state": {
    "HOMO-LUMO": 1.4145374079185529,
    "charge": {
      "element": [
        "C",
        "C",
        "C",
        "C",
        "C",
        "C",
        "C",
        "C",
        "C",
        "C",
        "C",
        "C",
        "C",
        "C",
        "C",
        "S",
        "O",
        "O",
        "C",
        "C",
        "C",
        "C",
        "C",
        "C",
        "C",
        "H",
        "H",
        "H",
        "H",
        "H",
        "H",
        "H",
        "H",
        "H",
        "H",
        "H",
        "H",
        "H",
        "H",
        "H",
        "H",
        "H",
        "H"
      ],
      "charge": [
        -0.076514,
        0.094439,
        -0.04962,
        -0.01685,
        -0.069401,
        0.056567,
        0.0374,
        -0.003899,
        0.080381,
        -0.082951,
        -0.019337,
        -0.051264,
        0.103179,
        -0.077387,
        -0.062818,
        0.692253,
        -0.562415,
        -0.547089,
        0.024861,
        0.020102,
        -0.025236,
        0.000165,
        -0.051897,
        0.049928,
        -0.082427,
        0.025949,
        0.020292,
        0.023234,
        0.034149,
        0.032801,
        0.035296,
        0.037363,
        0.033072,
        0.032706,
        0.021514,
        0.03084,
        0.020272,
        0.053262,
        0.053467,
        0.040747,
        0.036234,
        0.045433,
        0.043195
      ]
    },
    "structure": {
      "bonds": 1.3059118585628262,
      "angles": 117.50029680295039,
      "DA": 90.9461228533539
    },
    "rotational_constant": {
      "A": 0.1213983,
      "B": 0.1940203,
      "C": 0.2684405
    },
    "rays_asymmetry_parameter": 0.012229142382255077,
    "excited_energy": "2.0157",
    "volume": 480.72082
  },
  "exciting_path_mean_volume": 482.480165
}