{
  "s0_rotational_constant_a": 0.0928893,
  "s0_rotational_constant_b": 0.1073405,
  "s0_rotational_constant_c": 0.3916537,
  "s1_rotational_constant_a": 0.098199,
  "s1_rotational_constant_b": 0.1009248,
  "s1_rotational_constant_c": 0.3826455,
  "s0_rays_asymmetry_parameter": 0.9032602277915307,
  "s1_rays_asymmetry_parameter": 0.9808343572517152,
  "s0_volume": 386.63956,
  "s1_volume": 391.03245,
  "delta_volume": 4.392889999999966,
  "s0_homo_lumo_gap": 1.6024129492076225,
  "s1_homo_lumo_gap": 1.409002612921494,
  "delta_gap": -0.19341033628612836,
  "s0_dihedral_avg": -1.8848553521114462,
  "s1_dihedral_avg": 4.066203341435025,
  "delta_dihedral": 5.9510586935464715,
  "delta_dipole": null,
  "excitation_energy": "1.6224",
  "exciting_path_mean_volume": 389.55316999999997,
  "s0_bonds_avg": 1.3315215486520586,
  "s1_bonds_avg": 1.3307302733967648,
  "s0_angles_avg": 118.88976778254238,
  "s1_angles_avg": 118.89339651524487
}