{
  "s0_rotational_constant_a": 0.0928893,
  "s0_rotational_constant_b": 0.1073405,
  "s0_rotational_constant_c": 0.3916537,
  "s1_rotational_constant_a": 0.098199,
  "s1_rotational_constant_b": 0.1009248,
  "s1_rotational_constant_c": 0.3826455,
  "s0_rays_asymmetry_parameter": 0.9032602277915307,
  "s1_rays_asymmetry_parameter": 0.9808343572517152,
  "s0_volume": 386.63956,
  "s1_volume": 391.03245,
  "delta_volume": 4.392889999999966,
  "s0_homo_lumo_gap": 1.6024129492076225,
  "s1_homo_lumo_gap": 1.409002612921494,
  "delta_gap": -0.19341033628612836,
  "s0_dihedral_avg": 89.96233664671477,
  "s1_dihedral_avg": 90.07828898050437,
  "delta_dihedral": 0.11595233378959335,
  "delta_dipole": {
    "element": [
      "F",
      "C",
      "C",
      "C",
      "C",
      "I",
      "C",
      "C",
      "C",
      "C",
      "C",
      "C",
      "C",
      "N",
      "B",
      "F",
      "F",
      "N",
      "C",
      "C",
      "C",
      "C",
      "H",
      "H",
      "H",
      "H",
      "H",
      "H",
      "H",
      "H",
      "H"
    ],
    "charge_variation": [
      0.020714999999999983,
      0.00687799999999994,
      -0.012318999999999997,
      -0.013301999999999994,
      -0.036018,
      0.035896,
      -0.008332000000000006,
      -0.009110000000000007,
      0.004917999999999992,
      0.026751999999999998,
      -0.0042220000000000035,
      0.002468999999999999,
      0.009056000000000008,
      -0.02237900000000001,
      0.001570999999999989,
      -0.0011279999999999069,
      -0.0013060000000000294,
      -0.020558999999999994,
      0.0047599999999999865,
      3.0000000000030003e-06,
      -0.015079999999999982,
      0.026620999999999978,
      -0.0008379999999999985,
      0.000341000000000001,
      -0.002038999999999999,
      0.0016410000000000036,
      0.0007409999999999986,
      0.0003820000000000004,
      0.0011419999999999972,
      0.0006369999999999987,
      0.0021110000000000018
    ]
  },
  "excitation_energy": "1.6224",
  "exciting_path_mean_volume": 389.55316999999997,
  "s0_bonds_avg": 1.3315215486520586,
  "s1_bonds_avg": 1.3307302733967648,
  "s0_angles_avg": 118.88976778254238,
  "s1_angles_avg": 118.89339651524487,
  "delta_bonds": -0.0007912752552938773,
  "delta_angles": 0.0036287327024950855
}