{
  "charge": {
    "element": [
      "F",
      "C",
      "C",
      "C",
      "C",
      "I",
      "C",
      "C",
      "C",
      "C",
      "C",
      "C",
      "C",
      "N",
      "B",
      "F",
      "F",
      "N",
      "C",
      "C",
      "C",
      "C",
      "H",
      "H",
      "H",
      "H",
      "H",
      "H",
      "H",
      "H",
      "H"
    ],
    "charge_variation": [
      0.020714999999999983,
      0.00687799999999994,
      -0.012318999999999997,
      -0.013301999999999994,
      -0.036018,
      0.035896,
      -0.008332000000000006,
      -0.009110000000000007,
      0.004917999999999992,
      0.026751999999999998,
      -0.0042220000000000035,
      0.002468999999999999,
      0.009056000000000008,
      -0.02237900000000001,
      0.001570999999999989,
      -0.0011279999999999069,
      -0.0013060000000000294,
      -0.020558999999999994,
      0.0047599999999999865,
      3.0000000000030003e-06,
      -0.015079999999999982,
      0.026620999999999978,
      -0.0008379999999999985,
      0.000341000000000001,
      -0.002038999999999999,
      0.0016410000000000036,
      0.0007409999999999986,
      0.0003820000000000004,
      0.0011419999999999972,
      0.0006369999999999987,
      0.0021110000000000018
    ]
  },
  "ground_state": {
    "HOMO-LUMO": 1.6024129492076225,
    "charge": {
      "element": [
        "F",
        "C",
        "C",
        "C",
        "C",
        "I",
        "C",
        "C",
        "C",
        "C",
        "C",
        "C",
        "C",
        "N",
        "B",
        "F",
        "F",
        "N",
        "C",
        "C",
        "C",
        "C",
        "H",
        "H",
        "H",
        "H",
        "H",
        "H",
        "H",
        "H",
        "H"
      ],
      "charge": [
        -0.346769,
        0.583249,
        -0.16727,
        -0.037484,
        0.022876,
        0.020036,
        -0.077316,
        -0.106472,
        0.069248,
        0.202883,
        -0.128002,
        -0.143715,
        0.275624,
        -0.249445,
        0.732973,
        -0.519889,
        -0.516234,
        -0.250944,
        0.279839,
        -0.141153,
        -0.117455,
        0.202861,
        0.053708,
        0.039786,
        0.043258,
        0.044994,
        0.048532,
        0.044992,
        0.044227,
        0.048624,
        0.044438
      ]
    },
    "structure": {
      "bonds": 1.3315215486520586,
      "angles": 118.88976778254238,
      "DA": 89.96233664671477
    },
    "rotational_constant": {
      "A": 0.0928893,
      "B": 0.1073405,
      "C": 0.3916537
    },
    "rays_asymmetry_parameter": 0.9032602277915307,
    "volume": 386.63956
  },
  "excited_state": {
    "HOMO-LUMO": 1.409002612921494,
    "charge": {
      "element": [
        "F",
        "C",
        "C",
        "C",
        "C",
        "I",
        "C",
        "C",
        "C",
        "C",
        "C",
        "C",
        "C",
        "N",
        "B",
        "F",
        "F",
        "N",
        "C",
        "C",
        "C",
        "C",
        "H",
        "H",
        "H",
        "H",
        "H",
        "H",
        "H",
        "H",
        "H"
      ],
      "charge": [
        -0.326054,
        0.590127,
        -0.179589,
        -0.050786,
        -0.013142,
        0.055932,
        -0.085648,
        -0.115582,
        0.074166,
        0.229635,
        -0.132224,
        -0.141246,
        0.28468,
        -0.271824,
        0.734544,
        -0.521017,
        -0.51754,
        -0.271503,
        0.284599,
        -0.14115,
        -0.132535,
        0.229482,
        0.05287,
        0.040127,
        0.041219,
        0.046635,
        0.049273,
        0.045374,
        0.045369,
        0.049261,
        0.046549
      ]
    },
    "structure": {
      "bonds": 1.3307302733967648,
      "angles": 118.89339651524487,
      "DA": 90.07828898050437
    },
    "rotational_constant": {
      "A": 0.098199,
      "B": 0.1009248,
      "C": 0.3826455
    },
    "rays_asymmetry_parameter": 0.9808343572517152,
    "excited_energy": "1.6224",
    "volume": 391.03245
  },
  "exciting_path_mean_volume": 389.55316999999997
}