{
  "s0_rotational_constant_a": 0.4017031,
  "s0_rotational_constant_b": 0.5074176,
  "s0_rotational_constant_c": 1.9233754,
  "s1_rotational_constant_a": 0.4011831,
  "s1_rotational_constant_b": 0.4945143,
  "s1_rotational_constant_c": 2.0450006,
  "s0_rays_asymmetry_parameter": 0.8610548407827362,
  "s1_rays_asymmetry_parameter": 0.8864457885379611,
  "s0_volume": 217.94724,
  "s1_volume": 219.16487,
  "delta_volume": 1.217630000000014,
  "s0_homo_lumo_gap": 2.4013146197984008,
  "s1_homo_lumo_gap": 1.7865442044023192,
  "delta_gap": -0.6147704153960816,
  "s0_dihedral_avg": 15.00380985729287,
  "s1_dihedral_avg": 12.537597286651527,
  "delta_dihedral": -2.4662125706413427,
  "delta_dipole": null,
  "excitation_energy": "2.4242",
  "exciting_path_mean_volume": 218.1722133333333,
  "s0_bonds_avg": 1.271803128707222,
  "s1_bonds_avg": 1.2865101334861113,
  "s0_angles_avg": 118.39183382339948,
  "s1_angles_avg": 117.93697144458042
}