{"charge": {"element": ["N", "N", "C", "C", "C", "C", "Cl", "C", "C", "C", "O", "H", "H", "H", "H", "H", "H", "H"], "charge_variation": [-0.014093000000000022, -0.01726899999999998, -0.01965, 0.026894000000000015, 0.005691000000000002, -0.02298799999999998, 0.010568000000000022, 0.008013, -0.04914100000000002, 0.01812999999999998, 0.006409999999999916, 0.005433000000000021, 0.004404999999999992, 0.024302000000000004, -4.900000000000043e-05, 0.0005250000000000046, 0.004048000000000003, 0.008767999999999998]}, "ground_state": {"HOMO-LUMO": 2.4013146197984008, "charge": {"element": ["N", "N", "C", "C", "C", "C", "Cl", "C", "C", "C", "O", "H", "H", "H", "H", "H", "H", "H"], "charge": [-0.533845, -0.548961, 0.370121, -0.131563, -0.105433, 0.220104, -0.205691, -0.051642, -0.165347, 0.54142, -0.566915, 0.321656, 0.305299, 0.013959, 0.041056, 0.044735, 0.053797, 0.397252]}, "structure": {"bonds": 1.271803128707222, "angles": 118.39183382339948, "DA": 15.00380985729287}, "rotational_constant": {"A": 0.4017031, "B": 0.5074176, "C": 1.9233754}, "rays_asymmetry_parameter": 0.8610548407827362, "volume": 217.94724}, "excited_state": {"HOMO-LUMO": 1.7865442044023192, "charge": {"element": ["N", "N", "C", "C", "C", "C", "Cl", "C", "C", "C", "O", "H", "H", "H", "H", "H", "H", "H"], "charge": [-0.547938, -0.56623, 0.350471, -0.104669, -0.099742, 0.197116, -0.195123, -0.043629, -0.214488, 0.55955, -0.560505, 0.327089, 0.309704, 0.038261, 0.041007, 0.04526, 0.057845, 0.40602]}, "structure": {"bonds": 1.2865101334861113, "angles": 117.93697144458042, "DA": 12.537597286651527}, "rotational_constant": {"A": 0.4011831, "B": 0.4945143, "C": 2.0450006}, "rays_asymmetry_parameter": 0.8864457885379611, "excited_energy": "2.4242", "volume": 219.16487}, "exciting_path_mean_volume": 218.1722133333333}