{
  "s0_rotational_constant_a": 0.0956861,
  "s0_rotational_constant_b": 0.1139597,
  "s0_rotational_constant_c": 0.4737146,
  "s1_rotational_constant_a": 0.0971388,
  "s1_rotational_constant_b": 0.1133785,
  "s1_rotational_constant_c": 0.4743811,
  "s0_rays_asymmetry_parameter": 0.903321574960618,
  "s1_rays_asymmetry_parameter": 0.9139030803279483,
  "s0_volume": 466.41873,
  "s1_volume": 471.6052,
  "delta_volume": 5.1864700000000425,
  "s0_homo_lumo_gap": 2.4087759806056463,
  "s1_homo_lumo_gap": 1.5808642561979318,
  "delta_gap": -0.8279117244077145,
  "s0_dihedral_avg": 91.30539843787506,
  "s1_dihedral_avg": 91.30337332842676,
  "delta_dihedral": -0.0020251094482972576,
  "delta_dipole": {
    "element": [
      "C",
      "C",
      "C",
      "C",
      "O",
      "C",
      "C",
      "C",
      "C",
      "N",
      "C",
      "C",
      "C",
      "C",
      "C",
      "C",
      "C",
      "C",
      "C",
      "C",
      "C",
      "C",
      "C",
      "C",
      "H",
      "H",
      "H",
      "H",
      "H",
      "H",
      "H",
      "H",
      "H",
      "H",
      "H",
      "H",
      "H",
      "H",
      "H",
      "H",
      "H",
      "H",
      "H"
    ],
    "charge_variation": [
      0.00028200000000000447,
      0.002764,
      0.003067000000000014,
      -0.003642999999999952,
      -0.02823600000000004,
      0.024389,
      0.008233999999999998,
      0.024733000000000005,
      -0.007931999999999995,
      0.020776000000000017,
      0.006919999999999982,
      -0.027056000000000024,
      0.014136999999999999,
      -0.027705000000000007,
      0.010680000000000002,
      -0.016107000000000003,
      -0.007063,
      0.005475000000000001,
      -0.017868999999999996,
      0.010207,
      -0.020966000000000012,
      1.2000000000012001e-05,
      0.03199099999999999,
      -0.009302999999999999,
      0.0028399999999999953,
      -0.001288000000000001,
      -0.00032000000000000084,
      0.0016610000000000028,
      -0.0012619999999999992,
      -0.002419000000000001,
      -0.0013399999999999974,
      0.005875999999999999,
      0.0008420000000000025,
      -0.006647,
      -0.0012519999999999996,
      0.0013340000000000019,
      0.0003009999999999957,
      0.0006659999999999999,
      0.0008200000000000013,
      -0.0004830000000000008,
      -0.005608000000000002,
      -0.0009279999999999983,
      0.009420999999999999
    ]
  },
  "excitation_energy": "1.8180",
  "exciting_path_mean_volume": 469.25002166666667,
  "s0_bonds_avg": 1.2787128509936956,
  "s1_bonds_avg": 1.2810376636008696,
  "s0_angles_avg": 117.57602272487348,
  "s1_angles_avg": 117.56622367745422,
  "delta_bonds": 0.002324812607173987,
  "delta_angles": -0.009799047419264184
}