{
  "s0_rotational_constant_a": 0.0404371,
  "s0_rotational_constant_b": 0.0422869,
  "s0_rotational_constant_c": 0.1635592,
  "s1_rotational_constant_a": 0.0403224,
  "s1_rotational_constant_b": 0.0423434,
  "s1_rotational_constant_c": 0.1630386,
  "s0_rays_asymmetry_parameter": 0.9699517795749099,
  "s1_rays_asymmetry_parameter": 0.967062213464889,
  "s0_volume": 746.39969,
  "s1_volume": 747.12667,
  "delta_volume": 0.7269800000000259,
  "s0_homo_lumo_gap": 1.9624059207592266,
  "s1_homo_lumo_gap": 1.2782818573346053,
  "delta_gap": -0.6841240634246213,
  "s0_dihedral_avg": 4.198363164597023,
  "s1_dihedral_avg": 2.2233179616774135,
  "delta_dihedral": -1.9750452029196093,
  "delta_dipole": null,
  "excitation_energy": "1.4701",
  "exciting_path_mean_volume": 746.7057116666665,
  "s0_bonds_avg": 1.30717701235,
  "s1_bonds_avg": 1.32339367776,
  "s0_angles_avg": 119.47435270815343,
  "s1_angles_avg": 119.4645698089407
}