{
  "s0_rotational_constant_a": 0.0404371,
  "s0_rotational_constant_b": 0.0422869,
  "s0_rotational_constant_c": 0.1635592,
  "s1_rotational_constant_a": 0.0403224,
  "s1_rotational_constant_b": 0.0423434,
  "s1_rotational_constant_c": 0.1630386,
  "s0_rays_asymmetry_parameter": 0.9699517795749099,
  "s1_rays_asymmetry_parameter": 0.967062213464889,
  "s0_volume": 746.39969,
  "s1_volume": 747.12667,
  "delta_volume": 0.7269800000000259,
  "s0_homo_lumo_gap": 1.9624059207592266,
  "s1_homo_lumo_gap": 1.2782818573346053,
  "delta_gap": -0.6841240634246213,
  "s0_dihedral_avg": 90.11423204453592,
  "s1_dihedral_avg": 90.0210846246546,
  "delta_dihedral": -0.09314741988131914,
  "delta_dipole": {
    "element": [
      "O",
      "C",
      "C",
      "C",
      "C",
      "C",
      "C",
      "C",
      "O",
      "C",
      "C",
      "C",
      "N",
      "C",
      "C",
      "C",
      "C",
      "C",
      "C",
      "Si",
      "C",
      "C",
      "C",
      "C",
      "C",
      "C",
      "C",
      "C",
      "C",
      "C",
      "C",
      "C",
      "C",
      "C",
      "C",
      "C",
      "C",
      "C",
      "C",
      "C",
      "C",
      "H",
      "H",
      "H",
      "H",
      "H",
      "H",
      "H",
      "H",
      "H",
      "H",
      "H",
      "H",
      "H",
      "H",
      "H",
      "H",
      "H",
      "H",
      "H",
      "H",
      "H",
      "H",
      "H",
      "H",
      "H"
    ],
    "charge_variation": [
      -0.019001999999999963,
      -0.0069710000000000605,
      0.03089900000000001,
      -0.008476000000000001,
      0.025416999999999995,
      -0.011468,
      0.005197000000000007,
      -0.009676999999999991,
      -0.010729000000000044,
      0.01416400000000001,
      -0.018383000000000038,
      -0.012841999999999965,
      0.06912799999999997,
      -0.00774899999999995,
      -0.007855000000000001,
      0.003919,
      -0.01295700000000001,
      0.004215000000000002,
      -0.020536,
      -0.00010799999999999699,
      0.008997000000000005,
      -0.0011460000000000012,
      -0.0004019999999999996,
      -0.0008850000000000038,
      -0.00043400000000000036,
      0.00038299999999999446,
      0.008443000000000006,
      0.0006139999999999965,
      -5.9000000000000025e-05,
      -0.0009240000000000012,
      -0.0004289999999999988,
      -0.0012700000000000003,
      -0.020915000000000003,
      0.004275000000000001,
      -0.012986999999999999,
      0.003989,
      -0.007636000000000004,
      -0.007850999999999997,
      -0.013619999999999993,
      0.008335999999999996,
      -0.0013269999999999949,
      0.005704999999999995,
      -0.0010629999999999945,
      0.00936,
      0.006970999999999998,
      0.0011099999999999999,
      0.000563000000000001,
      -0.0003559999999999987,
      8.199999999999874e-05,
      -0.0007089999999999978,
      0.000503,
      -1.000000000001e-06,
      -0.00016700000000000048,
      3.799999999999984e-05,
      0.0008490000000000025,
      0.0008030000000000016,
      6.799999999999862e-05,
      -0.00014899999999999983,
      -3.399999999999931e-05,
      0.0003820000000000004,
      -0.0007310000000000025,
      8.99999999999998e-05,
      -0.0004009999999999986,
      0.00041200000000000264,
      0.0023950000000000013,
      0.002938999999999997
    ]
  },
  "excitation_energy": "1.4701",
  "exciting_path_mean_volume": 746.7057116666665,
  "s0_bonds_avg": 1.30717701235,
  "s1_bonds_avg": 1.32339367776,
  "s0_angles_avg": 119.47435270815343,
  "s1_angles_avg": 119.4645698089407,
  "delta_bonds": 0.016216665409999997,
  "delta_angles": -0.009782899212737561
}