{
  "s0_rotational_constant_a": 0.0852457,
  "s0_rotational_constant_b": 0.1290473,
  "s0_rotational_constant_c": 0.2307532,
  "s1_rotational_constant_a": 0.084953,
  "s1_rotational_constant_b": 0.1352021,
  "s1_rotational_constant_c": 0.2145327,
  "s0_rays_asymmetry_parameter": 0.39794718485301417,
  "s1_rays_asymmetry_parameter": 0.22442944380948568,
  "s0_volume": 489.72218,
  "s1_volume": 488.85039,
  "delta_volume": -0.8717899999999759,
  "s0_homo_lumo_gap": 1.8955203450327187,
  "s1_homo_lumo_gap": 1.2402648362412347,
  "delta_gap": -0.655255508791484,
  "s0_dihedral_avg": -11.131930891081947,
  "s1_dihedral_avg": -15.195237389958368,
  "delta_dihedral": -4.063306498876422,
  "delta_dipole": null,
  "excitation_energy": "1.7024",
  "exciting_path_mean_volume": 489.0618116666667,
  "s0_bonds_avg": 1.3303203097875,
  "s1_bonds_avg": 1.3386209321025,
  "s0_angles_avg": 118.88235810278577,
  "s1_angles_avg": 118.81325939269304
}