{
  "s0_rotational_constant_a": 0.0478686,
  "s0_rotational_constant_b": 0.055692,
  "s0_rotational_constant_c": 0.2591706,
  "s1_rotational_constant_a": 0.04818,
  "s1_rotational_constant_b": 0.0536263,
  "s1_rotational_constant_c": 0.2686117,
  "s0_rays_asymmetry_parameter": 0.9259505352528608,
  "s1_rays_asymmetry_parameter": 0.9505851472360827,
  "s0_volume": 598.64365,
  "s1_volume": 602.56031,
  "delta_volume": 3.916659999999979,
  "s0_homo_lumo_gap": 2.154265208299867,
  "s1_homo_lumo_gap": 1.2432091077195127,
  "delta_gap": -0.9110561005803541,
  "s0_dihedral_avg": 94.15995106440708,
  "s1_dihedral_avg": 94.278797924017,
  "delta_dihedral": 0.11884685960991703,
  "delta_dipole": {
    "element": [
      "C",
      "O",
      "C",
      "O",
      "C",
      "C",
      "C",
      "C",
      "C",
      "C",
      "C",
      "C",
      "C",
      "C",
      "Br",
      "C",
      "N",
      "C",
      "C",
      "C",
      "C",
      "C",
      "C",
      "C",
      "O",
      "C",
      "C",
      "C",
      "C",
      "C",
      "H",
      "H",
      "H",
      "H",
      "H",
      "H",
      "H",
      "H",
      "H",
      "H",
      "H",
      "H",
      "H",
      "H",
      "H",
      "H",
      "H",
      "H",
      "H",
      "H",
      "H",
      "H",
      "H",
      "H",
      "H",
      "H",
      "H",
      "H"
    ],
    "charge_variation": [
      0.0002969999999999917,
      0.0062550000000000106,
      -0.001086999999999838,
      -0.0062429999999999986,
      -0.0001460000000000003,
      -0.002894999999999995,
      -0.0004259999999999958,
      0.0011410000000000031,
      -0.000333999999999994,
      0.004788000000000001,
      -0.002006999999999995,
      -0.017037,
      -0.005888999999999978,
      -0.027187000000000017,
      0.010163999999999992,
      0.014079999999999981,
      -0.07086599999999998,
      -0.005435000000000023,
      0.021695999999999993,
      -0.0027749999999999997,
      0.022007,
      0.005808000000000001,
      -0.003006999999999982,
      0.010195999999999983,
      0.006781000000000037,
      0.02063100000000001,
      -0.008546999999999999,
      0.005018000000000002,
      0.0022760000000000002,
      -0.0007159999999999996,
      -0.0011339999999999996,
      -0.00046299999999999987,
      0.0010820000000000005,
      0.0014319999999999992,
      -0.0011039999999999973,
      0.0008529999999999996,
      -0.005312999999999998,
      -0.0017829999999999999,
      0.0006570000000000013,
      -0.002041000000000001,
      -0.0009219999999999992,
      -0.0003049999999999997,
      -0.002815999999999999,
      0.0015380000000000012,
      1.6999999999999654e-05,
      -0.0033180000000000015,
      0.0042710000000000005,
      0.007546000000000001,
      0.0007479999999999987,
      0.006259000000000001,
      0.004312999999999997,
      0.009282000000000012,
      0.0010720000000000035,
      -0.0008329999999999987,
      0.0022649999999999997,
      -0.0013239999999999988,
      -0.003046,
      0.006527999999999999
    ]
  },
  "excitation_energy": "1.4312",
  "exciting_path_mean_volume": 600.8996866666666,
  "s0_bonds_avg": 1.2906604474914753,
  "s1_bonds_avg": 1.2841954660573769,
  "s0_angles_avg": 113.5334401848884,
  "s1_angles_avg": 113.4993982330065,
  "delta_bonds": -0.00646498143409846,
  "delta_angles": -0.03404195188190329
}