{
  "s0_rotational_constant_a": 0.0115778,
  "s0_rotational_constant_b": 0.0133727,
  "s0_rotational_constant_c": 0.0498878,
  "s1_rotational_constant_a": 0.0117027,
  "s1_rotational_constant_b": 0.0138605,
  "s1_rotational_constant_c": 0.0476329,
  "s0_rays_asymmetry_parameter": 0.906296006264683,
  "s1_rays_asymmetry_parameter": 0.8798893410000502,
  "s0_volume": 1322.25357,
  "s1_volume": 1320.55746,
  "delta_volume": -1.6961100000000897,
  "s0_homo_lumo_gap": 0.5634660767163586,
  "s1_homo_lumo_gap": 0.12419274516508727,
  "delta_gap": -0.43927333155127135,
  "s0_dihedral_avg": -2.5336495257419287,
  "s1_dihedral_avg": -2.204428090454751,
  "delta_dihedral": 0.32922143528717784,
  "delta_dipole": null,
  "excitation_energy": "0.1535",
  "exciting_path_mean_volume": 1319.6866716666666,
  "s0_bonds_avg": 1.308686195184254,
  "s1_bonds_avg": 1.2998968817391665,
  "s0_angles_avg": 112.87906249322006,
  "s1_angles_avg": 114.87041105132558
}