{
  "s0_rotational_constant_a": 0.0133776,
  "s0_rotational_constant_b": 0.0195225,
  "s0_rotational_constant_c": 0.0313657,
  "s1_rotational_constant_a": 0.0133863,
  "s1_rotational_constant_b": 0.0194528,
  "s1_rotational_constant_c": 0.0316539,
  "s0_rays_asymmetry_parameter": 0.3167816500908934,
  "s1_rays_asymmetry_parameter": 0.3358186078083602,
  "s0_volume": 1391.51192,
  "s1_volume": 1390.82811,
  "delta_volume": -0.683809999999994,
  "s0_homo_lumo_gap": 1.766829558505714,
  "s1_homo_lumo_gap": 1.0844143698392799,
  "delta_gap": -0.6824151886664342,
  "s0_dihedral_avg": 90.56007438828446,
  "s1_dihedral_avg": 90.46896115065992,
  "delta_dihedral": -0.09111323762454049,
  "delta_dipole": {
    "element": [
      "C",
      "C",
      "C",
      "C",
      "C",
      "C",
      "C",
      "C",
      "C",
      "N",
      "C",
      "C",
      "C",
      "C",
      "C",
      "C",
      "C",
      "C",
      "C",
      "C",
      "C",
      "C",
      "C",
      "C",
      "C",
      "C",
      "C",
      "C",
      "C",
      "C",
      "C",
      "C",
      "C",
      "C",
      "C",
      "C",
      "C",
      "C",
      "C",
      "C",
      "C",
      "C",
      "C",
      "C",
      "C",
      "C",
      "C",
      "C",
      "C",
      "N",
      "C",
      "C",
      "C",
      "C",
      "C",
      "C",
      "C",
      "N",
      "C",
      "C",
      "C",
      "C",
      "C",
      "C",
      "C",
      "N",
      "C",
      "C",
      "C",
      "C",
      "C",
      "C",
      "C",
      "C",
      "C",
      "C",
      "H",
      "H",
      "H",
      "H",
      "H",
      "H",
      "H",
      "H",
      "H",
      "H",
      "H",
      "H",
      "H",
      "H",
      "H",
      "H",
      "H",
      "H",
      "H",
      "H",
      "H",
      "H",
      "H",
      "H",
      "H",
      "H",
      "H",
      "H",
      "H",
      "H",
      "H",
      "H",
      "H",
      "H",
      "H",
      "H",
      "H",
      "H",
      "H",
      "H",
      "H",
      "H",
      "H",
      "H",
      "H",
      "H",
      "H",
      "H",
      "H",
      "H",
      "H",
      "H"
    ],
    "charge_variation": [
      -0.0035350000000000104,
      0.006043999999999994,
      -0.0035389999999999866,
      -0.009115999999999999,
      0.0022119999999999987,
      -0.0039959999999999996,
      0.0034530000000000003,
      -0.0025379999999999847,
      -0.012969999999999982,
      0.052703,
      -0.009120000000000017,
      -0.001474000000000003,
      0.00013200000000000017,
      0.002599999999999998,
      -5.499999999999993e-05,
      -0.0006750000000000003,
      -3.699999999999537e-05,
      5.2999999999997494e-05,
      7.699999999999721e-05,
      0.00010299999999999893,
      0.00011899999999999758,
      -0.0005819999999999992,
      -0.000496,
      0.0002360000000000001,
      0.00011200000000000099,
      -0.00011299999999999852,
      -0.0002699999999999994,
      -0.0001270000000000021,
      3.500000000000725e-05,
      -0.0006399999999999999,
      0.00039100000000000246,
      -0.0001280000000000031,
      -0.0002500000000000002,
      -0.00031599999999999684,
      -0.00016900000000000248,
      1.4000000000000123e-05,
      7.300000000000004e-05,
      0.0005290000000000017,
      -4.200000000000037e-05,
      -0.0008480000000000015,
      -0.0009429999999999994,
      1.6000000000002124e-05,
      0.0013959999999999945,
      0.00145,
      -0.003963000000000008,
      -0.0016550000000000037,
      0.0024999999999999988,
      0.004165,
      -0.000168000000000057,
      0.006512999999999991,
      -0.01161000000000001,
      -0.004872999999999999,
      0.009918,
      0.004348999999999999,
      0.004602000000000002,
      0.004360000000000003,
      0.009312,
      0.004828999999999972,
      -0.0003810000000000757,
      0.0030050000000000007,
      -0.003474999999999999,
      -0.0014259999999999967,
      -0.0027630000000000016,
      -0.0009359999999999993,
      0.0030290000000000004,
      -0.03126499999999999,
      -0.0036890000000000013,
      -0.0009289999999999993,
      0.0008900000000000019,
      -0.0010070000000000079,
      -0.005563999999999958,
      -0.010525000000000007,
      0.0037,
      -0.011606999999999992,
      0.004579,
      -0.012708000000000011,
      -5.7999999999999025e-05,
      0.00036800000000000027,
      0.0004809999999999988,
      0.0004989999999999994,
      0.00010299999999999893,
      0.00037799999999999986,
      5.7999999999999025e-05,
      -4.49999999999999e-05,
      0.005991999999999997,
      0.0005549999999999999,
      0.00024700000000000416,
      0.0006210000000000035,
      -1.0000000000003062e-05,
      -6.399999999999809e-05,
      0.000168999999999999,
      -1.9000000000001654e-05,
      -5.3999999999998494e-05,
      5.400000000000196e-05,
      -4.49999999999999e-05,
      -2.9000000000001247e-05,
      -7.400000000000115e-05,
      -3.500000000000031e-05,
      -4.999999999999796e-05,
      -8.900000000000227e-05,
      -0.00010900000000000146,
      -3.700000000000231e-05,
      7.599999999999968e-05,
      -0.00019299999999999873,
      -0.0002610000000000008,
      -0.00036500000000000074,
      -6.700000000000109e-05,
      0.00037599999999999786,
      -0.0008310000000000019,
      0.002361999999999996,
      0.004257999999999998,
      0.0018219999999999972,
      0.006088,
      0.0018320000000000038,
      0.0039030000000000037,
      -0.0018299999999999983,
      -0.0011849999999999986,
      -0.00027900000000000147,
      -0.0008170000000000018,
      0.0015419999999999948,
      -0.0020839999999999956,
      -0.001185000000000002,
      0.0007040000000000032,
      7.700000000000068e-05,
      0.00018599999999999867,
      0.00017099999999999754,
      -0.0001449999999999993,
      6.0999999999998555e-05
    ]
  },
  "excitation_energy": "1.2471",
  "exciting_path_mean_volume": 1391.032175,
  "s0_bonds_avg": 1.2868649508644283,
  "s1_bonds_avg": 1.3013575591617859,
  "delta_bonds": 0.014492608297357545,
  "s0_angles_avg": 119.12196855664214,
  "s1_angles_avg": 119.11121629672053,
  "delta_angles": -0.01075225992161677
}