{
  "s0_rotational_constant_a": 0.0271915,
  "s0_rotational_constant_b": 0.0286313,
  "s0_rotational_constant_c": 0.2825463,
  "s1_rotational_constant_a": 0.027654,
  "s1_rotational_constant_b": 0.0287089,
  "s1_rotational_constant_c": 0.2793341,
  "s0_rays_asymmetry_parameter": 0.9887231412920374,
  "s1_rays_asymmetry_parameter": 0.9916171361978957,
  "s0_volume": 697.51514,
  "s1_volume": 698.61445,
  "delta_volume": 1.0993100000000595,
  "s0_homo_lumo_gap": 1.653823412275195,
  "s1_homo_lumo_gap": 1.3264160700696013,
  "delta_gap": -0.32740734220559364,
  "s0_dihedral_avg": 91.17682416163963,
  "s1_dihedral_avg": 90.99631139219659,
  "delta_dihedral": -0.18051276944304107,
  "delta_dipole": {
    "element": [
      "C",
      "C",
      "C",
      "N",
      "C",
      "O",
      "C",
      "C",
      "C",
      "C",
      "C",
      "C",
      "C",
      "C",
      "C",
      "C",
      "N",
      "C",
      "C",
      "C",
      "C",
      "C",
      "C",
      "C",
      "C",
      "C",
      "C",
      "C",
      "C",
      "C",
      "C",
      "C",
      "C",
      "N",
      "C",
      "C",
      "H",
      "H",
      "H",
      "H",
      "H",
      "H",
      "H",
      "H",
      "H",
      "H",
      "H",
      "H",
      "H",
      "H",
      "H",
      "H",
      "H",
      "H",
      "H",
      "H",
      "H",
      "H",
      "H",
      "H",
      "H",
      "H",
      "H",
      "H",
      "H"
    ],
    "charge_variation": [
      0.00033500000000000196,
      -0.00044500000000000095,
      -0.0011800000000000144,
      0.025127000000000066,
      -0.013257000000000074,
      -0.020380000000000065,
      0.010691000000000006,
      0.001119000000000002,
      0.004480999999999999,
      0.001577000000000002,
      0.005324999999999996,
      -0.004300999999999999,
      0.017772,
      -0.005023,
      0.023383,
      -0.012929000000000024,
      0.03630800000000001,
      0.001798999999999995,
      -0.01777899999999999,
      0.005416000000000001,
      -0.017458,
      0.008884,
      -0.027684999999999987,
      0.0018440000000000123,
      -0.017957999999999974,
      0.005483999999999999,
      -0.017700999999999995,
      0.008793,
      -0.027719999999999995,
      0.02331799999999999,
      -0.005105999999999999,
      0.004862999999999992,
      0.0028859999999999997,
      -0.005336000000000007,
      -0.012490000000000001,
      0.003011,
      -0.0007749999999999979,
      -0.0007470000000000011,
      0.0019459999999999963,
      -0.0007760000000000006,
      0.0003080000000000027,
      0.002943000000000001,
      -0.002085,
      0.004124999999999997,
      0.0019370000000000012,
      -0.0005469999999999989,
      0.0021870000000000014,
      0.00036800000000000027,
      0.0036269999999999983,
      -0.0004270000000000003,
      1.1999999999998123e-05,
      -0.0010240000000000006,
      -0.002007000000000002,
      0.0036720000000000017,
      -0.000451,
      -9.999999999996123e-06,
      -0.0010570000000000024,
      -0.0019889999999999977,
      0.0004070000000000046,
      0.002144,
      -0.000565000000000003,
      0.002914,
      -7.499999999999868e-05,
      0.0006440000000000022,
      -0.00036299999999999874
    ]
  },
  "excitation_energy": "1.5758",
  "exciting_path_mean_volume": 697.7356933333334,
  "s0_bonds_avg": 1.2557551970795655,
  "s1_bonds_avg": 1.273032902821884,
  "s0_angles_avg": 117.66265266599943,
  "s1_angles_avg": 117.66331530414512,
  "delta_bonds": 0.017277705742318572,
  "delta_angles": 0.0006626381456840136
}