{
  "s0_rotational_constant_a": 0.225923,
  "s0_rotational_constant_b": 0.3799223,
  "s0_rotational_constant_c": 0.5281098,
  "s1_rotational_constant_a": 0.236268,
  "s1_rotational_constant_b": 0.3716981,
  "s1_rotational_constant_c": 0.5253725,
  "s0_rays_asymmetry_parameter": -0.019232474747408006,
  "s1_rays_asymmetry_parameter": 0.06310624704907776,
  "s0_volume": 341.00294,
  "s1_volume": 345.21681,
  "delta_volume": 4.213869999999986,
  "s0_homo_lumo_gap": 2.380876151153901,
  "s1_homo_lumo_gap": 0.7908389382523877,
  "delta_gap": -1.5900372129015135,
  "s0_dihedral_avg": 89.97472099923884,
  "s1_dihedral_avg": 90.01064545299353,
  "delta_dihedral": 0.03592445375468856,
  "delta_dipole": {
    "element": [
      "C",
      "C",
      "N",
      "C",
      "N",
      "C",
      "C",
      "C",
      "C",
      "C",
      "C",
      "C",
      "C",
      "C",
      "C",
      "C",
      "C",
      "N",
      "C",
      "H",
      "H",
      "H",
      "H",
      "H",
      "H",
      "H",
      "H",
      "H",
      "H",
      "H"
    ],
    "charge_variation": [
      0.059866999999999976,
      -0.022614999999999996,
      0.015487000000000029,
      0.061649000000000065,
      -0.008504000000000012,
      0.024033000000000027,
      -0.05152699999999999,
      0.01684,
      -0.03330999999999999,
      0.013987,
      -0.014117999999999999,
      -0.014134,
      0.013994,
      -0.033327999999999997,
      0.016848,
      -0.051533999999999996,
      0.02404700000000004,
      0.015512999999999999,
      -0.02260200000000001,
      -0.002832000000000001,
      0.01785,
      -0.018092999999999998,
      -0.003016999999999999,
      0.0002920000000000006,
      -0.0009139999999999981,
      -0.0009149999999999991,
      0.0002920000000000006,
      -0.003016999999999999,
      -0.018092999999999998,
      0.017853999999999995
    ]
  },
  "excitation_energy": "0.9111",
  "exciting_path_mean_volume": 343.1677016666667,
  "s0_bonds_avg": 1.2946049112933335,
  "s1_bonds_avg": 1.2926479185333333,
  "s0_angles_avg": 119.83334449385225,
  "s1_angles_avg": 119.67681891053718,
  "delta_bonds": -0.0019569927600002757,
  "delta_angles": -0.15652558331507294
}