{"charge": {"element": ["C", "C", "N", "C", "N", "C", "C", "C", "C", "C", "C", "C", "C", "C", "C", "C", "C", "N", "C", "H", "H", "H", "H", "H", "H", "H", "H", "H", "H", "H"], "charge_variation": [0.059866999999999976, -0.022614999999999996, 0.015487000000000029, 0.061649000000000065, -0.008504000000000012, 0.024033000000000027, -0.05152699999999999, 0.01684, -0.03330999999999999, 0.013987, -0.014117999999999999, -0.014134, 0.013994, -0.033327999999999997, 0.016848, -0.051533999999999996, 0.02404700000000004, 0.015512999999999999, -0.02260200000000001, -0.002832000000000001, 0.01785, -0.018092999999999998, -0.003016999999999999, 0.0002920000000000006, -0.0009139999999999981, -0.0009149999999999991, 0.0002920000000000006, -0.003016999999999999, -0.018092999999999998, 0.017853999999999995]}, "ground_state": {"HOMO-LUMO": 2.380876151153901, "charge": {"element": ["C", "C", "N", "C", "N", "C", "C", "C", "C", "C", "C", "C", "C", "C", "C", "C", "C", "N", "C", "H", "H", "H", "H", "H", "H", "H", "H", "H", "H", "H"], "charge": [-0.251171, 0.494203, -0.928021, 1.183657, -0.399822, 0.310148, -0.123721, -0.032444, -0.072358, -0.048013, -0.045174, -0.045173, -0.04801, -0.072358, -0.032449, -0.12373, 0.310146, -0.928033, 0.494196, 0.037426, 0.015219, 0.052246, 0.028567, 0.030708, 0.03361, 0.033611, 0.030709, 0.028567, 0.052245, 0.015218]}, "structure": {"bonds": 1.2946049112933335, "angles": 119.83334449385225, "DA": -7.312237782880794}, "rotational_constant": {"A": 0.225923, "B": 0.3799223, "C": 0.5281098}, "rays_asymmetry_parameter": -0.019232474747408006, "volume": 341.00294}, "excited_state": {"HOMO-LUMO": 0.7908389382523877, "charge": {"element": ["C", "C", "N", "C", "N", "C", "C", "C", "C", "C", "C", "C", "C", "C", "C", "C", "C", "N", "C", "H", "H", "H", "H", "H", "H", "H", "H", "H", "H", "H"], "charge": [-0.191304, 0.471588, -0.912534, 1.245306, -0.408326, 0.334181, -0.175248, -0.015604, -0.105668, -0.034026, -0.059292, -0.059307, -0.034016, -0.105686, -0.015601, -0.175264, 0.334193, -0.91252, 0.471594, 0.034594, 0.033069, 0.034153, 0.02555, 0.031, 0.032696, 0.032696, 0.031001, 0.02555, 0.034152, 0.033072]}, "structure": {"bonds": 1.2926479185333333, "angles": 119.67681891053718, "DA": 4.594412481677729}, "rotational_constant": {"A": 0.236268, "B": 0.3716981, "C": 0.5253725}, "rays_asymmetry_parameter": 0.06310624704907776, "excited_energy": "0.9111", "volume": 345.21681}, "exciting_path_mean_volume": 343.1677016666667}