{
  "s0_rotational_constant_a": 0.0091319,
  "s0_rotational_constant_b": 0.0139881,
  "s0_rotational_constant_c": 0.0233826,
  "s1_rotational_constant_a": 0.0091525,
  "s1_rotational_constant_b": 0.0141259,
  "s1_rotational_constant_c": 0.0232091,
  "s0_rays_asymmetry_parameter": 0.31846154925722936,
  "s1_rays_asymmetry_parameter": 0.29237511204700994,
  "s0_volume": 1271.23967,
  "s1_volume": 1272.53095,
  "delta_volume": 1.2912800000001425,
  "s0_homo_lumo_gap": 1.5654027492297442,
  "s1_homo_lumo_gap": 0.9821240656433812,
  "delta_gap": -0.583278683586363,
  "s0_dihedral_avg": -2.5121402736772245,
  "s1_dihedral_avg": 1.8713615256847427,
  "delta_dihedral": 4.383501799361968,
  "delta_dipole": null,
  "excitation_energy": "1.1313",
  "exciting_path_mean_volume": 1271.5629483333332,
  "s0_bonds_avg": 1.2971986177373436,
  "s1_bonds_avg": 1.3097619411885937,
  "s0_angles_avg": 120.59483513252331,
  "s1_angles_avg": 120.20568327912292
}