{
  "s0_rotational_constant_a": 0.0145752,
  "s0_rotational_constant_b": 0.0150099,
  "s0_rotational_constant_c": 0.0973541,
  "s1_rotational_constant_a": 0.0150041,
  "s1_rotational_constant_b": 0.016315,
  "s1_rotational_constant_c": 0.0934025,
  "s0_rays_asymmetry_parameter": 0.9894973235933311,
  "s1_rays_asymmetry_parameter": 0.9665579909794076,
  "s0_volume": 1005.41398,
  "s1_volume": 1006.57018,
  "delta_volume": 1.1562000000000126,
  "s0_homo_lumo_gap": 0.3906003334625794,
  "s1_homo_lumo_gap": 0.24369152702145946,
  "delta_gap": -0.14690880644111992,
  "s0_dihedral_avg": 90.08596635233523,
  "s1_dihedral_avg": 90.17337852687808,
  "delta_dihedral": 0.08741217454284822,
  "delta_dipole": {
    "element": [
      "C",
      "N",
      "C",
      "C",
      "C",
      "C",
      "C",
      "C",
      "C",
      "C",
      "C",
      "C",
      "C",
      "C",
      "C",
      "N",
      "C",
      "C",
      "C",
      "C",
      "C",
      "C",
      "C",
      "C",
      "C",
      "C",
      "C",
      "C",
      "C",
      "C",
      "C",
      "C",
      "C",
      "C",
      "C",
      "C",
      "C",
      "C",
      "C",
      "C",
      "C",
      "C",
      "C",
      "C",
      "C",
      "C",
      "C",
      "C",
      "C",
      "C",
      "O",
      "C",
      "C",
      "H",
      "H",
      "H",
      "H",
      "H",
      "H",
      "H",
      "H",
      "H",
      "H",
      "H",
      "H",
      "H",
      "H",
      "H",
      "H",
      "H",
      "H",
      "H",
      "H",
      "H",
      "H",
      "H",
      "H",
      "H",
      "H",
      "H",
      "H",
      "H",
      "H",
      "H",
      "H",
      "H",
      "H",
      "H",
      "H",
      "H",
      "H",
      "H"
    ],
    "charge_variation": [
      0.0027349999999999874,
      -0.007812999999999959,
      0.005477999999999983,
      0.0026359999999999995,
      0.00270999999999999,
      0.010653999999999997,
      0.008321000000000002,
      0.0046579999999999955,
      -0.008614999999999998,
      -0.0045399999999999885,
      -0.0009260000000000379,
      0.0031979999999999925,
      -0.004299000000000001,
      0.0039809999999999846,
      0.012371000000000021,
      -0.05123099999999997,
      0.013268000000000002,
      -0.008105000000000001,
      0.0028840000000000003,
      -0.005621000000000001,
      0.0006619999999999998,
      -0.006055999999999978,
      0.008348999999999995,
      0.01278499999999999,
      -0.001347000000000001,
      0.005920999999999996,
      0.001643000000000002,
      -0.008820999999999999,
      0.0007470000000000115,
      -0.00022199999999999998,
      0.00029900000000000065,
      -0.001680000000000001,
      -0.0006350000000000001,
      -0.0017469999999999986,
      0.0025570000000000037,
      0.0015110000000000054,
      -0.00019000000000000093,
      -0.0009530000000000025,
      -0.005135000000000001,
      -0.003141999999999992,
      -0.0020850000000000035,
      -0.0014210000000000056,
      0.002627000000000001,
      -0.0005129999999999996,
      0.0007039999999999998,
      -0.0005740000000000051,
      -0.004706999999999996,
      0.009309999999999999,
      -0.006828999999999974,
      0.0062380000000000005,
      -0.0014949999999999686,
      0.0025419999999999887,
      0.005382999999999971,
      0.00010299999999999893,
      0.0002610000000000008,
      0.00016400000000000095,
      0.0010419999999999943,
      0.00046600000000000114,
      0.00012799999999999617,
      0.00068,
      0.0012520000000000031,
      0.001230000000000002,
      -0.0009930000000000008,
      0.0011890000000000026,
      -0.0007059999999999983,
      -0.0016070000000000043,
      -0.000455000000000004,
      -0.0017169999999999963,
      0.0004900000000000043,
      0.0016069999999999973,
      -0.00010500000000000093,
      0.0007070000000000028,
      0.0005729999999999971,
      0.0006539999999999983,
      0.0001899999999999992,
      0.00016599999999999948,
      0.0010980000000000018,
      -0.00047199999999999673,
      -0.0028319999999999977,
      -0.0031800000000000023,
      0.0023339999999999993,
      0.0008020000000000006,
      0.0004630000000000016,
      0.0010329999999999992,
      0.0003799999999999984,
      0.001697000000000004,
      -0.0010640000000000024,
      -7.300000000000362e-05,
      -0.0012889999999999985,
      -0.0013120000000000007,
      0.0006019999999999984,
      0.0010229999999999961
    ]
  },
  "excitation_energy": "0.3450",
  "exciting_path_mean_volume": 1005.9337899999999,
  "s0_bonds_avg": 1.2716545582555554,
  "s1_bonds_avg": 1.2765003229133334,
  "delta_bonds": 0.004845764657777973,
  "s0_angles_avg": 119.55100291912021,
  "s1_angles_avg": 119.5395616681487,
  "delta_angles": -0.01144125097150095
}