{
  "charge": {
    "element": [
      "C",
      "C",
      "C",
      "C",
      "C",
      "C",
      "C",
      "C",
      "C",
      "C",
      "C",
      "C",
      "P",
      "C",
      "C",
      "C",
      "C",
      "C",
      "C",
      "C",
      "C",
      "C",
      "C",
      "C",
      "C",
      "C",
      "C",
      "H",
      "H",
      "H",
      "H",
      "H",
      "H",
      "H",
      "H",
      "H",
      "H",
      "H",
      "H",
      "H",
      "H",
      "H",
      "H",
      "H",
      "H",
      "H"
    ],
    "charge_variation": [
      0.0031829999999999983,
      -0.0018089999999999981,
      -0.0004050000000000026,
      -0.0035120000000000012,
      0.008034000000000003,
      0.0027559999999999998,
      0.0027439999999999964,
      -0.009126999999999996,
      -0.0007379999999999991,
      -0.002038999999999999,
      -0.0023689999999999996,
      0.0036370000000000013,
      -0.028829999999999967,
      -0.0028649999999999926,
      0.0044989999999999995,
      0.0002510000000000012,
      -0.0013999999999999985,
      -0.00051,
      0.0017099999999999962,
      -0.0019510000000000013,
      0.006272,
      -0.002787999999999999,
      0.000791,
      6.299999999999362e-05,
      -0.000674999999999995,
      0.005134,
      -0.0033180000000000015,
      0.001514999999999999,
      0.00027499999999999747,
      0.002342000000000004,
      0.0036900000000000023,
      0.00030699999999999825,
      0.0012799999999999999,
      0.00035199999999999815,
      0.0030719999999999983,
      -0.00010700000000000293,
      -0.00016299999999999995,
      3.799999999999984e-05,
      -0.00024100000000000163,
      0.0007419999999999996,
      0.0008589999999999987,
      0.0012980000000000005,
      0.0008570000000000001,
      0.0006419999999999967,
      0.005403999999999999,
      0.0010990000000000028
    ]
  },
  "ground_state": {
    "HOMO-LUMO": 2.356687954138729,
    "charge": {
      "element": [
        "C",
        "C",
        "C",
        "C",
        "C",
        "C",
        "C",
        "C",
        "C",
        "C",
        "C",
        "C",
        "P",
        "C",
        "C",
        "C",
        "C",
        "C",
        "C",
        "C",
        "C",
        "C",
        "C",
        "C",
        "C",
        "C",
        "C",
        "H",
        "H",
        "H",
        "H",
        "H",
        "H",
        "H",
        "H",
        "H",
        "H",
        "H",
        "H",
        "H",
        "H",
        "H",
        "H",
        "H",
        "H",
        "H"
      ],
      "charge": [
        -0.03863,
        -0.02195,
        -0.06786,
        0.080964,
        0.024786,
        -0.001091,
        0.083736,
        -0.062575,
        -0.024268,
        -0.042483,
        -0.019467,
        -0.061272,
        -0.254842,
        0.089336,
        -0.020371,
        -0.028169,
        -0.024218,
        -0.019294,
        -0.037791,
        0.05013,
        -0.028347,
        -0.040258,
        -0.018191,
        -0.070879,
        0.06172,
        -0.060511,
        -0.020652,
        0.028353,
        0.028715,
        0.03188,
        0.030614,
        0.028128,
        0.02707,
        0.026027,
        0.033677,
        0.034983,
        0.029006,
        0.028355,
        0.027491,
        0.031186,
        0.03449,
        0.028965,
        0.028054,
        0.035144,
        0.031054,
        0.029257
      ]
    },
    "structure": {
      "bonds": 1.3047799811706002,
      "angles": 119.16458276345968,
      "DA": 90.47256795496128
    },
    "rotational_constant": {
      "A": 0.117325,
      "B": 0.1721896,
      "C": 0.2171157
    },
    "rays_asymmetry_parameter": -0.09959344908894305,
    "volume": 529.96561
  },
  "excited_state": {
    "HOMO-LUMO": 1.4829958014957496,
    "charge": {
      "element": [
        "C",
        "C",
        "C",
        "C",
        "C",
        "C",
        "C",
        "C",
        "C",
        "C",
        "C",
        "C",
        "P",
        "C",
        "C",
        "C",
        "C",
        "C",
        "C",
        "C",
        "C",
        "C",
        "C",
        "C",
        "C",
        "C",
        "C",
        "H",
        "H",
        "H",
        "H",
        "H",
        "H",
        "H",
        "H",
        "H",
        "H",
        "H",
        "H",
        "H",
        "H",
        "H",
        "H",
        "H",
        "H",
        "H"
      ],
      "charge": [
        -0.035447,
        -0.023759,
        -0.068265,
        0.077452,
        0.03282,
        0.001665,
        0.08648,
        -0.071702,
        -0.025006,
        -0.044522,
        -0.021836,
        -0.057635,
        -0.283672,
        0.086471,
        -0.015872,
        -0.027918,
        -0.025618,
        -0.019804,
        -0.036081,
        0.048179,
        -0.022075,
        -0.043046,
        -0.0174,
        -0.070816,
        0.061045,
        -0.055377,
        -0.02397,
        0.029868,
        0.02899,
        0.034222,
        0.034304,
        0.028435,
        0.02835,
        0.026379,
        0.036749,
        0.034876,
        0.028843,
        0.028393,
        0.02725,
        0.031928,
        0.035349,
        0.030263,
        0.028911,
        0.035786,
        0.036458,
        0.030356
      ]
    },
    "structure": {
      "bonds": 1.3142140428912,
      "angles": 119.15457368592745,
      "DA": 90.10305176274832
    },
    "rotational_constant": {
      "A": 0.1221088,
      "B": 0.1713859,
      "C": 0.2120396
    },
    "rays_asymmetry_parameter": -0.09588928376040248,
    "excited_energy": "2.2217",
    "volume": 527.51971
  },
  "exciting_path_mean_volume": 528.6025533333333
}