{
  "charge": {
    "element": [
      "C",
      "C",
      "C",
      "C",
      "C",
      "O",
      "C",
      "C",
      "N",
      "C",
      "C",
      "C",
      "C",
      "C",
      "C",
      "H",
      "H",
      "H",
      "H",
      "H",
      "H",
      "H",
      "H",
      "H",
      "H",
      "H",
      "H",
      "H",
      "H",
      "H"
    ],
    "charge_variation": [
      0.004286999999999999,
      -0.06356199999999998,
      0.011420000000000013,
      -0.003490000000000007,
      0.00394899999999998,
      0.005869000000000013,
      -0.052168000000000006,
      0.002931000000000003,
      0.06697199999999998,
      0.01044299999999998,
      -0.006057000000000007,
      -0.020128,
      0.037777,
      -0.019816999999999998,
      -0.008615000000000012,
      -0.003181,
      -0.0027490000000000014,
      0.0014030000000000015,
      0.0015199999999999936,
      -0.0017549999999999996,
      -0.002158,
      -0.0018000000000000238,
      -0.003221999999999999,
      0.002457000000000001,
      -0.0031839999999999993,
      0.010999000000000002,
      0.012158000000000002,
      -0.0030970000000000025,
      0.012074000000000001,
      0.010722999999999996
    ]
  },
  "ground_state": {
    "HOMO-LUMO": 2.916202938261316,
    "charge": {
      "element": [
        "C",
        "C",
        "C",
        "C",
        "C",
        "O",
        "C",
        "C",
        "N",
        "C",
        "C",
        "C",
        "C",
        "C",
        "C",
        "H",
        "H",
        "H",
        "H",
        "H",
        "H",
        "H",
        "H",
        "H",
        "H",
        "H",
        "H",
        "H",
        "H",
        "H"
      ],
      "charge": [
        -0.076497,
        0.221294,
        -0.198751,
        -0.092665,
        0.382322,
        -0.649944,
        0.164837,
        -0.076846,
        -0.318874,
        0.365419,
        -0.126172,
        -0.011484,
        -0.061243,
        -0.011888,
        -0.123554,
        0.015736,
        0.017076,
        0.025203,
        0.054899,
        -0.038892,
        -0.038455,
        0.340826,
        0.019081,
        0.017395,
        0.019885,
        0.042925,
        0.031243,
        0.03266,
        0.031312,
        0.043152
      ]
    },
    "structure": {
      "bonds": 1.2574689661103224,
      "angles": 116.03800199839155,
      "DA": 90.3462188412556
    },
    "rotational_constant": {
      "A": 0.304567,
      "B": 0.3618018,
      "C": 1.329833
    },
    "rays_asymmetry_parameter": 0.8883513156585705,
    "volume": 317.37526
  },
  "excited_state": {
    "HOMO-LUMO": 1.6600738666056984,
    "charge": {
      "element": [
        "C",
        "C",
        "C",
        "C",
        "C",
        "O",
        "C",
        "C",
        "N",
        "C",
        "C",
        "C",
        "C",
        "C",
        "C",
        "H",
        "H",
        "H",
        "H",
        "H",
        "H",
        "H",
        "H",
        "H",
        "H",
        "H",
        "H",
        "H",
        "H",
        "H"
      ],
      "charge": [
        -0.07221,
        0.157732,
        -0.187331,
        -0.096155,
        0.386271,
        -0.644075,
        0.112669,
        -0.073915,
        -0.251902,
        0.375862,
        -0.132229,
        -0.031612,
        -0.023466,
        -0.031705,
        -0.132169,
        0.012555,
        0.014327,
        0.026606,
        0.056419,
        -0.040647,
        -0.040613,
        0.339026,
        0.015859,
        0.019852,
        0.016701,
        0.053924,
        0.043401,
        0.029563,
        0.043386,
        0.053875
      ]
    },
    "structure": {
      "bonds": 1.2587644255467747,
      "angles": 116.05064012514184,
      "DA": 90.53806836152667
    },
    "rotational_constant": {
      "A": 0.3085197,
      "B": 0.3466704,
      "C": 1.3717464
    },
    "rays_asymmetry_parameter": 0.9282360008453513,
    "excited_energy": "1.9105",
    "volume": 321.59719
  },
  "exciting_path_mean_volume": 319.46447166666667
}