{
  "s0_rotational_constant_a": 0.0931884,
  "s0_rotational_constant_b": 0.1167277,
  "s0_rotational_constant_c": 0.3783685,
  "s1_rotational_constant_a": 0.0962997,
  "s1_rotational_constant_b": 0.1156791,
  "s1_rotational_constant_c": 0.3766089,
  "s0_rays_asymmetry_parameter": 0.8349162511689981,
  "s1_rays_asymmetry_parameter": 0.8617284056320662,
  "s0_volume": 469.31532,
  "s1_volume": 470.50043,
  "delta_volume": 1.1851100000000088,
  "s0_homo_lumo_gap": 2.1575632277376426,
  "s1_homo_lumo_gap": 1.5397396953372833,
  "delta_gap": -0.6178235324003594,
  "s0_dihedral_avg": 13.282434318542823,
  "s1_dihedral_avg": 8.49690900969442,
  "delta_dihedral": -4.785525308848403,
  "delta_dipole": null,
  "excitation_energy": "1.7829",
  "exciting_path_mean_volume": 470.49407333333335,
  "s0_bonds_avg": 1.295605456715,
  "s1_bonds_avg": 1.2902868670625,
  "s0_angles_avg": 119.62406015369403,
  "s1_angles_avg": 119.62719505134453
}