{
  "charge": {
    "element": [
      "C",
      "C",
      "C",
      "C",
      "N",
      "C",
      "C",
      "C",
      "C",
      "C",
      "C",
      "C",
      "C",
      "C",
      "C",
      "C",
      "C",
      "C",
      "C",
      "S",
      "C",
      "C",
      "C",
      "C",
      "H",
      "H",
      "H",
      "H",
      "H",
      "H",
      "H",
      "H",
      "H",
      "H",
      "H",
      "H",
      "H",
      "H",
      "H",
      "H",
      "H"
    ],
    "charge_variation": [
      -0.027042999999999998,
      0.013096,
      -0.04138800000000001,
      0.00745800000000002,
      0.03463499999999997,
      0.004626000000000019,
      -0.036806000000000005,
      0.010993,
      -0.022250000000000006,
      0.00573,
      -0.019803000000000015,
      -0.025855000000000017,
      0.043876,
      -0.018081,
      0.032152,
      -0.023295999999999997,
      0.00940400000000001,
      0.011987000000000005,
      -0.017289,
      0.041114,
      -0.021246,
      0.043768000000000015,
      -0.026407000000000014,
      0.007633,
      -8.79999999999978e-05,
      -0.002551000000000001,
      -0.0013769999999999963,
      -0.0012059999999999987,
      -0.0023700000000000006,
      -0.00014799999999999536,
      -0.0009360000000000028,
      0.003998999999999996,
      -0.0007020000000000012,
      0.004181000000000004,
      0.0028499999999999984,
      0.0011400000000000021,
      0.004168999999999999,
      0.004379999999999995,
      -0.000902,
      0.0038930000000000006,
      -0.0013329999999999974
    ]
  },
  "ground_state": {
    "HOMO-LUMO": 2.1575632277376426,
    "charge": {
      "element": [
        "C",
        "C",
        "C",
        "C",
        "N",
        "C",
        "C",
        "C",
        "C",
        "C",
        "C",
        "C",
        "C",
        "C",
        "C",
        "C",
        "C",
        "C",
        "C",
        "S",
        "C",
        "C",
        "C",
        "C",
        "H",
        "H",
        "H",
        "H",
        "H",
        "H",
        "H",
        "H",
        "H",
        "H",
        "H",
        "H",
        "H",
        "H",
        "H",
        "H",
        "H"
      ],
      "charge": [
        -0.080463,
        -0.007198,
        -0.1429,
        0.391588,
        -0.525681,
        0.391356,
        -0.142824,
        -0.006882,
        -0.080215,
        -0.006992,
        -0.143086,
        0.384296,
        -0.137203,
        -0.042589,
        0.020793,
        0.095585,
        -0.110544,
        -0.046668,
        -0.028571,
        -0.072336,
        -0.044071,
        -0.134281,
        -0.143308,
        -0.006965,
        0.032137,
        0.029239,
        0.039214,
        0.039202,
        0.029318,
        0.03215,
        0.029229,
        0.039392,
        0.040143,
        0.035218,
        0.046406,
        0.041199,
        0.04225,
        0.035,
        0.040409,
        0.039429,
        0.029223
      ]
    },
    "structure": {
      "bonds": 1.295605456715,
      "angles": 119.62406015369403,
      "DA": 89.96935337635617
    },
    "rotational_constant": {
      "A": 0.0931884,
      "B": 0.1167277,
      "C": 0.3783685
    },
    "rays_asymmetry_parameter": 0.8349162511689981,
    "volume": 469.31532
  },
  "excited_state": {
    "HOMO-LUMO": 1.5397396953372833,
    "charge": {
      "element": [
        "C",
        "C",
        "C",
        "C",
        "N",
        "C",
        "C",
        "C",
        "C",
        "C",
        "C",
        "C",
        "C",
        "C",
        "C",
        "C",
        "C",
        "C",
        "C",
        "S",
        "C",
        "C",
        "C",
        "C",
        "H",
        "H",
        "H",
        "H",
        "H",
        "H",
        "H",
        "H",
        "H",
        "H",
        "H",
        "H",
        "H",
        "H",
        "H",
        "H",
        "H"
      ],
      "charge": [
        -0.107506,
        0.005898,
        -0.184288,
        0.399046,
        -0.491046,
        0.395982,
        -0.17963,
        0.004111,
        -0.102465,
        -0.001262,
        -0.162889,
        0.358441,
        -0.093327,
        -0.06067,
        0.052945,
        0.072289,
        -0.10114,
        -0.034681,
        -0.04586,
        -0.031222,
        -0.065317,
        -0.090513,
        -0.169715,
        0.000668,
        0.032049,
        0.026688,
        0.037837,
        0.037996,
        0.026948,
        0.032002,
        0.028293,
        0.043391,
        0.039441,
        0.039399,
        0.049256,
        0.042339,
        0.046419,
        0.03938,
        0.039507,
        0.043322,
        0.02789
      ]
    },
    "structure": {
      "bonds": 1.2902868670625,
      "angles": 119.62719505134453,
      "DA": 90.2948980789723
    },
    "rotational_constant": {
      "A": 0.0962997,
      "B": 0.1156791,
      "C": 0.3766089
    },
    "rays_asymmetry_parameter": 0.8617284056320662,
    "excited_energy": "1.7829",
    "volume": 470.50043
  },
  "exciting_path_mean_volume": 470.49407333333335
}