{
  "charge": {
    "element": [
      "N",
      "C",
      "C",
      "C",
      "N",
      "C",
      "C",
      "C",
      "C",
      "C",
      "C",
      "C",
      "C",
      "C",
      "C",
      "C",
      "C",
      "C",
      "C",
      "C",
      "C",
      "C",
      "C",
      "C",
      "C",
      "C",
      "C",
      "C",
      "C",
      "C",
      "C",
      "C",
      "H",
      "H",
      "H",
      "H",
      "H",
      "H",
      "H",
      "H",
      "H",
      "H",
      "H",
      "H",
      "H",
      "H",
      "H",
      "H",
      "H",
      "H",
      "H",
      "H"
    ],
    "charge_variation": [
      -0.010491000000000028,
      0.008074000000000026,
      -0.004502,
      0.006614000000000009,
      -0.005970000000000031,
      -0.001935,
      0.009002,
      0.0020690000000000014,
      0.004819999999999998,
      0.013990000000000002,
      -0.009301000000000004,
      -0.021951,
      0.007005999999999998,
      -0.004114999999999994,
      0.0010919999999999992,
      -0.004702000000000001,
      -0.0005649999999999995,
      -0.0047800000000000065,
      0.0011649999999999994,
      -0.005407000000000009,
      -0.0008680000000000007,
      -0.0062920000000000025,
      -0.003797,
      0.0025289999999999965,
      0.004649,
      -0.010104000000000002,
      0.006628,
      -0.006030000000000001,
      0.0008120000000000002,
      -0.002931000000000003,
      0.006168,
      0.009554,
      0.009183999999999998,
      0.0006649999999999989,
      0.0011950000000000016,
      0.001128999999999998,
      0.00032400000000000137,
      0.0003970000000000015,
      -9.699999999999986e-05,
      0.0012749999999999984,
      0.0038989999999999997,
      -0.0007999999999999986,
      -0.0011079999999999979,
      -0.0007199999999999984,
      0.0010360000000000022,
      0.0012679999999999983,
      -0.00023000000000000104,
      0.0006770000000000005,
      5.000000000001531e-06,
      0.0029959999999999987,
      -0.0005720000000000031,
      -0.0009529999999999955
    ]
  },
  "ground_state": {
    "HOMO-LUMO": 1.3972799497713804,
    "structure": {
      "bonds": 1.2863226818879998,
      "angles": 121.9445729161764,
      "DA": 90.05457324042581
    },
    "rotational_constant": {
      "A": 0.0648039,
      "B": 0.0824379,
      "C": 0.2109491
    },
    "rays_asymmetry_parameter": 0.7586783554985043,
    "volume": 599.12087
  },
  "excited_state": {
    "HOMO-LUMO": 0.74155912635625,
    "structure": {
      "bonds": 1.2836078114500002,
      "angles": 121.35945642364894,
      "DA": 90.16544611578611
    },
    "rotational_constant": {
      "A": 0.0680945,
      "B": 0.082808,
      "C": 0.1933971
    },
    "rays_asymmetry_parameter": 0.7651525187825311,
    "excited_energy": "0.8645",
    "volume": 600.14898
  },
  "exciting_path_mean_volume": 600.3743083333334
}