{
  "charge": {
    "element": [
      "C",
      "C",
      "N",
      "C",
      "C",
      "C",
      "C",
      "C",
      "C",
      "C",
      "C",
      "C",
      "N",
      "C",
      "C",
      "C",
      "C",
      "C",
      "C",
      "S",
      "C",
      "N",
      "O",
      "C",
      "C",
      "H",
      "H",
      "H",
      "H",
      "H",
      "H",
      "H",
      "H",
      "H",
      "H",
      "H",
      "H",
      "H",
      "H",
      "H",
      "H",
      "H",
      "H",
      "H"
    ],
    "charge_variation": [
      0.0014090000000000075,
      0.002204999999999957,
      -0.005507999999999957,
      0.001328999999999969,
      0.0009409999999999974,
      -0.005922999999999956,
      0.023363999999999996,
      -0.014576,
      0.037049999999999986,
      -0.036162,
      0.03294600000000002,
      -0.017928000000000055,
      -0.0021329999999999405,
      0.007703999999999989,
      0.005384999999999994,
      0.0009200000000000041,
      -0.00023200000000000304,
      -0.0027390000000000053,
      0.0018819999999999948,
      0.00991800000000001,
      -0.01916399999999996,
      -0.09227200000000013,
      0.06384499999999999,
      -0.03600399999999998,
      0.023409999999999986,
      -0.0002710000000000004,
      0.0016100000000000003,
      0.00016700000000000048,
      0.001374,
      -0.00047699999999999826,
      -0.0007880000000000005,
      0.0017800000000000003,
      0.000904000000000002,
      -0.0009429999999999994,
      0.0011029999999999998,
      -0.0008310000000000053,
      0.004022000000000005,
      0.007658999999999999,
      0.002146000000000002,
      -0.00010000000000000286,
      0.0006999999999999992,
      -0.0004600000000000021,
      -0.0002869999999999817,
      0.003019999999999995
    ]
  },
  "ground_state": {
    "HOMO-LUMO": 1.769093545446498,
    "charge": {
      "element": [
        "C",
        "C",
        "N",
        "C",
        "C",
        "C",
        "C",
        "C",
        "C",
        "C",
        "C",
        "C",
        "N",
        "C",
        "C",
        "C",
        "C",
        "C",
        "C",
        "S",
        "C",
        "N",
        "O",
        "C",
        "C",
        "H",
        "H",
        "H",
        "H",
        "H",
        "H",
        "H",
        "H",
        "H",
        "H",
        "H",
        "H",
        "H",
        "H",
        "H",
        "H",
        "H",
        "H",
        "H"
      ],
      "charge": [
        -0.112498,
        0.274442,
        -0.564938,
        0.27477,
        -0.113592,
        0.464124,
        -0.219119,
        -0.009643,
        -0.132846,
        -0.041073,
        -0.145409,
        0.559748,
        -0.851866,
        0.423675,
        -0.063231,
        -0.040965,
        -0.055837,
        -0.068745,
        0.051201,
        -0.168629,
        0.929408,
        -1.125689,
        -0.343147,
        0.516339,
        -0.356027,
        0.036176,
        0.025811,
        0.024786,
        0.00126,
        0.018001,
        0.013625,
        0.003791,
        0.028363,
        0.033421,
        0.023395,
        0.048896,
        0.034509,
        0.03802,
        0.052038,
        0.032229,
        0.03282,
        0.036661,
        0.366419,
        0.069329
      ]
    },
    "structure": {
      "bonds": 1.2883866789457445,
      "angles": 116.19148927434007,
      "DA": 91.52545480395555
    },
    "rotational_constant": {
      "A": 0.0685185,
      "B": 0.0745325,
      "C": 0.728615
    },
    "rays_asymmetry_parameter": 0.9817784217913594,
    "volume": 483.60161
  },
  "excited_state": {
    "HOMO-LUMO": 1.1949333958007178,
    "charge": {
      "element": [
        "C",
        "C",
        "N",
        "C",
        "C",
        "C",
        "C",
        "C",
        "C",
        "C",
        "C",
        "C",
        "N",
        "C",
        "C",
        "C",
        "C",
        "C",
        "C",
        "S",
        "C",
        "N",
        "O",
        "C",
        "C",
        "H",
        "H",
        "H",
        "H",
        "H",
        "H",
        "H",
        "H",
        "H",
        "H",
        "H",
        "H",
        "H",
        "H",
        "H",
        "H",
        "H",
        "H",
        "H"
      ],
      "charge": [
        -0.111089,
        0.276647,
        -0.570446,
        0.276099,
        -0.112651,
        0.458201,
        -0.195755,
        -0.024219,
        -0.095796,
        -0.077235,
        -0.112463,
        0.54182,
        -0.853999,
        0.431379,
        -0.057846,
        -0.040045,
        -0.056069,
        -0.071484,
        0.053083,
        -0.158711,
        0.910244,
        -1.217961,
        -0.279302,
        0.480335,
        -0.332617,
        0.035905,
        0.027421,
        0.024953,
        0.002634,
        0.017524,
        0.012837,
        0.005571,
        0.029267,
        0.032478,
        0.024498,
        0.048065,
        0.038531,
        0.045679,
        0.054184,
        0.032129,
        0.03352,
        0.036201,
        0.366132,
        0.072349
      ]
    },
    "structure": {
      "bonds": 1.298263035810213,
      "angles": 116.10611131023526,
      "DA": 91.5194080529391
    },
    "rotational_constant": {
      "A": 0.0683557,
      "B": 0.0744088,
      "C": 0.7286379
    },
    "rays_asymmetry_parameter": 0.9816651122807794,
    "excited_energy": "1.6216",
    "volume": 484.8645
  },
  "exciting_path_mean_volume": 483.9949966666666
}