{
  "s0_rotational_constant_a": 0.0611069,
  "s0_rotational_constant_b": 0.0762111,
  "s0_rotational_constant_c": 0.2904999,
  "s1_rotational_constant_a": 0.0636299,
  "s1_rotational_constant_b": 0.0734796,
  "s1_rotational_constant_c": 0.2902238,
  "s0_rays_asymmetry_parameter": 0.8683115875375447,
  "s1_rays_asymmetry_parameter": 0.9130629730103061,
  "s0_volume": 558.78084,
  "s1_volume": 564.12635,
  "delta_volume": 5.34550999999999,
  "s0_homo_lumo_gap": 1.5397315319228335,
  "s1_homo_lumo_gap": 0.8036500566624931,
  "delta_gap": -0.7360814752603404,
  "s0_dihedral_avg": 89.90396279082249,
  "s1_dihedral_avg": 89.9947091690699,
  "delta_dihedral": 0.09074637824741671,
  "delta_dipole": {
    "element": [
      "C",
      "C",
      "N",
      "C",
      "C",
      "C",
      "C",
      "N",
      "C",
      "C",
      "C",
      "C",
      "C",
      "N",
      "C",
      "C",
      "C",
      "C",
      "C",
      "C",
      "C",
      "C",
      "C",
      "C",
      "C",
      "C",
      "C",
      "C",
      "C",
      "C",
      "N",
      "H",
      "H",
      "H",
      "H",
      "H",
      "H",
      "H",
      "H",
      "H",
      "H",
      "H",
      "H",
      "H",
      "H",
      "H",
      "H",
      "H",
      "H"
    ],
    "charge_variation": [
      0.0016599999999999948,
      -0.0009740000000000304,
      -0.012387999999999955,
      -0.0012369999999999326,
      0.0016429999999999917,
      0.006758,
      0.0038080000000000336,
      -0.0012170000000000236,
      -0.008854,
      0.023651,
      0.00027199999999999794,
      0.026277999999999996,
      -0.0032969999999999944,
      0.006616999999999984,
      0.009416000000000035,
      -0.02599499999999999,
      0.010077,
      -0.023834999999999995,
      0.008181,
      -0.011781,
      -0.011880000000000002,
      0.008244000000000001,
      -0.023991,
      0.010132,
      -0.02610699999999999,
      0.009579999999999977,
      0.026284000000000002,
      0.000621,
      0.006711000000000009,
      0.0037129999999999663,
      -0.0011609999999999676,
      -0.001181999999999999,
      0.0028399999999999953,
      -0.0006369999999999987,
      -0.0013080000000000001,
      0.002930000000000002,
      -0.0007680000000000013,
      0.004524,
      0.0001769999999999966,
      -0.009285000000000002,
      -0.0023679999999999986,
      0.00037399999999999933,
      7.000000000000062e-05,
      6.499999999999562e-05,
      0.0003820000000000004,
      -0.0023839999999999972,
      -0.009281999999999999,
      0.0002020000000000008,
      0.004718
    ]
  },
  "excitation_energy": "0.9245",
  "exciting_path_mean_volume": 561.7447816666667,
  "s0_bonds_avg": 1.2866167953784906,
  "s1_bonds_avg": 1.2974482498107547,
  "delta_bonds": 0.010831454432264076,
  "s0_angles_avg": 121.01475178139212,
  "s1_angles_avg": 119.83644102567932,
  "delta_angles": -1.1783107557128005
}