{
  "charge": {
    "element": [
      "C",
      "C",
      "N",
      "C",
      "C",
      "C",
      "C",
      "N",
      "C",
      "C",
      "C",
      "C",
      "C",
      "N",
      "C",
      "C",
      "C",
      "C",
      "C",
      "C",
      "C",
      "C",
      "C",
      "C",
      "C",
      "C",
      "C",
      "C",
      "C",
      "C",
      "N",
      "H",
      "H",
      "H",
      "H",
      "H",
      "H",
      "H",
      "H",
      "H",
      "H",
      "H",
      "H",
      "H",
      "H",
      "H",
      "H",
      "H",
      "H"
    ],
    "charge_variation": [
      0.0016599999999999948,
      -0.0009740000000000304,
      -0.012387999999999955,
      -0.0012369999999999326,
      0.0016429999999999917,
      0.006758,
      0.0038080000000000336,
      -0.0012170000000000236,
      -0.008854,
      0.023651,
      0.00027199999999999794,
      0.026277999999999996,
      -0.0032969999999999944,
      0.006616999999999984,
      0.009416000000000035,
      -0.02599499999999999,
      0.010077,
      -0.023834999999999995,
      0.008181,
      -0.011781,
      -0.011880000000000002,
      0.008244000000000001,
      -0.023991,
      0.010132,
      -0.02610699999999999,
      0.009579999999999977,
      0.026284000000000002,
      0.000621,
      0.006711000000000009,
      0.0037129999999999663,
      -0.0011609999999999676,
      -0.001181999999999999,
      0.0028399999999999953,
      -0.0006369999999999987,
      -0.0013080000000000001,
      0.002930000000000002,
      -0.0007680000000000013,
      0.004524,
      0.0001769999999999966,
      -0.009285000000000002,
      -0.0023679999999999986,
      0.00037399999999999933,
      7.000000000000062e-05,
      6.499999999999562e-05,
      0.0003820000000000004,
      -0.0023839999999999972,
      -0.009281999999999999,
      0.0002020000000000008,
      0.004718
    ]
  },
  "ground_state": {
    "HOMO-LUMO": 1.5397315319228335,
    "charge": {
      "element": [
        "C",
        "C",
        "N",
        "C",
        "C",
        "C",
        "C",
        "N",
        "C",
        "C",
        "C",
        "C",
        "C",
        "N",
        "C",
        "C",
        "C",
        "C",
        "C",
        "C",
        "C",
        "C",
        "C",
        "C",
        "C",
        "C",
        "C",
        "C",
        "C",
        "C",
        "N",
        "H",
        "H",
        "H",
        "H",
        "H",
        "H",
        "H",
        "H",
        "H",
        "H",
        "H",
        "H",
        "H",
        "H",
        "H",
        "H",
        "H",
        "H"
      ],
      "charge": [
        -0.096866,
        0.541682,
        -0.849628,
        0.541747,
        -0.096825,
        -0.115494,
        0.586946,
        -0.712652,
        0.122624,
        -0.040353,
        -0.02582,
        -0.104532,
        0.396723,
        -0.42449,
        0.307895,
        -0.147688,
        -0.019835,
        -0.073919,
        -0.040127,
        -0.041571,
        -0.0416,
        -0.040147,
        -0.073884,
        -0.019812,
        -0.147591,
        0.307815,
        -0.104481,
        -0.025976,
        -0.115418,
        0.587044,
        -0.712665,
        0.031146,
        0.046065,
        0.02907,
        0.031218,
        0.046016,
        0.029097,
        0.039969,
        0.048916,
        0.045135,
        0.031902,
        0.032694,
        0.034617,
        0.034616,
        0.032692,
        0.031921,
        0.04517,
        0.048896,
        0.039761
      ]
    },
    "structure": {
      "bonds": 1.2866167953784906,
      "angles": 121.01475178139212,
      "DA": 89.90396279082249
    },
    "rotational_constant": {
      "A": 0.0611069,
      "B": 0.0762111,
      "C": 0.2904999
    },
    "rays_asymmetry_parameter": 0.8683115875375447,
    "volume": 558.78084
  },
  "excited_state": {
    "HOMO-LUMO": 0.8036500566624931,
    "charge": {
      "element": [
        "C",
        "C",
        "N",
        "C",
        "C",
        "C",
        "C",
        "N",
        "C",
        "C",
        "C",
        "C",
        "C",
        "N",
        "C",
        "C",
        "C",
        "C",
        "C",
        "C",
        "C",
        "C",
        "C",
        "C",
        "C",
        "C",
        "C",
        "C",
        "C",
        "C",
        "N",
        "H",
        "H",
        "H",
        "H",
        "H",
        "H",
        "H",
        "H",
        "H",
        "H",
        "H",
        "H",
        "H",
        "H",
        "H",
        "H",
        "H",
        "H"
      ],
      "charge": [
        -0.095206,
        0.540708,
        -0.862016,
        0.54051,
        -0.095182,
        -0.108736,
        0.590754,
        -0.713869,
        0.11377,
        -0.016702,
        -0.025548,
        -0.078254,
        0.393426,
        -0.417873,
        0.317311,
        -0.173683,
        -0.009758,
        -0.097754,
        -0.031946,
        -0.053352,
        -0.05348,
        -0.031903,
        -0.097875,
        -0.00968,
        -0.173698,
        0.317395,
        -0.078197,
        -0.025355,
        -0.108707,
        0.590757,
        -0.713826,
        0.029964,
        0.048905,
        0.028433,
        0.02991,
        0.048946,
        0.028329,
        0.044493,
        0.049093,
        0.03585,
        0.029534,
        0.033068,
        0.034687,
        0.034681,
        0.033074,
        0.029537,
        0.035888,
        0.049098,
        0.044479
      ]
    },
    "structure": {
      "bonds": 1.2974482498107547,
      "angles": 119.83644102567932,
      "DA": 89.9947091690699
    },
    "rotational_constant": {
      "A": 0.0636299,
      "B": 0.0734796,
      "C": 0.2902238
    },
    "rays_asymmetry_parameter": 0.9130629730103061,
    "excited_energy": "0.9245",
    "volume": 564.12635
  },
  "exciting_path_mean_volume": 561.7447816666667
}