{
  "s0_rotational_constant_a": 0.0351231,
  "s0_rotational_constant_b": 0.0375327,
  "s0_rotational_constant_c": 0.3054521,
  "s1_rotational_constant_a": 0.0359538,
  "s1_rotational_constant_b": 0.0375595,
  "s1_rotational_constant_c": 0.3016784,
  "s0_rays_asymmetry_parameter": 0.982172833843206,
  "s1_rays_asymmetry_parameter": 0.9879145551446873,
  "s0_volume": 610.9754,
  "s1_volume": 612.43891,
  "delta_volume": 1.4635099999999284,
  "s0_homo_lumo_gap": 1.6005925077852856,
  "s1_homo_lumo_gap": 1.2233910585732088,
  "delta_gap": -0.37720144921207677,
  "s0_dihedral_avg": 5.364014270542444,
  "s1_dihedral_avg": -2.901038935866343,
  "delta_dihedral": -8.265053206408787,
  "delta_dipole": null,
  "excitation_energy": "1.4482",
  "exciting_path_mean_volume": 611.488815,
  "s0_bonds_avg": 1.2702568306608475,
  "s1_bonds_avg": 1.2825250370322039,
  "s0_angles_avg": 118.98577741560224,
  "s1_angles_avg": 119.00832179705695
}