{
  "charge": {
    "element": [
      "C",
      "C",
      "N",
      "C",
      "C",
      "C",
      "C",
      "C",
      "C",
      "C",
      "C",
      "C",
      "C",
      "N",
      "C",
      "C",
      "C",
      "C",
      "C",
      "C",
      "C",
      "C",
      "C",
      "C",
      "C",
      "C",
      "C",
      "C",
      "C",
      "C",
      "C",
      "O",
      "O",
      "H",
      "H",
      "H",
      "H",
      "H",
      "H",
      "H",
      "H",
      "H",
      "H",
      "H",
      "H",
      "H",
      "H",
      "H",
      "H",
      "H",
      "H",
      "H",
      "H",
      "H",
      "H"
    ],
    "charge_variation": [
      0.0016130000000000033,
      -0.0019609999999999905,
      -0.003370000000000095,
      0.007787000000000016,
      7.800000000000862e-05,
      0.005596000000000004,
      0.0027420000000000014,
      0.005665000000000003,
      -0.004380999999999996,
      0.019644,
      -0.005356,
      0.02584199999999999,
      -0.011855000000000004,
      0.03355199999999997,
      0.0028880000000000017,
      -0.030223,
      0.009552,
      -0.018920000000000006,
      0.005984,
      -0.01899200000000001,
      0.0031789999999999874,
      -0.019220999999999988,
      0.006078999999999999,
      -0.019227000000000008,
      0.009689,
      -0.030389,
      0.025685,
      -0.005285999999999999,
      0.006101999999999996,
      0.0019909999999999997,
      -0.007689999999999975,
      -0.018399999999999972,
      0.009085999999999983,
      0.0004569999999999991,
      0.0001999999999999988,
      -0.0005879999999999982,
      0.0046609999999999985,
      0.0029449999999999962,
      -0.0005920000000000022,
      0.002117000000000001,
      0.0005059999999999995,
      -0.0023070000000000035,
      -0.0012750000000000018,
      -8.700000000000374e-05,
      -0.0005569999999999985,
      0.0036360000000000003,
      0.0036409999999999984,
      -0.0005889999999999992,
      -0.00010800000000000393,
      -0.0013330000000000009,
      -0.002355999999999997,
      0.00048000000000000126,
      0.0020949999999999996,
      -0.000565000000000003,
      0.0021319999999999985
    ]
  },
  "ground_state": {
    "HOMO-LUMO": 1.6005925077852856,
    "charge": {
      "element": [
        "C",
        "C",
        "N",
        "C",
        "C",
        "C",
        "C",
        "C",
        "C",
        "C",
        "C",
        "C",
        "C",
        "N",
        "C",
        "C",
        "C",
        "C",
        "C",
        "C",
        "C",
        "C",
        "C",
        "C",
        "C",
        "C",
        "C",
        "C",
        "C",
        "C",
        "C",
        "O",
        "O",
        "H",
        "H",
        "H",
        "H",
        "H",
        "H",
        "H",
        "H",
        "H",
        "H",
        "H",
        "H",
        "H",
        "H",
        "H",
        "H",
        "H",
        "H",
        "H",
        "H",
        "H",
        "H"
      ],
      "charge": [
        -0.114445,
        0.973811,
        -1.045459,
        0.246671,
        -0.062781,
        0.074839,
        -0.026824,
        -0.072105,
        0.076967,
        0.018946,
        -0.042233,
        -0.138124,
        0.385404,
        -0.526562,
        0.391952,
        -0.142926,
        -0.007235,
        -0.080609,
        -0.007075,
        -0.143253,
        0.391873,
        -0.143544,
        -0.00695,
        -0.080718,
        -0.007295,
        -0.143126,
        -0.137653,
        -0.043518,
        -0.07742,
        -0.050978,
        1.009516,
        -0.77542,
        -0.466163,
        0.026657,
        0.02692,
        0.047614,
        0.032763,
        0.056722,
        0.033286,
        0.034781,
        0.03957,
        0.039058,
        0.029169,
        0.03212,
        0.029181,
        0.039401,
        0.039423,
        0.029193,
        0.032148,
        0.029177,
        0.039123,
        0.039661,
        0.034416,
        0.033722,
        0.028336
      ]
    },
    "structure": {
      "bonds": 1.2702568306608475,
      "angles": 118.98577741560224,
      "DA": 90.05526422989924
    },
    "rotational_constant": {
      "A": 0.0351231,
      "B": 0.0375327,
      "C": 0.3054521
    },
    "rays_asymmetry_parameter": 0.982172833843206,
    "volume": 610.9754
  },
  "excited_state": {
    "HOMO-LUMO": 1.2233910585732088,
    "charge": {
      "element": [
        "C",
        "C",
        "N",
        "C",
        "C",
        "C",
        "C",
        "C",
        "C",
        "C",
        "C",
        "C",
        "C",
        "N",
        "C",
        "C",
        "C",
        "C",
        "C",
        "C",
        "C",
        "C",
        "C",
        "C",
        "C",
        "C",
        "C",
        "C",
        "C",
        "C",
        "C",
        "O",
        "O",
        "H",
        "H",
        "H",
        "H",
        "H",
        "H",
        "H",
        "H",
        "H",
        "H",
        "H",
        "H",
        "H",
        "H",
        "H",
        "H",
        "H",
        "H",
        "H",
        "H",
        "H",
        "H"
      ],
      "charge": [
        -0.112832,
        0.97185,
        -1.048829,
        0.254458,
        -0.062703,
        0.080435,
        -0.024082,
        -0.06644,
        0.072586,
        0.03859,
        -0.047589,
        -0.112282,
        0.373549,
        -0.49301,
        0.39484,
        -0.173149,
        0.002317,
        -0.099529,
        -0.001091,
        -0.162245,
        0.395052,
        -0.162765,
        -0.000871,
        -0.099945,
        0.002394,
        -0.173515,
        -0.111968,
        -0.048804,
        -0.071318,
        -0.048987,
        1.001826,
        -0.79382,
        -0.457077,
        0.027114,
        0.02712,
        0.047026,
        0.037424,
        0.059667,
        0.032694,
        0.036898,
        0.040076,
        0.036751,
        0.027894,
        0.032033,
        0.028624,
        0.043037,
        0.043064,
        0.028604,
        0.03204,
        0.027844,
        0.036767,
        0.040141,
        0.036511,
        0.033157,
        0.030468
      ]
    },
    "structure": {
      "bonds": 1.2825250370322039,
      "angles": 119.00832179705695,
      "DA": 90.15331059462397
    },
    "rotational_constant": {
      "A": 0.0359538,
      "B": 0.0375595,
      "C": 0.3016784
    },
    "rays_asymmetry_parameter": 0.9879145551446873,
    "excited_energy": "1.4482",
    "volume": 612.43891
  },
  "exciting_path_mean_volume": 611.488815
}