{
  "s0_rotational_constant_a": 0.0533605,
  "s0_rotational_constant_b": 0.0575145,
  "s0_rotational_constant_c": 0.2461773,
  "s1_rotational_constant_a": 0.0523516,
  "s1_rotational_constant_b": 0.0611683,
  "s1_rotational_constant_c": 0.2451023,
  "s0_rays_asymmetry_parameter": 0.9569124682081643,
  "s1_rays_asymmetry_parameter": 0.90851706375126,
  "s0_volume": 545.42331,
  "s1_volume": 548.62748,
  "delta_volume": 3.2041699999999764,
  "s0_homo_lumo_gap": 0.9915745784382621,
  "s1_homo_lumo_gap": 0.36150320322484397,
  "delta_gap": -0.6300713752134182,
  "s0_dihedral_avg": 10.419426871860885,
  "s1_dihedral_avg": 4.921344586903523,
  "delta_dihedral": -5.498082284957363,
  "delta_dipole": null,
  "excitation_energy": "0.4157",
  "exciting_path_mean_volume": 547.2167049999999,
  "s0_bonds_avg": 1.3062351120851998,
  "s1_bonds_avg": 1.30826842179,
  "s0_angles_avg": 120.89437037255577,
  "s1_angles_avg": 120.19123511584519
}