{
  "charge": {
    "element": [
      "N",
      "C",
      "C",
      "C",
      "F",
      "C",
      "F",
      "C",
      "C",
      "C",
      "C",
      "C",
      "N",
      "C",
      "C",
      "C",
      "C",
      "C",
      "C",
      "C",
      "C",
      "C",
      "C",
      "C",
      "C",
      "C",
      "C",
      "C",
      "N",
      "S",
      "N",
      "C",
      "H",
      "H",
      "H",
      "H",
      "H",
      "H",
      "H",
      "H",
      "H",
      "H",
      "H",
      "H",
      "H",
      "H"
    ],
    "charge_variation": [
      0.007935000000000025,
      -0.0007979999999999654,
      0.014223000000000013,
      -0.01341500000000001,
      -0.0010419999999999874,
      0.012112999999999985,
      -0.0005610000000000337,
      0.0022790000000000032,
      0.02933,
      -0.020931,
      0.030094999999999983,
      -0.022751999999999994,
      0.028427000000000036,
      0.002878999999999965,
      -0.021467000000000014,
      0.004714,
      -0.01854,
      0.0026690000000000004,
      -0.016020000000000006,
      0.004330999999999974,
      -0.028974,
      0.008217,
      -0.021845000000000003,
      0.004575,
      -0.021299000000000012,
      0.028434999999999988,
      -0.009374999999999998,
      0.013690000000000035,
      -0.03805000000000003,
      0.07607700000000006,
      -0.02038299999999993,
      0.008348999999999995,
      -0.012410000000000001,
      -0.0011629999999999974,
      -0.0003300000000000039,
      -0.0015960000000000002,
      -0.0009569999999999995,
      -0.0008809999999999998,
      0.0029969999999999997,
      -0.0006640000000000049,
      -0.001188999999999999,
      -0.0006570000000000048,
      -0.0012719999999999988,
      0.0025200000000000014,
      -0.0015439999999999968,
      -0.005741
    ]
  },
  "ground_state": {
    "HOMO-LUMO": 0.9915745784382621,
    "structure": {
      "bonds": 1.3062351120851998,
      "angles": 120.89437037255577,
      "DA": 88.51196229744647
    },
    "rotational_constant": {
      "A": 0.0533605,
      "B": 0.0575145,
      "C": 0.2461773
    },
    "rays_asymmetry_parameter": 0.9569124682081643,
    "volume": 545.42331
  },
  "excited_state": {
    "HOMO-LUMO": 0.36150320322484397,
    "structure": {
      "bonds": 1.30826842179,
      "angles": 120.19123511584519,
      "DA": 88.60063690368706
    },
    "rotational_constant": {
      "A": 0.0523516,
      "B": 0.0611683,
      "C": 0.2451023
    },
    "rays_asymmetry_parameter": 0.90851706375126,
    "excited_energy": "0.4157",
    "volume": 548.62748
  },
  "exciting_path_mean_volume": 547.2167049999999
}