{
  "s0_rotational_constant_a": 0.057998,
  "s0_rotational_constant_b": 0.0719051,
  "s0_rotational_constant_c": 0.0830149,
  "s1_rotational_constant_a": 0.0578349,
  "s1_rotational_constant_b": 0.0706504,
  "s1_rotational_constant_c": 0.0846225,
  "s0_rays_asymmetry_parameter": -0.11181641210541683,
  "s1_rays_asymmetry_parameter": 0.04317669369409703,
  "s0_volume": 851.24266,
  "s1_volume": 848.42569,
  "delta_volume": -2.8169699999999693,
  "s0_homo_lumo_gap": 2.385559229910017,
  "s1_homo_lumo_gap": 1.8103432786620441,
  "delta_gap": -0.5752159512479729,
  "s0_dihedral_avg": 8.29088307445843,
  "s1_dihedral_avg": -3.090074899647112,
  "delta_dihedral": -11.380957974105542,
  "delta_dipole": null,
  "excitation_energy": "2.2657",
  "exciting_path_mean_volume": 849.5239933333334,
  "s0_bonds_avg": 1.2898663849991767,
  "s1_bonds_avg": 1.292293003952824,
  "s0_angles_avg": 119.99601664368078,
  "s1_angles_avg": 119.99497037292447
}