{"charge": {"element": ["C", "C", "C", "C", "C", "C", "C", "C", "C", "C", "C", "C", "C", "C", "C", "C", "C", "C", "C", "C", "C", "C", "C", "C", "C", "C", "C", "C", "C", "C", "C", "C", "C", "C", "C", "C", "C", "C", "C", "C", "C", "C", "C", "C", "C", "C", "H", "H", "H", "H", "H", "H", "H", "H", "H", "H", "H", "H", "H", "H", "H", "H", "H", "H", "H", "H", "H", "H", "H", "H", "H", "H", "H", "H", "H", "H", "H", "H"], "charge_variation": [0.00035099999999999715, -0.0012179999999999969, 0.0008029999999999982, 0.0022030000000000105, 0.00081, -0.0010010000000000019, -1.5999999999988246e-05, -0.0025299999999999906, 0.0003590000000000017, -0.0010319999999999982, -0.0015900000000000011, -0.0008429999999999965, -0.000451, -0.0019399999999999903, -0.0011870000000000006, -0.0002349999999999991, -0.00027099999999999347, -0.00017199999999999854, 0.0009259999999999963, 0.00016800000000000148, -0.001908, 0.00025799999999999434, 0.0012479999999999991, -0.0012150000000000008, -0.00012199999999999711, -0.0008599999999999997, 0.0007080000000000003, -0.0024259999999999976, -0.0004549999999999971, -0.002612000000000003, -0.0006579999999999989, 0.0010650000000000034, 0.0008759999999999948, -0.0002360000000000001, 0.005802000000000002, -0.00029499999999999665, -0.012839000000000003, 0.009763000000000008, -0.009207, 0.0024090000000000014, 0.001904999999999997, -0.010999000000000002, 0.007755999999999999, -0.011168999999999998, -0.002683000000000005, 0.00021200000000000038, -0.00035199999999999815, 0.001080000000000001, 0.0007109999999999998, 0.001974, 0.00020700000000000232, 0.00044199999999999795, 0.0005059999999999995, 0.0015909999999999987, 0.0024700000000000034, 0.000612999999999999, 0.0005489999999999974, 0.0013039999999999996, 0.0003939999999999985, 0.0003180000000000023, -8.89999999999988e-05, -0.00012000000000000205, 1.2999999999999123e-05, -5.300000000000096e-05, 0.00041200000000000264, 0.0021909999999999985, 0.0012359999999999975, -0.0006609999999999984, 0.0004740000000000022, 0.0015810000000000025, 0.0040999999999999995, 0.0031240000000000018, 0.0005499999999999984, 0.0009429999999999994, 0.0028929999999999997, 0.0032169999999999976, 0.001284999999999998, -0.00035400000000000015]}, "ground_state": {"HOMO-LUMO": 2.385559229910017, "charge": {"element": ["C", "C", "C", "C", "C", "C", "C", "C", "C", "C", "C", "C", "C", "C", "C", "C", "C", "C", "C", "C", "C", "C", "C", "C", "C", "C", "C", "C", "C", "C", "C", "C", "C", "C", "C", "C", "C", "C", "C", "C", "C", "C", "C", "C", "C", "C", "H", "H", "H", "H", "H", "H", "H", "H", "H", "H", "H", "H", "H", "H", "H", "H", "H", "H", "H", "H", "H", "H", "H", "H", "H", "H", "H", "H", "H", "H", "H", "H"], "charge": [-0.031892, -0.018173, -0.071025, 0.077649, -0.015233, -0.019481, 0.083905, -0.065445, -0.020584, -0.043437, -0.02026, -0.068154, 0.049034, -0.061261, -0.033046, -0.037795, -0.055905, 0.033135, 0.067368, -0.065278, -0.05598, 0.065971, -0.059113, -0.041288, -0.034304, -0.062926, 0.075068, -0.108696, 0.049411, -0.061527, -0.02951, -0.03731, -0.057501, 0.033262, 0.069219, -0.062342, -0.055537, 0.0628, -0.059621, -0.03925, -0.033739, -0.059856, 0.074407, -0.107892, -0.068741, -0.018431, 0.02572, 0.027901, 0.030031, 0.030415, 0.027474, 0.027105, 0.026753, 0.02901, 0.029623, 0.027643, 0.027515, 0.03084, 0.031522, 0.03117, 0.029217, 0.028601, 0.028329, 0.031299, 0.035113, 0.03084, 0.027269, 0.026656, 0.028939, 0.029838, 0.031069, 0.029778, 0.028486, 0.027951, 0.030492, 0.034638, 0.030817, 0.027249]}, "structure": {"bonds": 1.2898663849991767, "angles": 119.99601664368078, "DA": 8.29088307445843}, "rotational_constant": {"A": 0.057998, "B": 0.0719051, "C": 0.0830149}, "rays_asymmetry_parameter": -0.11181641210541683, "volume": 851.24266}, "excited_state": {"HOMO-LUMO": 1.8103432786620441, "charge": {"element": ["C", "C", "C", "C", "C", "C", "C", "C", "C", "C", "C", "C", "C", "C", "C", "C", "C", "C", "C", "C", "C", "C", "C", "C", "C", "C", "C", "C", "C", "C", "C", "C", "C", "C", "C", "C", "C", "C", "C", "C", "C", "C", "C", "C", "C", "C", "H", "H", "H", "H", "H", "H", "H", "H", "H", "H", "H", "H", "H", "H", "H", "H", "H", "H", "H", "H", "H", "H", "H", "H", "H", "H", "H", "H", "H", "H", "H", "H"], "charge": [-0.031541, -0.019391, -0.070222, 0.079852, -0.014423, -0.020482, 0.083889, -0.067975, -0.020225, -0.044469, -0.02185, -0.068997, 0.048583, -0.063201, -0.034233, -0.03803, -0.056176, 0.032963, 0.068294, -0.06511, -0.057888, 0.066229, -0.057865, -0.042503, -0.034426, -0.063786, 0.075776, -0.111122, 0.048956, -0.064139, -0.030168, -0.036245, -0.056625, 0.033026, 0.075021, -0.062637, -0.068376, 0.072563, -0.068828, -0.036841, -0.031834, -0.070855, 0.082163, -0.119061, -0.071424, -0.018219, 0.025368, 0.028981, 0.030742, 0.032389, 0.027681, 0.027547, 0.027259, 0.030601, 0.032093, 0.028256, 0.028064, 0.032144, 0.031916, 0.031488, 0.029128, 0.028481, 0.028342, 0.031246, 0.035525, 0.033031, 0.028505, 0.025995, 0.029413, 0.031419, 0.035169, 0.032902, 0.029036, 0.028894, 0.033385, 0.037855, 0.032102, 0.026895]}, "structure": {"bonds": 1.292293003952824, "angles": 119.99497037292447, "DA": -3.090074899647112}, "rotational_constant": {"A": 0.0578349, "B": 0.0706504, "C": 0.0846225}, "rays_asymmetry_parameter": 0.04317669369409703, "excited_energy": "2.2657", "volume": 848.42569}, "exciting_path_mean_volume": 849.5239933333334}