{
  "s0_rotational_constant_a": 0.0466395,
  "s0_rotational_constant_b": 0.0533202,
  "s0_rotational_constant_c": 0.2077498,
  "s1_rotational_constant_a": 0.0466326,
  "s1_rotational_constant_b": 0.0503155,
  "s1_rotational_constant_c": 0.2020221,
  "s0_rays_asymmetry_parameter": 0.9170667548878005,
  "s1_rays_asymmetry_parameter": 0.9525978267514857,
  "s0_volume": 704.50365,
  "s1_volume": 703.03808,
  "delta_volume": -1.465569999999957,
  "s0_homo_lumo_gap": 2.0899048487765395,
  "s1_homo_lumo_gap": 1.3993126399694158,
  "delta_gap": -0.6905922088071237,
  "s0_dihedral_avg": 90.94302808054279,
  "s1_dihedral_avg": 90.92588916910583,
  "delta_dihedral": -0.017138911436958892,
  "delta_dipole": {
    "element": [
      "C",
      "C",
      "C",
      "C",
      "C",
      "N",
      "C",
      "C",
      "N",
      "C",
      "C",
      "C",
      "N",
      "C",
      "C",
      "C",
      "C",
      "C",
      "C",
      "C",
      "C",
      "C",
      "N",
      "C",
      "C",
      "C",
      "C",
      "C",
      "C",
      "C",
      "C",
      "C",
      "C",
      "C",
      "C",
      "C",
      "C",
      "C",
      "H",
      "H",
      "H",
      "H",
      "H",
      "H",
      "H",
      "H",
      "H",
      "H",
      "H",
      "H",
      "H",
      "H",
      "H",
      "H",
      "H",
      "H",
      "H",
      "H",
      "H",
      "H",
      "H",
      "H",
      "H",
      "H",
      "H",
      "H"
    ],
    "charge_variation": [
      7.799999999999474e-05,
      0.00482,
      -0.019863999999999993,
      -0.007038000000000001,
      -0.01875799999999994,
      -0.0069870000000000765,
      0.01631400000000005,
      -0.0066050000000000275,
      0.0015410000000000146,
      0.007724999999999982,
      -0.010260999999999992,
      0.018008000000000024,
      -0.010048000000000001,
      0.005558000000000007,
      -0.002451999999999996,
      0.0005609999999999999,
      -0.004727999999999996,
      -0.0009329999999999999,
      -0.0019930000000000225,
      0.018666000000000002,
      0.0005880000000000052,
      -0.019404000000000032,
      0.07494699999999999,
      -0.013510000000000022,
      -0.005802999999999975,
      0.004647999999999999,
      -0.010264999999999996,
      0.005572999999999995,
      -0.013228000000000004,
      0.005360000000000004,
      -0.00479099999999999,
      -0.004753999999999994,
      -0.014053999999999997,
      0.006990000000000003,
      -0.012811000000000003,
      0.004698,
      -0.011356000000000005,
      -0.009924000000000044,
      -0.00020000000000000226,
      -0.0014420000000000023,
      0.001167999999999999,
      0.010343000000000005,
      0.0016959999999999961,
      0.0001470000000000013,
      0.0027560000000000015,
      0.0003119999999999998,
      2.8000000000000247e-05,
      0.001468999999999998,
      -0.0012520000000000031,
      0.002010000000000005,
      0.008631,
      0.0010559999999999944,
      0.001464,
      0.0010959999999999998,
      0.0008689999999999948,
      0.0003830000000000014,
      0.0009980000000000024,
      0.00026299999999999935,
      0.0007929999999999986,
      0.0006460000000000007,
      2.8999999999999512e-05,
      0.001059000000000001,
      0.00044299999999999895,
      0.0006859999999999991,
      -0.0005159999999999991,
      -0.001451000000000001
    ]
  },
  "excitation_energy": "1.6093",
  "exciting_path_mean_volume": 703.3220033333333,
  "s0_bonds_avg": 1.2885349704791667,
  "s1_bonds_avg": 1.2886763048362502,
  "delta_bonds": 0.00014133435708352238,
  "s0_angles_avg": 117.78655015407818,
  "s1_angles_avg": 117.7592219458006,
  "delta_angles": -0.027328208277580757
}