{
  "s0_rotational_constant_a": 0.1231658,
  "s0_rotational_constant_b": 0.150295,
  "s0_rotational_constant_c": 0.5245481,
  "s1_rotational_constant_a": 0.1264732,
  "s1_rotational_constant_b": 0.1443097,
  "s1_rotational_constant_c": 0.5230851,
  "s0_rays_asymmetry_parameter": 0.8648211443304799,
  "s1_rays_asymmetry_parameter": 0.9100556488597543,
  "s0_volume": 399.61317,
  "s1_volume": 405.04165,
  "delta_volume": 5.428479999999979,
  "s0_homo_lumo_gap": 1.5308715061064984,
  "s1_homo_lumo_gap": 1.5736477978241838,
  "delta_gap": 0.04277629171768549,
  "s0_dihedral_avg": 1.5649196258408191,
  "s1_dihedral_avg": -7.18737738777139,
  "delta_dihedral": -8.752297013612209,
  "delta_dipole": null,
  "excitation_energy": "1.8984",
  "exciting_path_mean_volume": 402.7304583333333,
  "s0_bonds_avg": 1.327173130857895,
  "s1_bonds_avg": 1.3247336248878947,
  "s0_angles_avg": 118.58648039531768,
  "s1_angles_avg": 118.61141301187142
}