{
  "charge": {
    "element": [
      "F",
      "B",
      "F",
      "N",
      "C",
      "C",
      "C",
      "C",
      "C",
      "C",
      "C",
      "C",
      "C",
      "C",
      "C",
      "C",
      "C",
      "S",
      "C",
      "C",
      "C",
      "C",
      "N",
      "H",
      "H",
      "H",
      "H",
      "H",
      "H",
      "H",
      "H",
      "H",
      "H",
      "H"
    ],
    "charge_variation": [
      4.099999999995774e-05,
      0.0008250000000000757,
      -0.0007570000000000077,
      -0.02129399999999998,
      0.008328000000000002,
      0.0031789999999999874,
      -0.004711999999999994,
      0.02659600000000001,
      0.004616000000000002,
      -7.000000000000062e-06,
      -0.023493999999999987,
      0.013841000000000006,
      -0.017678,
      0.010311999999999998,
      -0.013793000000000003,
      -0.0006649999999999989,
      -0.012243000000000004,
      0.0018429999999999974,
      0.026614,
      -0.0004790000000000072,
      0.002800999999999998,
      0.009985000000000022,
      -0.02287,
      0.000779999999999996,
      0.0008169999999999983,
      0.0003840000000000024,
      -0.00036000000000000615,
      0.0014759999999999981,
      -0.00042700000000000377,
      0.0016309999999999936,
      0.0006309999999999996,
      0.0021039999999999948,
      0.0012600000000000042,
      0.0007129999999999984
    ]
  },
  "ground_state": {
    "HOMO-LUMO": 1.5308715061064984,
    "structure": {
      "bonds": 1.327173130857895,
      "angles": 118.58648039531768,
      "DA": 89.94827756459907
    },
    "rotational_constant": {
      "A": 0.1231658,
      "B": 0.150295,
      "C": 0.5245481
    },
    "rays_asymmetry_parameter": 0.8648211443304799,
    "volume": 399.61317
  },
  "excited_state": {
    "HOMO-LUMO": 1.5736477978241838,
    "structure": {
      "bonds": 1.3247336248878947,
      "angles": 118.61141301187142,
      "DA": 90.10236883402156
    },
    "rotational_constant": {
      "A": 0.1264732,
      "B": 0.1443097,
      "C": 0.5230851
    },
    "rays_asymmetry_parameter": 0.9100556488597543,
    "excited_energy": "1.8984",
    "volume": 405.04165
  },
  "exciting_path_mean_volume": 402.7304583333333
}