{
  "s0_rotational_constant_a": 0.064596,
  "s0_rotational_constant_b": 0.106986,
  "s0_rotational_constant_c": 0.1230015,
  "s1_rotational_constant_a": 0.0662506,
  "s1_rotational_constant_b": 0.1044464,
  "s1_rotational_constant_c": 0.1289202,
  "s0_rays_asymmetry_parameter": -0.4515756221588722,
  "s1_rays_asymmetry_parameter": -0.2189578360161862,
  "s0_volume": 611.33793,
  "s1_volume": 610.3674,
  "delta_volume": -0.9705300000000534,
  "s0_homo_lumo_gap": 1.6905914309577241,
  "s1_homo_lumo_gap": 1.1448753383936854,
  "delta_gap": -0.5457160925640387,
  "s0_dihedral_avg": 2.8097393935148656,
  "s1_dihedral_avg": 0.6686809235190472,
  "delta_dihedral": -2.1410584699958184,
  "delta_dipole": null,
  "excitation_energy": "1.3268",
  "exciting_path_mean_volume": 611.3401133333333,
  "s0_bonds_avg": 1.3181276118611764,
  "s1_bonds_avg": 1.3207157024319607,
  "s0_angles_avg": 125.04497566678205,
  "s1_angles_avg": 124.33255406782617
}