{
  "s0_rotational_constant_a": 0.0243458,
  "s0_rotational_constant_b": 0.025839,
  "s0_rotational_constant_c": 0.1337946,
  "s1_rotational_constant_a": 0.0236714,
  "s1_rotational_constant_b": 0.0249728,
  "s1_rotational_constant_c": 0.1373377,
  "s0_rays_asymmetry_parameter": 0.9727141823391394,
  "s1_rays_asymmetry_parameter": 0.9771013924091837,
  "s0_volume": 839.72379,
  "s1_volume": 843.07603,
  "delta_volume": 3.352239999999938,
  "s0_homo_lumo_gap": 1.5300714914904043,
  "s1_homo_lumo_gap": 0.491788576707735,
  "delta_gap": -1.0382829147826693,
  "s0_dihedral_avg": 90.09175348868995,
  "s1_dihedral_avg": 90.11634379551552,
  "delta_dihedral": 0.02459030682557284,
  "delta_dipole": {
    "element": [
      "O",
      "C",
      "C",
      "C",
      "C",
      "C",
      "N",
      "C",
      "C",
      "C",
      "C",
      "C",
      "C",
      "O",
      "C",
      "C",
      "C",
      "C",
      "C",
      "C",
      "C",
      "C",
      "C",
      "C",
      "C",
      "C",
      "C",
      "C",
      "C",
      "C",
      "C",
      "C",
      "C",
      "C",
      "C",
      "C",
      "C",
      "C",
      "C",
      "C",
      "C",
      "C",
      "C",
      "C",
      "C",
      "C",
      "C",
      "H",
      "H",
      "H",
      "H",
      "H",
      "H",
      "H",
      "H",
      "H",
      "H",
      "H",
      "H",
      "H",
      "H",
      "H",
      "H",
      "H",
      "H",
      "H",
      "H",
      "H",
      "H",
      "H",
      "H",
      "H",
      "H",
      "H",
      "H",
      "H"
    ],
    "charge_variation": [
      -0.023472999999999966,
      -0.003916999999999948,
      0.018358000000000006,
      -0.0034370000000000026,
      0.010381000000000001,
      -0.01744499999999999,
      0.041710000000000025,
      -0.005065999999999959,
      -0.012476000000000015,
      -0.0006040000000000073,
      -0.015064000000000001,
      -0.0036349999999999993,
      -0.008328000000000002,
      0.01981900000000003,
      -0.010069999999999968,
      -0.0037659999999999916,
      -0.015192999999999998,
      0.0015380000000000046,
      -0.009239999999999998,
      -0.006478000000000039,
      0.013322,
      -0.014027,
      -0.008159,
      0.014192999999999997,
      -0.002471000000000001,
      0.019375000000000003,
      -0.009527,
      0.016952000000000002,
      0.001115999999999999,
      -0.0034280000000000005,
      -0.0022230000000000028,
      0.0013239999999999988,
      0.0018639999999999976,
      0.004593,
      0.0004049999999999887,
      -0.002600999999999999,
      -0.0032010000000000094,
      0.001228,
      0.0008410000000000015,
      0.0006440000000000005,
      -0.0005610000000000059,
      0.005718999999999998,
      0.0016639999999999988,
      0.005459000000000002,
      0.004728000000000003,
      0.003134999999999999,
      -0.002168,
      -0.002464000000000001,
      -0.0018859999999999988,
      -0.005782000000000002,
      -0.0019730000000000025,
      -0.0006929999999999992,
      -0.0015070000000000014,
      -0.0017049999999999982,
      -0.0007049999999999973,
      -0.0012020000000000017,
      -0.002460999999999998,
      -0.002021999999999996,
      -0.007043000000000001,
      0.004088999999999999,
      0.001794999999999998,
      0.006509000000000001,
      -0.00041100000000000164,
      0.0003470000000000001,
      0.0008099999999999982,
      0.0012050000000000012,
      0.0008699999999999992,
      -0.0003490000000000021,
      0.0006359999999999977,
      0.0011870000000000006,
      0.001192000000000002,
      0.0017430000000000015,
      0.0019310000000000022,
      0.0035010000000000006,
      0.0007349999999999995,
      0.0018500000000000044
    ]
  },
  "excitation_energy": "0.5656",
  "exciting_path_mean_volume": 841.2948583333333,
  "s0_bonds_avg": 1.2995339144241667,
  "s1_bonds_avg": 1.30129386893,
  "delta_bonds": 0.0017599545058333277,
  "s0_angles_avg": 119.51588807740103,
  "s1_angles_avg": 119.51592929738626,
  "delta_angles": 4.121998523487491e-05
}