{
  "s0_rotational_constant_a": 0.0107047,
  "s0_rotational_constant_b": 0.011722,
  "s0_rotational_constant_c": 0.0570311,
  "s1_rotational_constant_a": 0.0107125,
  "s1_rotational_constant_b": 0.0117011,
  "s1_rotational_constant_c": 0.0571468,
  "s0_rays_asymmetry_parameter": 0.9560811977619672,
  "s1_rays_asymmetry_parameter": 0.9574194076361655,
  "s0_volume": 1378.11436,
  "s1_volume": 1377.92264,
  "delta_volume": -0.1917200000000321,
  "s0_homo_lumo_gap": 0.9645700034378608,
  "s1_homo_lumo_gap": 0.6690870540078322,
  "delta_gap": -0.2954829494300286,
  "s0_dihedral_avg": 89.43141089663985,
  "s1_dihedral_avg": 89.4150884612486,
  "delta_dihedral": -0.01632243539124545,
  "delta_dipole": {
    "element": [
      "C",
      "C",
      "C",
      "C",
      "C",
      "C",
      "C",
      "C",
      "C",
      "C",
      "C",
      "C",
      "C",
      "C",
      "C",
      "C",
      "N",
      "C",
      "C",
      "C",
      "C",
      "C",
      "C",
      "C",
      "C",
      "C",
      "C",
      "N",
      "C",
      "C",
      "C",
      "C",
      "C",
      "C",
      "C",
      "C",
      "C",
      "C",
      "C",
      "C",
      "C",
      "C",
      "C",
      "C",
      "C",
      "C",
      "C",
      "C",
      "C",
      "C",
      "C",
      "C",
      "C",
      "C",
      "C",
      "C",
      "C",
      "C",
      "C",
      "C",
      "C",
      "N",
      "S",
      "N",
      "C",
      "C",
      "C",
      "C",
      "C",
      "C",
      "C",
      "C",
      "C",
      "C",
      "C",
      "H",
      "H",
      "H",
      "H",
      "H",
      "H",
      "H",
      "H",
      "H",
      "H",
      "H",
      "H",
      "H",
      "H",
      "H",
      "H",
      "H",
      "H",
      "H",
      "H",
      "H",
      "H",
      "H",
      "H",
      "H",
      "H",
      "H",
      "H",
      "H",
      "H",
      "H",
      "H",
      "H",
      "H",
      "H",
      "H",
      "H",
      "H",
      "H",
      "H",
      "H",
      "H",
      "H",
      "H",
      "H",
      "H",
      "H",
      "H",
      "H",
      "H"
    ],
    "charge_variation": [
      0.00013599999999999723,
      -0.0003009999999999992,
      3.299999999999137e-05,
      0.00031699999999999784,
      -0.00019299999999999873,
      -0.00017700000000000007,
      0.00010499999999999399,
      -5.4999999999999494e-05,
      -0.00011499999999999705,
      3.300000000000525e-05,
      -0.00013900000000000023,
      -0.0002329999999999971,
      -0.0006200000000000025,
      0.0005220000000000016,
      0.0014319999999999888,
      -0.003929999999999989,
      0.027024999999999966,
      -0.005145000000000011,
      -0.0019070000000000198,
      0.0009950000000000002,
      -0.00015099999999999836,
      0.0014749999999999997,
      -0.0005790000000000239,
      -0.0008060000000000289,
      -0.008372999999999992,
      0.010245000000000004,
      -0.017357999999999985,
      0.040400999999999965,
      -0.005164000000000002,
      -0.0008130000000000082,
      0.0006270000000000004,
      -0.001361000000000001,
      0.00036700000000000014,
      -0.00016499999999999848,
      0.0010160000000000169,
      -0.012753000000000014,
      0.004632000000000004,
      -0.011813999999999998,
      0.005023,
      -0.006744,
      0.001453999999999997,
      -0.000893999999999992,
      -0.00036500000000000074,
      -0.0015280000000000016,
      -8.599999999999927e-05,
      -0.0014429999999999998,
      0.0027589999999999976,
      -0.0010379999999999973,
      -0.001037999999999999,
      -0.0007019999999999943,
      -0.0013640000000000006,
      0.00021000000000000185,
      0.00037099999999999633,
      0.0004019999999999996,
      -0.0008389999999999995,
      -0.0003620000000000012,
      -0.00046699999999999867,
      9.399999999999686e-05,
      0.004843,
      -0.012906,
      0.005371000000000015,
      -0.043777999999999984,
      0.07234600000000002,
      -0.03695599999999999,
      0.0016520000000000423,
      -0.0019939999999999958,
      0.0015410000000000007,
      -0.0012810000000000044,
      -0.0009930000000000078,
      -0.0011559999999999973,
      -0.00048100000000000226,
      0.0012470000000000016,
      -0.0004040000000000016,
      -0.0004870000000000013,
      -3.200000000000078e-05,
      -6.499999999999909e-05,
      0.00011699999999999905,
      2.2999999999998716e-05,
      -0.00016400000000000095,
      9.999999999999593e-06,
      6.799999999999862e-05,
      -1.3000000000002593e-05,
      -4.9999999999980616e-06,
      -0.00015799999999999842,
      -0.0008780000000000003,
      0.00019600000000000173,
      0.0003510000000000006,
      0.000392,
      0.0005340000000000032,
      0.00015500000000000236,
      0.001910999999999996,
      0.001128999999999998,
      0.0009709999999999996,
      0.00012999999999999817,
      -0.00043199999999999836,
      -0.00037399999999999933,
      -0.0008719999999999978,
      0.0007919999999999941,
      9.40000000000038e-05,
      -3.099999999999631e-05,
      -0.0001339999999999987,
      -0.000281,
      -0.00037100000000000327,
      9.800000000000086e-05,
      0.0002940000000000026,
      -0.0002160000000000009,
      -0.0012560000000000002,
      -0.0004720000000000002,
      3.299999999999831e-05,
      0.00023899999999999963,
      -0.00015199999999999936,
      -0.00029799999999999965,
      -0.0001380000000000027,
      -2.3999999999996247e-05,
      2.9000000000001247e-05,
      -0.00023100000000000204,
      -0.00016800000000000148,
      0.0001349999999999997,
      0.00027800000000000047,
      1.0000000000003062e-05,
      -0.00038900000000000046,
      0.0017360000000000014,
      0.0003049999999999997,
      1.5000000000001124e-05,
      -0.00010399999999999993
    ]
  },
  "excitation_energy": "0.8781",
  "exciting_path_mean_volume": 1377.7694683333336,
  "s0_bonds_avg": 1.2847628852809558,
  "s1_bonds_avg": 1.2928792931587503,
  "s0_angles_avg": 119.81206528462197,
  "s1_angles_avg": 119.79336959327946,
  "delta_bonds": 0.00811640787779444,
  "delta_angles": -0.01869569134250071
}