{
  "s0_rotational_constant_a": 0.0238526,
  "s0_rotational_constant_b": 0.0265398,
  "s0_rotational_constant_c": 0.1812492,
  "s1_rotational_constant_a": 0.0233305,
  "s1_rotational_constant_b": 0.0254759,
  "s1_rotational_constant_c": 0.1876806,
  "s0_rays_asymmetry_parameter": 0.9658544085450385,
  "s1_rays_asymmetry_parameter": 0.973892318897281,
  "s0_volume": 741.02428,
  "s1_volume": 743.15921,
  "delta_volume": 2.134930000000054,
  "s0_homo_lumo_gap": 1.7043250152006735,
  "s1_homo_lumo_gap": 0.777627812534234,
  "delta_gap": -0.9266972026664395,
  "s0_dihedral_avg": 0.9121674932546351,
  "s1_dihedral_avg": -7.706494089781685,
  "delta_dihedral": -8.618661583036321,
  "delta_dipole": null,
  "excitation_energy": "0.8943",
  "exciting_path_mean_volume": 742.0865749999999,
  "s0_bonds_avg": 1.3041359169040279,
  "s1_bonds_avg": 1.3052401329106944,
  "s0_angles_avg": 119.9681804089487,
  "s1_angles_avg": 119.9645775726437
}