{
  "s0_rotational_constant_a": 0.0238526,
  "s0_rotational_constant_b": 0.0265398,
  "s0_rotational_constant_c": 0.1812492,
  "s1_rotational_constant_a": 0.0233305,
  "s1_rotational_constant_b": 0.0254759,
  "s1_rotational_constant_c": 0.1876806,
  "s0_rays_asymmetry_parameter": 0.9658544085450385,
  "s1_rays_asymmetry_parameter": 0.973892318897281,
  "s0_volume": 741.02428,
  "s1_volume": 743.15921,
  "delta_volume": 2.134930000000054,
  "s0_homo_lumo_gap": 1.7043250152006735,
  "s1_homo_lumo_gap": 0.777627812534234,
  "delta_gap": -0.9266972026664395,
  "s0_dihedral_avg": 89.96016569151176,
  "s1_dihedral_avg": 90.00331190460597,
  "delta_dihedral": 0.043146213094203745,
  "delta_dipole": {
    "element": [
      "O",
      "C",
      "C",
      "C",
      "C",
      "C",
      "N",
      "C",
      "C",
      "C",
      "C",
      "C",
      "C",
      "O",
      "C",
      "C",
      "C",
      "C",
      "C",
      "C",
      "C",
      "C",
      "C",
      "C",
      "C",
      "C",
      "C",
      "C",
      "C",
      "C",
      "C",
      "C",
      "C",
      "C",
      "N",
      "C",
      "C",
      "C",
      "C",
      "Cl",
      "C",
      "C",
      "H",
      "H",
      "H",
      "H",
      "H",
      "H",
      "H",
      "H",
      "H",
      "H",
      "H",
      "H",
      "H",
      "H",
      "H",
      "H",
      "H",
      "H",
      "H",
      "H",
      "H",
      "H",
      "H"
    ],
    "charge_variation": [
      -0.03640100000000002,
      -0.010136999999999952,
      0.018275,
      6.500000000000082e-05,
      0.009290000000000007,
      -0.012642000000000042,
      0.044106000000000034,
      -0.007199999999999984,
      -0.010200999999999988,
      0.0015089999999999965,
      -0.01455399999999999,
      -0.003225999999999979,
      -0.009346999999999994,
      0.020320000000000005,
      -0.008204999999999962,
      -0.002921000000000007,
      -0.013865999999999996,
      -0.00023999999999999716,
      -0.011993000000000004,
      -0.006662000000000001,
      0.006427000000000002,
      -0.005239000000000001,
      0.010578999999999991,
      0.016461,
      0.006997000000000003,
      -0.0037429999999999963,
      0.013962999999999996,
      -0.013745999999999994,
      -0.004625000000000004,
      0.003800999999999999,
      0.0014040000000000025,
      0.0047469999999999995,
      0.0005959999999999854,
      0.0011809999999999876,
      0.011223000000000039,
      -0.0019939999999999958,
      -0.005423999999999998,
      0.0038979999999999987,
      -0.00168299999999999,
      0.0008110000000000062,
      0.0049939999999999984,
      -0.005514000000000005,
      -0.0010770000000000016,
      -0.0011550000000000032,
      -0.0033979999999999982,
      -0.001342999999999997,
      -0.0004149999999999987,
      -0.0015150000000000025,
      -0.0013799999999999993,
      -0.000447999999999997,
      -0.001583000000000001,
      -0.0055720000000000006,
      -0.0014149999999999996,
      -0.0010260000000000026,
      0.005831999999999997,
      0.0032129999999999936,
      0.011311000000000002,
      0.00028900000000000453,
      0.0018159999999999982,
      0.001451000000000001,
      0.001913999999999999,
      0.0008130000000000012,
      0.0005590000000000039,
      0.0008249999999999993,
      0.0012200000000000058
    ]
  },
  "excitation_energy": "0.8943",
  "exciting_path_mean_volume": 742.0865749999999,
  "s0_bonds_avg": 1.3041359169040279,
  "s1_bonds_avg": 1.3052401329106944,
  "s0_angles_avg": 119.9681804089487,
  "s1_angles_avg": 119.9645775726437,
  "delta_bonds": 0.0011042160066665474,
  "delta_angles": -0.003602836304992252
}