{
  "charge": {
    "element": [
      "O",
      "C",
      "C",
      "C",
      "C",
      "C",
      "N",
      "C",
      "C",
      "C",
      "C",
      "C",
      "C",
      "O",
      "C",
      "C",
      "C",
      "C",
      "C",
      "C",
      "C",
      "C",
      "C",
      "C",
      "C",
      "C",
      "S",
      "C",
      "C",
      "C",
      "C",
      "C",
      "C",
      "C",
      "C",
      "H",
      "H",
      "H",
      "H",
      "H",
      "H",
      "H",
      "H",
      "H",
      "H",
      "H",
      "H",
      "H",
      "H",
      "H",
      "H",
      "H",
      "H",
      "H"
    ],
    "charge_variation": [
      -0.03000999999999998,
      -0.005604999999999971,
      0.019388000000000002,
      -0.0038530000000000023,
      0.009056000000000008,
      -0.01766699999999999,
      0.042635000000000034,
      -0.007489000000000023,
      -0.009076,
      0.0012819999999999984,
      -0.014470999999999998,
      -0.00462700000000002,
      -0.009126000000000023,
      0.02086199999999999,
      -0.007723000000000035,
      -0.00439500000000001,
      -0.014641000000000001,
      -0.0005900000000000002,
      -0.012447999999999987,
      -0.005786999999999987,
      0.012232999999999994,
      -0.010636999999999999,
      -0.004754000000000001,
      0.007393999999999998,
      0.0005280000000000007,
      0.003586999999999993,
      0.030626999999999988,
      -0.006803999999999991,
      0.002224999999999998,
      0.003352000000000001,
      0.005547,
      0.0017870000000000039,
      4.200000000000037e-05,
      -0.005143,
      0.021627,
      -0.0023260000000000017,
      -0.001809000000000005,
      -0.002260999999999999,
      -0.001354000000000001,
      -0.000681000000000001,
      -0.0016400000000000026,
      -0.0014869999999999953,
      -0.0006450000000000067,
      -0.0020669999999999994,
      -0.005382999999999999,
      -0.0017769999999999939,
      -0.00562,
      0.0053349999999999995,
      0.0018680000000000016,
      0.0007120000000000043,
      0.0016349999999999976,
      0.0016229999999999994,
      0.0013869999999999993,
      0.007161999999999995
    ]
  },
  "ground_state": {
    "HOMO-LUMO": 1.5289612671252124,
    "structure": {
      "bonds": 1.3090956136371668,
      "angles": 119.69166098840806,
      "DA": 90.00823940719991
    },
    "rotational_constant": {
      "A": 0.034921,
      "B": 0.0385067,
      "C": 0.2764138
    },
    "rays_asymmetry_parameter": 0.9703038765544977,
    "volume": 622.48527
  },
  "excited_state": {
    "HOMO-LUMO": 0.4915191840308877,
    "structure": {
      "bonds": 1.3101439132741666,
      "angles": 119.6893808502438,
      "DA": 90.06623630612017
    },
    "rotational_constant": {
      "A": 0.0340509,
      "B": 0.0371029,
      "C": 0.2978275
    },
    "rays_asymmetry_parameter": 0.9768592058582907,
    "excited_energy": "0.5653",
    "volume": 625.42917
  },
  "exciting_path_mean_volume": 624.105815
}