{
  "s0_rotational_constant_a": 0.0075555,
  "s0_rotational_constant_b": 0.0077984,
  "s0_rotational_constant_c": 0.0660238,
  "s1_rotational_constant_a": 0.0077818,
  "s1_rotational_constant_b": 0.0080212,
  "s1_rotational_constant_c": 0.0609158,
  "s0_rays_asymmetry_parameter": 0.9916912241334193,
  "s1_rays_asymmetry_parameter": 0.9909888207174313,
  "s0_volume": 1403.698,
  "s1_volume": 1399.11279,
  "delta_volume": -4.585210000000188,
  "s0_homo_lumo_gap": 2.094182477948308,
  "s1_homo_lumo_gap": 1.283201675109769,
  "delta_gap": -0.810980802838539,
  "s0_dihedral_avg": 90.15850391193673,
  "s1_dihedral_avg": 90.13243433225828,
  "delta_dihedral": -0.026069579678448918,
  "delta_dipole": {
    "element": [
      "C",
      "C",
      "C",
      "C",
      "C",
      "C",
      "C",
      "C",
      "C",
      "C",
      "C",
      "C",
      "C",
      "C",
      "C",
      "C",
      "C",
      "C",
      "C",
      "C",
      "C",
      "C",
      "C",
      "C",
      "C",
      "C",
      "C",
      "C",
      "C",
      "C",
      "C",
      "C",
      "C",
      "C",
      "C",
      "C",
      "C",
      "C",
      "C",
      "C",
      "C",
      "C",
      "C",
      "C",
      "C",
      "C",
      "C",
      "C",
      "C",
      "C",
      "C",
      "C",
      "C",
      "C",
      "C",
      "C",
      "C",
      "C",
      "C",
      "C",
      "C",
      "C",
      "C",
      "C",
      "C",
      "C",
      "C",
      "C",
      "C",
      "C",
      "C",
      "C",
      "C",
      "C",
      "C",
      "C",
      "H",
      "H",
      "H",
      "H",
      "H",
      "H",
      "H",
      "H",
      "H",
      "H",
      "H",
      "H",
      "H",
      "H",
      "H",
      "H",
      "H",
      "H",
      "H",
      "H",
      "H",
      "H",
      "H",
      "H",
      "H",
      "H",
      "H",
      "H",
      "H",
      "H",
      "H",
      "H",
      "H",
      "H",
      "H",
      "H",
      "H",
      "H",
      "H",
      "H",
      "H",
      "H",
      "H",
      "H",
      "H",
      "H",
      "H",
      "H",
      "H",
      "H",
      "H",
      "H"
    ],
    "charge_variation": [
      -0.0005370000000000028,
      -0.000451,
      -0.0018610000000000015,
      -0.0001270000000000021,
      0.000791,
      0.00013900000000000023,
      -0.0007250000000000034,
      -0.0018589999999999995,
      0.0005680000000000025,
      -0.0008859999999999979,
      -0.000792000000000001,
      -0.0017810000000000048,
      -0.0015219999999999956,
      -0.0021930000000000005,
      -0.000565000000000003,
      0.0010439999999999963,
      0.00019299999999999873,
      -0.0015349999999999947,
      0.0007459999999999967,
      0.0002690000000000019,
      0.00042400000000000077,
      -0.003039,
      -8.600000000000274e-05,
      0.0003439999999999971,
      -0.00020799999999999985,
      3.300000000000004e-05,
      -1.8999999999998185e-05,
      0.00037400000000000107,
      -0.0002370000000000011,
      0.00013599999999999723,
      -0.0001330000000000081,
      -7.000000000000062e-06,
      1.7000000000003124e-05,
      -7.000000000000062e-05,
      -1.9000000000005124e-05,
      -0.00021699999999999844,
      0.00044800000000000395,
      -0.0015909999999999952,
      0.0012549999999999992,
      -0.0014300000000000007,
      0.0013069999999999991,
      -0.0037429999999999963,
      -0.0003130000000000077,
      -0.0014080000000000065,
      -0.0015099999999999975,
      -0.001356999999999997,
      0.001351999999999999,
      0.0001360000000000111,
      -0.0009249999999999953,
      0.0005520000000000039,
      8.99999999999998e-05,
      0.0006620000000000029,
      -0.003605999999999998,
      -0.00013400000000000217,
      0.0003730000000000122,
      -0.00019399999999999973,
      8.5e-05,
      -0.00011099999999999999,
      1.5999999999998654e-05,
      -0.00011800000000000699,
      0.00026500000000000135,
      -0.00022800000000000598,
      0.00013799999999999923,
      -1.6000000000002124e-05,
      1.1999999999998123e-05,
      -0.00011999999999999511,
      -0.00013799999999999923,
      0.00031599999999999684,
      -0.0013810000000000003,
      0.0011120000000000019,
      -0.001351999999999999,
      0.0012729999999999998,
      -0.0029560000000000003,
      -0.0007690000000000058,
      -0.0018500000000000044,
      0.0009049999999999996,
      0.0008879999999999999,
      -0.0005839999999999977,
      0.001899999999999999,
      0.0014170000000000016,
      -3.799999999999984e-05,
      0.0008480000000000015,
      -0.00020799999999999985,
      0.0022680000000000027,
      0.002042999999999996,
      0.0013999999999999985,
      0.0015360000000000026,
      -0.00028900000000000453,
      0.0016730000000000009,
      -5.999999999999062e-06,
      1.1000000000000593e-05,
      -1.6999999999999654e-05,
      -3.799999999999984e-05,
      -0.00010799999999999699,
      1.000000000001e-06,
      1.2000000000001593e-05,
      1.9999999999985307e-06,
      3.699999999999884e-05,
      4.499999999999643e-05,
      4.999999999999449e-05,
      0.0004480000000000005,
      -0.00012200000000000058,
      0.0002160000000000009,
      0.0014269999999999977,
      0.0023669999999999976,
      0.0019750000000000045,
      0.0014220000000000066,
      0.001451000000000001,
      -0.0002489999999999992,
      0.0019390000000000032,
      -1.5000000000001124e-05,
      2.999999999999531e-06,
      1.5999999999998654e-05,
      2.000000000002e-06,
      -7.100000000000162e-05,
      8.900000000000574e-05,
      4.9999999999980616e-06,
      -2.000000000002e-06,
      1.6999999999999654e-05,
      -2.4999999999997247e-05,
      6.800000000000556e-05,
      0.00037900000000000086,
      -8.99999999999998e-05,
      0.00022800000000000598,
      0.0013289999999999969,
      0.0021619999999999973,
      0.0010970000000000042,
      -0.00016600000000000295
    ]
  },
  "excitation_energy": "1.9578",
  "exciting_path_mean_volume": 1400.0572916666663,
  "s0_bonds_avg": 1.2969380291446098,
  "s1_bonds_avg": 1.301230742992837,
  "s0_angles_avg": 119.45608578809187,
  "s1_angles_avg": 119.45515289527161,
  "delta_bonds": 0.004292713848227159,
  "delta_angles": -0.0009328928202592124
}