{
  "s0_rotational_constant_a": 0.0815877,
  "s0_rotational_constant_b": 0.0823455,
  "s0_rotational_constant_c": 0.2226942,
  "s1_rotational_constant_a": 0.0813626,
  "s1_rotational_constant_b": 0.0826831,
  "s1_rotational_constant_c": 0.2275517,
  "s0_rays_asymmetry_parameter": 0.9892591765793921,
  "s1_rays_asymmetry_parameter": 0.9819343576231059,
  "s0_volume": 649.32064,
  "s1_volume": 647.83994,
  "delta_volume": -1.4807000000000698,
  "s0_homo_lumo_gap": 2.345286385290313,
  "s1_homo_lumo_gap": 1.6146036481195325,
  "delta_gap": -0.7306827371707807,
  "s0_dihedral_avg": 90.57859889773005,
  "s1_dihedral_avg": 90.50125374725545,
  "delta_dihedral": -0.07734515047459922,
  "delta_dipole": {
    "element": [
      "C",
      "S",
      "C",
      "C",
      "C",
      "C",
      "C",
      "C",
      "C",
      "C",
      "C",
      "C",
      "C",
      "C",
      "C",
      "O",
      "C",
      "C",
      "C",
      "C",
      "C",
      "C",
      "C",
      "C",
      "C",
      "C",
      "C",
      "S",
      "C",
      "C",
      "C",
      "C",
      "C",
      "H",
      "H",
      "H",
      "H",
      "H",
      "H",
      "H",
      "H",
      "H",
      "H",
      "H",
      "H",
      "H",
      "H",
      "H",
      "H",
      "H",
      "H",
      "H",
      "H",
      "H",
      "H",
      "H",
      "H"
    ],
    "charge_variation": [
      0.0037070000000000002,
      0.00897600000000004,
      -0.0020980000000000026,
      -0.0034779999999999985,
      -0.0018129999999999952,
      0.0005730000000000041,
      -0.015455,
      0.0034290000000000015,
      -0.006886000000000003,
      0.008268,
      -0.008814000000000002,
      0.0072520000000000084,
      -0.023239999999999997,
      0.03404199999999999,
      -0.04456300000000002,
      0.025401000000000007,
      0.023143999999999998,
      -0.00041600000000000057,
      0.0006550000000000028,
      0.002123,
      0.004352999999999999,
      0.002030000000000004,
      0.0016040000000000013,
      0.012010999999999994,
      -0.008813999999999989,
      0.02066,
      0.007546999999999998,
      -0.073347,
      -0.026158,
      0.018284,
      -0.0014340000000000047,
      -0.003499000000000002,
      -0.009000000000000005,
      -2.3999999999999716e-05,
      -0.0014249999999999957,
      -0.0011009999999999978,
      0.0002390000000000031,
      9.50000000000048e-05,
      0.0007589999999999993,
      0.0012470000000000016,
      0.001339,
      0.0011450000000000002,
      -0.0001860000000000056,
      0.003716000000000004,
      -0.0002109999999999959,
      0.0034000000000000002,
      0.00016499999999999848,
      0.0027640000000000026,
      0.0010469999999999993,
      0.003459999999999998,
      0.007819,
      0.008827999999999996,
      0.007969,
      0.003133999999999998,
      0.00046199999999999714,
      0.0009870000000000018,
      -0.000671999999999999
    ]
  },
  "excitation_energy": "1.8882",
  "exciting_path_mean_volume": 648.361095,
  "s0_bonds_avg": 1.299493365875082,
  "s1_bonds_avg": 1.305085292009508,
  "delta_bonds": 0.00559192613442594,
  "s0_angles_avg": 118.26498243668009,
  "s1_angles_avg": 118.36350802763265,
  "delta_angles": 0.09852559095256197
}