{
  "s0_rotational_constant_a": 0.0748666,
  "s0_rotational_constant_b": 0.1211417,
  "s0_rotational_constant_c": 0.17469,
  "s1_rotational_constant_a": 0.0745865,
  "s1_rotational_constant_b": 0.1205402,
  "s1_rotational_constant_c": 0.1739312,
  "s0_rays_asymmetry_parameter": 0.07286067194665787,
  "s1_rays_asymmetry_parameter": 0.07486358104659843,
  "s0_volume": 582.3906,
  "s1_volume": 584.30269,
  "delta_volume": 1.9120900000000347,
  "s0_homo_lumo_gap": 2.423690538805686,
  "s1_homo_lumo_gap": 1.7408100355156053,
  "delta_gap": -0.6828805032900807,
  "s0_dihedral_avg": 90.44283974167833,
  "s1_dihedral_avg": 90.29089822713499,
  "delta_dihedral": -0.15194151454333849,
  "delta_dipole": {
    "element": [
      "C",
      "O",
      "C",
      "C",
      "C",
      "C",
      "N",
      "C",
      "C",
      "C",
      "C",
      "C",
      "C",
      "C",
      "O",
      "C",
      "C",
      "C",
      "C",
      "C",
      "C",
      "C",
      "C",
      "C",
      "C",
      "C",
      "C",
      "C",
      "C",
      "C",
      "C",
      "H",
      "H",
      "H",
      "H",
      "H",
      "H",
      "H",
      "H",
      "H",
      "H",
      "H",
      "H",
      "H",
      "H",
      "H",
      "H",
      "H",
      "H",
      "H",
      "H",
      "H",
      "H"
    ],
    "charge_variation": [
      -0.006608999999999976,
      0.022764000000000006,
      0.014983999999999997,
      -0.023260000000000003,
      0.018696000000000004,
      0.006933999999999996,
      -0.127795,
      0.05462600000000006,
      -0.023488000000000002,
      0.016673999999999994,
      -0.00081,
      0.007023999999999999,
      -0.002334,
      0.013392999999999999,
      -0.018372999999999973,
      0.006506999999999985,
      0.0007430000000000002,
      -5.8000000000002494e-05,
      -0.0012720000000000006,
      -0.00044800000000000005,
      -0.0009379999999999999,
      -0.0006099999999999994,
      0.03909399999999999,
      0.0038870000000000016,
      0.004865999999999995,
      -0.003036,
      -9.699999999999999e-05,
      -0.002273,
      0.0003039999999999987,
      0.009283,
      -0.035688,
      0.0051849999999999995,
      0.001693,
      0.007363999999999999,
      -0.0014419999999999988,
      0.0026619999999999977,
      0.003970000000000001,
      0.0003039999999999987,
      0.004167999999999998,
      0.0007680000000000048,
      0.0034020000000000022,
      9.50000000000048e-05,
      -1.5999999999995185e-05,
      -0.00016700000000000048,
      -0.0005129999999999996,
      7.399999999999768e-05,
      0.003601,
      -0.0005980000000000013,
      -0.000455000000000004,
      -0.0006089999999999984,
      -0.00032000000000000084,
      -0.002355000000000003,
      0.0005010000000000014
    ]
  },
  "excitation_energy": "2.0210",
  "exciting_path_mean_volume": 583.0094333333333,
  "s0_bonds_avg": 1.2578576281989473,
  "s1_bonds_avg": 1.28272523367614,
  "s0_angles_avg": 119.16964750431298,
  "s1_angles_avg": 119.15891077345636,
  "delta_bonds": 0.0248676054771928,
  "delta_angles": -0.01073673085662108
}