{
  "s0_rotational_constant_a": 0.1092592,
  "s0_rotational_constant_b": 0.1343359,
  "s0_rotational_constant_c": 0.5245376,
  "s1_rotational_constant_a": 0.1104662,
  "s1_rotational_constant_b": 0.1339424,
  "s1_rotational_constant_c": 0.5227773,
  "s0_rays_asymmetry_parameter": 0.8792294518568747,
  "s1_rays_asymmetry_parameter": 0.8861238516256295,
  "s0_volume": 383.63867,
  "s1_volume": 387.70656,
  "delta_volume": 4.067890000000034,
  "s0_homo_lumo_gap": 2.763364771791389,
  "s1_homo_lumo_gap": 1.8732178967554822,
  "delta_gap": -0.890146875035907,
  "s0_dihedral_avg": 89.95572158853462,
  "s1_dihedral_avg": 90.14255791681954,
  "delta_dihedral": 0.1868363282849259,
  "delta_dipole": {
    "element": [
      "Br",
      "C",
      "C",
      "C",
      "C",
      "N",
      "C",
      "C",
      "C",
      "C",
      "C",
      "C",
      "C",
      "C",
      "C",
      "C",
      "C",
      "C",
      "C",
      "C",
      "H",
      "H",
      "H",
      "H",
      "H",
      "H",
      "H",
      "H",
      "H",
      "H",
      "H",
      "H"
    ],
    "charge_variation": [
      -0.01414399999999999,
      0.036025,
      -0.016151,
      -0.006506999999999999,
      0.009131,
      0.04091800000000001,
      -0.0012749999999999706,
      -0.019954,
      0.010494,
      -0.020059999999999995,
      0.007117999999999999,
      -0.010846000000000001,
      -0.010842999999999998,
      0.007119,
      -0.02005699999999999,
      0.010492,
      -0.019955,
      -0.0012759999999999994,
      -0.006498000000000004,
      -0.016143000000000005,
      0.012877,
      0.010086999999999999,
      -0.003361000000000003,
      -0.0004840000000000018,
      0.0013089999999999977,
      0.0007769999999999999,
      0.0007780000000000009,
      0.0013089999999999977,
      -0.0004840000000000018,
      -0.003361999999999997,
      0.010088,
      0.012877000000000006
    ]
  },
  "excitation_energy": "2.1677",
  "exciting_path_mean_volume": 385.4087833333333,
  "s0_bonds_avg": 1.3117803427488572,
  "s1_bonds_avg": 1.3157642895917143,
  "delta_bonds": 0.003983946842857078,
  "s0_angles_avg": 119.99704390325168,
  "s1_angles_avg": 120.00105460781762,
  "delta_angles": 0.004010704565942547
}