{
  "charge": {
    "element": [
      "Br",
      "C",
      "C",
      "C",
      "C",
      "N",
      "C",
      "C",
      "C",
      "C",
      "C",
      "C",
      "C",
      "C",
      "C",
      "C",
      "C",
      "C",
      "C",
      "C",
      "H",
      "H",
      "H",
      "H",
      "H",
      "H",
      "H",
      "H",
      "H",
      "H",
      "H",
      "H"
    ],
    "charge_variation": [
      -0.01414399999999999,
      0.036025,
      -0.016151,
      -0.006506999999999999,
      0.009131,
      0.04091800000000001,
      -0.0012749999999999706,
      -0.019954,
      0.010494,
      -0.020059999999999995,
      0.007117999999999999,
      -0.010846000000000001,
      -0.010842999999999998,
      0.007119,
      -0.02005699999999999,
      0.010492,
      -0.019955,
      -0.0012759999999999994,
      -0.006498000000000004,
      -0.016143000000000005,
      0.012877,
      0.010086999999999999,
      -0.003361000000000003,
      -0.0004840000000000018,
      0.0013089999999999977,
      0.0007769999999999999,
      0.0007780000000000009,
      0.0013089999999999977,
      -0.0004840000000000018,
      -0.003361999999999997,
      0.010088,
      0.012877000000000006
    ]
  },
  "ground_state": {
    "HOMO-LUMO": 2.763364771791389,
    "charge": {
      "element": [
        "Br",
        "C",
        "C",
        "C",
        "C",
        "N",
        "C",
        "C",
        "C",
        "C",
        "C",
        "C",
        "C",
        "C",
        "C",
        "C",
        "C",
        "C",
        "C",
        "C",
        "H",
        "H",
        "H",
        "H",
        "H",
        "H",
        "H",
        "H",
        "H",
        "H",
        "H",
        "H"
      ],
      "charge": [
        -0.119508,
        0.163022,
        -0.063949,
        -0.109094,
        0.346064,
        -0.430133,
        0.31999,
        -0.155166,
        -0.024315,
        -0.081043,
        -0.039677,
        -0.045135,
        -0.045135,
        -0.039675,
        -0.081044,
        -0.024318,
        -0.155173,
        0.319988,
        -0.109084,
        -0.063941,
        0.04166,
        0.044158,
        0.040131,
        0.028389,
        0.031229,
        0.033094,
        0.033094,
        0.03123,
        0.028389,
        0.040131,
        0.044159,
        0.041661
      ]
    },
    "structure": {
      "bonds": 1.3117803427488572,
      "angles": 119.99704390325168,
      "DA": 89.95572158853462
    },
    "rotational_constant": {
      "A": 0.1092592,
      "B": 0.1343359,
      "C": 0.5245376
    },
    "rays_asymmetry_parameter": 0.8792294518568747,
    "volume": 383.63867
  },
  "excited_state": {
    "HOMO-LUMO": 1.8732178967554822,
    "charge": {
      "element": [
        "Br",
        "C",
        "C",
        "C",
        "C",
        "N",
        "C",
        "C",
        "C",
        "C",
        "C",
        "C",
        "C",
        "C",
        "C",
        "C",
        "C",
        "C",
        "C",
        "C",
        "H",
        "H",
        "H",
        "H",
        "H",
        "H",
        "H",
        "H",
        "H",
        "H",
        "H",
        "H"
      ],
      "charge": [
        -0.133652,
        0.199047,
        -0.0801,
        -0.115601,
        0.355195,
        -0.389215,
        0.318715,
        -0.17512,
        -0.013821,
        -0.101103,
        -0.032559,
        -0.055981,
        -0.055978,
        -0.032556,
        -0.101101,
        -0.013826,
        -0.175128,
        0.318712,
        -0.115582,
        -0.080084,
        0.054537,
        0.054245,
        0.03677,
        0.027905,
        0.032538,
        0.033871,
        0.033872,
        0.032539,
        0.027905,
        0.036769,
        0.054247,
        0.054538
      ]
    },
    "structure": {
      "bonds": 1.3157642895917143,
      "angles": 120.00105460781762,
      "DA": 90.14255791681954
    },
    "rotational_constant": {
      "A": 0.1104662,
      "B": 0.1339424,
      "C": 0.5227773
    },
    "rays_asymmetry_parameter": 0.8861238516256295,
    "excited_energy": "2.1677",
    "volume": 387.70656
  },
  "exciting_path_mean_volume": 385.4087833333333
}