{
  "s0_rotational_constant_a": 0.0641899,
  "s0_rotational_constant_b": 0.0758841,
  "s0_rotational_constant_c": 0.3193351,
  "s1_rotational_constant_a": 0.0652897,
  "s1_rotational_constant_b": 0.074034,
  "s1_rotational_constant_c": 0.3170868,
  "s0_rays_asymmetry_parameter": 0.9083329805930115,
  "s1_rays_asymmetry_parameter": 0.9305448712475243,
  "s0_volume": 559.51853,
  "s1_volume": 565.21678,
  "delta_volume": 5.698249999999916,
  "s0_homo_lumo_gap": 1.5608530062429784,
  "s1_homo_lumo_gap": 1.4264750409825155,
  "delta_gap": -0.13437796526046286,
  "s0_dihedral_avg": 5.450972215053534,
  "s1_dihedral_avg": -3.4383277419758085,
  "delta_dihedral": -8.889299957029342,
  "delta_dipole": null,
  "excitation_energy": "1.6410",
  "exciting_path_mean_volume": 562.7248033333334,
  "s0_bonds_avg": 1.2851000315112278,
  "s1_bonds_avg": 1.2818553409585967,
  "s0_angles_avg": 116.15661043229835,
  "s1_angles_avg": 116.1737361407948
}