{
  "s0_rotational_constant_a": 0.0087617,
  "s0_rotational_constant_b": 0.0102074,
  "s0_rotational_constant_c": 0.0500705,
  "s1_rotational_constant_a": 0.008818,
  "s1_rotational_constant_b": 0.0102979,
  "s1_rotational_constant_c": 0.0465302,
  "s0_rays_asymmetry_parameter": 0.9300052289100629,
  "s1_rays_asymmetry_parameter": 0.921516114148737,
  "s0_volume": 1423.88614,
  "s1_volume": 1426.56925,
  "delta_volume": 2.6831099999999424,
  "s0_homo_lumo_gap": 1.0045190326177171,
  "s1_homo_lumo_gap": 0.38159336618614503,
  "delta_gap": -0.6229256664315721,
  "s0_dihedral_avg": -0.8162670858275695,
  "s1_dihedral_avg": 4.334834352500799,
  "delta_dihedral": 5.151101438328369,
  "delta_dipole": null,
  "excitation_energy": "0.4390",
  "exciting_path_mean_volume": 1426.14049,
  "s0_bonds_avg": 1.292818469302381,
  "s1_bonds_avg": 1.295955804942109,
  "s0_angles_avg": 116.2095807786528,
  "s1_angles_avg": 116.21343220537602
}