{
  "s0_rotational_constant_a": 0.0427527,
  "s0_rotational_constant_b": 0.05467,
  "s0_rotational_constant_c": 0.1505632,
  "s1_rotational_constant_a": 0.0439639,
  "s1_rotational_constant_b": 0.056407,
  "s1_rotational_constant_c": 0.1549505,
  "s0_rays_asymmetry_parameter": 0.7789213481061676,
  "s1_rays_asymmetry_parameter": 0.7757729311466429,
  "s0_volume": 719.50332,
  "s1_volume": 717.65576,
  "delta_volume": -1.847560000000044,
  "s0_homo_lumo_gap": 1.6227126398064735,
  "s1_homo_lumo_gap": 0.946156061576946,
  "delta_gap": -0.6765565782295275,
  "s0_dihedral_avg": 90.89582725869869,
  "s1_dihedral_avg": 91.05208055588078,
  "delta_dihedral": 0.15625329718209002,
  "delta_dipole": {
    "element": [
      "C",
      "C",
      "O",
      "P",
      "O",
      "C",
      "C",
      "C",
      "C",
      "N",
      "C",
      "C",
      "C",
      "C",
      "C",
      "C",
      "C",
      "N",
      "C",
      "C",
      "C",
      "C",
      "C",
      "C",
      "C",
      "C",
      "C",
      "C",
      "C",
      "C",
      "C",
      "C",
      "C",
      "C",
      "C",
      "C",
      "C",
      "C",
      "H",
      "H",
      "H",
      "H",
      "H",
      "H",
      "H",
      "H",
      "H",
      "H",
      "H",
      "H",
      "H",
      "H",
      "H",
      "H",
      "H",
      "H",
      "H",
      "H",
      "H",
      "H",
      "H",
      "H",
      "H",
      "H",
      "H"
    ],
    "charge_variation": [
      -0.0017360000000000014,
      0.0006630000000000247,
      -0.023679000000000006,
      0.01361100000000004,
      -0.009328000000000003,
      0.015560000000000001,
      -0.0027389999999999914,
      -0.009614000000000011,
      0.006166999999999978,
      0.0007509999999999462,
      -0.0006880000000000219,
      0.006716,
      0.004628,
      0.021752,
      -0.012160999999999998,
      0.028435000000000002,
      -0.016635999999999984,
      0.03538399999999997,
      0.004734999999999989,
      -0.03222900000000001,
      0.009415,
      -0.021986000000000006,
      0.007159,
      -0.021836999999999995,
      0.0015089999999999826,
      -0.016842000000000024,
      0.004538,
      -0.014438999999999994,
      0.010716,
      -0.028856999999999994,
      0.027937000000000003,
      -0.013592999999999997,
      -0.00022800000000000598,
      0.0035300000000000054,
      0.007142000000000001,
      -0.0008290000000000033,
      0.008285999999999998,
      0.0045469999999999955,
      -0.00021599999999999744,
      0.0007659999999999959,
      -0.0006200000000000025,
      0.00048700000000000045,
      -0.0036019999999999976,
      0.0025010000000000032,
      -0.000814999999999998,
      -0.0002889999999999976,
      -0.0029,
      0.0018330000000000013,
      0.0012549999999999992,
      -0.002708999999999996,
      -0.0015510000000000003,
      -0.0001500000000000043,
      -0.0008709999999999968,
      0.0032329999999999998,
      0.0033299999999999996,
      -0.0005570000000000019,
      -0.00016800000000000148,
      0.001244000000000002,
      -0.0036300000000000013,
      0.0006390000000000007,
      0.0030909999999999965,
      -0.002471999999999995,
      0.001460999999999997,
      0.0036570000000000005,
      0.0012899999999999995
    ]
  },
  "excitation_energy": "1.1043",
  "exciting_path_mean_volume": 719.4358116666666,
  "s0_bonds_avg": 1.2965983302155715,
  "s1_bonds_avg": 1.2988783271184283,
  "delta_bonds": 0.002279996902856851,
  "s0_angles_avg": 118.33230168474705,
  "s1_angles_avg": 118.30299192995133,
  "delta_angles": -0.029309754795718845
}